o de_dust2
v -510.926270 142.358582 -2772.750488 0.5530 0.4039 0.3294
v -510.926270 143.558594 -2772.750488 0.5530 0.4039 0.3294
v -434.026245 153.198608 -2791.970459 0.5530 0.4039 0.3294
v -382.926208 222.898621 -2804.750488 0.5530 0.4039 0.3294
v -382.926208 159.598602 -2804.750488 0.5530 0.4039 0.3294
v -384.536224 159.398590 -2804.350586 0.5530 0.4039 0.3294
v -430.926239 159.398590 -2792.750488 0.5530 0.4039 0.3294
v -638.926331 201.898773 -2740.750488 0.5530 0.4039 0.3294
v -399.876221 221.508606 -2800.510498 0.5530 0.4039 0.3294
v -638.926331 127.513771 -2740.748535 0.5530 0.4039 0.3294
v -382.066223 222.968628 -2804.960449 0.5530 0.4039 0.3294
v -382.926208 159.398590 -2804.750488 0.5530 0.4039 0.3294
v -382.926208 159.598602 -2804.750488 0.5530 0.4039 0.3294
v -382.926208 222.898621 -2804.750488 0.5530 0.4039 0.3294
v -510.926270 101.398598 -2606.750488 0.5530 0.4039 0.3294
v -510.926270 102.048592 -2607.180420 0.5530 0.4039 0.3294
v -510.926270 62.687477 -2580.750488 0.5530 0.4039 0.3294
v -441.586243 138.078583 -2790.090576 0.5530 0.4039 0.3294
v -446.926270 127.398598 -2744.120605 0.5530 0.4039 0.3294
v -477.886292 96.438591 -2603.150391 0.5530 0.4039 0.3294
v -510.926270 63.398582 -2581.030518 0.5530 0.4039 0.3294
v -510.926270 101.318596 -2606.420410 0.5530 0.4039 0.3294
v -638.926331 59.709663 -2580.750488 0.5530 0.4039 0.3294
v -638.926331 127.513771 -2740.748535 0.5530 0.4039 0.3294
v -510.926270 143.558594 -2772.750488 0.5530 0.4039 0.3294
v -510.926270 102.048592 -2607.180420 0.5530 0.4039 0.3294
v -638.926331 93.002785 -2603.111572 0.5530 0.4039 0.3294
v -254.926163 159.398590 -2964.750732 0.5530 0.4039 0.3294
v -254.926163 159.398590 -2836.750732 0.5530 0.4039 0.3294
v -382.066223 222.968628 -2804.960449 0.5530 0.4039 0.3294
v -486.926270 275.398621 -2964.750732 0.5530 0.4039 0.3294
v -638.926331 275.398621 -2964.750732 0.5530 0.4039 0.3294
v -382.066223 222.968628 -2804.960449 0.5530 0.4039 0.3294
v -510.926270 62.981056 -2580.750488 0.5530 0.4039 0.3294
v -510.926270 -32.601456 -2516.750488 0.5530 0.4039 0.3294
v -382.926208 -32.601456 -2516.750488 0.5530 0.4039 0.3294
v -382.926208 -200.601532 -2516.750488 0.5530 0.4039 0.3294
v -446.926270 -200.601532 -2516.750488 0.5530 0.4039 0.3294
v -446.926270 -32.601456 -2516.750488 0.5530 0.4039 0.3294
v -510.926270 62.687477 -2580.750488 0.5530 0.4039 0.3294
v -638.926331 -32.601456 -2518.750488 0.5530 0.4039 0.3294
v -638.926331 59.709663 -2580.750488 0.5530 0.4039 0.3294
v -510.926270 -200.601532 -2516.750488 0.5530 0.4039 0.3294
v -638.926331 -200.352417 -2518.752441 0.5530 0.4039 0.3294
v -1918.926880 244.728546 -3348.750732 0.5530 0.4039 0.3294
v -1886.926880 266.064697 -3316.750732 0.5530 0.4039 0.3294
v -1918.926880 244.730988 -3316.750732 0.5530 0.4039 0.3294
v -1278.926636 212.398621 -2772.750488 0.5530 0.4039 0.3294
v -1278.926636 223.398621 -2806.270508 0.5530 0.4039 0.3294
v -942.926514 271.398621 -2964.750732 0.5530 0.4039 0.3294
v -914.926514 275.398621 -2964.750732 0.5530 0.4039 0.3294
v -942.926514 271.398651 -2952.560059 0.5530 0.4039 0.3294
v -914.926514 275.398621 -2964.750732 0.5530 0.4039 0.3294
v -638.926331 201.898773 -2740.750488 0.5530 0.4039 0.3294
v -766.926392 191.398590 -2708.750488 0.5530 0.4039 0.3294
v -851.356445 191.398590 -2708.750488 0.5530 0.4039 0.3294
v -942.926514 191.398590 -2708.750488 0.5530 0.4039 0.3294
v -1278.926636 223.398621 -2806.270508 0.5530 0.4039 0.3294
v -942.926514 271.398651 -2952.560059 0.5530 0.4039 0.3294
v -942.926514 191.398590 -2708.750488 0.5530 0.4039 0.3294
v -1022.926575 191.398590 -2708.750488 0.5530 0.4039 0.3294
v -1278.926636 212.398621 -2772.750488 0.5530 0.4039 0.3294
v -866.389771 -192.601532 -2580.750488 0.5530 0.4039 0.3294
v -1022.926575 -176.601547 -2708.750488 0.5530 0.4039 0.3294
v -1022.926575 -32.601479 -2708.750488 0.5530 0.4039 0.3294
v -866.391479 -32.601463 -2580.750488 0.5530 0.4039 0.3294
v -1278.926636 212.398621 -2772.750488 0.5530 0.4039 0.3294
v -1022.926575 191.398590 -2708.750488 0.5530 0.4039 0.3294
v -1022.926575 63.398567 -2708.750488 0.5530 0.4039 0.3294
v -1022.926575 31.398552 -2708.750488 0.5530 0.4039 0.3294
v -1272.126587 46.128548 -2771.050537 0.5530 0.4039 0.3294
v -1035.906494 -171.871552 -2712.000488 0.5530 0.4039 0.3294
v -1022.926575 -176.601547 -2708.750488 0.5530 0.4039 0.3294
v -1155.336548 31.398544 -2741.850586 0.5530 0.4039 0.3294
v -1047.456543 17.798546 -2714.880371 0.5530 0.4039 0.3294
v -1022.926575 31.398552 -2708.750488 0.5530 0.4039 0.3294
v -1022.926575 -0.601463 -2708.750488 0.5530 0.4039 0.3294
v -1065.596436 31.398552 -2719.420410 0.5530 0.4039 0.3294
v -1215.906616 -96.601494 -2615.500488 0.5530 0.4039 0.3294
v -1083.026489 -96.601501 -2723.780518 0.5530 0.4039 0.3294
v -1215.326660 23.658554 -2696.150391 0.5530 0.4039 0.3294
v -1278.926636 39.415947 -2742.750488 0.5530 0.4039 0.3294
v -1163.836548 32.468559 -2743.980469 0.5530 0.4039 0.3294
v -1167.186646 31.898552 -2740.870605 0.5530 0.4039 0.3294
v -1272.126587 46.128548 -2771.050537 0.5530 0.4039 0.3294
v -1278.926636 57.000267 -2747.148682 0.5530 0.4039 0.3294
v -1278.926636 57.000267 -2747.148682 0.5530 0.4039 0.3294
v -1267.456665 38.648552 -2742.560547 0.5530 0.4039 0.3294
v -1278.926636 39.415947 -2742.750488 0.5530 0.4039 0.3294
v -1215.906616 -96.601494 -2615.500488 0.5530 0.4039 0.3294
v -1215.326660 23.658554 -2696.150391 0.5530 0.4039 0.3294
v -1163.836548 32.468559 -2743.980469 0.5530 0.4039 0.3294
v -1214.926636 -96.601494 -2615.750488 0.5530 0.4039 0.3294
v -1214.926636 -124.231506 -2615.750488 0.5530 0.4039 0.3294
v -1278.926636 -104.891785 -2599.754395 0.5530 0.4039 0.3294
v -1278.926636 -96.601494 -2599.750488 0.5530 0.4039 0.3294
v -1082.866455 -96.861504 -2723.740479 0.5530 0.4039 0.3294
v -1082.866455 -154.751526 -2723.740479 0.5530 0.4039 0.3294
v -1214.926636 -124.221504 -2615.750488 0.5530 0.4039 0.3294
v -1214.926636 -96.601494 -2615.750488 0.5530 0.4039 0.3294
v -1082.866455 -96.601501 -2723.740479 0.5530 0.4039 0.3294
v -703.789307 58.196953 -2580.750488 0.5530 0.4039 0.3294
v -704.076355 88.398598 -2601.040527 0.5530 0.4039 0.3294
v -638.926331 93.002785 -2603.111572 0.5530 0.4039 0.3294
v -638.926331 59.709663 -2580.750488 0.5530 0.4039 0.3294
v -766.926392 191.398590 -2708.750488 0.5530 0.4039 0.3294
v -766.926392 111.468605 -2708.750488 0.5530 0.4039 0.3294
v -851.356445 191.398590 -2708.750488 0.5530 0.4039 0.3294
v -976.066589 98.358589 -2708.750488 0.5530 0.4039 0.3294
v -1022.926575 63.398567 -2708.750488 0.5530 0.4039 0.3294
v -1022.926575 191.398590 -2708.750488 0.5530 0.4039 0.3294
v -942.926514 191.398590 -2708.750488 0.5530 0.4039 0.3294
v -851.356445 191.398590 -2708.750488 0.5530 0.4039 0.3294
v -1022.926575 -0.601463 -2708.750488 0.5530 0.4039 0.3294
v -1022.926575 31.398552 -2708.750488 0.5530 0.4039 0.3294
v -1022.926575 63.398567 -2708.750488 0.5530 0.4039 0.3294
v -976.066589 98.358589 -2708.750488 0.5530 0.4039 0.3294
v -912.456543 102.338585 -2708.750488 0.5530 0.4039 0.3294
v -766.926392 111.468605 -2708.750488 0.5530 0.4039 0.3294
v -638.926331 127.513771 -2740.748535 0.5530 0.4039 0.3294
v -638.926331 119.488701 -2708.750488 0.5530 0.4039 0.3294
v -766.926392 111.468605 -2708.750488 0.5530 0.4039 0.3294
v -766.926392 191.398590 -2708.750488 0.5530 0.4039 0.3294
v -638.926331 201.898773 -2740.750488 0.5530 0.4039 0.3294
v -830.926453 10.719543 -2580.750488 0.5530 0.4039 0.3294
v -704.076355 88.398598 -2601.040527 0.5530 0.4039 0.3294
v -881.676514 97.078575 -2680.060547 0.5530 0.4039 0.3294
v -912.456543 102.338585 -2708.750488 0.5530 0.4039 0.3294
v -766.926392 111.468605 -2708.750488 0.5530 0.4039 0.3294
v -830.926453 88.398598 -2632.750488 0.5530 0.4039 0.3294
v -766.926392 111.468605 -2708.750488 0.5530 0.4039 0.3294
v -638.926331 119.488701 -2708.750488 0.5530 0.4039 0.3294
v -638.926331 93.002785 -2603.111572 0.5530 0.4039 0.3294
v -912.456543 102.338585 -2708.750488 0.5530 0.4039 0.3294
v -830.926453 10.719543 -2580.750488 0.5530 0.4039 0.3294
v -1022.926575 -32.601479 -2708.750488 0.5530 0.4039 0.3294
v -1854.926880 287.398590 -3284.750732 0.5530 0.4039 0.3294
v -1918.926880 244.731934 -3188.750732 0.5530 0.4039 0.3294
v -1918.926880 244.731201 -3284.750732 0.5530 0.4039 0.3294
v -1918.926880 244.730988 -3316.750732 0.5530 0.4039 0.3294
v -1278.926636 223.398590 -2964.750732 0.5530 0.4039 0.3294
v -1278.926636 223.398621 -2806.270508 0.5530 0.4039 0.3294
v -1278.926636 223.398621 -2804.750488 0.5530 0.4039 0.3294
v -1428.256714 251.838593 -2964.750732 0.5530 0.4039 0.3294
v -1383.457642 243.306610 -2916.750732 0.5530 0.4039 0.3294
v -1394.245483 241.508759 -2916.750732 0.5530 0.4039 0.3294
v -1739.726929 199.928589 -2964.750732 0.5530 0.4039 0.3294
v -1534.926758 234.068604 -2964.750732 0.5530 0.4039 0.3294
v -1582.926758 242.068085 -3012.750732 0.5530 0.4039 0.3294
v -1582.926758 226.067017 -2964.750732 0.5530 0.4039 0.3294
v -1739.726929 199.928589 -2964.750732 0.5530 0.4039 0.3294
v -1918.926880 219.842529 -3114.083984 0.5530 0.4039 0.3294
v -1582.926758 242.068085 -3012.750732 0.5530 0.4039 0.3294
v -1682.126831 193.531128 -2916.750732 0.5530 0.4039 0.3294
v -1682.126831 159.398590 -2916.750732 0.5530 0.4039 0.3294
v -1918.926880 159.398560 -3114.083984 0.5530 0.4039 0.3294
v -1758.926880 202.068604 -2980.750732 0.5530 0.4039 0.3294
v -1758.926880 -96.601532 -2980.750732 0.5530 0.4039 0.3294
v -1918.926880 -96.601555 -3114.086426 0.5530 0.4039 0.3294
v -1918.926880 31.398506 -3114.083984 0.5530 0.4039 0.3294
v -1758.926880 31.398521 -2980.750732 0.5530 0.4039 0.3294
v -1918.926880 127.398552 -3114.082031 0.5530 0.4039 0.3294
v -1758.926880 127.398567 -2980.750732 0.5530 0.4039 0.3294
v -1278.926636 56.998558 -2772.750488 0.5530 0.4039 0.3294
v -1369.936646 202.618622 -2787.920410 0.5530 0.4039 0.3294
v -1278.926636 212.728607 -2772.750488 0.5530 0.4039 0.3294
v -1383.457642 243.306610 -2916.750732 0.5530 0.4039 0.3294
v -1278.926636 212.728607 -2772.750488 0.5530 0.4039 0.3294
v -1550.926758 159.398590 -2818.080566 0.5530 0.4039 0.3294
v -1550.926758 159.398590 -2772.750488 0.5530 0.4039 0.3294
v -1470.926758 159.398590 -2804.750488 0.5530 0.4039 0.3294
v -1369.936646 202.618622 -2787.920410 0.5530 0.4039 0.3294
v -1470.926758 191.398590 -2804.750488 0.5530 0.4039 0.3294
v -1394.245483 241.508759 -2916.750732 0.5530 0.4039 0.3294
v -1682.126831 193.531128 -2916.750732 0.5530 0.4039 0.3294
v -1470.926758 159.398590 -2804.750488 0.5530 0.4039 0.3294
v -1534.926758 159.398590 -2836.750732 0.5530 0.4039 0.3294
v -1582.926758 159.398590 -2860.750732 0.5530 0.4039 0.3294
v -1662.926880 159.398590 -2900.750732 0.5530 0.4039 0.3294
v -1662.926880 191.398590 -2900.750732 0.5530 0.4039 0.3294
v -1470.926758 191.398590 -2804.750488 0.5530 0.4039 0.3294
v -1369.936646 202.618622 -2787.920410 0.5530 0.4039 0.3294
v -1342.926636 159.398590 -2783.420410 0.5530 0.4039 0.3294
v -1534.926758 159.398590 -2836.750732 0.5530 0.4039 0.3294
v -1550.926758 159.398590 -2836.750732 0.5530 0.4039 0.3294
v -1534.926758 127.398582 -2836.750732 0.5530 0.4039 0.3294
v -1550.926758 159.398590 -2844.750732 0.5530 0.4039 0.3294
v -1534.926758 159.398590 -2836.750732 0.5530 0.4039 0.3294
v -1550.926758 159.398590 -2772.750488 0.5530 0.4039 0.3294
v -1342.926636 159.398590 -2772.750488 0.5530 0.4039 0.3294
v -1278.926636 57.000267 -2747.148682 0.5530 0.4039 0.3294
v -1278.926636 39.415947 -2742.750488 0.5530 0.4039 0.3294
v -1498.316772 54.178566 -2746.450439 0.5530 0.4039 0.3294
v -1534.926758 127.398598 -2764.750488 0.5530 0.4039 0.3294
v -1498.316772 54.178566 -2746.450439 0.5530 0.4039 0.3294
v -1534.926758 56.638573 -2747.060547 0.5530 0.4039 0.3294
v -1406.926636 28.208557 -2666.300537 0.5530 0.4039 0.3294
v -1342.926636 23.658562 -2664.250488 0.5530 0.4039 0.3294
v -1342.926636 -84.551483 -2591.820557 0.5530 0.4039 0.3294
v -1406.926636 -61.401474 -2606.310547 0.5530 0.4039 0.3294
v -1534.926758 -48.601467 -2612.880371 0.5530 0.4039 0.3294
v -1534.926758 -3.311455 -2643.200439 0.5530 0.4039 0.3294
v -1438.926758 -2.831459 -2645.020508 0.5530 0.4039 0.3294
v -1438.926758 -50.211468 -2613.300537 0.5530 0.4039 0.3294
v -1438.926758 2.598541 -2648.650391 0.5530 0.4039 0.3294
v -1534.926758 4.208542 -2648.230469 0.5530 0.4039 0.3294
v -1534.926758 37.308556 -2670.390381 0.5530 0.4039 0.3294
v -1406.926636 2.058548 -2648.800537 0.5530 0.4039 0.3294
v -1534.926758 -61.681477 -2604.130371 0.5530 0.4039 0.3294
v -1534.926758 -48.601467 -2612.880371 0.5530 0.4039 0.3294
v -1406.926636 -50.751469 -2613.440430 0.5530 0.4039 0.3294
v -1534.926758 56.638573 -2747.060547 0.5530 0.4039 0.3294
v -1278.926636 39.415947 -2742.750488 0.5530 0.4039 0.3294
v -1278.926636 -96.601494 -2599.750488 0.5530 0.4039 0.3294
v -1278.926636 23.658554 -2680.250488 0.5530 0.4039 0.3294
v -1278.926636 -96.601494 -2599.750488 0.5530 0.4039 0.3294
v -1306.376587 -96.601486 -2592.890381 0.5530 0.4039 0.3294
v -2046.927002 159.398499 -3604.750977 0.5530 0.4039 0.3294
v -2046.927002 159.443695 -3570.710938 0.5530 0.4039 0.3294
v -2046.927002 159.738525 -3348.750732 0.5530 0.4039 0.3294
v -2014.927002 180.648499 -3604.750977 0.5530 0.4039 0.3294
v -2014.927002 180.648529 -3460.750977 0.5530 0.4039 0.3294
v -2042.496948 162.338531 -3474.531006 0.5530 0.4039 0.3294
v -2046.927002 159.398499 -3604.750977 0.5530 0.4039 0.3294
v -1918.926880 244.398529 -3604.750977 0.5530 0.4039 0.3294
v -2046.927002 159.398499 -3604.750977 0.5530 0.4039 0.3294
v -2042.496948 162.338531 -3474.531006 0.5530 0.4039 0.3294
v -2042.776978 162.168518 -3474.670898 0.5530 0.4039 0.3294
v -2045.839966 160.122742 -3570.710938 0.5530 0.4039 0.3294
v -2046.927002 159.738525 -3348.750732 0.5530 0.4039 0.3294
v -2046.927002 159.443695 -3570.710938 0.5530 0.4039 0.3294
v -1918.926880 244.728546 -3412.750977 0.5530 0.4039 0.3294
v -2042.707031 162.208527 -3472.531006 0.5530 0.4039 0.3294
v -1918.926880 244.728546 -3348.750732 0.5530 0.4039 0.3294
v -1918.926880 244.731201 -3284.750732 0.5530 0.4039 0.3294
v -2042.776978 162.168518 -3474.670898 0.5530 0.4039 0.3294
v -1918.926880 244.398560 -3412.750977 0.5530 0.4039 0.3294
v -2046.927002 159.398529 -3348.750732 0.5530 0.4039 0.3294
v -2038.687012 164.888519 -3346.710693 0.5530 0.4039 0.3294
v -2036.714233 166.203705 -3284.750732 0.5530 0.4039 0.3294
v -2046.927002 159.738525 -3348.750732 0.5530 0.4039 0.3294
v -2038.687012 164.888519 -3346.710693 0.5530 0.4039 0.3294
v -2046.927002 159.398529 -3348.750732 0.5530 0.4039 0.3294
v -2034.337036 167.788574 -3210.260742 0.5530 0.4039 0.3294
v -2046.927002 159.398529 -3284.750732 0.5530 0.4039 0.3294
v -2036.714233 166.203705 -3284.750732 0.5530 0.4039 0.3294
v -2036.714233 166.203705 -3284.750732 0.5530 0.4039 0.3294
v -1918.926880 244.731201 -3284.750732 0.5530 0.4039 0.3294
v -1950.927002 223.398590 -3140.750732 0.5530 0.4039 0.3294
v -2046.927002 159.398560 -3220.750732 0.5530 0.4039 0.3294
v -1950.927002 223.398590 -3140.750732 0.5530 0.4039 0.3294
v -1918.926880 219.842529 -3114.083984 0.5530 0.4039 0.3294
v -1998.927002 -64.601547 -3180.750732 0.5530 0.4039 0.3294
v -2014.927002 -64.601547 -3194.080811 0.5530 0.4039 0.3294
v -1998.927002 -96.601562 -3180.750732 0.5530 0.4039 0.3294
v -1998.927002 31.398499 -3180.750732 0.5530 0.4039 0.3294
v -1918.926880 31.398506 -3114.083984 0.5530 0.4039 0.3294
v -2014.927002 31.398491 -3194.080811 0.5530 0.4039 0.3294
v -2014.927002 127.398537 -3194.080811 0.5530 0.4039 0.3294
v -1918.926880 127.398552 -3114.082031 0.5530 0.4039 0.3294
v -830.926453 -32.601460 -2551.750488 0.5530 0.4039 0.3294
v -830.926453 -196.231537 -2551.750488 0.5530 0.4039 0.3294
v -866.389771 -192.601532 -2580.750488 0.5530 0.4039 0.3294
v -866.391479 -32.601463 -2580.750488 0.5530 0.4039 0.3294
v -638.926331 -200.352417 -2518.752441 0.5530 0.4039 0.3294
v -702.926392 -200.231537 -2519.750488 0.5530 0.4039 0.3294
v -702.926392 -32.601456 -2519.750488 0.5530 0.4039 0.3294
v -702.926392 -200.231537 -2519.750488 0.5530 0.4039 0.3294
v -830.926453 -32.601460 -2551.750488 0.5530 0.4039 0.3294
v -830.926453 -32.601460 -2551.750488 0.5530 0.4039 0.3294
v -830.926453 10.719543 -2580.750488 0.5530 0.4039 0.3294
v -703.789307 58.196953 -2580.750488 0.5530 0.4039 0.3294
v -702.926392 -32.601456 -2519.750488 0.5530 0.4039 0.3294
v -830.926453 -32.601460 -2551.750488 0.5530 0.4039 0.3294
v -866.391479 -32.601463 -2580.750488 0.5530 0.4039 0.3294
v -702.926392 -32.601456 -2519.750488 0.5530 0.4039 0.3294
v -703.789307 58.196953 -2580.750488 0.5530 0.4039 0.3294
v -638.926331 -32.601456 -2518.750488 0.5530 0.4039 0.3294
v -2405.327148 -52.221390 -1966.350220 0.5530 0.4039 0.3294
v -2388.257324 -86.211411 -1983.420288 0.5530 0.4039 0.3294
v -2366.927246 -96.811409 -1940.750244 0.5530 0.4039 0.3294
v -2366.927246 -64.916389 -1876.750122 0.5530 0.4039 0.3294
v -2366.927246 -64.916389 -1876.750122 0.5530 0.4039 0.3294
v -2366.927246 -96.601410 -1940.330078 0.5530 0.4039 0.3294
v -2345.706299 -96.601402 -1876.750122 0.5530 0.4039 0.3294
v -2367.347168 -96.601410 -1941.590210 0.5530 0.4039 0.3294
v -2388.257324 -86.211411 -1983.420288 0.5530 0.4039 0.3294
v -2383.047363 -96.601418 -1988.630249 0.5530 0.4039 0.3294
v -2446.927246 191.061035 -1924.750122 0.5530 0.4039 0.3294
v -2388.283691 127.398689 -1876.750122 0.5530 0.4039 0.3294
v -2446.927246 214.983154 -1876.750122 0.5530 0.4039 0.3294
v -2382.925293 -24.806297 -1876.750122 0.5530 0.4039 0.3294
v -2382.927246 -41.021374 -1876.750122 0.5530 0.4039 0.3294
v -2382.927246 119.398689 -1876.750122 0.5530 0.4039 0.3294
v -2405.327148 108.198677 -1966.350220 0.5530 0.4039 0.3294
v -2405.327148 -36.011383 -1966.350220 0.5530 0.4039 0.3294
v -2382.925293 -24.806297 -1876.750122 0.5530 0.4039 0.3294
v -2446.927246 169.884064 -1967.235596 0.5530 0.4039 0.3294
v -2414.967285 127.398689 -1956.710205 0.5530 0.4039 0.3294
v -2446.927246 191.061035 -1924.750122 0.5530 0.4039 0.3294
v -2446.927246 159.398712 -1988.285278 0.5530 0.4039 0.3294
v -2439.037354 159.398712 -1964.640259 0.5530 0.4039 0.3294
v -2686.927490 197.398682 -2324.750244 0.5530 0.4039 0.3294
v -2648.927490 197.398682 -2324.750244 0.5530 0.4039 0.3294
v -2708.537598 243.758698 -2155.190186 0.5530 0.4039 0.3294
v -2750.927490 197.398682 -2324.750244 0.5530 0.4039 0.3294
v -2648.617432 197.158691 -2325.640381 0.5530 0.4039 0.3294
v -2648.927490 197.398682 -2324.750244 0.5530 0.4039 0.3294
v -2686.927490 197.398682 -2324.750244 0.5530 0.4039 0.3294
v -2686.927490 171.038666 -2421.170410 0.5530 0.4039 0.3294
v -2485.747314 221.488708 -1980.020264 0.5530 0.4039 0.3294
v -2446.927246 169.884064 -1967.235596 0.5530 0.4039 0.3294
v -2446.927246 214.983154 -1876.750122 0.5530 0.4039 0.3294
v -2507.927246 210.398712 -2068.750244 0.5530 0.4039 0.3294
v -2508.257324 210.228699 -2070.080322 0.5530 0.4039 0.3294
v -2474.027344 159.398682 -2069.490234 0.5530 0.4039 0.3294
v -2473.777344 159.398682 -2068.750244 0.5530 0.4039 0.3294
v -2446.927246 159.398712 -1988.285278 0.5530 0.4039 0.3294
v -2446.927246 169.884064 -1967.235596 0.5530 0.4039 0.3294
v -2485.747314 221.488708 -1980.020264 0.5530 0.4039 0.3294
v -2459.927246 234.398743 -1876.750122 0.5530 0.4039 0.3294
v -2494.927246 243.034210 -1876.750122 0.5530 0.4039 0.3294
v -2638.929443 278.566772 -1876.750122 0.5530 0.4039 0.3294
v -2667.151123 264.454254 -1989.640259 0.5530 0.4039 0.3294
v -2708.537598 243.758698 -2155.190186 0.5530 0.4039 0.3294
v -2508.257324 210.228699 -2070.080322 0.5530 0.4039 0.3294
v -2488.147949 220.284882 -1989.640259 0.5530 0.4039 0.3294
v -2648.127441 197.198669 -2324.750244 0.5530 0.4039 0.3294
v -2648.617432 197.158691 -2325.640381 0.5530 0.4039 0.3294
v -2686.927490 171.038666 -2421.170410 0.5530 0.4039 0.3294
v -2686.927490 159.398651 -2434.460449 0.5530 0.4039 0.3294
v -2622.927490 159.398651 -2324.750244 0.5530 0.4039 0.3294
v -2474.027344 159.398682 -2069.490234 0.5530 0.4039 0.3294
v -2508.257324 210.228699 -2070.080322 0.5530 0.4039 0.3294
v -2622.927490 159.398651 -2324.750244 0.5530 0.4039 0.3294
v -2366.927246 127.398705 -1812.750122 0.5530 0.4039 0.3294
v -2366.927246 127.398720 -1620.750000 0.5530 0.4039 0.3294
v -2366.927246 152.998749 -1607.949951 0.5530 0.4039 0.3294
v -2459.927246 234.398743 -1876.750122 0.5530 0.4039 0.3294
v -2455.117188 287.398804 -1586.500000 0.5530 0.4039 0.3294
v -2494.927246 243.034210 -1876.750122 0.5530 0.4039 0.3294
v -2431.207275 255.398804 -1556.750000 0.5530 0.4039 0.3294
v -2452.627197 287.398804 -1556.750000 0.5530 0.4039 0.3294
v -2443.927246 242.398743 -1812.750122 0.5530 0.4039 0.3294
v -2366.927246 127.398705 -1812.750122 0.5530 0.4039 0.3294
v -2366.927246 127.398705 -1812.750122 0.5530 0.4039 0.3294
v -2443.927246 242.398743 -1812.750122 0.5530 0.4039 0.3294
v -2366.927246 159.398743 -1556.750000 0.5530 0.4039 0.3294
v -2370.947266 159.398743 -1604.750000 0.5530 0.4039 0.3294
v -2377.777344 -22.231369 -1856.160156 0.5530 0.4039 0.3294
v -2382.927246 -41.021374 -1876.750122 0.5530 0.4039 0.3294
v -2366.927246 95.398689 -1812.750122 0.5530 0.4039 0.3294
v -2366.927246 127.398705 -1812.750122 0.5530 0.4039 0.3294
v -2382.927246 119.398689 -1876.750122 0.5530 0.4039 0.3294
v -2382.925293 -24.806297 -1876.750122 0.5530 0.4039 0.3294
v -2366.927246 -16.811363 -1812.750122 0.5530 0.4039 0.3294
v -2345.706299 -96.601402 -1876.750122 0.5530 0.4039 0.3294
v -2330.997314 -96.601402 -1832.680176 0.5530 0.4039 0.3294
v -2350.927246 -56.911377 -1812.750122 0.5530 0.4039 0.3294
v -2366.927246 -33.021362 -1812.750122 0.5530 0.4039 0.3294
v -2382.927246 -41.021374 -1876.750122 0.5530 0.4039 0.3294
v -2334.927246 -80.811386 -1812.750122 0.5530 0.4039 0.3294
v -2350.927246 -56.911377 -1812.750122 0.5530 0.4039 0.3294
v -2334.927246 -88.781395 -1828.750122 0.5530 0.4039 0.3294
v -2366.927246 127.398705 -1812.750122 0.5530 0.4039 0.3294
v -2388.283691 127.398689 -1876.750122 0.5530 0.4039 0.3294
v -2494.927246 287.398804 -1639.109253 0.5530 0.4039 0.3294
v -2621.267578 287.398773 -1806.100098 0.5530 0.4039 0.3294
v -2638.929443 278.566772 -1876.750122 0.5530 0.4039 0.3294
v -2234.927246 73.398918 -1172.749756 0.0926 0.0926 0.0926
v -2234.927246 69.398918 -1172.749756 0.0926 0.0926 0.0926
v -2242.927246 69.398918 -1172.749756 0.0926 0.0926 0.0926
v -2236.927246 69.398918 -1180.749878 0.0926 0.0926 0.0926
v -2240.927246 69.398918 -1180.749878 0.0926 0.0926 0.0926
v -2236.927246 73.398918 -1180.749878 0.0926 0.0926 0.0926
v -2242.927246 73.398918 -1172.749756 0.0926 0.0926 0.0926
v -2240.927246 73.398918 -1180.749878 0.0926 0.0926 0.0926
v -2239.927246 95.398933 -1172.749756 0.0926 0.0926 0.0926
v -2238.927246 95.398933 -1173.749878 0.0926 0.0926 0.0926
v -2238.927246 95.398933 -1172.749756 0.0926 0.0926 0.0926
v -2239.927246 73.398918 -1172.749756 0.0926 0.0926 0.0926
v -2238.927246 73.398918 -1172.749756 0.0926 0.0926 0.0926
v -2238.927246 73.398918 -1173.749878 0.0926 0.0926 0.0926
v -2239.927246 95.398933 -1173.749878 0.0926 0.0926 0.0926
v -2239.927246 73.398918 -1173.749878 0.0926 0.0926 0.0926
v -2242.927246 25.398903 -1172.749756 0.0926 0.0926 0.0926
v -2236.927246 21.398895 -1180.749878 0.0926 0.0926 0.0926
v -2242.927246 21.398895 -1172.749756 0.0926 0.0926 0.0926
v -2234.927246 21.398895 -1172.749756 0.0926 0.0926 0.0926
v -2240.927246 21.398895 -1180.749878 0.0926 0.0926 0.0926
v -2240.927246 25.398903 -1180.749878 0.0926 0.0926 0.0926
v -2236.927246 25.398903 -1180.749878 0.0926 0.0926 0.0926
v -2234.927246 25.398903 -1172.749756 0.0926 0.0926 0.0926
v -1334.926636 69.398933 -1097.749756 0.0926 0.0926 0.0926
v -1331.926636 69.398933 -1100.749756 0.0926 0.0926 0.0926
v -1331.926636 73.398933 -1100.749756 0.0926 0.0926 0.0926
v -1324.926636 73.398933 -1096.749756 0.0926 0.0926 0.0926
v -1324.926636 69.398933 -1096.749756 0.0926 0.0926 0.0926
v -1330.926636 69.398933 -1090.749756 0.0926 0.0926 0.0926
v -1330.926636 73.398933 -1090.749756 0.0926 0.0926 0.0926
v -1334.926636 73.398933 -1097.749756 0.0926 0.0926 0.0926
v -1328.926636 95.398949 -1092.749756 0.0926 0.0926 0.0926
v -1329.926636 95.398949 -1093.749756 0.0926 0.0926 0.0926
v -1328.926636 95.398949 -1094.749756 0.0926 0.0926 0.0926
v -1328.926636 73.398933 -1092.749756 0.0926 0.0926 0.0926
v -1327.926636 73.398933 -1093.749756 0.0926 0.0926 0.0926
v -1327.926636 95.398949 -1093.749756 0.0926 0.0926 0.0926
v -1329.926636 73.398933 -1093.749756 0.0926 0.0926 0.0926
v -1328.926636 73.398933 -1094.749756 0.0926 0.0926 0.0926
v -1330.926636 25.398911 -1090.749756 0.0926 0.0926 0.0926
v -1331.926636 21.398903 -1100.749756 0.0926 0.0926 0.0926
v -1331.926636 25.398911 -1100.749756 0.0926 0.0926 0.0926
v -1324.926636 25.398911 -1096.749756 0.0926 0.0926 0.0926
v -1324.926636 21.398903 -1096.749756 0.0926 0.0926 0.0926
v -1330.926636 21.398903 -1090.749756 0.0926 0.0926 0.0926
v -1334.926636 21.398903 -1097.749756 0.0926 0.0926 0.0926
v -1334.926636 25.398911 -1097.749756 0.0926 0.0926 0.0926
v -1194.926636 -86.601189 -1556.750000 0.0926 0.0926 0.0926
v -1194.926636 -90.601189 -1556.750000 0.0926 0.0926 0.0926
v -1186.926636 -86.601189 -1556.750000 0.0926 0.0926 0.0926
v -1186.926636 -90.601189 -1556.750000 0.0926 0.0926 0.0926
v -1192.926636 -86.601189 -1548.750000 0.0926 0.0926 0.0926
v -1188.926636 -86.601189 -1548.750000 0.0926 0.0926 0.0926
v -1188.926636 -90.601189 -1548.750000 0.0926 0.0926 0.0926
v -1192.926636 -90.601189 -1548.750000 0.0926 0.0926 0.0926
v -1190.926636 -64.601181 -1555.750000 0.0926 0.0926 0.0926
v -1190.926636 -86.601189 -1556.750000 0.0926 0.0926 0.0926
v -1190.926636 -64.601181 -1556.750000 0.0926 0.0926 0.0926
v -1189.926636 -64.601181 -1556.750000 0.0926 0.0926 0.0926
v -1190.926636 -86.601189 -1555.750000 0.0926 0.0926 0.0926
v -1189.926636 -86.601189 -1556.750000 0.0926 0.0926 0.0926
v -1189.926636 -64.601181 -1555.750000 0.0926 0.0926 0.0926
v -1189.926636 -86.601189 -1555.750000 0.0926 0.0926 0.0926
v -1186.926636 -134.601212 -1556.750000 0.0926 0.0926 0.0926
v -1192.926636 -138.601212 -1548.750000 0.0926 0.0926 0.0926
v -1188.926636 -138.601212 -1548.750000 0.0926 0.0926 0.0926
v -1188.926636 -134.601212 -1548.750000 0.0926 0.0926 0.0926
v -1192.926636 -134.601212 -1548.750000 0.0926 0.0926 0.0926
v -1186.926636 -138.601212 -1556.750000 0.0926 0.0926 0.0926
v -1194.926636 -138.601212 -1556.750000 0.0926 0.0926 0.0926
v -1194.926636 -134.601212 -1556.750000 0.0926 0.0926 0.0926
v 65.074020 -112.601318 -2548.750488 0.0926 0.0926 0.0926
v 73.074020 -116.601318 -2548.750488 0.0926 0.0926 0.0926
v 73.074020 -112.601318 -2548.750488 0.0926 0.0926 0.0926
v 73.074020 -116.601318 -2548.750488 0.0926 0.0926 0.0926
v 65.074020 -116.601318 -2548.750488 0.0926 0.0926 0.0926
v 67.074020 -116.601318 -2540.750488 0.0926 0.0926 0.0926
v 71.074020 -116.601318 -2540.750488 0.0926 0.0926 0.0926
v 71.074020 -116.601318 -2540.750488 0.0926 0.0926 0.0926
v 67.074020 -112.601318 -2540.750488 0.0926 0.0926 0.0926
v 71.074020 -112.601318 -2540.750488 0.0926 0.0926 0.0926
v 67.074020 -112.601318 -2540.750488 0.0926 0.0926 0.0926
v 65.074020 -112.601318 -2548.750488 0.0926 0.0926 0.0926
v 73.074020 -112.601318 -2548.750488 0.0926 0.0926 0.0926
v 73.074020 -112.601318 -2548.750488 0.0926 0.0926 0.0926
v 73.074020 -116.601318 -2548.750488 0.0926 0.0926 0.0926
v 71.074020 -112.601318 -2540.750488 0.0926 0.0926 0.0926
v 67.074020 -116.601318 -2540.750488 0.0926 0.0926 0.0926
v 69.074020 -32.601292 -2547.750488 0.0926 0.0926 0.0926
v 69.074020 -32.601292 -2548.750488 0.0926 0.0926 0.0926
v 70.074020 -32.601292 -2548.750488 0.0926 0.0926 0.0926
v 69.074020 -112.601318 -2548.750488 0.0926 0.0926 0.0926
v 69.074020 -112.601318 -2547.750488 0.0926 0.0926 0.0926
v 70.074020 -112.601318 -2548.750488 0.0926 0.0926 0.0926
v 69.074020 -32.601292 -2547.750488 0.0926 0.0926 0.0926
v 69.074020 -112.601318 -2548.750488 0.0926 0.0926 0.0926
v 69.074020 -32.601292 -2548.750488 0.0926 0.0926 0.0926
v 70.074020 -32.601292 -2547.750488 0.0926 0.0926 0.0926
v 70.074020 -112.601318 -2547.750488 0.0926 0.0926 0.0926
v 69.074020 -112.601318 -2547.750488 0.0926 0.0926 0.0926
v 69.074020 -32.601292 -2547.750488 0.0926 0.0926 0.0926
v 70.074020 -32.601292 -2548.750488 0.0926 0.0926 0.0926
v 70.074020 -112.601318 -2548.750488 0.0926 0.0926 0.0926
v 70.074020 -112.601318 -2547.750488 0.0926 0.0926 0.0926
v 70.074020 -32.601292 -2547.750488 0.0926 0.0926 0.0926
v 65.074020 -160.601349 -2548.750488 0.0926 0.0926 0.0926
v 65.074020 -164.601349 -2548.750488 0.0926 0.0926 0.0926
v 73.074020 -164.601349 -2548.750488 0.0926 0.0926 0.0926
v 73.074020 -160.601349 -2548.750488 0.0926 0.0926 0.0926
v 73.074020 -164.601349 -2548.750488 0.0926 0.0926 0.0926
v 67.074020 -164.601349 -2540.750488 0.0926 0.0926 0.0926
v 71.074020 -164.601349 -2540.750488 0.0926 0.0926 0.0926
v 67.074020 -160.601349 -2540.750488 0.0926 0.0926 0.0926
v 71.074020 -160.601349 -2540.750488 0.0926 0.0926 0.0926
v 65.074020 -160.601349 -2548.750488 0.0926 0.0926 0.0926
v 73.074020 -160.601349 -2548.750488 0.0926 0.0926 0.0926
v 73.074020 -160.601349 -2548.750488 0.0926 0.0926 0.0926
v 73.074020 -164.601349 -2548.750488 0.0926 0.0926 0.0926
v 71.074020 -164.601349 -2540.750488 0.0926 0.0926 0.0926
v 71.074020 -160.601349 -2540.750488 0.0926 0.0926 0.0926
v 67.074020 -160.601349 -2540.750488 0.0926 0.0926 0.0926
v 67.074020 -164.601349 -2540.750488 0.0926 0.0926 0.0926
v 65.074020 -164.601349 -2548.750488 0.0926 0.0926 0.0926
v 257.074036 15.398972 -528.749451 0.0926 0.0926 0.0926
v 257.074036 11.398972 -528.749451 0.0926 0.0926 0.0926
v 265.074036 15.398972 -530.749451 0.0926 0.0926 0.0926
v 265.074036 15.398972 -534.749451 0.0926 0.0926 0.0926
v 257.074036 15.398972 -536.749451 0.0926 0.0926 0.0926
v 257.074036 11.398972 -536.749451 0.0926 0.0926 0.0926
v 265.074036 11.398972 -534.749451 0.0926 0.0926 0.0926
v 265.074036 11.398972 -530.749451 0.0926 0.0926 0.0926
v 258.074036 15.398972 -532.749390 0.0926 0.0926 0.0926
v 257.074036 15.398972 -532.749390 0.0926 0.0926 0.0926
v 257.074036 95.399010 -532.749390 0.0926 0.0926 0.0926
v 258.074036 95.399010 -532.749390 0.0926 0.0926 0.0926
v 257.074036 15.398972 -533.749451 0.0926 0.0926 0.0926
v 257.074036 95.399010 -533.749451 0.0926 0.0926 0.0926
v 258.074036 15.398972 -533.749451 0.0926 0.0926 0.0926
v 258.074036 95.399010 -533.749451 0.0926 0.0926 0.0926
v 257.074036 -36.601040 -528.749451 0.0926 0.0926 0.0926
v 265.074036 -32.601051 -534.749451 0.0926 0.0926 0.0926
v 265.074036 -36.601040 -534.749451 0.0926 0.0926 0.0926
v 265.074036 -36.601040 -530.749451 0.0926 0.0926 0.0926
v 257.074036 -32.601051 -536.749451 0.0926 0.0926 0.0926
v 257.074036 -36.601040 -536.749451 0.0926 0.0926 0.0926
v 265.074036 -32.601051 -530.749451 0.0926 0.0926 0.0926
v 257.074036 -32.601051 -528.749451 0.0926 0.0926 0.0926
v 1025.074463 -148.601044 -160.749268 0.0926 0.0926 0.0926
v 1025.074463 -148.601044 -168.749283 0.0926 0.0926 0.0926
v 1033.074463 -144.601044 -162.749268 0.0926 0.0926 0.0926
v 1025.074463 -144.601044 -160.749268 0.0926 0.0926 0.0926
v 1025.074463 -144.601044 -168.749283 0.0926 0.0926 0.0926
v 1033.074463 -148.601044 -166.749283 0.0926 0.0926 0.0926
v 1033.074463 -144.601044 -166.749283 0.0926 0.0926 0.0926
v 1033.074463 -148.601044 -162.749268 0.0926 0.0926 0.0926
v 1026.074463 -144.601044 -165.749283 0.0926 0.0926 0.0926
v 1025.074463 -144.601044 -165.749283 0.0926 0.0926 0.0926
v 1025.074463 -144.601044 -164.749268 0.0926 0.0926 0.0926
v 1025.074463 -64.601013 -164.749268 0.0926 0.0926 0.0926
v 1026.074463 -64.601013 -165.749283 0.0926 0.0926 0.0926
v 1026.074463 -144.601044 -164.749268 0.0926 0.0926 0.0926
v 1026.074463 -64.601013 -164.749268 0.0926 0.0926 0.0926
v 1025.074463 -64.601013 -165.749283 0.0926 0.0926 0.0926
v 1025.074463 -192.601074 -168.749268 0.0926 0.0926 0.0926
v 1033.074463 -192.601074 -162.749252 0.0926 0.0926 0.0926
v 1025.074463 -196.601074 -168.749268 0.0926 0.0926 0.0926
v 1025.074463 -196.601074 -160.749252 0.0926 0.0926 0.0926
v 1033.074463 -196.601074 -162.749252 0.0926 0.0926 0.0926
v 1033.074463 -196.601074 -166.749268 0.0926 0.0926 0.0926
v 1033.074463 -192.601074 -166.749268 0.0926 0.0926 0.0926
v 1025.074463 -192.601074 -160.749252 0.0926 0.0926 0.0926
v 1537.074707 159.398865 -2068.750244 0.8343 0.6883 0.5777
v 1537.074707 47.398811 -2068.750244 0.8343 0.6883 0.5777
v 1537.074707 159.398865 -2100.750244 0.8343 0.6883 0.5777
v 1537.074707 47.398811 -2100.750244 0.8343 0.6883 0.5777
v 1537.074707 47.398781 -2324.750244 0.8343 0.6883 0.5777
v 1537.074707 159.398834 -2324.750244 0.8343 0.6883 0.5777
v 1537.074707 159.398865 -2132.750244 0.8343 0.6883 0.5777
v -1886.926880 207.399048 -724.749634 0.8343 0.6883 0.5777
v -1886.926880 111.398994 -724.749573 0.8343 0.6883 0.5777
v -2094.927002 111.398994 -724.749573 0.8343 0.6883 0.5777
v -2094.927002 207.399048 -724.749634 0.8343 0.6883 0.5777
v 1537.074707 47.398994 -1908.750122 0.8343 0.6883 0.5777
v 1537.074707 47.398979 -2068.750244 0.8343 0.6883 0.5777
v 1537.074707 159.399048 -2068.750244 0.8343 0.6883 0.5777
v 1537.074707 47.399010 -1812.750122 0.8343 0.6883 0.5777
v 1537.074707 159.399078 -1908.750122 0.8343 0.6883 0.5777
v 1537.074707 159.399078 -1812.750122 0.8343 0.6883 0.5777
v -1662.926880 111.399162 -724.749573 0.8343 0.6883 0.5777
v -1662.926880 207.399231 -724.749634 0.8343 0.6883 0.5777
v -1854.926880 111.399162 -724.749573 0.8343 0.6883 0.5777
v -1886.926880 111.399162 -724.749573 0.8343 0.6883 0.5777
v -1886.926880 207.399231 -724.749634 0.8343 0.6883 0.5777
v -1854.926880 207.399231 -724.749634 0.8343 0.6883 0.5777
v -2302.927246 95.399055 -1556.750000 0.8343 0.6883 0.5777
v -2302.927246 95.399040 -1620.750000 0.8343 0.6883 0.5777
v -2302.927246 -64.601013 -1620.750000 0.8343 0.6883 0.5777
v -2302.927246 -64.601013 -1588.750000 0.8343 0.6883 0.5777
v -2302.927246 -64.600998 -1492.750000 0.8343 0.6883 0.5777
v -2302.927246 95.399055 -1492.750000 0.8343 0.6883 0.5777
v 1345.074585 -0.600952 -2644.750488 0.8343 0.6883 0.5777
v 1345.074585 15.399048 -2708.750488 0.8343 0.6883 0.5777
v 1345.074585 223.399170 -2708.750488 0.8343 0.6883 0.5777
v 481.074158 223.399170 -2740.750488 0.8343 0.6883 0.5777
v 513.074158 223.399170 -2740.750488 0.8343 0.6883 0.5777
v 513.074158 -0.600967 -2740.750488 0.8343 0.6883 0.5777
v 481.074158 -0.600967 -2740.750488 0.8343 0.6883 0.5777
v 273.074036 -0.600967 -2740.750488 0.8343 0.6883 0.5777
v 257.074036 -0.600967 -2740.750488 0.8343 0.6883 0.5777
v 257.074036 223.399170 -2740.750488 0.8343 0.6883 0.5777
v 1345.074585 223.399200 -2452.750488 0.8343 0.6883 0.5777
v 1345.074585 -0.600929 -2452.750488 0.8343 0.6883 0.5777
v 1345.074585 -0.600945 -2580.750488 0.8343 0.6883 0.5777
v 1345.074585 223.399200 -2580.750488 0.8343 0.6883 0.5777
v 1057.074463 -64.600891 -1972.750244 0.8343 0.6883 0.5777
v 1057.074463 -32.600891 -1972.750244 0.8343 0.6883 0.5777
v 1057.074463 -64.600906 -2100.750244 0.8343 0.6883 0.5777
v 1057.074463 159.399231 -1972.750244 0.8343 0.6883 0.5777
v 1057.074463 191.399261 -1972.750244 0.8343 0.6883 0.5777
v 1057.074463 -32.600906 -2100.750244 0.8343 0.6883 0.5777
v 1057.074463 -64.600906 -2100.750244 0.8343 0.6883 0.5777
v 1057.074463 -32.600906 -2100.750244 0.8343 0.6883 0.5777
v 929.074402 -32.600906 -2100.750244 0.8343 0.6883 0.5777
v 929.074402 -64.600906 -2100.750244 0.8343 0.6883 0.5777
v 1057.074463 -32.600906 -2100.750244 0.8343 0.6883 0.5777
v 1057.074463 191.399261 -2100.750244 0.8343 0.6883 0.5777
v 1033.074463 191.399261 -2100.750244 0.8343 0.6883 0.5777
v 929.074402 191.399261 -2100.750244 0.8343 0.6883 0.5777
v 929.074402 159.399231 -2100.750244 0.8343 0.6883 0.5777
v 929.074402 -32.600906 -2100.750244 0.8343 0.6883 0.5777
v 641.074219 -32.600899 -2068.750244 0.8343 0.6883 0.5777
v 769.074280 -32.600899 -2068.750244 0.8343 0.6883 0.5777
v 769.074280 159.399231 -2068.750244 0.8343 0.6883 0.5777
v 641.074219 159.399231 -2068.750244 0.8343 0.6883 0.5777
v 1345.074585 223.399353 -1172.749756 0.8343 0.6883 0.5777
v 1345.074585 31.399239 -1172.749756 0.8343 0.6883 0.5777
v 1345.074585 223.399353 -1204.749878 0.8343 0.6883 0.5777
v 1345.074585 31.399239 -1204.749878 0.8343 0.6883 0.5777
v 1345.074585 31.399223 -1236.749878 0.8343 0.6883 0.5777
v 1345.074585 31.399208 -1428.750000 0.8343 0.6883 0.5777
v 1345.074585 223.399323 -1428.750000 0.8343 0.6883 0.5777
v 1345.074585 223.399353 -1396.749878 0.8343 0.6883 0.5777
v 1345.074585 223.399323 -1620.750000 0.8343 0.6883 0.5777
v 1345.074585 223.399323 -1556.750000 0.8343 0.6883 0.5777
v 1345.074585 31.399193 -1556.750000 0.8343 0.6883 0.5777
v 1345.074585 31.399178 -1684.750000 0.8343 0.6883 0.5777
v 1345.074585 223.399292 -1684.750000 0.8343 0.6883 0.5777
v 1057.074463 -64.600815 -1332.749878 0.8343 0.6883 0.5777
v 1057.074463 191.399353 -1308.749878 0.8343 0.6883 0.5777
v 1057.074463 191.399353 -1332.749878 0.8343 0.6883 0.5777
v 1057.074463 95.399254 -1332.749878 0.8343 0.6883 0.5777
v 1057.074463 -32.600815 -1332.749878 0.8343 0.6883 0.5777
v 929.074402 -64.600800 -1204.749878 0.8343 0.6883 0.5777
v 1057.074463 -32.600800 -1204.749878 0.8343 0.6883 0.5777
v 1057.074463 -64.600800 -1204.749878 0.8343 0.6883 0.5777
v 929.074402 -32.600800 -1204.749878 0.8343 0.6883 0.5777
v 929.074402 159.399323 -1204.749878 0.8343 0.6883 0.5777
v 929.074402 191.399353 -1204.749878 0.8343 0.6883 0.5777
v 1057.074463 191.399353 -1204.749878 0.8343 0.6883 0.5777
v 513.074158 159.399231 -2068.750244 0.8343 0.6883 0.5777
v 513.074158 -32.600899 -2068.750244 0.8343 0.6883 0.5777
v 641.074219 -32.600899 -2068.750244 0.8343 0.6883 0.5777
v 33.074051 223.399200 -2548.750488 0.8343 0.6883 0.5777
v 33.074051 223.399200 -2580.750488 0.8343 0.6883 0.5777
v 33.074051 -0.600945 -2580.750488 0.8343 0.6883 0.5777
v 33.074051 -0.600945 -2548.750488 0.8343 0.6883 0.5777
v 33.074051 -0.600922 -2356.750488 0.8343 0.6883 0.5777
v 33.074051 -0.600914 -2324.750244 0.8343 0.6883 0.5777
v 33.074051 223.399231 -2324.750244 0.8343 0.6883 0.5777
v -542.926208 15.399071 -2484.750488 0.8343 0.6883 0.5777
v -542.926208 127.399132 -2484.750488 0.8343 0.6883 0.5777
v -542.926208 127.399162 -2228.750244 0.8343 0.6883 0.5777
v -542.926208 15.399101 -2228.750244 0.8343 0.6883 0.5777
v -542.926208 15.399078 -2436.750488 0.8343 0.6883 0.5777
v -542.926208 15.399078 -2452.750488 0.8343 0.6883 0.5777
v -542.926208 127.399132 -2452.750488 0.8343 0.6883 0.5777
v -542.926208 15.399132 -2004.750244 0.8343 0.6883 0.5777
v -542.926208 127.399178 -2004.750244 0.8343 0.6883 0.5777
v -542.926208 127.399208 -1748.750122 0.8343 0.6883 0.5777
v -542.926208 15.399162 -1748.750122 0.8343 0.6883 0.5777
v -542.926208 15.399147 -1876.750122 0.8343 0.6883 0.5777
v -542.926208 127.399193 -1876.750122 0.8343 0.6883 0.5777
v -2238.927246 159.399048 -3668.750977 0.8343 0.6883 0.5777
v -2238.927246 -64.601089 -3668.750977 0.8343 0.6883 0.5777
v -2270.927246 159.399048 -3668.750977 0.8343 0.6883 0.5777
v -2270.927246 -64.601089 -3668.750977 0.8343 0.6883 0.5777
v -2494.927246 -64.601089 -3668.750977 0.8343 0.6883 0.5777
v -2494.927246 159.399048 -3668.750977 0.8343 0.6883 0.5777
v -2334.927246 159.399139 -2868.750732 0.8343 0.6883 0.5777
v -2334.927246 159.399139 -2900.750732 0.8343 0.6883 0.5777
v -2334.927246 31.399025 -2900.750732 0.8343 0.6883 0.5777
v -2334.927246 31.399040 -2852.750732 0.8343 0.6883 0.5777
v -2334.927246 159.399139 -2852.750732 0.8343 0.6883 0.5777
v -2334.927246 31.399040 -2852.750732 0.8343 0.6883 0.5777
v -2334.927246 -16.600983 -2852.750732 0.8343 0.6883 0.5777
v -2334.927246 -64.600998 -2852.750732 0.8343 0.6883 0.5777
v -2334.927246 -64.600967 -2644.750488 0.8343 0.6883 0.5777
v -2334.927246 159.399170 -2644.750488 0.8343 0.6883 0.5777
v -2334.927246 159.399139 -2852.750732 0.8343 0.6883 0.5777
v -990.926575 -192.600983 -2068.750244 0.8343 0.6883 0.5777
v -990.926575 -224.600983 -2068.750244 0.8343 0.6883 0.5777
v -958.926575 -224.600983 -2068.750244 0.8343 0.6883 0.5777
v -862.926514 -224.600983 -2068.750244 0.8343 0.6883 0.5777
v -990.926575 31.399132 -2068.750244 0.8343 0.6883 0.5777
v -862.926514 -192.600983 -2068.750244 0.8343 0.6883 0.5777
v -862.926514 31.399132 -2068.750244 0.8343 0.6883 0.5777
v -862.926514 -192.600983 -2068.750244 0.8343 0.6883 0.5777
v -766.926331 -224.600983 -1972.750244 0.8343 0.6883 0.5777
v -766.926331 -192.600967 -1972.750244 0.8343 0.6883 0.5777
v -766.926331 31.399147 -1972.750244 0.8343 0.6883 0.5777
v -766.926331 255.399353 -1556.750000 0.8343 0.6883 0.5777
v -766.926331 127.399239 -1556.750000 0.8343 0.6883 0.5777
v -766.926331 63.399208 -1556.750000 0.8343 0.6883 0.5777
v -766.926331 63.399223 -1428.750000 0.8343 0.6883 0.5777
v -766.926331 159.399292 -1428.750000 0.8343 0.6883 0.5777
v -766.926331 255.399353 -1428.750000 0.8343 0.6883 0.5777
v -1814.926880 31.399178 -1724.750122 0.8343 0.6883 0.5777
v -1814.926880 -64.600861 -1724.750122 0.8343 0.6883 0.5777
v -1662.926880 -64.600876 -1876.750122 0.8343 0.6883 0.5777
v -1662.926880 127.399193 -1876.750122 0.8343 0.6883 0.5777
v -1678.926880 127.399208 -1860.750122 0.8343 0.6883 0.5777
v -1814.926880 127.399223 -1724.750122 0.8343 0.6883 0.5777
v -1825.318726 127.399223 -1714.358276 0.8343 0.6883 0.5777
v -1838.926880 127.399223 -1700.750122 0.8343 0.6883 0.5777
v -1854.926880 127.399223 -1684.750000 0.8343 0.6883 0.5777
v -1854.926880 31.399178 -1684.750000 0.8343 0.6883 0.5777
v 1537.074707 31.399254 -1044.749756 0.8343 0.6883 0.5777
v 1537.074707 159.399353 -1044.749756 0.8343 0.6883 0.5777
v 1537.074707 31.399254 -980.749695 0.8343 0.6883 0.5777
v 1537.074707 159.399384 -884.749695 0.8343 0.6883 0.5777
v 1537.074707 159.399384 -788.749634 0.8343 0.6883 0.5777
v 1537.074707 -32.600746 -788.749573 0.8343 0.6883 0.5777
v 1537.074707 -32.600754 -852.749573 0.8343 0.6883 0.5777
v 1537.074707 -32.600761 -916.749634 0.8343 0.6883 0.5777
v 1537.074707 -32.600769 -980.749695 0.8343 0.6883 0.5777
v 1537.074707 159.399353 -980.749756 0.8343 0.6883 0.5777
v 1281.074585 -16.600685 -340.749298 0.8343 0.6883 0.5777
v 1281.074585 191.399475 -340.749329 0.8343 0.6883 0.5777
v 1281.074585 223.399475 -340.749329 0.8343 0.6883 0.5777
v 1249.074585 223.399475 -340.749329 0.8343 0.6883 0.5777
v 1025.074463 -0.600677 -340.749298 0.8343 0.6883 0.5777
v 1025.074463 -16.600685 -340.749298 0.8343 0.6883 0.5777
v 1249.074585 -16.600685 -340.749298 0.8343 0.6883 0.5777
v 1185.074585 223.399475 -340.749329 0.8343 0.6883 0.5777
v 1025.074463 223.399475 -340.749329 0.8343 0.6883 0.5777
v 129.074081 223.399445 -500.749390 0.8343 0.6883 0.5777
v 129.074081 63.399330 -500.749390 0.8343 0.6883 0.5777
v -46.925995 63.399330 -500.749390 0.8343 0.6883 0.5777
v -382.926147 63.399269 -1012.749695 0.8343 0.6883 0.5777
v -382.926147 63.399269 -1044.749756 0.8343 0.6883 0.5777
v -382.926147 223.399384 -1044.749756 0.8343 0.6883 0.5777
v -382.926147 223.399414 -820.749634 0.8343 0.6883 0.5777
v -382.926147 223.399414 -788.749634 0.8343 0.6883 0.5777
v -382.926147 63.399300 -788.749573 0.8343 0.6883 0.5777
v -382.926147 63.399300 -820.749573 0.8343 0.6883 0.5777
v -382.926147 223.399384 -1012.749756 0.8343 0.6883 0.5777
v -126.926041 63.399330 -500.749390 0.8343 0.6883 0.5777
v -126.926041 223.399445 -500.749390 0.8343 0.6883 0.5777
v -46.925995 223.399445 -500.749390 0.8343 0.6883 0.5777
v 513.074158 63.399406 43.250862 0.8343 0.6883 0.5777
v 513.074158 223.399506 43.250847 0.8343 0.6883 0.5777
v 513.074158 223.399536 251.250946 0.8343 0.6883 0.5777
v -254.926102 63.399361 -308.749298 0.8343 0.6883 0.5777
v -254.926102 223.399475 -308.749298 0.8343 0.6883 0.5777
v -510.926208 223.399475 -308.749298 0.8343 0.6883 0.5777
v -510.926208 63.399361 -308.749298 0.8343 0.6883 0.5777
v -286.926117 63.399361 -308.749298 0.8343 0.6883 0.5777
v -286.926117 223.399475 -308.749298 0.8343 0.6883 0.5777
v -94.926025 223.399506 -20.749182 0.8343 0.6883 0.5777
v -94.926025 63.399391 -20.749163 0.8343 0.6883 0.5777
v -94.926025 63.399422 235.250946 0.8343 0.6883 0.5777
v -94.926025 223.399536 235.250946 0.8343 0.6883 0.5777
v -94.926025 223.399506 11.250834 0.8343 0.6883 0.5777
v -94.926025 63.399391 11.250853 0.8343 0.6883 0.5777
v 513.074158 223.399536 299.250977 0.8343 0.6883 0.5777
v 513.074158 63.399437 299.250977 0.8343 0.6883 0.5777
v 513.074158 63.399422 251.250946 0.8343 0.6883 0.5777
v 1.074020 63.399498 875.251221 0.8343 0.6883 0.5777
v 1.074020 223.399628 875.251160 0.8343 0.6883 0.5777
v -30.925995 223.399628 875.251160 0.8343 0.6883 0.5777
v -94.926025 223.399628 875.251160 0.8343 0.6883 0.5777
v -254.926102 223.399628 875.251160 0.8343 0.6883 0.5777
v -254.926102 63.399498 875.251221 0.8343 0.6883 0.5777
v -94.926025 63.399498 875.251221 0.8343 0.6883 0.5777
v -30.925995 63.399498 875.251221 0.8343 0.6883 0.5777
v -766.926331 255.399445 -788.749634 0.8343 0.6883 0.5777
v -766.926331 159.399384 -788.749634 0.8343 0.6883 0.5777
v -766.926331 63.399300 -788.749573 0.8343 0.6883 0.5777
v -766.926331 63.399315 -660.749512 0.8343 0.6883 0.5777
v -766.926331 255.399445 -660.749573 0.8343 0.6883 0.5777
v -766.926331 255.399536 -148.749252 0.8343 0.6883 0.5777
v -766.926331 63.399376 -148.749222 0.8343 0.6883 0.5777
v -766.926331 63.399391 -20.749163 0.8343 0.6883 0.5777
v -766.926331 223.399506 -20.749182 0.8343 0.6883 0.5777
v -766.926331 255.399536 -20.749186 0.8343 0.6883 0.5777
v -1694.926880 63.399376 -148.749222 0.8343 0.6883 0.5777
v -1694.926880 223.399506 -148.749252 0.8343 0.6883 0.5777
v -1694.926880 223.399506 -116.749229 0.8343 0.6883 0.5777
v -1694.926880 223.399536 107.250870 0.8343 0.6883 0.5777
v -1694.926880 63.399406 107.250900 0.8343 0.6883 0.5777
v -1694.926880 63.399376 -116.749214 0.8343 0.6883 0.5777
v -2110.927002 287.399445 -660.749573 0.8343 0.6883 0.5777
v -2110.927002 63.399315 -660.749512 0.8343 0.6883 0.5777
v -2206.927246 63.399315 -660.749512 0.8343 0.6883 0.5777
v -2238.927246 63.399315 -660.749512 0.8343 0.6883 0.5777
v -2238.927246 287.399445 -660.749573 0.8343 0.6883 0.5777
v -2302.927246 287.399475 -532.749390 0.8343 0.6883 0.5777
v -2302.927246 63.399330 -532.749329 0.8343 0.6883 0.5777
v -2302.927246 63.399330 -500.749390 0.8343 0.6883 0.5777
v -2302.927246 287.399475 -500.749420 0.8343 0.6883 0.5777
v -2302.927246 63.399330 -500.749390 0.8343 0.6883 0.5777
v -2302.927246 63.399345 -420.749359 0.8343 0.6883 0.5777
v -2302.927246 63.399361 -276.749298 0.8343 0.6883 0.5777
v -2302.927246 287.399506 -276.749329 0.8343 0.6883 0.5777
v -2302.927246 287.399475 -500.749420 0.8343 0.6883 0.5777
v -2302.927246 287.399536 -20.749189 0.8343 0.6883 0.5777
v -2302.927246 63.399391 -20.749163 0.8343 0.6883 0.5777
v -2302.927246 287.399536 11.250826 0.8343 0.6883 0.5777
v -2302.927246 63.399391 11.250853 0.8343 0.6883 0.5777
v -2302.927246 63.399391 27.250860 0.8343 0.6883 0.5777
v -2302.927246 63.399422 235.250946 0.8343 0.6883 0.5777
v -2302.927246 287.399567 235.250916 0.8343 0.6883 0.5777
v -1406.926636 63.399513 971.251282 0.8343 0.6883 0.5777
v -1406.926636 255.399658 971.251221 0.8343 0.6883 0.5777
v -1438.926758 255.399658 971.251221 0.8343 0.6883 0.5777
v -1438.926758 63.399513 971.251282 0.8343 0.6883 0.5777
v -1662.926880 255.399658 971.251221 0.8343 0.6883 0.5777
v -1662.926880 63.399513 971.251282 0.8343 0.6883 0.5777
v -766.926331 255.399628 619.251038 0.8343 0.6883 0.5777
v -766.926331 63.399467 619.251099 0.8343 0.6883 0.5777
v -894.926514 63.399467 619.251099 0.8343 0.6883 0.5777
v -894.926514 255.399628 619.251038 0.8343 0.6883 0.5777
v -766.926331 255.399597 491.250946 0.8343 0.6883 0.5777
v -766.926331 63.399452 491.251007 0.8343 0.6883 0.5777
v -766.926331 63.399467 587.251099 0.8343 0.6883 0.5777
v -1278.926636 223.399536 267.250977 0.8343 0.6883 0.5777
v -1278.926636 63.399422 267.250977 0.8343 0.6883 0.5777
v -1310.926636 63.399422 267.250977 0.8343 0.6883 0.5777
v -1534.926758 63.399422 267.250977 0.8343 0.6883 0.5777
v -1534.926758 223.399536 267.250977 0.8343 0.6883 0.5777
v -1310.926636 223.399536 267.250977 0.8343 0.6883 0.5777
v -1918.926880 63.399513 971.251282 0.8343 0.6883 0.5777
v -1918.926880 255.399658 971.251221 0.8343 0.6883 0.5777
v -1950.927002 63.399513 971.251282 0.8343 0.6883 0.5777
v -1950.927002 255.399658 971.251221 0.8343 0.6883 0.5777
v -2174.927246 255.399658 971.251221 0.8343 0.6883 0.5777
v -2174.927246 63.399513 971.251282 0.8343 0.6883 0.5777
v -2206.927246 95.399437 -1172.749756 0.8343 0.6883 0.5777
v -2430.927246 95.399437 -1172.749756 0.8343 0.6883 0.5777
v -2206.927246 -32.600624 -1172.749756 0.8343 0.6883 0.5777
v -1470.926758 -96.600639 -1172.749756 0.8343 0.6883 0.5777
v -1470.926758 -80.600632 -1172.749756 0.8343 0.6883 0.5777
v -1470.926758 -64.600624 -1172.749756 0.8343 0.6883 0.5777
v -1422.926758 -128.600647 -1172.749756 0.8343 0.6883 0.5777
v -1422.926758 -112.600647 -1172.749756 0.8343 0.6883 0.5777
v -1422.926758 -64.600624 -1172.749756 0.8343 0.6883 0.5777
v -1438.926758 -112.600647 -1172.749756 0.8343 0.6883 0.5777
v -1438.926758 -96.600639 -1172.749756 0.8343 0.6883 0.5777
v -1438.926758 -64.600624 -1172.749756 0.8343 0.6883 0.5777
v -1502.926758 -80.600632 -1172.749756 0.8343 0.6883 0.5777
v -1502.926758 -64.600624 -1172.749756 0.8343 0.6883 0.5777
v 529.074158 -0.600800 -2772.750488 0.8343 0.6883 0.5777
v 529.074158 223.399353 -2756.750488 0.8343 0.6883 0.5777
v 529.074158 223.399353 -2772.750488 0.8343 0.6883 0.5777
v 1249.074585 95.399208 -3076.750732 0.8343 0.6883 0.5777
v 1249.074585 31.399178 -3076.750732 0.8343 0.6883 0.5777
v 1249.074585 31.399178 -3108.750732 0.8343 0.6883 0.5777
v 1281.074585 223.399323 -3092.750732 0.8343 0.6883 0.5777
v 1345.074585 223.399323 -3092.750732 0.8343 0.6883 0.5777
v 1345.074585 47.399193 -3092.750732 0.8343 0.6883 0.5777
v 1345.074585 223.399323 -3060.750732 0.8343 0.6883 0.5777
v 1345.074585 47.399193 -3060.750732 0.8343 0.6883 0.5777
v 1345.074585 223.399323 -3028.750732 0.8343 0.6883 0.5777
v 1345.074585 223.399353 -2836.750732 0.8343 0.6883 0.5777
v 1345.074585 47.399223 -2836.750732 0.8343 0.6883 0.5777
v 1345.074585 47.399223 -2868.750732 0.8343 0.6883 0.5777
v 1345.074585 47.399193 -3060.750732 0.8343 0.6883 0.5777
v 1345.074585 223.399353 -2804.750488 0.8343 0.6883 0.5777
v 1345.074585 223.399353 -2708.750488 0.8343 0.6883 0.5777
v 1345.074585 15.399216 -2708.750488 0.8343 0.6883 0.5777
v 1345.074585 -8.600784 -2612.750488 0.8343 0.6883 0.5777
v 1345.074585 -0.600784 -2644.750488 0.8343 0.6883 0.5777
v 1345.074585 -0.600777 -2580.750488 0.8343 0.6883 0.5777
v 1345.074585 -16.600784 -2580.750488 0.8343 0.6883 0.5777
v 1281.074585 31.399178 -3092.750732 0.8343 0.6883 0.5777
v 1249.074585 95.399208 -3076.750732 0.8343 0.6883 0.5777
v 1249.074585 135.399231 -3076.750732 0.8343 0.6883 0.5777
v 1281.074585 223.399323 -3092.750732 0.8343 0.6883 0.5777
v 1249.074585 191.399323 -3076.750732 0.8343 0.6883 0.5777
v 1025.074463 31.399239 -2612.750488 0.8343 0.6883 0.5777
v 1009.074402 31.399239 -2580.750488 0.8343 0.6883 0.5777
v 1025.074463 31.399208 -2836.750732 0.8343 0.6883 0.5777
v 1025.074463 31.399208 -2804.750488 0.8343 0.6883 0.5777
v 1025.074463 31.399239 -2612.750488 0.8343 0.6883 0.5777
v 1009.074402 31.399239 -2612.750488 0.8343 0.6883 0.5777
v 1009.074402 31.399208 -2820.750488 0.8343 0.6883 0.5777
v 1009.074402 31.399208 -2836.750732 0.8343 0.6883 0.5777
v 977.074402 31.399208 -2836.750732 0.8343 0.6883 0.5777
v 977.074402 31.399208 -2820.750488 0.8343 0.6883 0.5777
v 961.074402 31.399208 -2820.750488 0.8343 0.6883 0.5777
v 801.074280 31.399208 -2820.750488 0.8343 0.6883 0.5777
v 753.074280 31.399208 -2820.750488 0.8343 0.6883 0.5777
v 769.074280 31.399208 -2836.750732 0.8343 0.6883 0.5777
v 786.134338 31.399208 -2836.750732 0.8343 0.6883 0.5777
v 977.074402 31.399208 -2836.750732 0.8343 0.6883 0.5777
v 1057.074463 191.399323 -3076.750732 0.8343 0.6883 0.5777
v 1057.074463 95.399208 -3076.750732 0.8343 0.6883 0.5777
v 1057.074463 31.399178 -3076.750732 0.8343 0.6883 0.5777
v 993.074402 223.399323 -3092.750732 0.8343 0.6883 0.5777
v 1025.074463 31.399178 -3092.750732 0.8343 0.6883 0.5777
v 769.074280 223.399323 -3092.750732 0.8343 0.6883 0.5777
v 993.074402 223.399323 -3092.750732 0.8343 0.6883 0.5777
v 993.074402 31.399178 -3092.750732 0.8343 0.6883 0.5777
v 852.204285 31.399178 -3092.750732 0.8343 0.6883 0.5777
v 786.074280 31.399178 -3092.750732 0.8343 0.6883 0.5777
v 769.074280 31.399178 -3092.750732 0.8343 0.6883 0.5777
v 1242.074585 132.399231 -3076.750732 0.8343 0.6883 0.5777
v 1249.074585 191.399323 -3076.750732 0.8343 0.6883 0.5777
v 1249.074585 135.399231 -3076.750732 0.8343 0.6883 0.5777
v 1242.074585 132.399231 -3076.750732 0.8343 0.6883 0.5777
v 1221.074585 163.399292 -3076.750732 0.8343 0.6883 0.5777
v 1221.074585 163.399292 -3076.750732 0.8343 0.6883 0.5777
v 1193.074585 191.399323 -3076.750732 0.8343 0.6883 0.5777
v 1190.074585 184.399292 -3076.750732 0.8343 0.6883 0.5777
v 1193.074585 191.399323 -3076.750732 0.8343 0.6883 0.5777
v 1113.074463 191.399323 -3076.750732 0.8343 0.6883 0.5777
v 1153.074585 191.399323 -3076.750732 0.8343 0.6883 0.5777
v 1116.074463 184.399292 -3076.750732 0.8343 0.6883 0.5777
v 1057.074463 191.399323 -3076.750732 0.8343 0.6883 0.5777
v 1113.074463 191.399323 -3076.750732 0.8343 0.6883 0.5777
v 1116.074463 184.399292 -3076.750732 0.8343 0.6883 0.5777
v 1085.074463 163.399292 -3076.750732 0.8343 0.6883 0.5777
v 1057.074463 135.399231 -3076.750732 0.8343 0.6883 0.5777
v 1057.074463 191.399323 -3076.750732 0.8343 0.6883 0.5777
v 1064.074463 132.399231 -3076.750732 0.8343 0.6883 0.5777
v 1057.074463 95.399208 -3076.750732 0.8343 0.6883 0.5777
v 1057.074463 135.399231 -3076.750732 0.8343 0.6883 0.5777
v 1193.074585 191.399323 -3076.750732 0.8343 0.6883 0.5777
v 1057.074463 191.399323 -3076.750732 0.8343 0.6883 0.5777
v 1025.074463 223.399323 -3092.750732 0.8343 0.6883 0.5777
v 1249.074585 223.399323 -3092.750732 0.8343 0.6883 0.5777
v 1057.074463 31.399178 -3108.750732 0.8343 0.6883 0.5777
v 1057.074463 95.399208 -3076.750732 0.8343 0.6883 0.5777
v 1249.074585 95.399208 -3076.750732 0.8343 0.6883 0.5777
v 1249.074585 95.399208 -3108.750732 0.8343 0.6883 0.5777
v 1242.074585 132.399231 -3108.750732 0.8343 0.6883 0.5777
v 1242.074585 132.399231 -3076.750732 0.8343 0.6883 0.5777
v 1057.074463 95.399208 -3108.750732 0.8343 0.6883 0.5777
v 1057.074463 95.399208 -3076.750732 0.8343 0.6883 0.5777
v 1064.074463 132.399231 -3076.750732 0.8343 0.6883 0.5777
v 1064.074463 132.399231 -3108.750732 0.8343 0.6883 0.5777
v 1242.074585 132.399231 -3076.750732 0.8343 0.6883 0.5777
v 1242.074585 132.399231 -3108.750732 0.8343 0.6883 0.5777
v 1221.074585 163.399292 -3108.750732 0.8343 0.6883 0.5777
v 1221.074585 163.399292 -3076.750732 0.8343 0.6883 0.5777
v 1064.074463 132.399231 -3108.750732 0.8343 0.6883 0.5777
v 1064.074463 132.399231 -3076.750732 0.8343 0.6883 0.5777
v 1085.074463 163.399292 -3076.750732 0.8343 0.6883 0.5777
v 1085.074463 163.399292 -3108.750732 0.8343 0.6883 0.5777
v 1190.074585 184.399292 -3108.750732 0.8343 0.6883 0.5777
v 1190.074585 184.399292 -3076.750732 0.8343 0.6883 0.5777
v 1221.074585 163.399292 -3076.750732 0.8343 0.6883 0.5777
v 1221.074585 163.399292 -3108.750732 0.8343 0.6883 0.5777
v 1085.074463 163.399292 -3076.750732 0.8343 0.6883 0.5777
v 1116.074463 184.399292 -3076.750732 0.8343 0.6883 0.5777
v 1153.074585 191.399323 -3108.750732 0.8343 0.6883 0.5777
v 1190.074585 184.399292 -3076.750732 0.8343 0.6883 0.5777
v 1116.074463 184.399292 -3108.750732 0.8343 0.6883 0.5777
v 1153.074585 191.399323 -3076.750732 0.8343 0.6883 0.5777
v 1153.074585 191.399323 -3108.750732 0.8343 0.6883 0.5777
v 705.074280 223.399353 -2772.750488 0.8343 0.6883 0.5777
v 529.074158 31.399208 -2772.750488 0.8343 0.6883 0.5777
v 705.074280 31.399208 -2772.750488 0.8343 0.6883 0.5777
v 769.074280 223.399353 -2836.750732 0.8343 0.6883 0.5777
v 1025.074463 -0.600777 -2580.750488 0.8343 0.6883 0.5777
v 1025.074463 -0.600792 -2708.750488 0.8343 0.6883 0.5777
v 1025.074463 -24.600792 -2612.750488 0.8343 0.6883 0.5777
v 1025.074463 -32.600792 -2580.750488 0.8343 0.6883 0.5777
v 961.074402 15.399200 -2820.750488 0.8343 0.6883 0.5777
v 961.074402 15.399200 -2804.750488 0.8343 0.6883 0.5777
v 945.074402 15.399208 -2788.750488 0.8343 0.6883 0.5777
v 817.074280 15.399208 -2788.750488 0.8343 0.6883 0.5777
v 801.074280 15.399200 -2804.750488 0.8343 0.6883 0.5777
v 801.074280 15.399200 -2820.750488 0.8343 0.6883 0.5777
v 1.074051 223.399384 -2596.750488 0.8343 0.6883 0.5777
v 1.074051 223.399353 -2772.750488 0.8343 0.6883 0.5777
v 1.074051 31.399208 -2772.750488 0.8343 0.6883 0.5777
v 241.074173 223.399353 -2772.750488 0.8343 0.6883 0.5777
v 241.074173 -0.600800 -2756.750488 0.8343 0.6883 0.5777
v 241.074173 -0.600800 -2772.750488 0.8343 0.6883 0.5777
v 241.074173 31.399208 -2772.750488 0.8343 0.6883 0.5777
v 241.074173 223.399353 -2756.750488 0.8343 0.6883 0.5777
v 529.074158 -0.600800 -2756.750488 0.8343 0.6883 0.5777
v 513.074158 -0.600800 -2740.750488 0.8343 0.6883 0.5777
v 513.074158 223.399353 -2740.750488 0.8343 0.6883 0.5777
v 257.074036 223.399353 -2740.750488 0.8343 0.6883 0.5777
v 257.074036 -0.600800 -2740.750488 0.8343 0.6883 0.5777
v 1.074051 31.399239 -2596.750488 0.8343 0.6883 0.5777
v 1.074051 -0.600777 -2596.750488 0.8343 0.6883 0.5777
v 17.074051 -0.600777 -2596.750488 0.8343 0.6883 0.5777
v 17.074051 223.399384 -2596.750488 0.8343 0.6883 0.5777
v 1.074051 223.399384 -2596.750488 0.8343 0.6883 0.5777
v 17.074051 -0.600777 -2596.750488 0.8343 0.6883 0.5777
v 33.074081 -0.600777 -2580.750488 0.8343 0.6883 0.5777
v 33.074081 223.399384 -2580.750488 0.8343 0.6883 0.5777
v -510.926208 63.399254 -2580.750488 0.8343 0.6883 0.5777
v -477.886169 96.439262 -2603.150391 0.8343 0.6883 0.5777
v -482.809021 91.516441 -2580.750488 0.8343 0.6883 0.5777
v -510.926208 63.399254 -2580.750488 0.8343 0.6883 0.5777
v -510.926208 63.399254 -2581.030518 0.8343 0.6883 0.5777
v -446.926147 127.399269 -2744.120605 0.8343 0.6883 0.5777
v -446.926147 127.399284 -2580.750488 0.8343 0.6883 0.5777
v 1345.074585 -0.600777 -2580.750488 0.8343 0.6883 0.5777
v 1345.074585 -0.600761 -2452.750488 0.8343 0.6883 0.5777
v 1345.074585 -48.600769 -2452.750488 0.8343 0.6883 0.5777
v 1345.074585 -16.600784 -2580.750488 0.8343 0.6883 0.5777
v 1345.074585 -64.600769 -2388.750488 0.8343 0.6883 0.5777
v 1345.074585 -0.600761 -2452.750488 0.8343 0.6883 0.5777
v 1345.074585 223.399384 -2452.750488 0.8343 0.6883 0.5777
v 1553.074707 191.399414 -2324.750244 0.8343 0.6883 0.5777
v 1537.074707 191.399414 -2324.750244 0.8343 0.6883 0.5777
v 1537.074707 223.399414 -2324.750244 0.8343 0.6883 0.5777
v 1633.074707 223.399414 -2324.750244 0.8343 0.6883 0.5777
v 1665.074829 223.399414 -2324.750244 0.8343 0.6883 0.5777
v 1665.074829 191.399414 -2324.750244 0.8343 0.6883 0.5777
v 1537.074707 191.399414 -2324.750244 0.8343 0.6883 0.5777
v 1553.074707 191.399414 -2324.750244 0.8343 0.6883 0.5777
v 1409.074585 -64.600761 -2324.750244 0.8343 0.6883 0.5777
v 1409.074585 -0.600746 -2324.750244 0.8343 0.6883 0.5777
v 1409.074585 -0.600746 -2324.750244 0.8343 0.6883 0.5777
v 1537.074707 159.399384 -2324.750244 0.8343 0.6883 0.5777
v 1537.074707 -0.600746 -2324.750244 0.8343 0.6883 0.5777
v 1345.074585 -0.600754 -2388.750488 0.8343 0.6883 0.5777
v 1409.074585 -0.600746 -2324.750244 0.8343 0.6883 0.5777
v 1409.074585 -64.600761 -2324.750244 0.8343 0.6883 0.5777
v 1345.074585 223.399414 -2388.750488 0.8343 0.6883 0.5777
v 1409.074585 223.399414 -2324.750244 0.8343 0.6883 0.5777
v 1537.074707 47.399315 -2068.750244 0.8343 0.6883 0.5777
v 1537.074707 47.399330 -1908.750122 0.8343 0.6883 0.5777
v 1537.074707 39.399315 -1908.750122 0.8343 0.6883 0.5777
v 1537.074707 -32.600716 -1908.750122 0.8343 0.6883 0.5777
v 1537.074707 -32.600739 -2100.750244 0.8343 0.6883 0.5777
v 1537.074707 -0.600746 -2324.750244 0.8343 0.6883 0.5777
v 1537.074707 47.399284 -2324.750244 0.8343 0.6883 0.5777
v 1537.074707 47.399315 -2100.750244 0.8343 0.6883 0.5777
v 1537.074707 -32.600761 -2324.750244 0.8343 0.6883 0.5777
v 1025.074463 -0.600746 -2324.750244 0.8343 0.6883 0.5777
v 1025.074463 -96.600777 -2324.750244 0.8343 0.6883 0.5777
v 993.074402 -96.600777 -2324.750244 0.8343 0.6883 0.5777
v 993.074402 -0.600746 -2324.750244 0.8343 0.6883 0.5777
v 993.074402 -96.600777 -2324.750244 0.8343 0.6883 0.5777
v 929.074402 -96.600777 -2324.750244 0.8343 0.6883 0.5777
v 769.074280 -96.600777 -2324.750244 0.8343 0.6883 0.5777
v 769.074280 -0.600746 -2324.750244 0.8343 0.6883 0.5777
v 993.074402 -0.600746 -2324.750244 0.8343 0.6883 0.5777
v 1025.074463 -88.600777 -2356.750488 0.8343 0.6883 0.5777
v 1025.074463 -96.600777 -2324.750244 0.8343 0.6883 0.5777
v 1025.074463 -0.600746 -2324.750244 0.8343 0.6883 0.5777
v 1025.074463 -0.600777 -2548.750488 0.8343 0.6883 0.5777
v 1025.074463 -40.600777 -2548.750488 0.8343 0.6883 0.5777
v 1025.074463 31.399269 -2356.750488 0.8343 0.6883 0.5777
v 1025.074463 31.399269 -2324.750244 0.8343 0.6883 0.5777
v 1009.074402 31.399269 -2324.750244 0.8343 0.6883 0.5777
v 1025.074463 31.399239 -2580.750488 0.8343 0.6883 0.5777
v 1025.074463 31.399239 -2548.750488 0.8343 0.6883 0.5777
v 1009.074402 31.399269 -2356.750488 0.8343 0.6883 0.5777
v 1009.074402 31.399269 -2324.750244 0.8343 0.6883 0.5777
v 993.074402 31.399269 -2324.750244 0.8343 0.6883 0.5777
v 785.074280 31.399269 -2324.750244 0.8343 0.6883 0.5777
v 785.074280 31.399269 -2340.750488 0.8343 0.6883 0.5777
v 1009.074402 31.399269 -2340.750488 0.8343 0.6883 0.5777
v 769.074280 31.399269 -2324.750244 0.8343 0.6883 0.5777
v 769.074280 31.399254 -2420.750488 0.8343 0.6883 0.5777
v 769.074280 31.399254 -2436.750488 0.8343 0.6883 0.5777
v 785.074280 31.399254 -2436.750488 0.8343 0.6883 0.5777
v 641.074219 31.399254 -2436.750488 0.8343 0.6883 0.5777
v 769.074280 31.399254 -2436.750488 0.8343 0.6883 0.5777
v 769.074280 -0.600746 -2324.750244 0.8343 0.6883 0.5777
v 769.074280 -96.600777 -2324.750244 0.8343 0.6883 0.5777
v 769.074280 -84.600784 -2420.750488 0.8343 0.6883 0.5777
v 641.074219 -0.600761 -2420.750488 0.8343 0.6883 0.5777
v 769.074280 -0.600761 -2420.750488 0.8343 0.6883 0.5777
v 769.074280 -84.600784 -2420.750488 0.8343 0.6883 0.5777
v 929.074402 191.399445 -2100.750244 0.8343 0.6883 0.5777
v 929.074402 191.399445 -2052.750244 0.8343 0.6883 0.5777
v 929.074402 -32.600739 -2100.750244 0.8343 0.6883 0.5777
v 929.074402 159.399414 -2100.750244 0.8343 0.6883 0.5777
v 929.074402 159.399414 -2068.750244 0.8343 0.6883 0.5777
v 929.074402 -64.600731 -2068.750244 0.8343 0.6883 0.5777
v 929.074402 -64.600739 -2100.750244 0.8343 0.6883 0.5777
v 769.074280 -64.600731 -2068.750244 0.8343 0.6883 0.5777
v 929.074402 -96.600746 -2068.750244 0.8343 0.6883 0.5777
v 929.074402 -64.600731 -2068.750244 0.8343 0.6883 0.5777
v 865.074280 159.399414 -2068.750244 0.8343 0.6883 0.5777
v 769.074280 159.399414 -2068.750244 0.8343 0.6883 0.5777
v 769.074280 -32.600731 -2068.750244 0.8343 0.6883 0.5777
v 769.074280 -64.600731 -2068.750244 0.8343 0.6883 0.5777
v 929.074402 -64.600731 -2068.750244 0.8343 0.6883 0.5777
v 769.074280 -96.600746 -2068.750244 0.8343 0.6883 0.5777
v 769.074280 -32.600731 -2068.750244 0.8343 0.6883 0.5777
v 641.074219 -32.600731 -2068.750244 0.8343 0.6883 0.5777
v 641.074219 -128.600769 -2068.750244 0.8343 0.6883 0.5777
v 1025.074463 159.399414 -1972.750244 0.8343 0.6883 0.5777
v 1057.074463 159.399414 -1972.750244 0.8343 0.6883 0.5777
v 1057.074463 -32.600723 -1972.750244 0.8343 0.6883 0.5777
v 1057.074463 -64.600723 -1972.750244 0.8343 0.6883 0.5777
v 1012.074402 191.399445 -1972.750244 0.8343 0.6883 0.5777
v 1057.074463 191.399445 -1972.750244 0.8343 0.6883 0.5777
v 1025.074463 159.399414 -1940.750244 0.8343 0.6883 0.5777
v 1025.074463 -64.600723 -1972.750244 0.8343 0.6883 0.5777
v 1345.074585 -80.600693 -1684.750000 0.8343 0.6883 0.5777
v 1345.074585 223.399475 -1684.750000 0.8343 0.6883 0.5777
v 1345.074585 31.399345 -1684.750000 0.8343 0.6883 0.5777
v 1345.074585 223.399475 -1748.750122 0.8343 0.6883 0.5777
v 1345.074585 31.399406 -1204.749878 0.8343 0.6883 0.5777
v 1345.074585 31.399406 -1172.749756 0.8343 0.6883 0.5777
v 1345.074585 -80.600639 -1236.749878 0.8343 0.6883 0.5777
v 1345.074585 31.399376 -1460.750000 0.8343 0.6883 0.5777
v 1345.074585 31.399376 -1428.750000 0.8343 0.6883 0.5777
v 1345.074585 31.399391 -1236.749878 0.8343 0.6883 0.5777
v 1345.074585 -80.600662 -1460.750000 0.8343 0.6883 0.5777
v 1345.074585 -0.600670 -1684.750000 0.8343 0.6883 0.5777
v 1345.074585 31.399361 -1556.750000 0.8343 0.6883 0.5777
v 1537.074707 47.399345 -1812.750122 0.8343 0.6883 0.5777
v 1537.074707 159.399445 -1812.750122 0.8343 0.6883 0.5777
v 1441.074707 39.399330 -1812.750122 0.8343 0.6883 0.5777
v 1409.074585 -64.600700 -1812.750122 0.8343 0.6883 0.5777
v 1441.074707 -56.600697 -1812.750122 0.8343 0.6883 0.5777
v 1409.074585 223.399475 -1812.750122 0.8343 0.6883 0.5777
v 1441.074707 -0.600685 -1812.750122 0.8343 0.6883 0.5777
v 1441.074707 223.399475 -1812.750122 0.8343 0.6883 0.5777
v 1553.074707 191.399475 -1812.750122 0.8343 0.6883 0.5777
v 1665.074829 191.399475 -1812.750122 0.8343 0.6883 0.5777
v 1665.074829 223.399475 -1812.750122 0.8343 0.6883 0.5777
v 1633.074707 223.399475 -1812.750122 0.8343 0.6883 0.5777
v 1537.074707 223.399475 -1812.750122 0.8343 0.6883 0.5777
v 1537.074707 191.399475 -1812.750122 0.8343 0.6883 0.5777
v 1537.074707 39.399330 -1812.750122 0.8343 0.6883 0.5777
v 1409.074585 -0.600685 -1812.750122 0.8343 0.6883 0.5777
v 1345.074585 -0.600677 -1748.750122 0.8343 0.6883 0.5777
v 1345.074585 -80.600700 -1748.750122 0.8343 0.6883 0.5777
v 1057.074463 95.399422 -1332.749878 0.8343 0.6883 0.5777
v 1057.074463 191.399536 -1332.749878 0.8343 0.6883 0.5777
v 1009.074402 191.399536 -1332.749878 0.8343 0.6883 0.5777
v 1057.074463 -64.600647 -1332.749878 0.8343 0.6883 0.5777
v 1057.074463 -32.600647 -1332.749878 0.8343 0.6883 0.5777
v 1025.074463 159.399445 -1908.750122 0.8343 0.6883 0.5777
v 1025.074463 -64.600708 -1908.750122 0.8343 0.6883 0.5777
v 1025.074463 159.399475 -1556.750000 0.8343 0.6883 0.5777
v 1025.074463 159.399445 -1780.750122 0.8343 0.6883 0.5777
v 1025.074463 -64.600693 -1780.750122 0.8343 0.6883 0.5777
v 1025.074463 -64.600670 -1556.750000 0.8343 0.6883 0.5777
v 1025.074463 -64.600647 -1332.749878 0.8343 0.6883 0.5777
v 1025.074463 159.399506 -1332.749878 0.8343 0.6883 0.5777
v 929.074402 159.399506 -1204.749878 0.8343 0.6883 0.5777
v 929.074402 -32.600632 -1204.749878 0.8343 0.6883 0.5777
v 929.074402 -64.600632 -1204.749878 0.8343 0.6883 0.5777
v 929.074402 -64.600632 -1236.749878 0.8343 0.6883 0.5777
v 929.074402 159.399506 -1236.749878 0.8343 0.6883 0.5777
v 929.074402 191.399536 -1252.749878 0.8343 0.6883 0.5777
v 929.074402 191.399536 -1204.749878 0.8343 0.6883 0.5777
v 641.074219 -32.600632 -1236.749878 0.8343 0.6883 0.5777
v 641.074219 31.399391 -1236.749878 0.8343 0.6883 0.5777
v 705.074280 159.399506 -1236.749878 0.8343 0.6883 0.5777
v 705.074280 -32.600632 -1236.749878 0.8343 0.6883 0.5777
v 705.074280 -64.600632 -1236.749878 0.8343 0.6883 0.5777
v 865.074280 159.399506 -1236.749878 0.8343 0.6883 0.5777
v 1.074051 223.399414 -2308.750244 0.8343 0.6883 0.5777
v 1.074051 31.399269 -2308.750244 0.8343 0.6883 0.5777
v 1.074051 31.399300 -2100.750244 0.8343 0.6883 0.5777
v 1.074051 223.399445 -2100.750244 0.8343 0.6883 0.5777
v 1.074051 31.399300 -2100.750244 0.8343 0.6883 0.5777
v 1.074051 31.399315 -1876.750122 0.8343 0.6883 0.5777
v 1.074051 223.399475 -1876.750122 0.8343 0.6883 0.5777
v 513.074158 -160.600769 -2068.750244 0.8343 0.6883 0.5777
v 513.074158 -32.600731 -2068.750244 0.8343 0.6883 0.5777
v 289.074036 -32.600731 -2068.750244 0.8343 0.6883 0.5777
v 289.074036 -64.600731 -2068.750244 0.8343 0.6883 0.5777
v 289.074036 -120.600754 -2068.750244 0.8343 0.6883 0.5777
v 289.074036 -160.600769 -2068.750244 0.8343 0.6883 0.5777
v 289.074036 -216.600815 -2068.750244 0.8343 0.6883 0.5777
v 417.074097 -184.600800 -2068.750244 0.8343 0.6883 0.5777
v 513.074158 -160.600769 -2068.750244 0.8343 0.6883 0.5777
v 257.074036 159.399414 -2068.750244 0.8343 0.6883 0.5777
v 273.074036 -0.600716 -2068.750244 0.8343 0.6883 0.5777
v 273.074036 31.399300 -2068.750244 0.8343 0.6883 0.5777
v 273.074036 159.399414 -2068.750244 0.8343 0.6883 0.5777
v 289.074036 31.399300 -2068.750244 0.8343 0.6883 0.5777
v 289.074036 159.399414 -2068.750244 0.8343 0.6883 0.5777
v 273.074036 159.399414 -2068.750244 0.8343 0.6883 0.5777
v 289.074036 -0.600716 -2068.750244 0.8343 0.6883 0.5777
v 289.074036 -32.600731 -2068.750244 0.8343 0.6883 0.5777
v 513.074158 -32.600731 -2068.750244 0.8343 0.6883 0.5777
v 513.074158 159.399414 -2068.750244 0.8343 0.6883 0.5777
v 481.074158 159.399414 -2068.750244 0.8343 0.6883 0.5777
v 289.074036 159.399414 -2068.750244 0.8343 0.6883 0.5777
v 225.074173 -224.600830 -2068.750244 0.8343 0.6883 0.5777
v 257.074036 -224.600830 -2068.750244 0.8343 0.6883 0.5777
v 257.074036 -160.600769 -2068.750244 0.8343 0.6883 0.5777
v 257.074036 -120.600754 -2068.750244 0.8343 0.6883 0.5777
v 257.074036 -64.600731 -2068.750244 0.8343 0.6883 0.5777
v 257.074036 -32.600731 -2068.750244 0.8343 0.6883 0.5777
v 1.074051 -224.600830 -2068.750244 0.8343 0.6883 0.5777
v 33.074081 -224.600830 -2068.750244 0.8343 0.6883 0.5777
v 225.074173 -224.600830 -2068.750244 0.8343 0.6883 0.5777
v 225.074173 -32.600731 -2068.750244 0.8343 0.6883 0.5777
v 1.074051 -32.600731 -2068.750244 0.8343 0.6883 0.5777
v 641.074219 31.399254 -2420.750488 0.8343 0.6883 0.5777
v 513.074158 31.399254 -2436.750488 0.8343 0.6883 0.5777
v 513.074158 31.399254 -2420.750488 0.8343 0.6883 0.5777
v 289.074036 31.399254 -2420.750488 0.8343 0.6883 0.5777
v 289.074036 31.399254 -2436.750488 0.8343 0.6883 0.5777
v 497.074158 31.399254 -2436.750488 0.8343 0.6883 0.5777
v 513.074158 31.399254 -2436.750488 0.8343 0.6883 0.5777
v 273.074036 31.399284 -2212.750244 0.8343 0.6883 0.5777
v 273.074036 31.399284 -2212.750244 0.8343 0.6883 0.5777
v 273.074036 31.399269 -2292.750244 0.8343 0.6883 0.5777
v 273.074036 31.399254 -2436.750488 0.8343 0.6883 0.5777
v 289.074036 31.399254 -2420.750488 0.8343 0.6883 0.5777
v 289.074036 31.399269 -2292.750244 0.8343 0.6883 0.5777
v 289.074036 31.399284 -2212.750244 0.8343 0.6883 0.5777
v 17.074051 223.399414 -2308.750244 0.8343 0.6883 0.5777
v 17.074051 -0.600746 -2308.750244 0.8343 0.6883 0.5777
v 1.074051 -0.600746 -2308.750244 0.8343 0.6883 0.5777
v 1.074051 223.399414 -2308.750244 0.8343 0.6883 0.5777
v 33.074081 223.399414 -2324.750244 0.8343 0.6883 0.5777
v 33.074081 -0.600746 -2324.750244 0.8343 0.6883 0.5777
v 17.074051 223.399414 -2308.750244 0.8343 0.6883 0.5777
v 289.074036 -123.600761 -2075.750244 0.8343 0.6883 0.5777
v 289.074036 -160.600769 -2068.750244 0.8343 0.6883 0.5777
v 289.074036 -120.600754 -2068.750244 0.8343 0.6883 0.5777
v 289.074036 -92.600746 -2096.750244 0.8343 0.6883 0.5777
v 289.074036 -123.600761 -2075.750244 0.8343 0.6883 0.5777
v 289.074036 -120.600754 -2068.750244 0.8343 0.6883 0.5777
v 289.074036 -64.600731 -2068.750244 0.8343 0.6883 0.5777
v 289.074036 -64.600731 -2068.750244 0.8343 0.6883 0.5777
v 289.074036 -64.600739 -2124.750244 0.8343 0.6883 0.5777
v 289.074036 -71.600739 -2127.750244 0.8343 0.6883 0.5777
v 289.074036 -64.600754 -2292.750244 0.8343 0.6883 0.5777
v 289.074036 -32.600761 -2292.750244 0.8343 0.6883 0.5777
v 289.074036 -64.600754 -2292.750244 0.8343 0.6883 0.5777
v 289.074036 -64.600754 -2268.750244 0.8343 0.6883 0.5777
v 289.074036 -64.600739 -2164.750244 0.8343 0.6883 0.5777
v 289.074036 -64.600739 -2124.750244 0.8343 0.6883 0.5777
v 289.074036 -64.600731 -2068.750244 0.8343 0.6883 0.5777
v 289.074036 -120.600792 -2356.750488 0.8343 0.6883 0.5777
v 289.074036 -120.600784 -2324.750244 0.8343 0.6883 0.5777
v 289.074036 -64.600761 -2324.750244 0.8343 0.6883 0.5777
v 289.074036 -120.600800 -2420.750488 0.8343 0.6883 0.5777
v 289.074036 -120.600784 -2324.750244 0.8343 0.6883 0.5777
v 289.074036 -160.600800 -2324.750244 0.8343 0.6883 0.5777
v 289.074036 -123.600792 -2317.750244 0.8343 0.6883 0.5777
v 289.074036 -120.600784 -2324.750244 0.8343 0.6883 0.5777
v 289.074036 -92.600769 -2296.750244 0.8343 0.6883 0.5777
v 289.074036 -71.600754 -2265.750244 0.8343 0.6883 0.5777
v 289.074036 -64.600754 -2228.750244 0.8343 0.6883 0.5777
v 289.074036 -64.600754 -2268.750244 0.8343 0.6883 0.5777
v 289.074036 -64.600754 -2268.750244 0.8343 0.6883 0.5777
v 289.074036 -32.600777 -2420.750488 0.8343 0.6883 0.5777
v 289.074036 -32.600761 -2324.750244 0.8343 0.6883 0.5777
v 289.074036 -32.600761 -2292.750244 0.8343 0.6883 0.5777
v 289.074036 -0.600746 -2292.750244 0.8343 0.6883 0.5777
v 289.074036 -0.600761 -2420.750488 0.8343 0.6883 0.5777
v 289.074036 -32.600761 -2292.750244 0.8343 0.6883 0.5777
v 289.074036 -32.600731 -2068.750244 0.8343 0.6883 0.5777
v 289.074036 -0.600746 -2292.750244 0.8343 0.6883 0.5777
v 481.074158 -0.600761 -2420.750488 0.8343 0.6883 0.5777
v 513.074158 -0.600761 -2420.750488 0.8343 0.6883 0.5777
v 641.074219 -116.600800 -2420.750488 0.8343 0.6883 0.5777
v 481.074158 -156.600815 -2420.750488 0.8343 0.6883 0.5777
v 385.074097 -56.600769 -2420.750488 0.8343 0.6883 0.5777
v 385.074097 -0.600761 -2420.750488 0.8343 0.6883 0.5777
v 481.074158 -0.600761 -2420.750488 0.8343 0.6883 0.5777
v 481.074158 -96.600792 -2420.750488 0.8343 0.6883 0.5777
v 385.074097 -96.600792 -2420.750488 0.8343 0.6883 0.5777
v 289.074036 -0.600761 -2420.750488 0.8343 0.6883 0.5777
v 321.074036 -0.600761 -2420.750488 0.8343 0.6883 0.5777
v 321.074036 -120.600800 -2420.750488 0.8343 0.6883 0.5777
v 321.074036 -0.600761 -2420.750488 0.8343 0.6883 0.5777
v 321.074036 -56.600769 -2420.750488 0.8343 0.6883 0.5777
v 257.074036 -32.600792 -2548.750488 0.8343 0.6883 0.5777
v 257.074036 -32.600761 -2324.750244 0.8343 0.6883 0.5777
v 257.074036 -224.600861 -2324.750244 0.8343 0.6883 0.5777
v 257.074036 -224.600891 -2548.750488 0.8343 0.6883 0.5777
v 257.074036 -32.600792 -2548.750488 0.8343 0.6883 0.5777
v 225.074173 -224.600891 -2548.750488 0.8343 0.6883 0.5777
v 225.074173 -32.600792 -2548.750488 0.8343 0.6883 0.5777
v 225.074173 -224.600891 -2548.750488 0.8343 0.6883 0.5777
v 257.074036 -64.600761 -2324.750244 0.8343 0.6883 0.5777
v 257.074036 -64.600754 -2292.750244 0.8343 0.6883 0.5777
v 257.074036 -64.600754 -2268.750244 0.8343 0.6883 0.5777
v 257.074036 -71.600754 -2265.750244 0.8343 0.6883 0.5777
v 257.074036 -92.600769 -2296.750244 0.8343 0.6883 0.5777
v 257.074036 -64.600754 -2268.750244 0.8343 0.6883 0.5777
v 257.074036 -64.600754 -2228.750244 0.8343 0.6883 0.5777
v 257.074036 -71.600754 -2265.750244 0.8343 0.6883 0.5777
v 257.074036 -120.600784 -2324.750244 0.8343 0.6883 0.5777
v 257.074036 -123.600792 -2317.750244 0.8343 0.6883 0.5777
v 257.074036 -160.600800 -2324.750244 0.8343 0.6883 0.5777
v 257.074036 -120.600784 -2324.750244 0.8343 0.6883 0.5777
v 257.074036 -64.600761 -2324.750244 0.8343 0.6883 0.5777
v 257.074036 -32.600761 -2292.750244 0.8343 0.6883 0.5777
v 257.074036 -64.600754 -2292.750244 0.8343 0.6883 0.5777
v 257.074036 -32.600739 -2100.750244 0.8343 0.6883 0.5777
v 257.074036 -32.600731 -2068.750244 0.8343 0.6883 0.5777
v 257.074036 -64.600731 -2068.750244 0.8343 0.6883 0.5777
v 257.074036 -64.600739 -2164.750244 0.8343 0.6883 0.5777
v 257.074036 -64.600739 -2124.750244 0.8343 0.6883 0.5777
v 257.074036 -64.600731 -2068.750244 0.8343 0.6883 0.5777
v 257.074036 -71.600739 -2127.750244 0.8343 0.6883 0.5777
v 257.074036 -64.600731 -2068.750244 0.8343 0.6883 0.5777
v 257.074036 -120.600754 -2068.750244 0.8343 0.6883 0.5777
v 257.074036 -123.600761 -2075.750244 0.8343 0.6883 0.5777
v 257.074036 -92.600746 -2096.750244 0.8343 0.6883 0.5777
v 257.074036 -120.600754 -2068.750244 0.8343 0.6883 0.5777
v 257.074036 -160.600769 -2068.750244 0.8343 0.6883 0.5777
v 257.074036 -0.600716 -2068.750244 0.8343 0.6883 0.5777
v 257.074036 127.399345 -2052.750244 0.8343 0.6883 0.5777
v 257.074036 -0.600716 -2052.750244 0.8343 0.6883 0.5777
v 257.074036 -0.600693 -1876.750122 0.8343 0.6883 0.5777
v 257.074036 -0.600708 -1988.750244 0.8343 0.6883 0.5777
v 257.074036 159.399414 -1988.750244 0.8343 0.6883 0.5777
v 257.074036 127.399361 -1988.750244 0.8343 0.6883 0.5777
v 257.074036 159.399414 -2052.750244 0.8343 0.6883 0.5777
v -126.926010 -32.600731 -2068.750244 0.8343 0.6883 0.5777
v -126.926010 -224.600830 -2068.750244 0.8343 0.6883 0.5777
v 1.074051 -224.600830 -2068.750244 0.8343 0.6883 0.5777
v 1.074051 -32.600731 -2068.750244 0.8343 0.6883 0.5777
v 1.074051 -224.600891 -2548.750488 0.8343 0.6883 0.5777
v -62.925980 -224.600891 -2548.750488 0.8343 0.6883 0.5777
v -126.926010 -224.600891 -2548.750488 0.8343 0.6883 0.5777
v 1.074051 -32.600792 -2548.750488 0.8343 0.6883 0.5777
v -510.926208 -200.600861 -2516.750488 0.8343 0.6883 0.5777
v -510.926208 62.981728 -2580.750488 0.8343 0.6883 0.5777
v -510.926208 -64.600761 -2324.750244 0.8343 0.6883 0.5777
v -510.926208 -160.600800 -2324.750244 0.8343 0.6883 0.5777
v -510.926208 -224.600861 -2324.750244 0.8343 0.6883 0.5777
v -510.926208 -216.000854 -2393.570557 0.8343 0.6883 0.5777
v -510.926208 -32.600784 -2516.750488 0.8343 0.6883 0.5777
v -510.926208 -16.600777 -2527.460449 0.8343 0.6883 0.5777
v -510.926208 -64.600754 -2268.750244 0.8343 0.6883 0.5777
v -510.926208 -16.600746 -2228.750244 0.8343 0.6883 0.5777
v -510.926208 -16.600739 -2212.750244 0.8343 0.6883 0.5777
v -510.926208 -64.600739 -2100.750244 0.8343 0.6883 0.5777
v -510.926208 -16.600739 -2212.750244 0.8343 0.6883 0.5777
v -510.926208 -224.600815 -1972.750244 0.8343 0.6883 0.5777
v -510.926208 -224.600815 -2004.750244 0.8343 0.6883 0.5777
v -510.926208 -64.600723 -2004.750244 0.8343 0.6883 0.5777
v -510.926208 -16.600716 -2004.750244 0.8343 0.6883 0.5777
v -510.926208 -71.600739 -2063.750244 0.8343 0.6883 0.5777
v -510.926208 -64.600731 -2060.750244 0.8343 0.6883 0.5777
v -510.926208 -64.600739 -2100.750244 0.8343 0.6883 0.5777
v -510.926208 -123.600754 -2011.750244 0.8343 0.6883 0.5777
v -510.926208 -92.600739 -2032.750244 0.8343 0.6883 0.5777
v -510.926208 -120.600754 -2004.750244 0.8343 0.6883 0.5777
v -510.926208 -160.600769 -2004.750244 0.8343 0.6883 0.5777
v -510.926208 -71.600754 -2265.750244 0.8343 0.6883 0.5777
v -510.926208 -64.600754 -2268.750244 0.8343 0.6883 0.5777
v -510.926208 -64.600754 -2228.750244 0.8343 0.6883 0.5777
v -510.926208 -92.600769 -2296.750244 0.8343 0.6883 0.5777
v -510.926208 -64.600761 -2324.750244 0.8343 0.6883 0.5777
v -510.926208 -123.600792 -2317.750244 0.8343 0.6883 0.5777
v -510.926208 -120.600784 -2324.750244 0.8343 0.6883 0.5777
v -500.386200 73.939262 -2500.750488 0.8343 0.6883 0.5777
v -446.926147 127.399300 -2500.750488 0.8343 0.6883 0.5777
v -510.926208 127.399300 -2500.750488 0.8343 0.6883 0.5777
v -510.926208 63.399269 -2500.750488 0.8343 0.6883 0.5777
v -510.926208 63.399269 -2500.750488 0.8343 0.6883 0.5777
v -510.926208 63.399254 -2580.750488 0.8343 0.6883 0.5777
v -510.926208 127.399345 -2020.750244 0.8343 0.6883 0.5777
v -510.926208 63.399315 -2020.750244 0.8343 0.6883 0.5777
v -510.926208 63.399300 -2212.750244 0.8343 0.6883 0.5777
v -446.926147 127.399330 -2212.750244 0.8343 0.6883 0.5777
v -446.926147 127.399345 -2020.750244 0.8343 0.6883 0.5777
v -398.926147 -224.600815 -2004.750244 0.8343 0.6883 0.5777
v -398.926147 -96.600739 -2004.750244 0.8343 0.6883 0.5777
v -478.926178 -64.600723 -2004.750244 0.8343 0.6883 0.5777
v -478.926178 -120.600754 -2004.750244 0.8343 0.6883 0.5777
v -478.926178 -160.600769 -2004.750244 0.8343 0.6883 0.5777
v -478.926178 -224.600815 -2004.750244 0.8343 0.6883 0.5777
v -334.926117 -224.600815 -2004.750244 0.8343 0.6883 0.5777
v -254.926071 -224.600815 -2004.750244 0.8343 0.6883 0.5777
v -254.926071 -32.600723 -2004.750244 0.8343 0.6883 0.5777
v -334.926117 -32.600723 -2004.750244 0.8343 0.6883 0.5777
v -334.926117 -96.600739 -2004.750244 0.8343 0.6883 0.5777
v -398.926147 -32.600723 -2004.750244 0.8343 0.6883 0.5777
v -190.926041 -224.600891 -2548.750488 0.8343 0.6883 0.5777
v -126.926010 -32.600792 -2548.750488 0.8343 0.6883 0.5777
v -478.926178 -70.650757 -2260.750244 0.8343 0.6883 0.5777
v -478.926178 -123.600754 -2011.750244 0.8343 0.6883 0.5777
v -478.926178 -64.600739 -2100.750244 0.8343 0.6883 0.5777
v -478.926178 -64.600731 -2060.750244 0.8343 0.6883 0.5777
v -478.926178 -71.600739 -2063.750244 0.8343 0.6883 0.5777
v -478.926178 -92.600739 -2032.750244 0.8343 0.6883 0.5777
v -478.926178 -32.600761 -2324.750244 0.8343 0.6883 0.5777
v -478.926178 -64.600761 -2324.750244 0.8343 0.6883 0.5777
v -478.926178 -64.600754 -2260.750244 0.8343 0.6883 0.5777
v -478.926178 -64.600754 -2228.750244 0.8343 0.6883 0.5777
v -478.926178 -32.600754 -2228.750244 0.8343 0.6883 0.5777
v -478.926178 -32.600723 -2004.750244 0.8343 0.6883 0.5777
v -478.926178 -32.600739 -2100.750244 0.8343 0.6883 0.5777
v -382.926147 -208.600861 -2452.750488 0.8343 0.6883 0.5777
v -382.926147 -200.600861 -2516.750488 0.8343 0.6883 0.5777
v -382.926147 -32.600784 -2516.750488 0.8343 0.6883 0.5777
v -382.926147 -32.600777 -2452.750488 0.8343 0.6883 0.5777
v -286.926086 -32.600761 -2324.750244 0.8343 0.6883 0.5777
v -222.926056 -128.600800 -2388.750488 0.8343 0.6883 0.5777
v -190.926041 -224.600861 -2420.750488 0.8343 0.6883 0.5777
v -222.926056 -224.600861 -2388.750488 0.8343 0.6883 0.5777
v -222.926056 -32.600769 -2388.750488 0.8343 0.6883 0.5777
v -286.926086 -128.600800 -2324.750244 0.8343 0.6883 0.5777
v -286.926086 -224.600861 -2324.750244 0.8343 0.6883 0.5777
v -382.926147 -224.600861 -2324.750244 0.8343 0.6883 0.5777
v -382.926147 -128.600800 -2324.750244 0.8343 0.6883 0.5777
v -382.926147 -32.600761 -2324.750244 0.8343 0.6883 0.5777
v -190.926041 -224.600891 -2548.750488 0.8343 0.6883 0.5777
v -190.926041 -32.600777 -2420.750488 0.8343 0.6883 0.5777
v -190.926041 -32.600792 -2548.750488 0.8343 0.6883 0.5777
v -414.926147 -32.600761 -2324.750244 0.8343 0.6883 0.5777
v -414.926147 -64.600761 -2324.750244 0.8343 0.6883 0.5777
v -414.926147 -128.600800 -2324.750244 0.8343 0.6883 0.5777
v -414.926147 -64.600761 -2324.750244 0.8343 0.6883 0.5777
v -446.926147 -32.600777 -2452.750488 0.8343 0.6883 0.5777
v -446.926147 -208.600861 -2452.750488 0.8343 0.6883 0.5777
v -382.926147 -208.600861 -2452.750488 0.8343 0.6883 0.5777
v -382.926147 -32.600777 -2452.750488 0.8343 0.6883 0.5777
v -446.926147 -200.600861 -2516.750488 0.8343 0.6883 0.5777
v -446.926147 -208.600861 -2452.750488 0.8343 0.6883 0.5777
v -446.926147 -32.600784 -2516.750488 0.8343 0.6883 0.5777
v -158.926025 -224.600830 -2068.750244 0.8343 0.6883 0.5777
v -158.926025 -32.600731 -2068.750244 0.8343 0.6883 0.5777
v -526.926208 -16.600739 -2212.750244 0.8343 0.6883 0.5777
v -526.926208 127.399330 -2212.750244 0.8343 0.6883 0.5777
v -510.926208 127.399330 -2212.750244 0.8343 0.6883 0.5777
v -526.926208 127.399300 -2500.750488 0.8343 0.6883 0.5777
v -510.926208 -16.600777 -2500.750488 0.8343 0.6883 0.5777
v -510.926208 63.399269 -2500.750488 0.8343 0.6883 0.5777
v -526.926208 -16.600739 -2212.750244 0.8343 0.6883 0.5777
v -510.926208 -16.600746 -2276.750244 0.8343 0.6883 0.5777
v -510.926208 -16.600754 -2324.750244 0.8343 0.6883 0.5777
v -510.926208 -16.600777 -2500.750488 0.8343 0.6883 0.5777
v -526.926208 -16.600769 -2436.750488 0.8343 0.6883 0.5777
v -526.926208 -16.600746 -2276.750244 0.8343 0.6883 0.5777
v -542.926208 127.399300 -2484.750488 0.8343 0.6883 0.5777
v -542.926208 15.399239 -2484.750488 0.8343 0.6883 0.5777
v -526.926208 -16.600777 -2500.750488 0.8343 0.6883 0.5777
v -526.926208 127.399300 -2500.750488 0.8343 0.6883 0.5777
v -526.926208 -16.600769 -2436.750488 0.8343 0.6883 0.5777
v -542.926208 15.399246 -2452.750488 0.8343 0.6883 0.5777
v -542.926208 15.399246 -2436.750488 0.8343 0.6883 0.5777
v -526.926208 -16.600739 -2212.750244 0.8343 0.6883 0.5777
v -526.926208 127.399330 -2212.750244 0.8343 0.6883 0.5777
v -542.926208 15.399269 -2228.750244 0.8343 0.6883 0.5777
v -542.926208 127.399330 -2228.750244 0.8343 0.6883 0.5777
v -526.926208 -16.600716 -2020.750244 0.8343 0.6883 0.5777
v -510.926208 -16.600716 -2020.750244 0.8343 0.6883 0.5777
v -542.926208 127.399345 -2004.750244 0.8343 0.6883 0.5777
v -526.926208 127.399345 -2020.750244 0.8343 0.6883 0.5777
v -542.926208 15.399300 -2004.750244 0.8343 0.6883 0.5777
v -542.926208 15.399315 -1876.750122 0.8343 0.6883 0.5777
v 1.074051 -32.600700 -1780.750122 0.8343 0.6883 0.5777
v 1.074051 -64.600693 -1748.750122 0.8343 0.6883 0.5777
v 1.074051 -64.600693 -1780.750122 0.8343 0.6883 0.5777
v 1.074051 -96.600700 -1652.750000 0.8343 0.6883 0.5777
v 1.074051 -96.600693 -1620.750000 0.8343 0.6883 0.5777
v 1.074051 -96.600693 -1588.750000 0.8343 0.6883 0.5777
v 1.074051 -0.600670 -1652.750000 0.8343 0.6883 0.5777
v 1.074051 -80.600693 -1652.750000 0.8343 0.6883 0.5777
v 1.074051 -80.600693 -1684.750000 0.8343 0.6883 0.5777
v 1.074051 -48.600681 -1716.750122 0.8343 0.6883 0.5777
v 1.074051 -0.600677 -1716.750122 0.8343 0.6883 0.5777
v 1.074051 -0.600677 -1748.750122 0.8343 0.6883 0.5777
v 1.074051 -32.600693 -1748.750122 0.8343 0.6883 0.5777
v 1.074051 -48.600685 -1748.750122 0.8343 0.6883 0.5777
v 1.074051 -96.600708 -1748.750122 0.8343 0.6883 0.5777
v 1.074051 -96.600708 -1716.750122 0.8343 0.6883 0.5777
v 1.074051 -80.600693 -1716.750122 0.8343 0.6883 0.5777
v 1.074051 -80.600700 -1748.750122 0.8343 0.6883 0.5777
v 1.074051 -64.600685 -1684.750000 0.8343 0.6883 0.5777
v 1.074051 -0.600670 -1684.750000 0.8343 0.6883 0.5777
v 1.074051 -64.600693 -1716.750122 0.8343 0.6883 0.5777
v 1.074051 -96.600716 -1812.750122 0.8343 0.6883 0.5777
v 1.074051 -96.600716 -1780.750122 0.8343 0.6883 0.5777
v 1.074051 -48.600689 -1780.750122 0.8343 0.6883 0.5777
v 1.074051 -16.600693 -1780.750122 0.8343 0.6883 0.5777
v 1.074051 -0.600685 -1780.750122 0.8343 0.6883 0.5777
v 1.074051 -0.600685 -1812.750122 0.8343 0.6883 0.5777
v 1.074051 -16.600693 -1812.750122 0.8343 0.6883 0.5777
v 1.074051 31.399330 -1812.750122 0.8343 0.6883 0.5777
v 1.074051 31.399361 -1588.750000 0.8343 0.6883 0.5777
v 1.074051 223.399475 -1812.750122 0.8343 0.6883 0.5777
v 225.074173 191.399506 -1428.750000 0.8343 0.6883 0.5777
v 273.074036 191.399506 -1428.750000 0.8343 0.6883 0.5777
v 385.074097 191.399506 -1428.750000 0.8343 0.6883 0.5777
v 385.074097 223.399506 -1428.750000 0.8343 0.6883 0.5777
v 225.074173 223.399506 -1428.750000 0.8343 0.6883 0.5777
v 257.074036 -96.600685 -1556.750000 0.8343 0.6883 0.5777
v 257.074036 159.399475 -1556.750000 0.8343 0.6883 0.5777
v 257.074036 -64.600670 -1556.750000 0.8343 0.6883 0.5777
v 257.074036 -64.600677 -1588.750000 0.8343 0.6883 0.5777
v 257.074036 159.399475 -1588.750000 0.8343 0.6883 0.5777
v 257.074036 -96.600693 -1588.750000 0.8343 0.6883 0.5777
v 257.074036 -96.600693 -1620.750000 0.8343 0.6883 0.5777
v 257.074036 -96.600700 -1684.750000 0.8343 0.6883 0.5777
v 257.074036 -96.600716 -1812.750122 0.8343 0.6883 0.5777
v 257.074036 -32.600700 -1812.750122 0.8343 0.6883 0.5777
v 257.074036 -0.600685 -1812.750122 0.8343 0.6883 0.5777
v 257.074036 159.399475 -1652.750000 0.8343 0.6883 0.5777
v 257.074036 159.399445 -1812.750122 0.8343 0.6883 0.5777
v 257.074036 159.399445 -1876.750122 0.8343 0.6883 0.5777
v 129.074112 -96.600716 -1780.750122 0.8343 0.6883 0.5777
v 129.074112 -64.600693 -1780.750122 0.8343 0.6883 0.5777
v 129.074112 -64.600693 -1748.750122 0.8343 0.6883 0.5777
v 129.074112 -96.600708 -1748.750122 0.8343 0.6883 0.5777
v 129.074112 -80.600700 -1748.750122 0.8343 0.6883 0.5777
v 129.074112 -80.600693 -1716.750122 0.8343 0.6883 0.5777
v 129.074112 -96.600708 -1716.750122 0.8343 0.6883 0.5777
v 129.074112 -96.600716 -1812.750122 0.8343 0.6883 0.5777
v 129.074112 -48.600689 -1780.750122 0.8343 0.6883 0.5777
v 257.074036 -64.600700 -1812.750122 0.8343 0.6883 0.5777
v 145.074112 -96.600716 -1812.750122 0.8343 0.6883 0.5777
v 145.074112 -32.600700 -1812.750122 0.8343 0.6883 0.5777
v 145.074112 -96.600700 -1684.750000 0.8343 0.6883 0.5777
v 145.074112 -64.600685 -1684.750000 0.8343 0.6883 0.5777
v 129.074112 -64.600685 -1684.750000 0.8343 0.6883 0.5777
v 129.074112 -48.600681 -1716.750122 0.8343 0.6883 0.5777
v 129.074112 -32.600693 -1748.750122 0.8343 0.6883 0.5777
v 129.074112 -16.600693 -1780.750122 0.8343 0.6883 0.5777
v 129.074112 -0.600685 -1812.750122 0.8343 0.6883 0.5777
v 145.074112 -0.600685 -1812.750122 0.8343 0.6883 0.5777
v 1.074051 -48.600693 -1812.750122 0.8343 0.6883 0.5777
v 129.074112 -48.600693 -1812.750122 0.8343 0.6883 0.5777
v 161.074142 -96.600670 -1428.750000 0.8343 0.6883 0.5777
v 161.074142 -0.600639 -1428.750000 0.8343 0.6883 0.5777
v 257.074036 -0.600639 -1428.750000 0.8343 0.6883 0.5777
v 257.074036 31.399376 -1428.750000 0.8343 0.6883 0.5777
v 225.074173 31.399376 -1428.750000 0.8343 0.6883 0.5777
v 161.074142 31.399376 -1428.750000 0.8343 0.6883 0.5777
v 257.074036 159.399475 -1428.750000 0.8343 0.6883 0.5777
v 257.074036 191.399506 -1428.750000 0.8343 0.6883 0.5777
v 257.074036 63.399391 -1428.750000 0.8343 0.6883 0.5777
v 1.074051 191.399506 -1428.750000 0.8343 0.6883 0.5777
v 225.074173 63.399391 -1428.750000 0.8343 0.6883 0.5777
v 257.074036 -64.600624 -1172.749756 0.8343 0.6883 0.5777
v 257.074036 159.399506 -1236.749878 0.8343 0.6883 0.5777
v 609.074219 159.399506 -1236.749878 0.8343 0.6883 0.5777
v 641.074219 159.399506 -1236.749878 0.8343 0.6883 0.5777
v 513.074158 31.399391 -1236.749878 0.8343 0.6883 0.5777
v 513.074158 -64.600632 -1236.749878 0.8343 0.6883 0.5777
v 385.074097 159.399506 -1236.749878 0.8343 0.6883 0.5777
v 513.074158 159.399506 -1236.749878 0.8343 0.6883 0.5777
v 257.074036 -64.600632 -1236.749878 0.8343 0.6883 0.5777
v 353.074097 159.399506 -1236.749878 0.8343 0.6883 0.5777
v 289.074036 -64.600624 -1172.749756 0.8343 0.6883 0.5777
v 353.074097 -64.600632 -1236.749878 0.8343 0.6883 0.5777
v 385.074097 -64.600632 -1236.749878 0.8343 0.6883 0.5777
v -510.926208 -224.600769 -1620.750000 0.8343 0.6883 0.5777
v -510.926208 -96.600693 -1620.750000 0.8343 0.6883 0.5777
v -510.926208 -224.600754 -1492.750000 0.8343 0.6883 0.5777
v -510.926208 -224.600739 -1300.749878 0.8343 0.6883 0.5777
v -510.926208 -224.600739 -1396.749878 0.8343 0.6883 0.5777
v -510.926208 -96.600670 -1396.749878 0.8343 0.6883 0.5777
v -510.926208 -192.600708 -1172.749756 0.8343 0.6883 0.5777
v -510.926208 -96.600677 -1492.750000 0.8343 0.6883 0.5777
v -510.926208 -128.600677 -1396.749878 0.8343 0.6883 0.5777
v -510.926208 -128.600693 -1492.750000 0.8343 0.6883 0.5777
v -510.926208 63.399361 -1684.750000 0.8343 0.6883 0.5777
v -510.926208 -16.600685 -1732.750122 0.8343 0.6883 0.5777
v -510.926208 -16.600677 -1684.750000 0.8343 0.6883 0.5777
v -510.926208 -32.600685 -1684.750000 0.8343 0.6883 0.5777
v -510.926208 -224.600800 -1876.750122 0.8343 0.6883 0.5777
v -510.926208 -16.600700 -1876.750122 0.8343 0.6883 0.5777
v -350.926117 -6.600662 -1620.750000 0.8343 0.6883 0.5777
v -350.926117 31.399345 -1620.750000 0.8343 0.6883 0.5777
v -364.926117 12.399345 -1620.750000 0.8343 0.6883 0.5777
v -418.926147 31.399345 -1620.750000 0.8343 0.6883 0.5777
v -446.926147 31.399345 -1620.750000 0.8343 0.6883 0.5777
v -442.926147 -8.600662 -1620.750000 0.8343 0.6883 0.5777
v -446.926147 -6.600662 -1620.750000 0.8343 0.6883 0.5777
v -446.926147 -32.600677 -1620.750000 0.8343 0.6883 0.5777
v -478.926178 -96.600693 -1620.750000 0.8343 0.6883 0.5777
v -494.926178 -96.600693 -1620.750000 0.8343 0.6883 0.5777
v -494.926178 -64.600677 -1620.750000 0.8343 0.6883 0.5777
v -478.926178 127.399391 -1620.750000 0.8343 0.6883 0.5777
v -446.926147 127.399391 -1620.750000 0.8343 0.6883 0.5777
v -446.926147 -80.600685 -1620.750000 0.8343 0.6883 0.5777
v -478.926178 -80.600685 -1620.750000 0.8343 0.6883 0.5777
v -510.926208 127.399391 -1620.750000 0.8343 0.6883 0.5777
v -494.926178 127.399391 -1620.750000 0.8343 0.6883 0.5777
v -378.926147 31.399345 -1620.750000 0.8343 0.6883 0.5777
v -286.926086 127.399391 -1620.750000 0.8343 0.6883 0.5777
v -254.926071 -96.600693 -1620.750000 0.8343 0.6883 0.5777
v -302.926086 -96.600693 -1620.750000 0.8343 0.6883 0.5777
v -318.926086 -96.600693 -1620.750000 0.8343 0.6883 0.5777
v -318.926086 -80.600685 -1620.750000 0.8343 0.6883 0.5777
v -350.926117 -80.600685 -1620.750000 0.8343 0.6883 0.5777
v -350.926117 -32.600677 -1620.750000 0.8343 0.6883 0.5777
v -350.926117 127.399391 -1620.750000 0.8343 0.6883 0.5777
v -318.926086 127.399391 -1620.750000 0.8343 0.6883 0.5777
v -190.926041 31.399345 -1620.750000 0.8343 0.6883 0.5777
v -254.926071 31.399345 -1620.750000 0.8343 0.6883 0.5777
v -254.926071 127.399391 -1620.750000 0.8343 0.6883 0.5777
v -190.926041 223.399506 -1668.750000 0.8343 0.6883 0.5777
v -190.926041 159.399475 -1636.750000 0.8343 0.6883 0.5777
v -190.926041 159.399445 -1684.750000 0.8343 0.6883 0.5777
v -190.926041 159.399445 -1812.750122 0.8343 0.6883 0.5777
v -190.926041 223.399475 -1812.750122 0.8343 0.6883 0.5777
v -190.926041 223.399506 -1620.750000 0.8343 0.6883 0.5777
v -446.926147 -32.600677 -1636.750000 0.8343 0.6883 0.5777
v -446.926147 -80.600685 -1636.750000 0.8343 0.6883 0.5777
v -350.926117 -80.600685 -1636.750000 0.8343 0.6883 0.5777
v -350.926117 -32.600677 -1636.750000 0.8343 0.6883 0.5777
v -354.926117 -8.600662 -1636.750000 0.8343 0.6883 0.5777
v -354.926117 -8.600662 -1620.750000 0.8343 0.6883 0.5777
v -442.926147 -8.600662 -1636.750000 0.8343 0.6883 0.5777
v -380.926147 26.399353 -1636.750000 0.8343 0.6883 0.5777
v -380.926147 26.399353 -1620.750000 0.8343 0.6883 0.5777
v -364.926117 12.399345 -1636.750000 0.8343 0.6883 0.5777
v -432.926147 12.399345 -1636.750000 0.8343 0.6883 0.5777
v -432.926147 12.399345 -1620.750000 0.8343 0.6883 0.5777
v -398.926147 31.399345 -1636.750000 0.8343 0.6883 0.5777
v -398.926147 31.399345 -1620.750000 0.8343 0.6883 0.5777
v -416.926147 26.399353 -1636.750000 0.8343 0.6883 0.5777
v -416.926147 26.399353 -1620.750000 0.8343 0.6883 0.5777
v -446.926147 127.399391 -1732.750122 0.8343 0.6883 0.5777
v -446.926147 127.399391 -1684.750000 0.8343 0.6883 0.5777
v -510.926208 63.399361 -1732.750122 0.8343 0.6883 0.5777
v -382.926147 63.399391 -1364.749878 0.8343 0.6883 0.5777
v -382.926147 223.399536 -1364.749878 0.8343 0.6883 0.5777
v -382.926147 223.399536 -1172.749756 0.8343 0.6883 0.5777
v -382.926147 63.399422 -1172.749756 0.8343 0.6883 0.5777
v 1.074051 63.399391 -1428.750000 0.8343 0.6883 0.5777
v 1.074051 223.399506 -1428.750000 0.8343 0.6883 0.5777
v -318.926086 63.399391 -1428.750000 0.8343 0.6883 0.5777
v -94.925995 63.399391 -1428.750000 0.8343 0.6883 0.5777
v -94.925995 223.399506 -1428.750000 0.8343 0.6883 0.5777
v -190.926041 31.399361 -1588.750000 0.8343 0.6883 0.5777
v -190.926041 127.399391 -1620.750000 0.8343 0.6883 0.5777
v -190.926041 223.399506 -1588.750000 0.8343 0.6883 0.5777
v 1.074051 223.399506 -1588.750000 0.8343 0.6883 0.5777
v -334.926117 223.399536 -1412.749878 0.8343 0.6883 0.5777
v -366.926117 223.399536 -1380.749878 0.8343 0.6883 0.5777
v -318.926086 223.399506 -1428.750000 0.8343 0.6883 0.5777
v 1.074051 -96.600670 -1428.750000 0.8343 0.6883 0.5777
v 1.074051 31.399376 -1428.750000 0.8343 0.6883 0.5777
v -30.925964 -96.600670 -1428.750000 0.8343 0.6883 0.5777
v -30.925964 31.399376 -1428.750000 0.8343 0.6883 0.5777
v -94.925995 31.399376 -1428.750000 0.8343 0.6883 0.5777
v -254.926071 31.399376 -1428.750000 0.8343 0.6883 0.5777
v 1.074051 -0.600662 -1588.750000 0.8343 0.6883 0.5777
v -190.926041 -96.600693 -1588.750000 0.8343 0.6883 0.5777
v -190.926041 -0.600662 -1588.750000 0.8343 0.6883 0.5777
v -318.926086 31.399376 -1428.750000 0.8343 0.6883 0.5777
v -318.926086 -96.600670 -1428.750000 0.8343 0.6883 0.5777
v -254.926071 -96.600670 -1428.750000 0.8343 0.6883 0.5777
v -382.926147 -96.600655 -1300.749878 0.8343 0.6883 0.5777
v -382.926147 -96.600662 -1364.749878 0.8343 0.6883 0.5777
v -382.926147 31.399376 -1364.749878 0.8343 0.6883 0.5777
v -350.926117 -96.600670 -1396.749878 0.8343 0.6883 0.5777
v -494.926178 -64.600624 -1172.749756 0.8343 0.6883 0.5777
v -510.926208 -64.600624 -1172.749756 0.8343 0.6883 0.5777
v -510.926208 -64.600647 -1396.749878 0.8343 0.6883 0.5777
v -494.926178 -64.600647 -1396.749878 0.8343 0.6883 0.5777
v -549.926208 -123.600716 -1700.750122 0.8343 0.6883 0.5777
v -542.926208 -120.600716 -1700.750122 0.8343 0.6883 0.5777
v -542.926208 -64.600693 -1700.750122 0.8343 0.6883 0.5777
v -598.926208 -64.600693 -1700.750122 0.8343 0.6883 0.5777
v -526.926208 -16.600700 -1876.750122 0.8343 0.6883 0.5777
v -526.926208 127.399391 -1732.750122 0.8343 0.6883 0.5777
v -510.926208 127.399391 -1732.750122 0.8343 0.6883 0.5777
v -542.926208 127.399376 -1748.750122 0.8343 0.6883 0.5777
v -542.926208 15.399330 -1748.750122 0.8343 0.6883 0.5777
v -526.926208 -16.600685 -1732.750122 0.8343 0.6883 0.5777
v -542.926208 -64.600677 -1604.750000 0.8343 0.6883 0.5777
v -549.926208 -123.600708 -1604.750000 0.8343 0.6883 0.5777
v -570.926208 -92.600693 -1604.750000 0.8343 0.6883 0.5777
v -598.926208 -64.600677 -1604.750000 0.8343 0.6883 0.5777
v -542.926208 -120.600700 -1604.750000 0.8343 0.6883 0.5777
v -510.926208 -64.600677 -1620.750000 0.8343 0.6883 0.5777
v -542.926208 -224.600769 -1604.750000 0.8343 0.6883 0.5777
v -542.926208 -160.600739 -1700.750122 0.8343 0.6883 0.5777
v -542.926208 -224.600769 -1700.750122 0.8343 0.6883 0.5777
v -510.926208 -224.600769 -1684.750000 0.8343 0.6883 0.5777
v -601.926208 -71.600693 -1685.510132 0.8343 0.6883 0.5777
v -601.926208 -71.600693 -1700.750122 0.8343 0.6883 0.5777
v -627.926270 -66.680687 -1697.750122 0.8343 0.6883 0.5777
v -601.926208 -71.600677 -1604.750000 0.8343 0.6883 0.5777
v -630.926270 -66.110687 -1690.750122 0.8343 0.6883 0.5777
v -638.926270 -64.600693 -1700.750122 0.8343 0.6883 0.5777
v -638.926270 -64.600685 -1672.079956 0.8343 0.6883 0.5777
v -626.636230 -66.920685 -1700.750122 0.8343 0.6883 0.5777
v -542.926208 -224.600769 -1657.750000 0.8343 0.6883 0.5777
v -542.926208 -160.600723 -1604.750000 0.8343 0.6883 0.5777
v -542.926208 -224.600769 -1649.750000 0.8343 0.6883 0.5777
v -542.926208 -160.600723 -1649.750000 0.8343 0.6883 0.5777
v -542.926208 -160.600723 -1657.750000 0.8343 0.6883 0.5777
v -549.926208 -123.600708 -1661.040039 0.8343 0.6883 0.5777
v -549.926208 -123.600708 -1653.010010 0.8343 0.6883 0.5777
v -570.926208 -92.600700 -1670.930054 0.8343 0.6883 0.5777
v -601.926208 -71.600693 -1677.239990 0.8343 0.6883 0.5777
v -570.926208 -92.600693 -1662.800049 0.8343 0.6883 0.5777
v -570.926208 -92.600700 -1700.750122 0.8343 0.6883 0.5777
v -510.926208 -32.600677 -1620.750000 0.8343 0.6883 0.5777
v -638.926270 127.399391 -1620.750000 0.8343 0.6883 0.5777
v -638.926270 31.399345 -1684.750000 0.8343 0.6883 0.5777
v -510.926208 127.399391 -1684.750000 0.8343 0.6883 0.5777
v -638.926270 127.399391 -1684.750000 0.8343 0.6883 0.5777
v -1758.926880 31.399193 -2980.750732 0.8343 0.6883 0.5777
v -1758.926880 127.399239 -2980.750732 0.8343 0.6883 0.5777
v -1758.926880 127.399239 -2964.750732 0.8343 0.6883 0.5777
v -1758.926880 95.399223 -2964.750732 0.8343 0.6883 0.5777
v -1758.926880 -96.600853 -2964.750732 0.8343 0.6883 0.5777
v -1758.926880 -96.600853 -2980.750732 0.8343 0.6883 0.5777
v -1918.926880 95.399223 -2964.750732 0.8343 0.6883 0.5777
v -1918.926880 127.399239 -2964.750732 0.8343 0.6883 0.5777
v -1797.926880 4.399178 -2980.750732 0.8343 0.6883 0.5777
v -1790.926880 -32.600838 -2980.750732 0.8343 0.6883 0.5777
v -1818.926880 35.399193 -2980.750732 0.8343 0.6883 0.5777
v -1790.926880 7.399185 -2980.750732 0.8343 0.6883 0.5777
v -1790.926880 63.399208 -2980.750732 0.8343 0.6883 0.5777
v -1790.926880 63.399208 -2980.750732 0.8343 0.6883 0.5777
v -1849.926880 56.399208 -2980.750732 0.8343 0.6883 0.5777
v -1886.926880 63.399208 -2980.750732 0.8343 0.6883 0.5777
v -1849.926880 56.399208 -2980.750732 0.8343 0.6883 0.5777
v -1918.926880 57.345161 -2980.750732 0.8343 0.6883 0.5777
v -1886.926880 63.399208 -2980.750732 0.8343 0.6883 0.5777
v -1918.926880 63.399208 -2980.750732 0.8343 0.6883 0.5777
v -1790.926880 63.399208 -2980.750732 0.8343 0.6883 0.5777
v -1790.926880 7.399185 -2980.750732 0.8343 0.6883 0.5777
v -1790.926880 -32.600838 -2980.750732 0.8343 0.6883 0.5777
v -1790.926880 -96.600853 -2980.750732 0.8343 0.6883 0.5777
v -1758.926880 -96.600853 -2964.750732 0.8343 0.6883 0.5777
v -1758.926880 95.399223 -2964.750732 0.8343 0.6883 0.5777
v -1886.926880 63.399208 -2980.750732 0.8343 0.6883 0.5777
v -1846.926880 63.399208 -2980.750732 0.8343 0.6883 0.5777
v -1758.926880 95.399223 -2964.750732 0.8343 0.6883 0.5777
v -1918.926880 95.399223 -2964.750732 0.8343 0.6883 0.5777
v -1918.926880 63.399208 -2980.750732 0.8343 0.6883 0.5777
v -1790.926880 -96.600853 -2964.750732 0.8343 0.6883 0.5777
v -1790.926880 -32.600838 -2964.750732 0.8343 0.6883 0.5777
v -1918.926880 57.345161 -2964.750732 0.8343 0.6883 0.5777
v -1886.926880 63.399208 -2964.750732 0.8343 0.6883 0.5777
v -1790.926880 -32.600838 -2964.750732 0.8343 0.6883 0.5777
v -1790.926880 -32.600838 -2980.750732 0.8343 0.6883 0.5777
v -1797.926880 4.399178 -2980.750732 0.8343 0.6883 0.5777
v -1797.926880 4.399178 -2964.750732 0.8343 0.6883 0.5777
v -1849.926880 56.399208 -2964.750732 0.8343 0.6883 0.5777
v -1849.926880 56.399208 -2980.750732 0.8343 0.6883 0.5777
v -1797.926880 4.399178 -2964.750732 0.8343 0.6883 0.5777
v -1797.926880 4.399178 -2980.750732 0.8343 0.6883 0.5777
v -1818.926880 35.399193 -2980.750732 0.8343 0.6883 0.5777
v -1818.926880 35.399193 -2964.750732 0.8343 0.6883 0.5777
v -1849.926880 56.399208 -2964.750732 0.8343 0.6883 0.5777
v -1818.926880 35.399193 -2964.750732 0.8343 0.6883 0.5777
v -1818.926880 35.399193 -2980.750732 0.8343 0.6883 0.5777
v -1598.926758 127.399269 -2676.750488 0.8343 0.6883 0.5777
v -1598.926758 95.399269 -2620.750488 0.8343 0.6883 0.5777
v -1598.926758 -82.890808 -2644.750488 0.8343 0.6883 0.5777
v -1598.926758 -82.890808 -2676.750488 0.8343 0.6883 0.5777
v -1598.926758 -82.890823 -2740.750488 0.8343 0.6883 0.5777
v -1598.926758 47.399239 -2644.750488 0.8343 0.6883 0.5777
v -1598.926758 95.399269 -2620.750488 0.8343 0.6883 0.5777
v -1598.926758 127.399284 -2604.750488 0.8343 0.6883 0.5777
v -1598.926758 127.399284 -2580.750488 0.8343 0.6883 0.5777
v -1598.926758 95.399269 -2580.750488 0.8343 0.6883 0.5777
v -1598.926758 -64.600792 -2580.750488 0.8343 0.6883 0.5777
v -1598.926758 -80.600800 -2580.750488 0.8343 0.6883 0.5777
v -1598.926758 -0.600800 -2740.750488 0.8343 0.6883 0.5777
v -1598.926758 95.399254 -2740.750488 0.8343 0.6883 0.5777
v -1598.926758 -82.890823 -2804.750488 0.8343 0.6883 0.5777
v -1598.926758 127.399254 -2804.750488 0.8343 0.6883 0.5777
v -1598.926758 127.399269 -2740.750488 0.8343 0.6883 0.5777
v -1534.926758 55.049232 -2740.750488 0.8343 0.6883 0.5777
v -1534.926758 95.399254 -2740.750488 0.8343 0.6883 0.5777
v -1534.926758 127.399269 -2764.750488 0.8343 0.6883 0.5777
v -1534.926758 56.639244 -2747.060547 0.8343 0.6883 0.5777
v -1534.926758 -3.310783 -2643.200439 0.8343 0.6883 0.5777
v -1534.926758 -48.600788 -2612.880371 0.8343 0.6883 0.5777
v -1534.926758 -13.600784 -2603.750488 0.8343 0.6883 0.5777
v -1534.926758 11.399231 -2596.750488 0.8343 0.6883 0.5777
v -1534.926758 11.699234 -2597.150391 0.8343 0.6883 0.5777
v -1534.926758 -61.680798 -2604.130371 0.8343 0.6883 0.5777
v -1534.926758 -62.600796 -2596.750488 0.8343 0.6883 0.5777
v -1534.926758 30.839233 -2644.750488 0.8343 0.6883 0.5777
v -1534.926758 47.399239 -2644.750488 0.8343 0.6883 0.5777
v -1534.926758 17.569221 -2644.750488 0.8343 0.6883 0.5777
v -1534.926758 30.839233 -2644.750488 0.8343 0.6883 0.5777
v -1534.926758 37.309227 -2670.390381 0.8343 0.6883 0.5777
v -1534.926758 4.209213 -2648.230469 0.8343 0.6883 0.5777
v -1534.926758 95.399254 -2740.750488 0.8343 0.6883 0.5777
v -1534.926758 55.049232 -2740.750488 0.8343 0.6883 0.5777
v -1534.926758 51.749245 -2727.660400 0.8343 0.6883 0.5777
v -1534.926758 15.399231 -2596.180420 0.8343 0.6883 0.5777
v -1534.926758 79.949272 -2628.480469 0.8343 0.6883 0.5777
v -1534.926758 47.399239 -2644.750488 0.8343 0.6883 0.5777
v -1534.926758 127.399284 -2604.750488 0.8343 0.6883 0.5777
v -1534.926758 44.399239 -2637.750488 0.8343 0.6883 0.5777
v -1534.926758 32.399239 -2591.750488 0.8343 0.6883 0.5777
v -1534.926758 74.569252 -2580.750488 0.8343 0.6883 0.5777
v -1534.926758 127.399284 -2580.750488 0.8343 0.6883 0.5777
v -1534.926758 95.399269 -2620.750488 0.8343 0.6883 0.5777
v -1534.926758 127.399269 -2740.750488 0.8343 0.6883 0.5777
v -1534.926758 95.399254 -2740.750488 0.8343 0.6883 0.5777
v -1534.926758 47.399239 -2644.750488 0.8343 0.6883 0.5777
v -1598.926758 47.399239 -2644.750488 0.8343 0.6883 0.5777
v -1534.926758 63.399239 -2724.750488 0.8343 0.6883 0.5777
v -1598.926758 95.399254 -2740.750488 0.8343 0.6883 0.5777
v -1534.926758 127.399269 -2676.750488 0.8343 0.6883 0.5777
v -1598.926758 63.399239 -2724.750488 0.8343 0.6883 0.5777
v -1598.926758 95.399254 -2740.750488 0.8343 0.6883 0.5777
v -1534.926758 95.399254 -2740.750488 0.8343 0.6883 0.5777
v -1598.926758 127.399269 -2676.750488 0.8343 0.6883 0.5777
v -1534.926758 95.399269 -2620.750488 0.8343 0.6883 0.5777
v -1598.926758 47.399239 -2644.750488 0.8343 0.6883 0.5777
v -1534.926758 47.399239 -2644.750488 0.8343 0.6883 0.5777
v -1534.926758 95.399269 -2620.750488 0.8343 0.6883 0.5777
v -1598.926758 95.399269 -2620.750488 0.8343 0.6883 0.5777
v -1758.926880 -96.600845 -2900.750732 0.8343 0.6883 0.5777
v -1790.926880 -96.600845 -2884.750732 0.8343 0.6883 0.5777
v -1790.926880 -32.600830 -2884.750732 0.8343 0.6883 0.5777
v -1790.926880 7.399193 -2884.750732 0.8343 0.6883 0.5777
v -1726.926880 -96.600845 -2900.750732 0.8343 0.6883 0.5777
v -1694.926880 127.399239 -2900.750732 0.8343 0.6883 0.5777
v -1694.926880 -96.600845 -2900.750732 0.8343 0.6883 0.5777
v -1886.926880 63.399223 -2884.750732 0.8343 0.6883 0.5777
v -1846.926880 63.399223 -2884.750732 0.8343 0.6883 0.5777
v -1818.926880 35.399208 -2884.750732 0.8343 0.6883 0.5777
v -1790.926880 63.399223 -2884.750732 0.8343 0.6883 0.5777
v -1797.926880 4.399185 -2884.750732 0.8343 0.6883 0.5777
v -1818.926880 35.399208 -2884.750732 0.8343 0.6883 0.5777
v -1797.926880 4.399185 -2884.750732 0.8343 0.6883 0.5777
v -1846.926880 63.399223 -2884.750732 0.8343 0.6883 0.5777
v -1758.926880 127.399239 -2900.750732 0.8343 0.6883 0.5777
v -1758.926880 95.399223 -2900.750732 0.8343 0.6883 0.5777
v -1790.926880 -32.600830 -2884.750732 0.8343 0.6883 0.5777
v -1790.926880 -96.600845 -2916.750732 0.8343 0.6883 0.5777
v -1790.926880 -32.600830 -2916.750732 0.8343 0.6883 0.5777
v -1797.926880 4.399185 -2916.750732 0.8343 0.6883 0.5777
v -1918.926880 57.345177 -2884.750732 0.8343 0.6883 0.5777
v -1918.926880 57.345161 -2916.750732 0.8343 0.6883 0.5777
v -1886.926880 63.399208 -2916.750732 0.8343 0.6883 0.5777
v -1886.926880 63.399223 -2884.750732 0.8343 0.6883 0.5777
v -1849.926880 56.399223 -2884.750732 0.8343 0.6883 0.5777
v -1849.926880 56.399208 -2916.750732 0.8343 0.6883 0.5777
v -1818.926880 35.399208 -2884.750732 0.8343 0.6883 0.5777
v -1818.926880 35.399193 -2916.750732 0.8343 0.6883 0.5777
v -2510.927246 127.399147 -3700.750977 0.8343 0.6883 0.5777
v -2510.927246 159.399231 -3684.750977 0.8343 0.6883 0.5777
v -2510.927246 127.399147 -3684.750977 0.8343 0.6883 0.5777
v -2510.927246 127.399147 -3700.750977 0.8343 0.6883 0.5777
v -2510.927246 159.399231 -3716.750977 0.8343 0.6883 0.5777
v -2222.927246 127.399147 -3684.750977 0.8343 0.6883 0.5777
v -2222.927246 159.399231 -3684.750977 0.8343 0.6883 0.5777
v -2222.927246 159.399231 -3716.750977 0.8343 0.6883 0.5777
v -2222.927246 -64.600922 -3700.750977 0.8343 0.6883 0.5777
v -2222.927246 127.399147 -3684.750977 0.8343 0.6883 0.5777
v -2222.927246 127.399147 -3700.750977 0.8343 0.6883 0.5777
v -2222.927246 -64.600922 -3700.750977 0.8343 0.6883 0.5777
v -2142.927002 -64.600922 -3700.750977 0.8343 0.6883 0.5777
v -2142.927002 127.399147 -3700.750977 0.8343 0.6883 0.5777
v -2142.927002 127.399178 -3508.750977 0.8343 0.6883 0.5777
v -2142.927002 -64.600906 -3508.750977 0.8343 0.6883 0.5777
v -2142.927002 -64.600876 -3284.750732 0.8343 0.6883 0.5777
v -2142.927002 -64.600899 -3476.750977 0.8343 0.6883 0.5777
v -2510.927246 -64.600899 -3476.750977 0.8343 0.6883 0.5777
v -2494.927246 -64.600899 -3476.750977 0.8343 0.6883 0.5777
v -2494.927246 127.399178 -3476.750977 0.8343 0.6883 0.5777
v -2510.927246 127.399178 -3476.750977 0.8343 0.6883 0.5777
v -2494.927246 159.399231 -3668.750977 0.8343 0.6883 0.5777
v -2494.927246 -64.600922 -3668.750977 0.8343 0.6883 0.5777
v -2510.927246 -64.600922 -3684.750977 0.8343 0.6883 0.5777
v -2510.927246 127.399147 -3684.750977 0.8343 0.6883 0.5777
v -2510.927246 159.399231 -3684.750977 0.8343 0.6883 0.5777
v -2222.927246 -64.600922 -3684.750977 0.8343 0.6883 0.5777
v -2238.927246 -64.600922 -3668.750977 0.8343 0.6883 0.5777
v -2238.927246 159.399231 -3668.750977 0.8343 0.6883 0.5777
v -2366.927246 -64.600883 -3348.750732 0.8343 0.6883 0.5777
v -2366.927246 127.399193 -3348.750732 0.8343 0.6883 0.5777
v -2366.927246 127.399193 -3348.750732 0.8343 0.6883 0.5777
v -2366.927246 -64.600883 -3348.750732 0.8343 0.6883 0.5777
v -2366.927246 -64.600876 -3284.750732 0.8343 0.6883 0.5777
v -2366.927246 31.399147 -3284.750732 0.8343 0.6883 0.5777
v -2366.927246 95.399178 -3284.750732 0.8343 0.6883 0.5777
v -2590.927490 127.399147 -3700.750977 0.8343 0.6883 0.5777
v -2510.927246 127.399147 -3700.750977 0.8343 0.6883 0.5777
v -2510.927246 -64.600922 -3700.750977 0.8343 0.6883 0.5777
v -2590.927490 -64.600922 -3700.750977 0.8343 0.6883 0.5777
v -2814.927490 -64.600922 -3700.750977 0.8343 0.6883 0.5777
v -2814.927490 127.399147 -3700.750977 0.8343 0.6883 0.5777
v -2590.927490 127.399147 -3700.750977 0.8343 0.6883 0.5777
v -2590.927490 -64.600922 -3700.750977 0.8343 0.6883 0.5777
v -2590.927490 -64.600899 -3476.750977 0.8343 0.6883 0.5777
v -2510.927246 -64.600899 -3476.750977 0.8343 0.6883 0.5777
v -2510.927246 127.399178 -3476.750977 0.8343 0.6883 0.5777
v -2814.927490 127.399178 -3476.750977 0.8343 0.6883 0.5777
v -2814.927490 -64.600899 -3476.750977 0.8343 0.6883 0.5777
v -2590.927490 -64.600899 -3476.750977 0.8343 0.6883 0.5777
v -2590.927490 127.399178 -3476.750977 0.8343 0.6883 0.5777
v -2366.927246 127.399284 -2580.750488 0.8343 0.6883 0.5777
v -2366.927246 127.399284 -2628.750488 0.8343 0.6883 0.5777
v -2366.927246 -64.600800 -2628.750488 0.8343 0.6883 0.5777
v -2366.927246 -64.600800 -2612.750488 0.8343 0.6883 0.5777
v -2366.927246 31.399162 -3188.750732 0.8343 0.6883 0.5777
v -2366.927246 95.399193 -3220.750732 0.8343 0.6883 0.5777
v -2366.927246 31.399162 -3220.750732 0.8343 0.6883 0.5777
v -2366.927246 127.399208 -3220.750732 0.8343 0.6883 0.5777
v -2366.927246 127.399193 -3284.750732 0.8343 0.6883 0.5777
v -2366.927246 95.399193 -3220.750732 0.8343 0.6883 0.5777
v -2366.927246 63.399193 -3124.750732 0.8343 0.6883 0.5777
v -2366.927246 127.399223 -3124.750732 0.8343 0.6883 0.5777
v -2366.927246 127.399223 -3140.750732 0.8343 0.6883 0.5777
v -2366.927246 127.399208 -3188.750732 0.8343 0.6883 0.5777
v -2366.927246 63.399178 -3188.750732 0.8343 0.6883 0.5777
v -2366.927246 127.399223 -3124.750732 0.8343 0.6883 0.5777
v -2366.927246 63.399193 -3124.750732 0.8343 0.6883 0.5777
v -2366.927246 -64.600861 -3124.750732 0.8343 0.6883 0.5777
v -2366.927246 -64.600838 -2964.750732 0.8343 0.6883 0.5777
v -2366.927246 -64.600830 -2932.750732 0.8343 0.6883 0.5777
v -2366.927246 -64.600830 -2916.750732 0.8343 0.6883 0.5777
v -2366.927246 127.399239 -2916.750732 0.8343 0.6883 0.5777
v -2350.927246 159.399323 -2916.750732 0.8343 0.6883 0.5777
v -2334.927246 -64.600830 -2900.750732 0.8343 0.6883 0.5777
v -2334.927246 -16.600822 -2900.750732 0.8343 0.6883 0.5777
v -2334.927246 31.399193 -2900.750732 0.8343 0.6883 0.5777
v -2334.927246 159.399323 -2900.750732 0.8343 0.6883 0.5777
v -1918.926880 95.399223 -2964.750732 0.8343 0.6883 0.5777
v -1918.926880 127.399239 -2964.750732 0.8343 0.6883 0.5777
v -2142.927002 63.399178 -3252.750732 0.8343 0.6883 0.5777
v -2142.927002 63.399178 -3268.750732 0.8343 0.6883 0.5777
v -2142.927002 63.399162 -3284.750732 0.8343 0.6883 0.5777
v -2142.927002 127.399193 -3284.750732 0.8343 0.6883 0.5777
v -2142.927002 127.399208 -3252.750732 0.8343 0.6883 0.5777
v -2142.927002 127.399239 -2964.750732 0.8343 0.6883 0.5777
v -2142.927002 -64.600838 -2964.750732 0.8343 0.6883 0.5777
v -2142.927002 -64.600845 -3060.750732 0.8343 0.6883 0.5777
v -2142.927002 31.399178 -3060.750732 0.8343 0.6883 0.5777
v -2142.927002 127.399223 -3060.750732 0.8343 0.6883 0.5777
v -2142.927002 31.399162 -3156.750732 0.8343 0.6883 0.5777
v -2142.927002 63.399178 -3156.750732 0.8343 0.6883 0.5777
v -2142.927002 127.399208 -3156.750732 0.8343 0.6883 0.5777
v -2142.927002 127.399223 -3060.750732 0.8343 0.6883 0.5777
v -2142.927002 127.399208 -3188.750732 0.8343 0.6883 0.5777
v -2142.927002 63.399178 -3188.750732 0.8343 0.6883 0.5777
v -2014.927002 127.399239 -2964.750732 0.8343 0.6883 0.5777
v -2014.927002 -64.600845 -2996.750732 0.8343 0.6883 0.5777
v -2014.927002 31.399162 -3194.080811 0.8343 0.6883 0.5777
v -2014.927002 -64.600861 -3194.080811 0.8343 0.6883 0.5777
v -2014.927002 -64.600861 -3124.750732 0.8343 0.6883 0.5777
v -2014.927002 127.399208 -3194.080811 0.8343 0.6883 0.5777
v -2014.927002 63.399208 -2996.750732 0.8343 0.6883 0.5777
v -2014.927002 127.399239 -2996.750732 0.8343 0.6883 0.5777
v -2014.927002 127.399223 -3124.750732 0.8343 0.6883 0.5777
v -2014.927002 63.399193 -3124.750732 0.8343 0.6883 0.5777
v -1998.927002 63.399208 -2972.750732 0.8343 0.6883 0.5777
v -1982.927002 63.399208 -2980.750732 0.8343 0.6883 0.5777
v -2014.927002 95.399223 -2964.750732 0.8343 0.6883 0.5777
v -2014.927002 63.399208 -2964.750732 0.8343 0.6883 0.5777
v -1918.926880 95.399223 -2964.750732 0.8343 0.6883 0.5777
v -1982.927002 63.399208 -2980.750732 0.8343 0.6883 0.5777
v -1926.927002 63.399208 -2980.750732 0.8343 0.6883 0.5777
v -1982.927002 -96.600853 -2980.750732 0.8343 0.6883 0.5777
v -1982.927002 -96.600853 -2964.750732 0.8343 0.6883 0.5777
v -1923.927002 56.399208 -2980.750732 0.8343 0.6883 0.5777
v -1918.926880 57.345161 -2980.750732 0.8343 0.6883 0.5777
v -1918.926880 63.399208 -2980.750732 0.8343 0.6883 0.5777
v -1926.927002 63.399208 -2980.750732 0.8343 0.6883 0.5777
v -1923.927002 56.399208 -2980.750732 0.8343 0.6883 0.5777
v -1926.927002 63.399208 -2980.750732 0.8343 0.6883 0.5777
v -1975.927002 4.399178 -2980.750732 0.8343 0.6883 0.5777
v -1954.927002 35.399193 -2980.750732 0.8343 0.6883 0.5777
v -1982.927002 7.399185 -2980.750732 0.8343 0.6883 0.5777
v -1982.927002 -32.600838 -2980.750732 0.8343 0.6883 0.5777
v -1975.927002 4.399178 -2980.750732 0.8343 0.6883 0.5777
v -1982.927002 -32.600838 -2964.750732 0.8343 0.6883 0.5777
v -1923.927002 56.399208 -2980.750732 0.8343 0.6883 0.5777
v -1923.927002 56.399208 -2964.750732 0.8343 0.6883 0.5777
v -1918.926880 57.345161 -2964.750732 0.8343 0.6883 0.5777
v -1918.926880 57.345161 -2980.750732 0.8343 0.6883 0.5777
v -1975.927002 4.399178 -2980.750732 0.8343 0.6883 0.5777
v -1975.927002 4.399178 -2964.750732 0.8343 0.6883 0.5777
v -1954.927002 35.399193 -2964.750732 0.8343 0.6883 0.5777
v -1954.927002 35.399193 -2980.750732 0.8343 0.6883 0.5777
v -1954.927002 35.399193 -2980.750732 0.8343 0.6883 0.5777
v -1954.927002 35.399193 -2964.750732 0.8343 0.6883 0.5777
v -1923.927002 56.399208 -2964.750732 0.8343 0.6883 0.5777
v -1998.927002 -96.600853 -2972.750732 0.8343 0.6883 0.5777
v -1982.927002 -96.600853 -2980.750732 0.8343 0.6883 0.5777
v -1982.927002 7.399185 -2980.750732 0.8343 0.6883 0.5777
v -1982.927002 63.399208 -2980.750732 0.8343 0.6883 0.5777
v -1998.927002 63.399208 -2972.750732 0.8343 0.6883 0.5777
v -2014.927002 -64.600838 -2964.750732 0.8343 0.6883 0.5777
v -1998.927002 -64.600838 -2972.750732 0.8343 0.6883 0.5777
v -1998.927002 63.399208 -2972.750732 0.8343 0.6883 0.5777
v -1982.927002 63.399223 -2884.750732 0.8343 0.6883 0.5777
v -1982.927002 7.399193 -2884.750732 0.8343 0.6883 0.5777
v -1982.927002 -32.600830 -2884.750732 0.8343 0.6883 0.5777
v -1998.927002 -32.600830 -2892.750732 0.8343 0.6883 0.5777
v -1998.927002 63.399223 -2892.750732 0.8343 0.6883 0.5777
v -2014.927002 -64.600830 -2900.750732 0.8343 0.6883 0.5777
v -1998.927002 -64.600830 -2892.750732 0.8343 0.6883 0.5777
v -1998.927002 63.399223 -2892.750732 0.8343 0.6883 0.5777
v -2014.927002 63.399208 -2900.750732 0.8343 0.6883 0.5777
v -2014.927002 95.399223 -2900.750732 0.8343 0.6883 0.5777
v -1926.927002 63.399223 -2884.750732 0.8343 0.6883 0.5777
v -1918.926880 63.399223 -2884.750732 0.8343 0.6883 0.5777
v -1923.927002 56.399223 -2884.750732 0.8343 0.6883 0.5777
v -1975.927002 4.399185 -2884.750732 0.8343 0.6883 0.5777
v -1982.927002 7.399193 -2884.750732 0.8343 0.6883 0.5777
v -1982.927002 -32.600830 -2884.750732 0.8343 0.6883 0.5777
v -1982.927002 7.399193 -2884.750732 0.8343 0.6883 0.5777
v -1926.927002 63.399223 -2884.750732 0.8343 0.6883 0.5777
v -2014.927002 95.399223 -2900.750732 0.8343 0.6883 0.5777
v -1918.926880 95.399223 -2900.750732 0.8343 0.6883 0.5777
v -2014.927002 127.399239 -2900.750732 0.8343 0.6883 0.5777
v -1918.926880 127.399239 -2900.750732 0.8343 0.6883 0.5777
v -1982.927002 -96.600845 -2916.750732 0.8343 0.6883 0.5777
v -1982.927002 -96.600845 -2884.750732 0.8343 0.6883 0.5777
v -1982.927002 -32.600830 -2916.750732 0.8343 0.6883 0.5777
v -1923.927002 56.399208 -2916.750732 0.8343 0.6883 0.5777
v -1923.927002 56.399223 -2884.750732 0.8343 0.6883 0.5777
v -1918.926880 57.345161 -2916.750732 0.8343 0.6883 0.5777
v -1982.927002 -32.600830 -2916.750732 0.8343 0.6883 0.5777
v -1982.927002 -32.600830 -2884.750732 0.8343 0.6883 0.5777
v -1954.927002 35.399193 -2916.750732 0.8343 0.6883 0.5777
v -1954.927002 35.399208 -2884.750732 0.8343 0.6883 0.5777
v -1923.927002 56.399223 -2884.750732 0.8343 0.6883 0.5777
v -1975.927002 4.399185 -2916.750732 0.8343 0.6883 0.5777
v -1954.927002 35.399208 -2884.750732 0.8343 0.6883 0.5777
v -1998.927002 -64.600815 -2804.750488 0.8343 0.6883 0.5777
v -1998.927002 -64.600822 -2820.750488 0.8343 0.6883 0.5777
v -1998.927002 -32.600830 -2892.750732 0.8343 0.6883 0.5777
v -1998.927002 -64.600800 -2660.750488 0.8343 0.6883 0.5777
v -1998.927002 -32.600800 -2668.750488 0.8343 0.6883 0.5777
v -1998.927002 -32.600800 -2668.750488 0.8343 0.6883 0.5777
v -1982.927002 -32.600800 -2668.750488 0.8343 0.6883 0.5777
v -1998.927002 -32.600822 -2804.750488 0.8343 0.6883 0.5777
v -1998.927002 -32.600830 -2892.750732 0.8343 0.6883 0.5777
v -1982.927002 -32.600800 -2668.750488 0.8343 0.6883 0.5777
v -1982.927002 -32.600830 -2884.750732 0.8343 0.6883 0.5777
v -1982.927002 -64.600830 -2884.750732 0.8343 0.6883 0.5777
v -1982.927002 -64.600815 -2804.750488 0.8343 0.6883 0.5777
v -1982.927002 -32.600822 -2804.750488 0.8343 0.6883 0.5777
v -2014.927002 95.399223 -2900.750732 0.8343 0.6883 0.5777
v -2014.927002 63.399208 -2900.750732 0.8343 0.6883 0.5777
v -2014.927002 -64.600830 -2900.750732 0.8343 0.6883 0.5777
v -2078.927002 127.399239 -2900.750732 0.8343 0.6883 0.5777
v -2078.927002 -64.600830 -2900.750732 0.8343 0.6883 0.5777
v -2142.927002 -64.600838 -2964.750732 0.8343 0.6883 0.5777
v -2142.927002 127.399239 -2964.750732 0.8343 0.6883 0.5777
v -2366.927246 127.399239 -2916.750732 0.8343 0.6883 0.5777
v -2350.927246 -64.600830 -2916.750732 0.8343 0.6883 0.5777
v -2366.927246 159.399323 -2916.750732 0.8343 0.6883 0.5777
v -2350.927246 159.399353 -2628.750488 0.8343 0.6883 0.5777
v -2350.927246 -64.600800 -2628.750488 0.8343 0.6883 0.5777
v -2366.927246 -64.600800 -2628.750488 0.8343 0.6883 0.5777
v -2366.927246 127.399284 -2628.750488 0.8343 0.6883 0.5777
v -2366.927246 159.399353 -2628.750488 0.8343 0.6883 0.5777
v -2334.927246 159.399353 -2644.750488 0.8343 0.6883 0.5777
v -2334.927246 -64.600800 -2644.750488 0.8343 0.6883 0.5777
v -2350.927246 -64.600800 -2628.750488 0.8343 0.6883 0.5777
v -2366.927246 127.399239 -2916.750732 0.8343 0.6883 0.5777
v -2366.927246 159.399323 -2916.750732 0.8343 0.6883 0.5777
v -2382.927246 159.399323 -2916.750732 0.8343 0.6883 0.5777
v -2382.927246 159.399353 -2628.750488 0.8343 0.6883 0.5777
v -2366.927246 159.399353 -2628.750488 0.8343 0.6883 0.5777
v -2366.927246 127.399284 -2628.750488 0.8343 0.6883 0.5777
v -1854.926880 -64.600685 -1684.750000 0.8343 0.6883 0.5777
v -1854.926880 31.399345 -1684.750000 0.8343 0.6883 0.5777
v -1854.926880 127.399391 -1684.750000 0.8343 0.6883 0.5777
v -1662.926880 -64.600708 -1876.750122 0.8343 0.6883 0.5777
v -1598.926758 -64.600708 -1876.750122 0.8343 0.6883 0.5777
v -1598.926758 127.399361 -1876.750122 0.8343 0.6883 0.5777
v -1662.926880 127.399361 -1876.750122 0.8343 0.6883 0.5777
v -862.926514 63.399315 -2068.750244 0.8343 0.6883 0.5777
v -990.926575 127.399345 -2068.750244 0.8343 0.6883 0.5777
v -990.926575 63.399315 -2068.750244 0.8343 0.6883 0.5777
v -990.926575 127.399345 -2068.750244 0.8343 0.6883 0.5777
v -1214.926636 127.399345 -2068.750244 0.8343 0.6883 0.5777
v -766.926331 63.399330 -1972.750244 0.8343 0.6883 0.5777
v -782.926453 127.399361 -1988.750244 0.8343 0.6883 0.5777
v -846.926514 127.399345 -2052.750244 0.8343 0.6883 0.5777
v -862.926514 127.399345 -2068.750244 0.8343 0.6883 0.5777
v -766.926331 127.399361 -1972.750244 0.8343 0.6883 0.5777
v -766.926331 -224.600800 -1940.750244 0.8343 0.6883 0.5777
v -766.926331 31.399315 -1940.750244 0.8343 0.6883 0.5777
v -766.926331 -192.600800 -1940.750244 0.8343 0.6883 0.5777
v -1022.926575 -224.600830 -2068.750244 0.8343 0.6883 0.5777
v -1118.926636 -192.600800 -2068.750244 0.8343 0.6883 0.5777
v -1022.926575 -192.600800 -2068.750244 0.8343 0.6883 0.5777
v -1022.926575 31.399300 -2068.750244 0.8343 0.6883 0.5777
v -1214.926636 31.399300 -2068.750244 0.8343 0.6883 0.5777
v -1214.926636 -160.600769 -2068.750244 0.8343 0.6883 0.5777
v -1118.926636 -192.600800 -2068.750244 0.8343 0.6883 0.5777
v -1261.766602 31.399300 -2068.750244 0.8343 0.6883 0.5777
v -1315.726685 -127.000763 -2068.750244 0.8343 0.6883 0.5777
v -1214.926636 -160.600769 -2068.750244 0.8343 0.6883 0.5777
v -1406.926636 31.399300 -2068.750244 0.8343 0.6883 0.5777
v -1406.926636 -48.600723 -2068.750244 0.8343 0.6883 0.5777
v -1406.926636 -96.600746 -2068.750244 0.8343 0.6883 0.5777
v -1261.766602 31.399300 -2068.750244 0.8343 0.6883 0.5777
v -1310.926636 31.399300 -2068.750244 0.8343 0.6883 0.5777
v -1363.326660 31.399300 -2068.750244 0.8343 0.6883 0.5777
v -1375.926636 -5.600716 -2068.750244 0.8343 0.6883 0.5777
v -1284.926636 -36.600716 -2068.750244 0.8343 0.6883 0.5777
v -1454.926758 31.399300 -2068.750244 0.8343 0.6883 0.5777
v -1454.926758 -48.600723 -2068.750244 0.8343 0.6883 0.5777
v -1454.926758 -96.600746 -2068.750244 0.8343 0.6883 0.5777
v -1454.926758 -48.600723 -2068.750244 0.8343 0.6883 0.5777
v -1454.926758 31.399300 -2068.750244 0.8343 0.6883 0.5777
v -1310.926636 63.399315 -2068.750244 0.8343 0.6883 0.5777
v -1214.926636 63.399315 -2068.750244 0.8343 0.6883 0.5777
v -1310.926636 127.399345 -2068.750244 0.8343 0.6883 0.5777
v -1326.926636 127.399345 -2068.750244 0.8343 0.6883 0.5777
v -1534.926758 95.399330 -2068.750244 0.8343 0.6883 0.5777
v -1614.926758 -32.600739 -2100.750244 0.8343 0.6883 0.5777
v -1614.926758 4.399277 -2107.750244 0.8343 0.6883 0.5777
v -1614.926758 35.399300 -2128.750244 0.8343 0.6883 0.5777
v -1614.926758 56.399300 -2159.750244 0.8343 0.6883 0.5777
v -1614.926758 63.399300 -2156.750244 0.8343 0.6883 0.5777
v -1614.926758 63.399315 -2100.750244 0.8343 0.6883 0.5777
v -1614.926758 63.399300 -2236.750244 0.8343 0.6883 0.5777
v -1614.926758 63.399300 -2196.750244 0.8343 0.6883 0.5777
v -1614.926758 56.399300 -2233.750244 0.8343 0.6883 0.5777
v -1614.926758 63.399284 -2292.750244 0.8343 0.6883 0.5777
v -1614.926758 35.399269 -2264.750244 0.8343 0.6883 0.5777
v -1614.926758 7.399261 -2292.750244 0.8343 0.6883 0.5777
v -1614.926758 63.399284 -2292.750244 0.8343 0.6883 0.5777
v -1614.926758 -32.600761 -2292.750244 0.8343 0.6883 0.5777
v -1614.926758 7.399284 -2100.750244 0.8343 0.6883 0.5777
v -1614.926758 63.399315 -2100.750244 0.8343 0.6883 0.5777
v -1598.926758 95.399330 -2068.750244 0.8343 0.6883 0.5777
v -1598.926758 -96.600746 -2068.750244 0.8343 0.6883 0.5777
v -1614.926758 -96.600754 -2100.750244 0.8343 0.6883 0.5777
v -1534.926758 31.399300 -2068.750244 0.8343 0.6883 0.5777
v -1534.926758 63.399315 -2068.750244 0.8343 0.6883 0.5777
v -1534.926758 -96.600746 -2068.750244 0.8343 0.6883 0.5777
v -1614.926758 63.399284 -2292.750244 0.8343 0.6883 0.5777
v -1598.926758 95.399300 -2292.750244 0.8343 0.6883 0.5777
v -1614.926758 63.399300 -2196.750244 0.8343 0.6883 0.5777
v -1614.926758 63.399284 -2292.750244 0.8343 0.6883 0.5777
v -1598.926758 95.399300 -2292.750244 0.8343 0.6883 0.5777
v -1598.926758 95.399330 -2068.750244 0.8343 0.6883 0.5777
v -1614.926758 63.399315 -2100.750244 0.8343 0.6883 0.5777
v -1598.926758 127.399315 -2356.750488 0.8343 0.6883 0.5777
v -1598.926758 95.399300 -2356.750488 0.8343 0.6883 0.5777
v -1598.926758 95.399269 -2580.750488 0.8343 0.6883 0.5777
v -1598.926758 127.399284 -2580.750488 0.8343 0.6883 0.5777
v -1598.926758 127.399284 -2516.750488 0.8343 0.6883 0.5777
v -1598.926758 127.399315 -2356.750488 0.8343 0.6883 0.5777
v -1598.926758 95.399300 -2292.750244 0.8343 0.6883 0.5777
v -1598.926758 95.399300 -2324.750244 0.8343 0.6883 0.5777
v -1598.926758 127.399315 -2324.750244 0.8343 0.6883 0.5777
v -1598.926758 127.399315 -2292.750244 0.8343 0.6883 0.5777
v -1598.926758 127.399345 -2068.750244 0.8343 0.6883 0.5777
v -1598.926758 95.399300 -2292.750244 0.8343 0.6883 0.5777
v -1598.926758 127.399315 -2292.750244 0.8343 0.6883 0.5777
v -1534.926758 74.569252 -2580.750488 0.8343 0.6883 0.5777
v -1534.926758 15.399231 -2580.750488 0.8343 0.6883 0.5777
v -1534.926758 95.399284 -2500.750488 0.8343 0.6883 0.5777
v -1598.926758 95.399269 -2580.750488 0.8343 0.6883 0.5777
v -1518.926758 4.399277 -2107.750244 0.8343 0.6883 0.5777
v -1518.926758 -32.600739 -2100.750244 0.8343 0.6883 0.5777
v -1518.926758 4.399277 -2107.750244 0.8343 0.6883 0.5777
v -1518.926758 7.399284 -2100.750244 0.8343 0.6883 0.5777
v -1518.926758 63.399300 -2156.750244 0.8343 0.6883 0.5777
v -1518.926758 56.399300 -2159.750244 0.8343 0.6883 0.5777
v -1518.926758 63.399300 -2156.750244 0.8343 0.6883 0.5777
v -1518.926758 63.399300 -2196.750244 0.8343 0.6883 0.5777
v -1518.926758 56.399300 -2159.750244 0.8343 0.6883 0.5777
v -1518.926758 63.399300 -2236.750244 0.8343 0.6883 0.5777
v -1518.926758 35.399269 -2264.750244 0.8343 0.6883 0.5777
v -1518.926758 56.399300 -2233.750244 0.8343 0.6883 0.5777
v -1518.926758 63.399284 -2292.750244 0.8343 0.6883 0.5777
v -1518.926758 63.399284 -2292.750244 0.8343 0.6883 0.5777
v -1518.926758 7.399261 -2292.750244 0.8343 0.6883 0.5777
v -1518.926758 -32.600761 -2292.750244 0.8343 0.6883 0.5777
v -1518.926758 4.399261 -2285.750244 0.8343 0.6883 0.5777
v -1518.926758 63.399284 -2292.750244 0.8343 0.6883 0.5777
v -1534.926758 95.399300 -2292.750244 0.8343 0.6883 0.5777
v -1518.926758 63.399284 -2292.750244 0.8343 0.6883 0.5777
v -1518.926758 63.399300 -2236.750244 0.8343 0.6883 0.5777
v -1518.926758 63.399315 -2100.750244 0.8343 0.6883 0.5777
v -1534.926758 95.399330 -2068.750244 0.8343 0.6883 0.5777
v -1534.926758 95.399300 -2292.750244 0.8343 0.6883 0.5777
v -1534.926758 127.399300 -2500.750488 0.8343 0.6883 0.5777
v -1534.926758 95.399284 -2500.750488 0.8343 0.6883 0.5777
v -1534.926758 95.399300 -2292.750244 0.8343 0.6883 0.5777
v -1534.926758 127.399345 -2068.750244 0.8343 0.6883 0.5777
v -1534.926758 127.399315 -2292.750244 0.8343 0.6883 0.5777
v -1571.926758 -96.600777 -2292.750244 0.8343 0.6883 0.5777
v -1614.926758 -96.600777 -2292.750244 0.8343 0.6883 0.5777
v -1614.926758 -32.600761 -2292.750244 0.8343 0.6883 0.5777
v -1571.926758 -32.600761 -2292.750244 0.8343 0.6883 0.5777
v -1562.926758 -96.600777 -2292.750244 0.8343 0.6883 0.5777
v -1562.926758 -32.600761 -2292.750244 0.8343 0.6883 0.5777
v -1598.926758 95.399300 -2356.750488 0.8343 0.6883 0.5777
v -1598.926758 -96.600777 -2324.750244 0.8343 0.6883 0.5777
v -1598.926758 -92.600777 -2356.750488 0.8343 0.6883 0.5777
v -1598.926758 -74.600784 -2500.750488 0.8343 0.6883 0.5777
v -1598.926758 95.399284 -2500.750488 0.8343 0.6883 0.5777
v -1534.926758 15.399239 -2500.750488 0.8343 0.6883 0.5777
v -1534.926758 -74.600784 -2500.750488 0.8343 0.6883 0.5777
v -1534.926758 95.399300 -2324.750244 0.8343 0.6883 0.5777
v -1534.926758 95.399284 -2500.750488 0.8343 0.6883 0.5777
v -1534.926758 -96.600777 -2324.750244 0.8343 0.6883 0.5777
v -1518.926758 -96.600777 -2292.750244 0.8343 0.6883 0.5777
v -1518.926758 -32.600761 -2292.750244 0.8343 0.6883 0.5777
v -1614.926758 63.399284 -2292.750244 0.8343 0.6883 0.5777
v -1614.926758 7.399261 -2292.750244 0.8343 0.6883 0.5777
v -1614.926758 -32.600761 -2292.750244 0.8343 0.6883 0.5777
v -1614.926758 -96.600777 -2292.750244 0.8343 0.6883 0.5777
v -1561.926758 -96.600754 -2100.750244 0.8343 0.6883 0.5777
v -1518.926758 -96.600754 -2100.750244 0.8343 0.6883 0.5777
v -1570.926758 -96.600754 -2100.750244 0.8343 0.6883 0.5777
v -1570.926758 -32.600739 -2100.750244 0.8343 0.6883 0.5777
v -1518.926758 -32.600761 -2292.750244 0.8343 0.6883 0.5777
v -1566.186768 4.399261 -2285.750244 0.8343 0.6883 0.5777
v -1561.926758 -32.600739 -2100.750244 0.8343 0.6883 0.5777
v -1558.716797 4.399277 -2107.750244 0.8343 0.6883 0.5777
v -1614.926758 4.399277 -2107.750244 0.8343 0.6883 0.5777
v -1518.926758 4.399261 -2285.750244 0.8343 0.6883 0.5777
v -1575.976807 35.399269 -2264.750244 0.8343 0.6883 0.5777
v -1518.926758 35.399269 -2264.750244 0.8343 0.6883 0.5777
v -1575.136719 4.399261 -2285.750244 0.8343 0.6883 0.5777
v -1614.926758 4.399261 -2285.750244 0.8343 0.6883 0.5777
v -1614.926758 35.399269 -2264.750244 0.8343 0.6883 0.5777
v -1584.776733 35.399269 -2264.750244 0.8343 0.6883 0.5777
v -1558.716797 4.399277 -2107.750244 0.8343 0.6883 0.5777
v -1518.926758 35.399300 -2128.750244 0.8343 0.6883 0.5777
v -1614.926758 4.399277 -2107.750244 0.8343 0.6883 0.5777
v -1567.666748 4.399277 -2107.750244 0.8343 0.6883 0.5777
v -1518.926758 35.399269 -2264.750244 0.8343 0.6883 0.5777
v -1575.976807 35.399269 -2264.750244 0.8343 0.6883 0.5777
v -1590.416748 56.399300 -2233.750244 0.8343 0.6883 0.5777
v -1518.926758 56.399300 -2233.750244 0.8343 0.6883 0.5777
v -1584.776733 35.399269 -2264.750244 0.8343 0.6883 0.5777
v -1614.926758 35.399269 -2264.750244 0.8343 0.6883 0.5777
v -1614.926758 56.399300 -2233.750244 0.8343 0.6883 0.5777
v -1549.076782 35.399300 -2128.750244 0.8343 0.6883 0.5777
v -1543.436768 56.399300 -2159.750244 0.8343 0.6883 0.5777
v -1614.926758 56.399300 -2159.750244 0.8343 0.6883 0.5777
v -1557.876709 35.399300 -2128.750244 0.8343 0.6883 0.5777
v -1585.256714 63.399300 -2196.750244 0.8343 0.6883 0.5777
v -1518.926758 56.399300 -2233.750244 0.8343 0.6883 0.5777
v -1590.416748 56.399300 -2233.750244 0.8343 0.6883 0.5777
v -1603.926758 61.889305 -2204.750244 0.8343 0.6883 0.5777
v -1585.256714 63.399300 -2196.750244 0.8343 0.6883 0.5777
v -1598.996704 56.399300 -2233.750244 0.8343 0.6883 0.5777
v -1614.926758 56.399300 -2233.750244 0.8343 0.6883 0.5777
v -1614.926758 60.989296 -2209.460205 0.8343 0.6883 0.5777
v -1610.926758 61.319298 -2207.750244 0.8343 0.6883 0.5777
v -1534.856812 56.399300 -2159.750244 0.8343 0.6883 0.5777
v -1522.926758 61.319298 -2185.750244 0.8343 0.6883 0.5777
v -1548.596802 63.399300 -2196.750244 0.8343 0.6883 0.5777
v -1585.256714 63.399300 -2196.750244 0.8343 0.6883 0.5777
v -1614.926758 56.399300 -2159.750244 0.8343 0.6883 0.5777
v -1543.436768 56.399300 -2159.750244 0.8343 0.6883 0.5777
v -1529.926758 61.889305 -2188.750244 0.8343 0.6883 0.5777
v -1518.926758 60.989296 -2184.040283 0.8343 0.6883 0.5777
v -1598.926758 -96.600777 -2324.750244 0.8343 0.6883 0.5777
v -1598.926758 -96.600784 -2356.750488 0.8343 0.6883 0.5777
v -1598.926758 -96.600792 -2452.750488 0.8343 0.6883 0.5777
v -1598.926758 -80.600800 -2580.750488 0.8343 0.6883 0.5777
v -1598.926758 -64.600792 -2580.750488 0.8343 0.6883 0.5777
v -1598.926758 -82.890800 -2580.750488 0.8343 0.6883 0.5777
v -1598.926758 -80.600800 -2580.750488 0.8343 0.6883 0.5777
v -1598.926758 -82.890800 -2562.460449 0.8343 0.6883 0.5777
v -1598.926758 -96.600723 -1876.750122 0.8343 0.6883 0.5777
v -1278.926636 -176.600708 -1236.749878 0.8343 0.6883 0.5777
v -1278.926636 -192.600708 -1236.749878 0.8343 0.6883 0.5777
v -1278.926636 -192.600708 -1268.749878 0.8343 0.6883 0.5777
v -1278.926636 -64.600632 -1236.749878 0.8343 0.6883 0.5777
v -1278.926636 -64.600632 -1188.749878 0.8343 0.6883 0.5777
v -1278.926636 -176.600693 -1188.749878 0.8343 0.6883 0.5777
v -1278.926636 -32.600624 -1188.749878 0.8343 0.6883 0.5777
v -1278.926636 95.399422 -1300.749878 0.8343 0.6883 0.5777
v -1278.926636 95.399437 -1188.749878 0.8343 0.6883 0.5777
v -894.926514 255.399536 -1556.750000 0.8343 0.6883 0.5777
v -894.926514 159.399475 -1556.750000 0.8343 0.6883 0.5777
v -782.926453 159.399475 -1556.750000 0.8343 0.6883 0.5777
v -830.926453 255.399536 -1556.750000 0.8343 0.6883 0.5777
v -766.926331 127.399406 -1556.750000 0.8343 0.6883 0.5777
v -766.926331 255.399536 -1556.750000 0.8343 0.6883 0.5777
v -766.926331 127.399391 -1684.750000 0.8343 0.6883 0.5777
v -766.926331 63.399361 -1684.750000 0.8343 0.6883 0.5777
v -766.926331 31.399345 -1684.750000 0.8343 0.6883 0.5777
v -766.926331 63.399330 -1876.750122 0.8343 0.6883 0.5777
v -766.926331 127.399361 -1876.750122 0.8343 0.6883 0.5777
v -766.926331 63.399376 -1556.750000 0.8343 0.6883 0.5777
v -766.926331 31.399345 -1620.750000 0.8343 0.6883 0.5777
v -766.926331 63.399361 -1620.750000 0.8343 0.6883 0.5777
v -766.926331 127.399391 -1620.750000 0.8343 0.6883 0.5777
v -638.926270 31.399345 -1620.750000 0.8343 0.6883 0.5777
v -798.926453 191.399506 -1428.750000 0.8343 0.6883 0.5777
v -798.926453 223.399506 -1428.750000 0.8343 0.6883 0.5777
v -766.926331 255.399536 -1428.750000 0.8343 0.6883 0.5777
v -766.926331 159.399475 -1428.750000 0.8343 0.6883 0.5777
v -814.926453 255.399536 -1428.750000 0.8343 0.6883 0.5777
v -798.926453 223.399536 -1396.749878 0.8343 0.6883 0.5777
v -766.926331 63.399391 -1428.750000 0.8343 0.6883 0.5777
v -766.926331 63.399391 -1396.749878 0.8343 0.6883 0.5777
v -766.926331 63.399422 -1172.749756 0.8343 0.6883 0.5777
v -798.926453 191.399536 -1396.749878 0.8343 0.6883 0.5777
v -766.926331 -224.600800 -1876.750122 0.8343 0.6883 0.5777
v -766.926331 -192.600784 -1876.750122 0.8343 0.6883 0.5777
v -766.926331 -192.600769 -1684.750000 0.8343 0.6883 0.5777
v -766.926331 31.399315 -1876.750122 0.8343 0.6883 0.5777
v -766.926331 -208.600739 -1364.749878 0.8343 0.6883 0.5777
v -766.926331 -224.600739 -1364.749878 0.8343 0.6883 0.5777
v -766.926331 -224.600739 -1300.749878 0.8343 0.6883 0.5777
v -766.926331 -192.600708 -1172.749756 0.8343 0.6883 0.5777
v -766.926331 31.399406 -1172.749756 0.8343 0.6883 0.5777
v -766.926331 31.399376 -1364.749878 0.8343 0.6883 0.5777
v -766.926331 -160.600693 -1364.749878 0.8343 0.6883 0.5777
v -766.926331 -192.600723 -1364.749878 0.8343 0.6883 0.5777
v -766.926331 -96.600677 -1492.750000 0.8343 0.6883 0.5777
v -766.926331 -134.600693 -1492.750000 0.8343 0.6883 0.5777
v -766.926331 -136.600693 -1487.750000 0.8343 0.6883 0.5777
v -766.926331 -115.600685 -1473.750000 0.8343 0.6883 0.5777
v -766.926331 -101.600677 -1452.750000 0.8343 0.6883 0.5777
v -766.926331 -101.600670 -1404.749878 0.8343 0.6883 0.5777
v -766.926331 -115.600677 -1383.749878 0.8343 0.6883 0.5777
v -766.926331 -134.600677 -1364.749878 0.8343 0.6883 0.5777
v -766.926331 -96.600662 -1364.749878 0.8343 0.6883 0.5777
v -766.926331 -136.600677 -1369.749878 0.8343 0.6883 0.5777
v -766.926331 31.399376 -1396.749878 0.8343 0.6883 0.5777
v -766.926331 -96.600670 -1454.750000 0.8343 0.6883 0.5777
v -766.926331 -96.600670 -1428.750000 0.8343 0.6883 0.5777
v -766.926331 -96.600670 -1402.749878 0.8343 0.6883 0.5777
v -766.926331 -224.600769 -1620.750000 0.8343 0.6883 0.5777
v -766.926331 -224.600754 -1492.750000 0.8343 0.6883 0.5777
v -766.926331 -208.600739 -1492.750000 0.8343 0.6883 0.5777
v -766.926331 31.399361 -1556.750000 0.8343 0.6883 0.5777
v -766.926331 -192.600739 -1492.750000 0.8343 0.6883 0.5777
v -766.926331 -160.600708 -1492.750000 0.8343 0.6883 0.5777
v -766.926331 31.399361 -1492.750000 0.8343 0.6883 0.5777
v -727.926270 -123.600708 -1604.750000 0.8343 0.6883 0.5777
v -678.926270 -64.600677 -1604.750000 0.8343 0.6883 0.5777
v -734.926270 -160.600739 -1700.750122 0.8343 0.6883 0.5777
v -727.926270 -123.600716 -1700.750122 0.8343 0.6883 0.5777
v -734.926270 -120.600716 -1700.750122 0.8343 0.6883 0.5777
v -734.926270 -64.600693 -1700.750122 0.8343 0.6883 0.5777
v -675.926270 -71.600693 -1700.750122 0.8343 0.6883 0.5777
v -766.926331 -32.600677 -1620.750000 0.8343 0.6883 0.5777
v -638.926270 -32.600677 -1620.750000 0.8343 0.6883 0.5777
v -638.926270 -64.600677 -1604.750000 0.8343 0.6883 0.5777
v -638.926270 -64.600677 -1638.079956 0.8343 0.6883 0.5777
v -766.926331 -32.600685 -1684.750000 0.8343 0.6883 0.5777
v -678.926270 -64.600693 -1700.750122 0.8343 0.6883 0.5777
v -638.926270 -32.600685 -1684.750000 0.8343 0.6883 0.5777
v -734.926270 -224.600769 -1657.750000 0.8343 0.6883 0.5777
v -734.926270 -224.600769 -1648.750000 0.8343 0.6883 0.5777
v -734.926270 -160.600723 -1648.750000 0.8343 0.6883 0.5777
v -651.426270 -66.960678 -1604.750000 0.8343 0.6883 0.5777
v -649.926270 -66.680679 -1608.750000 0.8343 0.6883 0.5777
v -675.926270 -71.600685 -1630.260010 0.8343 0.6883 0.5777
v -646.926270 -66.110680 -1616.750000 0.8343 0.6883 0.5777
v -706.926270 -92.600700 -1700.750122 0.8343 0.6883 0.5777
v -734.926270 -160.600723 -1657.750000 0.8343 0.6883 0.5777
v -727.926270 -123.600708 -1654.489990 0.8343 0.6883 0.5777
v -706.926270 -92.600693 -1644.699951 0.8343 0.6883 0.5777
v -675.926270 -71.600677 -1604.750000 0.8343 0.6883 0.5777
v -675.926270 -71.600677 -1620.989990 0.8343 0.6883 0.5777
v -727.926270 -123.600708 -1645.459961 0.8343 0.6883 0.5777
v -706.926270 -92.600693 -1604.750000 0.8343 0.6883 0.5777
v -706.926270 -92.600693 -1635.569946 0.8343 0.6883 0.5777
v -734.926270 -64.600677 -1604.750000 0.8343 0.6883 0.5777
v -734.926270 -120.600700 -1604.750000 0.8343 0.6883 0.5777
v -734.926270 -160.600723 -1604.750000 0.8343 0.6883 0.5777
v -734.926270 -224.600769 -1604.750000 0.8343 0.6883 0.5777
v -766.926331 -192.600754 -1620.750000 0.8343 0.6883 0.5777
v -766.926331 -224.600769 -1684.750000 0.8343 0.6883 0.5777
v -734.926270 -224.600769 -1700.750122 0.8343 0.6883 0.5777
v -798.926453 -136.600693 -1487.750000 0.8343 0.6883 0.5777
v -798.926453 -96.600670 -1454.750000 0.8343 0.6883 0.5777
v -798.926453 -115.600685 -1473.750000 0.8343 0.6883 0.5777
v -798.926453 -96.600670 -1428.750000 0.8343 0.6883 0.5777
v -798.926453 -101.600677 -1452.750000 0.8343 0.6883 0.5777
v -798.926453 -101.600670 -1404.749878 0.8343 0.6883 0.5777
v -798.926453 -115.600677 -1383.749878 0.8343 0.6883 0.5777
v -798.926453 -96.600670 -1402.749878 0.8343 0.6883 0.5777
v -798.926453 -134.600677 -1364.749878 0.8343 0.6883 0.5777
v -798.926453 -160.600693 -1364.749878 0.8343 0.6883 0.5777
v -798.926453 -136.600677 -1369.749878 0.8343 0.6883 0.5777
v -798.926453 -64.600647 -1332.749878 0.8343 0.6883 0.5777
v -798.926453 -192.600708 -1300.749878 0.8343 0.6883 0.5777
v -798.926453 -208.600723 -1300.749878 0.8343 0.6883 0.5777
v -798.926453 -208.600739 -1364.749878 0.8343 0.6883 0.5777
v -798.926453 -96.600662 -1364.749878 0.8343 0.6883 0.5777
v -798.926453 -64.600647 -1364.749878 0.8343 0.6883 0.5777
v -798.926453 -192.600739 -1556.750000 0.8343 0.6883 0.5777
v -798.926453 -64.600670 -1556.750000 0.8343 0.6883 0.5777
v -798.926453 -64.600662 -1492.750000 0.8343 0.6883 0.5777
v -798.926453 -96.600677 -1492.750000 0.8343 0.6883 0.5777
v -798.926453 -134.600693 -1492.750000 0.8343 0.6883 0.5777
v -798.926453 -160.600708 -1492.750000 0.8343 0.6883 0.5777
v -798.926453 -208.600739 -1492.750000 0.8343 0.6883 0.5777
v -798.926453 -208.600754 -1556.750000 0.8343 0.6883 0.5777
v -830.926453 -192.600739 -1556.750000 0.8343 0.6883 0.5777
v -830.926453 -64.600670 -1556.750000 0.8343 0.6883 0.5777
v -1054.926514 -192.600739 -1556.750000 0.8343 0.6883 0.5777
v -1278.926636 -192.600739 -1556.750000 0.8343 0.6883 0.5777
v -1054.926514 -64.600670 -1556.750000 0.8343 0.6883 0.5777
v -1054.926514 -64.600639 -1300.749878 0.8343 0.6883 0.5777
v -1150.926636 -64.600639 -1300.749878 0.8343 0.6883 0.5777
v -1150.926636 -112.600662 -1300.749878 0.8343 0.6883 0.5777
v -1150.926636 -192.600708 -1300.749878 0.8343 0.6883 0.5777
v -1278.926636 -64.600639 -1300.749878 0.8343 0.6883 0.5777
v -1278.926636 -192.600708 -1300.749878 0.8343 0.6883 0.5777
v -798.926453 -64.600639 -1300.749878 0.8343 0.6883 0.5777
v -1054.926514 -112.600662 -1300.749878 0.8343 0.6883 0.5777
v -1054.926514 -192.600708 -1300.749878 0.8343 0.6883 0.5777
v -830.926453 -192.600708 -1300.749878 0.8343 0.6883 0.5777
v -830.926453 -64.600639 -1300.749878 0.8343 0.6883 0.5777
v -1534.926758 15.399384 -1300.749878 0.8343 0.6883 0.5777
v -1534.926758 79.399422 -1262.749878 0.8343 0.6883 0.5777
v -1534.926758 95.399422 -1300.749878 0.8343 0.6883 0.5777
v -1534.926758 79.399422 -1300.749878 0.8343 0.6883 0.5777
v -1534.926758 79.399422 -1236.749878 0.8343 0.6883 0.5777
v -1534.926758 41.399391 -1300.749878 0.8343 0.6883 0.5777
v -1310.926636 95.399422 -1300.749878 0.8343 0.6883 0.5777
v -1278.926636 -32.600639 -1300.749878 0.8343 0.6883 0.5777
v -1470.926758 -32.600639 -1300.749878 0.8343 0.6883 0.5777
v -1470.926758 15.399384 -1300.749878 0.8343 0.6883 0.5777
v -1470.926758 95.399422 -1300.749878 0.8343 0.6883 0.5777
v -1534.926758 -0.600624 -1300.749878 0.8343 0.6883 0.5777
v -1598.926758 -0.600624 -1300.749878 0.8343 0.6883 0.5777
v -1566.926758 95.399422 -1300.749878 0.8343 0.6883 0.5777
v -1566.926758 79.399422 -1300.749878 0.8343 0.6883 0.5777
v -1566.926758 -0.600624 -1300.749878 0.8343 0.6883 0.5777
v -1598.926758 -32.600639 -1300.749878 0.8343 0.6883 0.5777
v -1630.926758 -32.600639 -1300.749878 0.8343 0.6883 0.5777
v -1758.926880 -32.600639 -1300.749878 0.8343 0.6883 0.5777
v -1598.926758 95.399422 -1300.749878 0.8343 0.6883 0.5777
v -1790.926880 -32.600639 -1300.749878 0.8343 0.6883 0.5777
v -1854.926880 -32.600639 -1300.749878 0.8343 0.6883 0.5777
v -1790.926880 95.399422 -1300.749878 0.8343 0.6883 0.5777
v -1758.926880 95.399422 -1300.749878 0.8343 0.6883 0.5777
v -1758.926880 79.399422 -1300.749878 0.8343 0.6883 0.5777
v -1758.926880 95.399437 -1172.749756 0.8343 0.6883 0.5777
v -1758.926880 74.399406 -1260.749878 0.8343 0.6883 0.5777
v -1758.926880 79.399422 -1236.749878 0.8343 0.6883 0.5777
v -1758.926880 79.399422 -1262.749878 0.8343 0.6883 0.5777
v -1758.926880 41.399391 -1300.749878 0.8343 0.6883 0.5777
v -1758.926880 39.399391 -1295.749878 0.8343 0.6883 0.5777
v -1566.926758 41.399391 -1300.749878 0.8343 0.6883 0.5777
v -1566.926758 60.399406 -1281.749878 0.8343 0.6883 0.5777
v -1566.926758 79.399422 -1262.749878 0.8343 0.6883 0.5777
v -1566.926758 79.399422 -1236.749878 0.8343 0.6883 0.5777
v -1566.926758 74.399406 -1260.749878 0.8343 0.6883 0.5777
v -1566.926758 95.399437 -1172.749756 0.8343 0.6883 0.5777
v -1566.926758 79.399437 -1172.749756 0.8343 0.6883 0.5777
v -1534.926758 74.399406 -1260.749878 0.8343 0.6883 0.5777
v -1566.926758 15.399384 -1300.749878 0.8343 0.6883 0.5777
v -1566.926758 39.399391 -1295.749878 0.8343 0.6883 0.5777
v -1534.926758 60.399406 -1281.749878 0.8343 0.6883 0.5777
v -1534.926758 39.399391 -1295.749878 0.8343 0.6883 0.5777
v -1790.926880 79.399437 -1172.749756 0.8343 0.6883 0.5777
v -1790.926880 79.399422 -1236.749878 0.8343 0.6883 0.5777
v -1790.926880 79.399422 -1262.749878 0.8343 0.6883 0.5777
v -1790.926880 15.399384 -1300.749878 0.8343 0.6883 0.5777
v -1790.926880 41.399391 -1300.749878 0.8343 0.6883 0.5777
v -1790.926880 79.399422 -1300.749878 0.8343 0.6883 0.5777
v -1790.926880 60.399406 -1281.749878 0.8343 0.6883 0.5777
v -1758.926880 15.399384 -1300.749878 0.8343 0.6883 0.5777
v -1790.926880 39.399391 -1295.749878 0.8343 0.6883 0.5777
v -1758.926880 60.399406 -1281.749878 0.8343 0.6883 0.5777
v -1790.926880 74.399406 -1260.749878 0.8343 0.6883 0.5777
v -1470.926758 -144.600708 -1556.750000 0.8343 0.6883 0.5777
v -1342.926636 -192.600739 -1556.750000 0.8343 0.6883 0.5777
v -1342.926636 -144.600708 -1556.750000 0.8343 0.6883 0.5777
v -1342.926636 -64.600670 -1556.750000 0.8343 0.6883 0.5777
v -1278.926636 -64.600670 -1556.750000 0.8343 0.6883 0.5777
v -1470.926758 -192.600708 -1300.749878 0.8343 0.6883 0.5777
v -1406.926636 -192.600708 -1300.749878 0.8343 0.6883 0.5777
v -1406.926636 -64.600639 -1300.749878 0.8343 0.6883 0.5777
v -1470.926758 -64.600639 -1300.749878 0.8343 0.6883 0.5777
v -1470.926758 -192.600739 -1492.750000 0.8343 0.6883 0.5777
v -1470.926758 -64.600647 -1332.749878 0.8343 0.6883 0.5777
v -1470.926758 -64.600662 -1492.750000 0.8343 0.6883 0.5777
v -1470.926758 -64.600670 -1556.750000 0.8343 0.6883 0.5777
v -1470.926758 -144.600708 -1492.750000 0.8343 0.6883 0.5777
v -1406.926636 -144.600662 -1172.749756 0.8343 0.6883 0.5777
v -1406.926636 -128.600647 -1172.749756 0.8343 0.6883 0.5777
v -1406.926636 -64.600624 -1172.749756 0.8343 0.6883 0.5777
v -1406.926636 -64.600632 -1188.749878 0.8343 0.6883 0.5777
v -1406.926636 -176.600708 -1204.749878 0.8343 0.6883 0.5777
v -1406.926636 -64.600632 -1236.749878 0.8343 0.6883 0.5777
v -1406.926636 -176.600708 -1236.749878 0.8343 0.6883 0.5777
v -1406.926636 -192.600708 -1268.749878 0.8343 0.6883 0.5777
v -1406.926636 -192.600708 -1236.749878 0.8343 0.6883 0.5777
v -1406.926636 -160.600677 -1188.749878 0.8343 0.6883 0.5777
v -1406.926636 -144.600662 -1188.749878 0.8343 0.6883 0.5777
v -1406.926636 -64.600632 -1204.749878 0.8343 0.6883 0.5777
v -1406.926636 -160.600677 -1204.749878 0.8343 0.6883 0.5777
v -1284.260010 -160.600677 -1172.749756 0.8343 0.6883 0.5777
v -1278.926636 -160.600677 -1188.749878 0.8343 0.6883 0.5777
v -1284.260010 -64.600624 -1172.749756 0.8343 0.6883 0.5777
v -1982.927002 -64.600792 -2580.750488 0.8343 0.6883 0.5777
v -1982.927002 -64.600777 -2452.750488 0.8343 0.6883 0.5777
v -1982.927002 -32.600777 -2452.750488 0.8343 0.6883 0.5777
v -1998.927002 -32.600777 -2452.750488 0.8343 0.6883 0.5777
v -1982.927002 -32.600777 -2452.750488 0.8343 0.6883 0.5777
v -1982.927002 -64.600777 -2452.750488 0.8343 0.6883 0.5777
v -2014.927002 -64.600777 -2452.750488 0.8343 0.6883 0.5777
v -2014.927002 -32.600777 -2452.750488 0.8343 0.6883 0.5777
v -2238.927246 -32.600777 -2452.750488 0.8343 0.6883 0.5777
v -2366.927246 -64.600777 -2452.750488 0.8343 0.6883 0.5777
v -2366.927246 -32.600777 -2452.750488 0.8343 0.6883 0.5777
v -2366.927246 -32.600777 -2452.750488 0.8343 0.6883 0.5777
v -2366.927246 127.399300 -2452.750488 0.8343 0.6883 0.5777
v -2366.927246 -32.600777 -2468.750488 0.8343 0.6883 0.5777
v -2366.927246 -64.600784 -2532.750488 0.8343 0.6883 0.5777
v -2366.927246 -0.600769 -2532.750488 0.8343 0.6883 0.5777
v -2366.927246 127.399284 -2532.750488 0.8343 0.6883 0.5777
v -2366.927246 127.399284 -2580.750488 0.8343 0.6883 0.5777
v -2366.927246 -64.600792 -2580.750488 0.8343 0.6883 0.5777
v -2366.927246 -0.600761 -2468.750488 0.8343 0.6883 0.5777
v -2366.927246 127.399300 -2468.750488 0.8343 0.6883 0.5777
v -2366.927246 127.399284 -2532.750488 0.8343 0.6883 0.5777
v -2366.927246 -0.600769 -2532.750488 0.8343 0.6883 0.5777
v -1998.927002 -64.600784 -2468.750488 0.8343 0.6883 0.5777
v -1998.927002 -64.600784 -2532.750488 0.8343 0.6883 0.5777
v -1998.927002 -64.600792 -2580.750488 0.8343 0.6883 0.5777
v -1998.927002 -32.600792 -2580.750488 0.8343 0.6883 0.5777
v -1998.927002 -32.600777 -2452.750488 0.8343 0.6883 0.5777
v -1982.927002 -32.600792 -2580.750488 0.8343 0.6883 0.5777
v -1982.927002 -32.600777 -2452.750488 0.8343 0.6883 0.5777
v -2238.927246 -64.600777 -2452.750488 0.8343 0.6883 0.5777
v -2110.927002 -32.600777 -2452.750488 0.8343 0.6883 0.5777
v -2110.927002 -64.600777 -2452.750488 0.8343 0.6883 0.5777
v -2110.927002 -64.600784 -2468.750488 0.8343 0.6883 0.5777
v -2110.927002 -32.600777 -2468.750488 0.8343 0.6883 0.5777
v -2110.927002 -64.600784 -2468.750488 0.8343 0.6883 0.5777
v -2078.927002 -64.600784 -2468.750488 0.8343 0.6883 0.5777
v -1998.927002 -64.600784 -2468.750488 0.8343 0.6883 0.5777
v -2110.927002 -32.600777 -2468.750488 0.8343 0.6883 0.5777
v -1998.927002 -32.600777 -2468.750488 0.8343 0.6883 0.5777
v -2302.927246 -64.600784 -2468.750488 0.8343 0.6883 0.5777
v -2238.927246 -64.600784 -2468.750488 0.8343 0.6883 0.5777
v -2238.927246 -32.600777 -2468.750488 0.8343 0.6883 0.5777
v -2302.927246 -32.600777 -2468.750488 0.8343 0.6883 0.5777
v -2366.927246 -32.600777 -2452.750488 0.8343 0.6883 0.5777
v -2366.927246 -32.600777 -2468.750488 0.8343 0.6883 0.5777
v -2238.927246 -32.600777 -2468.750488 0.8343 0.6883 0.5777
v -2238.927246 -32.600777 -2452.750488 0.8343 0.6883 0.5777
v -2350.927246 7.399261 -2292.750244 0.8343 0.6883 0.5777
v -2350.927246 -32.600761 -2292.750244 0.8343 0.6883 0.5777
v -2350.927246 4.399261 -2285.750244 0.8343 0.6883 0.5777
v -2350.927246 63.399284 -2292.750244 0.8343 0.6883 0.5777
v -2350.927246 4.399261 -2285.750244 0.8343 0.6883 0.5777
v -2350.927246 35.399269 -2264.750244 0.8343 0.6883 0.5777
v -2350.927246 35.399269 -2264.750244 0.8343 0.6883 0.5777
v -2350.927246 56.399300 -2233.750244 0.8343 0.6883 0.5777
v -2350.927246 63.399300 -2236.750244 0.8343 0.6883 0.5777
v -2350.927246 63.399284 -2292.750244 0.8343 0.6883 0.5777
v -2350.927246 56.399300 -2233.750244 0.8343 0.6883 0.5777
v -2350.927246 63.399300 -2196.750244 0.8343 0.6883 0.5777
v -2350.927246 63.399300 -2236.750244 0.8343 0.6883 0.5777
v -2350.927246 63.399300 -2156.750244 0.8343 0.6883 0.5777
v -2350.927246 63.399300 -2196.750244 0.8343 0.6883 0.5777
v -2350.927246 56.399300 -2159.750244 0.8343 0.6883 0.5777
v -2350.927246 63.399315 -2100.750244 0.8343 0.6883 0.5777
v -2350.927246 56.399300 -2159.750244 0.8343 0.6883 0.5777
v -2350.927246 35.399300 -2128.750244 0.8343 0.6883 0.5777
v -2350.927246 4.399277 -2107.750244 0.8343 0.6883 0.5777
v -2350.927246 7.399284 -2100.750244 0.8343 0.6883 0.5777
v -2350.927246 4.399277 -2107.750244 0.8343 0.6883 0.5777
v -2350.927246 -32.600739 -2100.750244 0.8343 0.6883 0.5777
v -2350.927246 7.399284 -2100.750244 0.8343 0.6883 0.5777
v -2366.927246 95.399330 -2068.750244 0.8343 0.6883 0.5777
v -2350.927246 63.399315 -2100.750244 0.8343 0.6883 0.5777
v -2350.927246 7.399284 -2100.750244 0.8343 0.6883 0.5777
v -2350.927246 -32.600739 -2100.750244 0.8343 0.6883 0.5777
v -2366.927246 -96.600746 -2068.750244 0.8343 0.6883 0.5777
v -2350.927246 -96.600777 -2292.750244 0.8343 0.6883 0.5777
v -2350.927246 -32.600761 -2292.750244 0.8343 0.6883 0.5777
v -2350.927246 7.399261 -2292.750244 0.8343 0.6883 0.5777
v -2366.927246 95.399300 -2324.750244 0.8343 0.6883 0.5777
v -2366.927246 -96.600777 -2324.750244 0.8343 0.6883 0.5777
v -2366.927246 127.399300 -2452.750488 0.8343 0.6883 0.5777
v -2366.927246 -64.600777 -2452.750488 0.8343 0.6883 0.5777
v -2366.927246 -96.600792 -2452.750488 0.8343 0.6883 0.5777
v -2366.927246 95.399300 -2324.750244 0.8343 0.6883 0.5777
v -2350.927246 63.399284 -2292.750244 0.8343 0.6883 0.5777
v -2366.927246 95.399300 -2292.750244 0.8343 0.6883 0.5777
v -2350.927246 63.399284 -2292.750244 0.8343 0.6883 0.5777
v -2350.927246 63.399300 -2236.750244 0.8343 0.6883 0.5777
v -2350.927246 63.399300 -2196.750244 0.8343 0.6883 0.5777
v -2350.927246 63.399300 -2156.750244 0.8343 0.6883 0.5777
v -2350.927246 63.399315 -2100.750244 0.8343 0.6883 0.5777
v -2366.927246 95.399330 -2068.750244 0.8343 0.6883 0.5777
v -2366.927246 95.399300 -2292.750244 0.8343 0.6883 0.5777
v -2366.927246 127.399315 -2324.750244 0.8343 0.6883 0.5777
v -2366.927246 95.399300 -2292.750244 0.8343 0.6883 0.5777
v -2366.927246 127.399315 -2292.750244 0.8343 0.6883 0.5777
v -2366.927246 95.399300 -2292.750244 0.8343 0.6883 0.5777
v -2366.927246 95.399330 -2068.750244 0.8343 0.6883 0.5777
v -2366.927246 127.399345 -2068.750244 0.8343 0.6883 0.5777
v -2366.927246 127.399315 -2292.750244 0.8343 0.6883 0.5777
v -2350.927246 -32.600761 -2292.750244 0.8343 0.6883 0.5777
v -2382.927246 -96.600777 -2292.750244 0.8343 0.6883 0.5777
v -2382.927246 -96.600754 -2100.750244 0.8343 0.6883 0.5777
v -2350.927246 -96.600754 -2100.750244 0.8343 0.6883 0.5777
v -2350.927246 -32.600739 -2100.750244 0.8343 0.6883 0.5777
v -2382.927246 -32.600739 -2100.750244 0.8343 0.6883 0.5777
v -2382.927246 -32.600739 -2100.750244 0.8343 0.6883 0.5777
v -2350.927246 -32.600739 -2100.750244 0.8343 0.6883 0.5777
v -2350.927246 4.399277 -2107.750244 0.8343 0.6883 0.5777
v -2382.927246 4.399277 -2107.750244 0.8343 0.6883 0.5777
v -2350.927246 -32.600761 -2292.750244 0.8343 0.6883 0.5777
v -2382.927246 -32.600761 -2292.750244 0.8343 0.6883 0.5777
v -2350.927246 4.399261 -2285.750244 0.8343 0.6883 0.5777
v -2382.927246 4.399277 -2107.750244 0.8343 0.6883 0.5777
v -2350.927246 4.399277 -2107.750244 0.8343 0.6883 0.5777
v -2350.927246 35.399300 -2128.750244 0.8343 0.6883 0.5777
v -2382.927246 35.399300 -2128.750244 0.8343 0.6883 0.5777
v -2350.927246 4.399261 -2285.750244 0.8343 0.6883 0.5777
v -2382.927246 4.399261 -2285.750244 0.8343 0.6883 0.5777
v -2382.927246 35.399269 -2264.750244 0.8343 0.6883 0.5777
v -2350.927246 35.399269 -2264.750244 0.8343 0.6883 0.5777
v -2350.927246 56.399300 -2159.750244 0.8343 0.6883 0.5777
v -2382.927246 35.399300 -2128.750244 0.8343 0.6883 0.5777
v -2350.927246 35.399300 -2128.750244 0.8343 0.6883 0.5777
v -2350.927246 35.399269 -2264.750244 0.8343 0.6883 0.5777
v -2382.927246 56.399300 -2233.750244 0.8343 0.6883 0.5777
v -2350.927246 56.399300 -2233.750244 0.8343 0.6883 0.5777
v -2350.927246 63.399300 -2196.750244 0.8343 0.6883 0.5777
v -2382.927246 63.399300 -2196.750244 0.8343 0.6883 0.5777
v -2382.927246 56.399300 -2159.750244 0.8343 0.6883 0.5777
v -2350.927246 56.399300 -2159.750244 0.8343 0.6883 0.5777
v -2350.927246 56.399300 -2233.750244 0.8343 0.6883 0.5777
v -2350.927246 63.399300 -2196.750244 0.8343 0.6883 0.5777
v -2366.927246 127.399345 -2068.750244 0.8343 0.6883 0.5777
v -2366.927246 -96.600739 -2004.750244 0.8343 0.6883 0.5777
v -2414.967285 127.399361 -1956.710205 0.8343 0.6883 0.5777
v -2405.327148 108.199348 -1966.350220 0.8343 0.6883 0.5777
v -2393.687256 -41.050709 -1977.990234 0.8343 0.6883 0.5777
v -2388.257324 -43.410709 -1983.420288 0.8343 0.6883 0.5777
v -2405.327148 -52.220711 -1966.350220 0.8343 0.6883 0.5777
v -2405.327148 127.399361 -1966.350220 0.8343 0.6883 0.5777
v -2388.257324 127.399361 -1983.420288 0.8343 0.6883 0.5777
v -2388.257324 -43.410709 -1983.420288 0.8343 0.6883 0.5777
v -2405.327148 -36.010704 -1966.350220 0.8343 0.6883 0.5777
v -2388.257324 127.399361 -1983.420288 0.8343 0.6883 0.5777
v -2366.927246 127.399345 -2004.750244 0.8343 0.6883 0.5777
v -2366.927246 -96.600739 -2004.750244 0.8343 0.6883 0.5777
v -2370.297363 -96.600739 -2001.380249 0.8343 0.6883 0.5777
v -2383.047363 -96.600739 -1988.630249 0.8343 0.6883 0.5777
v -2388.257324 -86.210732 -1983.420288 0.8343 0.6883 0.5777
v -2302.927246 15.399368 -1428.750000 0.8343 0.6883 0.5777
v -2283.927246 60.399391 -1428.750000 0.8343 0.6883 0.5777
v -2297.927246 39.399376 -1428.750000 0.8343 0.6883 0.5777
v -2302.927246 41.399376 -1428.750000 0.8343 0.6883 0.5777
v -2302.927246 63.399391 -1428.750000 0.8343 0.6883 0.5777
v -2302.927246 79.399406 -1428.750000 0.8343 0.6883 0.5777
v -2264.927246 79.399406 -1428.750000 0.8343 0.6883 0.5777
v -2262.927246 74.399391 -1428.750000 0.8343 0.6883 0.5777
v -2238.927246 79.399406 -1428.750000 0.8343 0.6883 0.5777
v -2193.927246 60.399391 -1428.750000 0.8343 0.6883 0.5777
v -2214.927246 74.399391 -1428.750000 0.8343 0.6883 0.5777
v -2212.927246 79.399406 -1428.750000 0.8343 0.6883 0.5777
v -2174.927246 79.399406 -1428.750000 0.8343 0.6883 0.5777
v -2179.927246 39.399376 -1428.750000 0.8343 0.6883 0.5777
v -2174.927246 41.399376 -1428.750000 0.8343 0.6883 0.5777
v -2174.927246 15.399368 -1428.750000 0.8343 0.6883 0.5777
v -2206.927246 95.399406 -1428.750000 0.8343 0.6883 0.5777
v -2174.927246 95.399406 -1428.750000 0.8343 0.6883 0.5777
v -2302.927246 79.399406 -1428.750000 0.8343 0.6883 0.5777
v -2302.927246 95.399406 -1428.750000 0.8343 0.6883 0.5777
v -2334.927246 95.399406 -1428.750000 0.8343 0.6883 0.5777
v -2334.927246 63.399391 -1428.750000 0.8343 0.6883 0.5777
v -2430.927246 63.399391 -1428.750000 0.8343 0.6883 0.5777
v -2110.927002 95.399406 -1428.750000 0.8343 0.6883 0.5777
v -1918.926880 -32.600655 -1428.750000 0.8343 0.6883 0.5777
v -2142.927002 -32.600655 -1428.750000 0.8343 0.6883 0.5777
v -2142.927002 95.399406 -1428.750000 0.8343 0.6883 0.5777
v -1982.927002 95.399376 -1620.750000 0.8343 0.6883 0.5777
v -1982.927002 -96.600693 -1620.750000 0.8343 0.6883 0.5777
v -1854.926880 -96.600693 -1620.750000 0.8343 0.6883 0.5777
v -1854.926880 -64.600677 -1620.750000 0.8343 0.6883 0.5777
v -1854.926880 127.399391 -1620.750000 0.8343 0.6883 0.5777
v -1918.926880 127.399391 -1620.750000 0.8343 0.6883 0.5777
v -1982.927002 127.399391 -1620.750000 0.8343 0.6883 0.5777
v -1982.927002 95.399361 -1764.750122 0.8343 0.6883 0.5777
v -1982.927002 -64.600677 -1620.750000 0.8343 0.6883 0.5777
v -2046.927002 31.399330 -1812.750122 0.8343 0.6883 0.5777
v -2046.927002 -64.600700 -1812.750122 0.8343 0.6883 0.5777
v -2030.927002 95.399361 -1812.750122 0.8343 0.6883 0.5777
v -2046.927002 95.399361 -1812.750122 0.8343 0.6883 0.5777
v -2030.927002 -64.600700 -1812.750122 0.8343 0.6883 0.5777
v -1982.927002 -64.600693 -1764.750122 0.8343 0.6883 0.5777
v -2366.927246 95.399361 -1812.750122 0.8343 0.6883 0.5777
v -2366.927246 -16.810692 -1812.750122 0.8343 0.6883 0.5777
v -2366.927246 -33.020683 -1812.750122 0.8343 0.6883 0.5777
v -2345.777344 -64.600700 -1812.750122 0.8343 0.6883 0.5777
v -2334.927246 -64.600700 -1812.750122 0.8343 0.6883 0.5777
v -2302.927246 -64.600700 -1812.750122 0.8343 0.6883 0.5777
v -2302.927246 15.399323 -1812.750122 0.8343 0.6883 0.5777
v -2302.927246 41.399330 -1812.750122 0.8343 0.6883 0.5777
v -2302.927246 95.399361 -1812.750122 0.8343 0.6883 0.5777
v -2173.247070 -64.600700 -1812.750122 0.8343 0.6883 0.5777
v -2110.927002 -64.600700 -1812.750122 0.8343 0.6883 0.5777
v -2110.927002 31.399330 -1812.750122 0.8343 0.6883 0.5777
v -2110.927002 95.399361 -1812.750122 0.8343 0.6883 0.5777
v -2142.927002 95.399361 -1812.750122 0.8343 0.6883 0.5777
v -2174.927246 -64.600700 -1812.750122 0.8343 0.6883 0.5777
v -2302.927246 95.399361 -1812.750122 0.8343 0.6883 0.5777
v -2302.927246 79.399361 -1812.750122 0.8343 0.6883 0.5777
v -2264.927246 79.399361 -1812.750122 0.8343 0.6883 0.5777
v -2238.927246 79.399361 -1812.750122 0.8343 0.6883 0.5777
v -2174.927246 79.399361 -1812.750122 0.8343 0.6883 0.5777
v -2174.927246 95.399361 -1812.750122 0.8343 0.6883 0.5777
v -2174.927246 15.399323 -1812.750122 0.8343 0.6883 0.5777
v -2174.927246 41.399330 -1812.750122 0.8343 0.6883 0.5777
v -2193.927246 60.399345 -1812.750122 0.8343 0.6883 0.5777
v -2179.927246 39.399330 -1812.750122 0.8343 0.6883 0.5777
v -2214.927246 74.399345 -1812.750122 0.8343 0.6883 0.5777
v -2212.927246 79.399361 -1812.750122 0.8343 0.6883 0.5777
v -2262.927246 74.399345 -1812.750122 0.8343 0.6883 0.5777
v -2283.927246 60.399345 -1812.750122 0.8343 0.6883 0.5777
v -2302.927246 41.399330 -1812.750122 0.8343 0.6883 0.5777
v -2302.927246 41.399330 -1812.750122 0.8343 0.6883 0.5777
v -2302.927246 15.399323 -1812.750122 0.8343 0.6883 0.5777
v -2297.927246 39.399330 -1812.750122 0.8343 0.6883 0.5777
v -2302.927246 95.399361 -1780.750122 0.8343 0.6883 0.5777
v -2302.927246 79.399361 -1780.750122 0.8343 0.6883 0.5777
v -2302.927246 41.399330 -1780.750122 0.8343 0.6883 0.5777
v -2302.927246 15.399323 -1780.750122 0.8343 0.6883 0.5777
v -2302.927246 -64.600693 -1780.750122 0.8343 0.6883 0.5777
v -2302.927246 -64.600677 -1620.750000 0.8343 0.6883 0.5777
v -2302.927246 95.399376 -1620.750000 0.8343 0.6883 0.5777
v -2302.927246 95.399391 -1492.750000 0.8343 0.6883 0.5777
v -2302.927246 -64.600662 -1492.750000 0.8343 0.6883 0.5777
v -2302.927246 -64.600662 -1460.750000 0.8343 0.6883 0.5777
v -2302.927246 41.399376 -1460.750000 0.8343 0.6883 0.5777
v -2302.927246 95.399406 -1460.750000 0.8343 0.6883 0.5777
v -2174.927246 -64.600685 -1684.750000 0.8343 0.6883 0.5777
v -2174.927246 -64.600693 -1780.750122 0.8343 0.6883 0.5777
v -2174.927246 95.399391 -1556.750000 0.8343 0.6883 0.5777
v -2174.927246 -64.600662 -1460.750000 0.8343 0.6883 0.5777
v -2174.927246 -64.600677 -1588.750000 0.8343 0.6883 0.5777
v -2174.927246 95.399376 -1684.750000 0.8343 0.6883 0.5777
v -2174.927246 95.399361 -1780.750122 0.8343 0.6883 0.5777
v -2302.927246 79.399361 -1780.750122 0.8343 0.6883 0.5777
v -2302.927246 95.399361 -1780.750122 0.8343 0.6883 0.5777
v -2174.927246 15.399323 -1780.750122 0.8343 0.6883 0.5777
v -2179.927246 39.399330 -1780.750122 0.8343 0.6883 0.5777
v -2174.927246 41.399330 -1780.750122 0.8343 0.6883 0.5777
v -2193.927246 60.399345 -1780.750122 0.8343 0.6883 0.5777
v -2214.927246 74.399345 -1780.750122 0.8343 0.6883 0.5777
v -2174.927246 79.399361 -1780.750122 0.8343 0.6883 0.5777
v -2212.927246 79.399361 -1780.750122 0.8343 0.6883 0.5777
v -2264.927246 79.399361 -1780.750122 0.8343 0.6883 0.5777
v -2238.927246 79.399361 -1780.750122 0.8343 0.6883 0.5777
v -2302.927246 79.399361 -1780.750122 0.8343 0.6883 0.5777
v -2262.927246 74.399345 -1780.750122 0.8343 0.6883 0.5777
v -2283.927246 60.399345 -1780.750122 0.8343 0.6883 0.5777
v -2297.927246 39.399330 -1780.750122 0.8343 0.6883 0.5777
v -2302.927246 41.399330 -1780.750122 0.8343 0.6883 0.5777
v -2302.927246 41.399330 -1780.750122 0.8343 0.6883 0.5777
v -2302.927246 79.399406 -1460.750000 0.8343 0.6883 0.5777
v -2264.927246 79.399406 -1460.750000 0.8343 0.6883 0.5777
v -2212.927246 79.399406 -1460.750000 0.8343 0.6883 0.5777
v -2174.927246 95.399406 -1460.750000 0.8343 0.6883 0.5777
v -2174.927246 15.399361 -1460.750000 0.8343 0.6883 0.5777
v -2174.927246 41.399376 -1460.750000 0.8343 0.6883 0.5777
v -2179.927246 39.399376 -1460.750000 0.8343 0.6883 0.5777
v -2174.927246 79.399406 -1460.750000 0.8343 0.6883 0.5777
v -2214.927246 74.399391 -1460.750000 0.8343 0.6883 0.5777
v -2193.927246 60.399391 -1460.750000 0.8343 0.6883 0.5777
v -2238.927246 79.399406 -1460.750000 0.8343 0.6883 0.5777
v -2283.927246 60.399391 -1460.750000 0.8343 0.6883 0.5777
v -2262.927246 74.399391 -1460.750000 0.8343 0.6883 0.5777
v -2302.927246 41.399376 -1460.750000 0.8343 0.6883 0.5777
v -2297.927246 39.399376 -1460.750000 0.8343 0.6883 0.5777
v -2302.927246 41.399376 -1460.750000 0.8343 0.6883 0.5777
v -2302.927246 15.399361 -1460.750000 0.8343 0.6883 0.5777
v -2430.927246 63.399406 -1300.749878 0.8343 0.6883 0.5777
v -2430.927246 -32.600639 -1300.749878 0.8343 0.6883 0.5777
v -2430.927246 -32.600624 -1172.749756 0.8343 0.6883 0.5777
v -2430.927246 95.399437 -1204.749878 0.8343 0.6883 0.5777
v -2430.927246 95.399422 -1300.749878 0.8343 0.6883 0.5777
v -2430.927246 63.399406 -1300.749878 0.8343 0.6883 0.5777
v -2430.927246 95.399422 -1300.749878 0.8343 0.6883 0.5777
v -2430.927246 95.399406 -1428.750000 0.8343 0.6883 0.5777
v -1918.926880 95.399406 -1364.749878 0.8343 0.6883 0.5777
v -1918.926880 95.399406 -1428.750000 0.8343 0.6883 0.5777
v -1909.926880 -32.600647 -1332.749878 0.8343 0.6883 0.5777
v -1918.926880 -32.600647 -1364.749878 0.8343 0.6883 0.5777
v -1854.926880 95.399422 -1300.749878 0.8343 0.6883 0.5777
v -1886.926880 -32.600639 -1309.749878 0.8343 0.6883 0.5777
v -1886.926880 95.399422 -1309.749878 0.8343 0.6883 0.5777
v -1909.926880 95.399422 -1332.749878 0.8343 0.6883 0.5777
v -638.926270 63.399559 -20.749132 0.8343 0.6883 0.5777
v -638.926270 63.399544 -212.749222 0.8343 0.6883 0.5777
v -638.926270 -96.600510 -52.749130 0.8343 0.6883 0.5777
v -638.926270 -96.600479 203.250992 0.8343 0.6883 0.5777
v -638.926270 -96.600479 171.250977 0.8343 0.6883 0.5777
v -638.926270 -96.600494 43.250916 0.8343 0.6883 0.5777
v -638.926270 -96.600502 -20.749113 0.8343 0.6883 0.5777
v -638.926270 31.399544 -20.749128 0.8343 0.6883 0.5777
v -638.926270 31.399544 11.250887 0.8343 0.6883 0.5777
v -638.926270 31.399574 171.250961 0.8343 0.6883 0.5777
v -638.926270 31.399574 203.250977 0.8343 0.6883 0.5777
v -638.926270 31.399590 395.251068 0.8343 0.6883 0.5777
v -638.926270 31.399605 427.251068 0.8343 0.6883 0.5777
v -638.926270 -96.600471 251.251007 0.8343 0.6883 0.5777
v -110.925995 63.399590 251.250977 0.8343 0.6883 0.5777
v -126.926010 63.399590 251.250977 0.8343 0.6883 0.5777
v -110.925995 31.399574 251.250977 0.8343 0.6883 0.5777
v 1345.074585 -64.600616 -1108.749756 0.8343 0.6883 0.5777
v 1345.074585 -80.600624 -1108.749756 0.8343 0.6883 0.5777
v 1345.074585 -80.600632 -1172.749756 0.8343 0.6883 0.5777
v 1345.074585 -0.600601 -1108.749756 0.8343 0.6883 0.5777
v 1345.074585 -0.600609 -1172.749756 0.8343 0.6883 0.5777
v 1345.074585 223.399536 -1172.749756 0.8343 0.6883 0.5777
v 1345.074585 -96.600586 -746.079529 0.8343 0.6883 0.5777
v 1345.074585 -96.600578 -660.749512 0.8343 0.6883 0.5777
v 1345.074585 -192.600616 -436.749298 0.8343 0.6883 0.5777
v 1345.074585 -164.599609 -564.749451 0.8343 0.6883 0.5777
v 1345.074585 -128.599426 -660.749512 0.8343 0.6883 0.5777
v 1345.074585 -48.600578 -852.749573 0.8343 0.6883 0.5777
v 1345.074585 -64.600578 -788.749573 0.8343 0.6883 0.5777
v 1345.074585 -64.600586 -852.749573 0.8343 0.6883 0.5777
v 1345.074585 -16.600555 -660.749512 0.8343 0.6883 0.5777
v 1345.074585 -16.600555 -628.749512 0.8343 0.6883 0.5777
v 1345.074585 -64.600563 -660.749512 0.8343 0.6883 0.5777
v 1345.074585 -64.600601 -980.749695 0.8343 0.6883 0.5777
v 1665.074829 223.399567 -1044.749756 0.8343 0.6883 0.5777
v 1665.074829 191.399567 -1044.749756 0.8343 0.6883 0.5777
v 1409.074585 223.399567 -1044.749756 0.8343 0.6883 0.5777
v 1633.074707 223.399567 -1044.749756 0.8343 0.6883 0.5777
v 1633.074707 191.399567 -1044.749756 0.8343 0.6883 0.5777
v 1345.074585 223.399567 -1108.749756 0.8343 0.6883 0.5777
v 1345.074585 -32.600601 -980.749695 0.8343 0.6883 0.5777
v 1361.074585 -16.600594 -980.749695 0.8343 0.6883 0.5777
v 1345.074585 127.399452 -1108.749756 0.8343 0.6883 0.5777
v 1409.074585 159.399536 -1044.749756 0.8343 0.6883 0.5777
v 1409.074585 -32.600609 -1044.749756 0.8343 0.6883 0.5777
v 1377.074585 -32.600616 -1076.749756 0.8343 0.6883 0.5777
v 1345.074585 -16.600594 -980.749695 0.8343 0.6883 0.5777
v 1345.074585 -16.600609 -1108.749756 0.8343 0.6883 0.5777
v 1361.074585 -32.600616 -1092.749756 0.8343 0.6883 0.5777
v 1361.074585 -16.600609 -1092.749756 0.8343 0.6883 0.5777
v 1409.074585 191.399567 -1044.749756 0.8343 0.6883 0.5777
v 1553.074707 191.399567 -1044.749756 0.8343 0.6883 0.5777
v 1537.074707 159.399536 -1044.749756 0.8343 0.6883 0.5777
v 1409.074585 -16.600601 -1044.749756 0.8343 0.6883 0.5777
v 1473.074707 31.399422 -1044.749756 0.8343 0.6883 0.5777
v 1473.074707 -32.600609 -1044.749756 0.8343 0.6883 0.5777
v 1473.074707 159.399536 -1044.749756 0.8343 0.6883 0.5777
v 1537.074707 31.399422 -1044.749756 0.8343 0.6883 0.5777
v 1537.074707 159.399567 -660.749573 0.8343 0.6883 0.5777
v 1537.074707 -32.600563 -660.749512 0.8343 0.6883 0.5777
v 1537.074707 -32.600563 -676.749512 0.8343 0.6883 0.5777
v 1537.074707 -32.600578 -788.749573 0.8343 0.6883 0.5777
v 1537.074707 159.399567 -788.749634 0.8343 0.6883 0.5777
v 1553.074707 -16.600540 -532.749329 0.8343 0.6883 0.5777
v 1537.074707 -16.600555 -628.749512 0.8343 0.6883 0.5777
v 1537.074707 31.399467 -628.749512 0.8343 0.6883 0.5777
v 1553.074707 31.399467 -628.749512 0.8343 0.6883 0.5777
v 1553.074707 -16.600555 -628.749512 0.8343 0.6883 0.5777
v 1537.074707 159.399597 -628.749573 0.8343 0.6883 0.5777
v 1537.074707 -16.600555 -660.749512 0.8343 0.6883 0.5777
v 1537.074707 159.399597 -532.749390 0.8343 0.6883 0.5777
v 1537.074707 95.399513 -532.749329 0.8343 0.6883 0.5777
v 1537.074707 95.399498 -628.749512 0.8343 0.6883 0.5777
v 1537.074707 57.399498 -532.749329 0.8343 0.6883 0.5777
v 1537.074707 55.399498 -536.749451 0.8343 0.6883 0.5777
v 1537.074707 76.399498 -546.749451 0.8343 0.6883 0.5777
v 1537.074707 95.399513 -560.749451 0.8343 0.6883 0.5777
v 1537.074707 95.399498 -600.749512 0.8343 0.6883 0.5777
v 1537.074707 90.399498 -598.749512 0.8343 0.6883 0.5777
v 1537.074707 76.399483 -614.749512 0.8343 0.6883 0.5777
v 1537.074707 57.399483 -628.749512 0.8343 0.6883 0.5777
v 1553.074707 31.399483 -532.749329 0.8343 0.6883 0.5777
v 1553.074707 55.399498 -536.749451 0.8343 0.6883 0.5777
v 1553.074707 55.399483 -624.749512 0.8343 0.6883 0.5777
v 1537.074707 55.399483 -624.749512 0.8343 0.6883 0.5777
v 1537.074707 90.399513 -562.749451 0.8343 0.6883 0.5777
v 1553.074707 76.399498 -546.749451 0.8343 0.6883 0.5777
v 1553.074707 76.399483 -614.749512 0.8343 0.6883 0.5777
v 1537.074707 95.399513 -580.749451 0.8343 0.6883 0.5777
v 1553.074707 90.399513 -562.749451 0.8343 0.6883 0.5777
v 1553.074707 90.399498 -598.749512 0.8343 0.6883 0.5777
v 1553.074707 95.399513 -580.749451 0.8343 0.6883 0.5777
v 1537.074707 -16.600540 -532.749329 0.8343 0.6883 0.5777
v 1537.074707 31.399483 -532.749329 0.8343 0.6883 0.5777
v 1537.074707 -16.600540 -500.749329 0.8343 0.6883 0.5777
v 1537.074707 -32.600540 -484.749329 0.8343 0.6883 0.5777
v 1537.074707 -32.600548 -500.749329 0.8343 0.6883 0.5777
v 1537.074707 159.399597 -500.749359 0.8343 0.6883 0.5777
v 1537.074707 159.399597 -436.749329 0.8343 0.6883 0.5777
v 1537.074707 -8.600525 -436.749298 0.8343 0.6883 0.5777
v 1537.074707 -32.600540 -436.749298 0.8343 0.6883 0.5777
v 1345.074585 -16.600578 -852.749573 0.8343 0.6883 0.5777
v 1361.074585 -16.600555 -628.749512 0.8343 0.6883 0.5777
v 1361.074585 -16.600533 -436.749298 0.8343 0.6883 0.5777
v 1345.074585 -16.600533 -436.749298 0.8343 0.6883 0.5777
v 1361.074585 -16.600578 -852.749573 0.8343 0.6883 0.5777
v 1361.074585 -32.600586 -852.749573 0.8343 0.6883 0.5777
v 1361.074585 -16.600555 -660.749512 0.8343 0.6883 0.5777
v 1361.074585 -32.600563 -660.749512 0.8343 0.6883 0.5777
v 1361.074585 -32.600563 -628.749512 0.8343 0.6883 0.5777
v 1361.074585 -32.600540 -436.749298 0.8343 0.6883 0.5777
v 1377.074585 -48.600578 -852.749573 0.8343 0.6883 0.5777
v 1377.074585 -32.600586 -852.749573 0.8343 0.6883 0.5777
v 1345.074585 -32.600586 -852.749573 0.8343 0.6883 0.5777
v 1345.074585 -48.600594 -980.749695 0.8343 0.6883 0.5777
v 1361.074585 -32.600601 -980.749695 0.8343 0.6883 0.5777
v 1377.074585 -32.600601 -980.749695 0.8343 0.6883 0.5777
v 1377.074585 -48.600594 -980.749695 0.8343 0.6883 0.5777
v 993.074402 -64.600540 -436.749298 0.8343 0.6883 0.5777
v 993.074402 -64.600555 -564.749451 0.8343 0.6883 0.5777
v 993.074402 -64.600563 -660.749512 0.8343 0.6883 0.5777
v 993.074402 -64.600578 -788.749573 0.8343 0.6883 0.5777
v 1025.074463 -64.600578 -788.749573 0.8343 0.6883 0.5777
v 1025.074463 -64.600563 -660.749512 0.8343 0.6883 0.5777
v 1025.074463 -64.600555 -564.749451 0.8343 0.6883 0.5777
v 641.074219 -64.600578 -788.749573 0.8343 0.6883 0.5777
v 657.074219 159.399567 -788.749634 0.8343 0.6883 0.5777
v 705.074280 -64.600563 -660.749512 0.8343 0.6883 0.5777
v 705.074280 159.399567 -660.749573 0.8343 0.6883 0.5777
v 705.074280 159.399597 -436.749329 0.8343 0.6883 0.5777
v 657.074219 -64.600578 -788.749573 0.8343 0.6883 0.5777
v 705.074280 -64.600571 -740.749573 0.8343 0.6883 0.5777
v 705.074280 159.399567 -740.749634 0.8343 0.6883 0.5777
v 689.074219 159.399567 -756.749634 0.8343 0.6883 0.5777
v 1025.074463 -96.600578 -660.749512 0.8343 0.6883 0.5777
v 1025.074463 -96.600594 -788.749573 0.8343 0.6883 0.5777
v 1025.074463 -180.600616 -564.749451 0.8343 0.6883 0.5777
v 1025.074463 -144.600601 -660.749512 0.8343 0.6883 0.5777
v 1553.074707 191.399658 -340.749298 0.8343 0.6883 0.5777
v 1665.074829 191.399658 -340.749298 0.8343 0.6883 0.5777
v 1665.074829 223.399658 -340.749298 0.8343 0.6883 0.5777
v 1281.074585 223.399658 -340.749298 0.8343 0.6883 0.5777
v 1505.074707 191.399658 -340.749298 0.8343 0.6883 0.5777
v 1505.074707 223.399658 -340.749298 0.8343 0.6883 0.5777
v 1281.074585 191.399658 -340.749298 0.8343 0.6883 0.5777
v 1281.074585 -16.600517 -340.749268 0.8343 0.6883 0.5777
v 1441.074707 -16.600517 -340.749268 0.8343 0.6883 0.5777
v 1441.074707 -8.600510 -340.749268 0.8343 0.6883 0.5777
v 1361.074585 -32.600525 -340.749268 0.8343 0.6883 0.5777
v 1441.074707 -32.600525 -340.749268 0.8343 0.6883 0.5777
v 1441.074707 191.399658 -340.749298 0.8343 0.6883 0.5777
v 1441.074707 159.399628 -340.749298 0.8343 0.6883 0.5777
v 1537.074707 159.399628 -340.749298 0.8343 0.6883 0.5777
v 1361.074585 -16.600517 -340.749268 0.8343 0.6883 0.5777
v 1345.074585 -16.600517 -340.749268 0.8343 0.6883 0.5777
v 1345.074585 -64.600525 -340.749268 0.8343 0.6883 0.5777
v 1345.074585 -64.600540 -436.749298 0.8343 0.6883 0.5777
v 1345.074585 -272.600586 -52.749107 0.8343 0.6883 0.5777
v 1345.074585 -96.600510 -52.749130 0.8343 0.6883 0.5777
v 1281.074585 -288.600616 -52.749107 0.8343 0.6883 0.5777
v 1345.074585 -152.600555 -308.749237 0.8343 0.6883 0.5777
v 1345.074585 -192.600586 -308.749237 0.8343 0.6883 0.5777
v 1345.074585 -96.600555 -436.749298 0.8343 0.6883 0.5777
v 1345.074585 -192.600601 -340.749268 0.8343 0.6883 0.5777
v 1345.074585 -192.600586 -276.749207 0.8343 0.6883 0.5777
v 1345.074585 -272.600616 -276.749207 0.8343 0.6883 0.5777
v 1345.074585 -212.600616 -436.749298 0.8343 0.6883 0.5777
v 1289.074585 -96.600540 -340.749268 0.8343 0.6883 0.5777
v 1317.074585 -124.600555 -340.749268 0.8343 0.6883 0.5777
v 1281.074585 -96.600540 -340.749268 0.8343 0.6883 0.5777
v 1281.074585 -102.654594 -340.749268 0.8343 0.6883 0.5777
v 1286.074585 -103.600540 -340.749268 0.8343 0.6883 0.5777
v 1345.074585 -152.600571 -340.749268 0.8343 0.6883 0.5777
v 1345.074585 -96.600540 -340.749268 0.8343 0.6883 0.5777
v 1338.074585 -155.600571 -340.749268 0.8343 0.6883 0.5777
v 1286.074585 -103.600540 -308.749237 0.8343 0.6883 0.5777
v 1281.074585 -102.654594 -308.749237 0.8343 0.6883 0.5777
v 1289.074585 -96.600540 -308.749237 0.8343 0.6883 0.5777
v 1345.074585 -96.600540 -308.749237 0.8343 0.6883 0.5777
v 1338.074585 -155.600555 -308.749237 0.8343 0.6883 0.5777
v 1317.074585 -124.600548 -308.749237 0.8343 0.6883 0.5777
v 1345.074585 -96.600533 -276.749237 0.8343 0.6883 0.5777
v 1345.074585 -96.600525 -228.749207 0.8343 0.6883 0.5777
v 1345.074585 -224.600601 -228.749191 0.8343 0.6883 0.5777
v 1345.074585 -224.600616 -276.749207 0.8343 0.6883 0.5777
v 1345.074585 -96.600517 -164.749176 0.8343 0.6883 0.5777
v 1345.074585 -224.600586 -164.749161 0.8343 0.6883 0.5777
v 1345.074585 -160.600555 -164.749176 0.8343 0.6883 0.5777
v 1345.074585 -160.600555 -228.749207 0.8343 0.6883 0.5777
v 1345.074585 -224.600586 -148.749161 0.8343 0.6883 0.5777
v 1345.074585 -96.600517 -148.749176 0.8343 0.6883 0.5777
v 1345.074585 -96.600510 -84.749146 0.8343 0.6883 0.5777
v 1345.074585 -272.600616 -148.749146 0.8343 0.6883 0.5777
v 897.074280 191.399658 -212.749237 0.8343 0.6883 0.5777
v 897.074280 191.399689 -132.749207 0.8343 0.6883 0.5777
v 897.074280 191.399658 -276.749268 0.8343 0.6883 0.5777
v 897.074280 223.399658 -212.749252 0.8343 0.6883 0.5777
v 897.074280 223.399689 11.250864 0.8343 0.6883 0.5777
v 897.074280 191.399689 11.250868 0.8343 0.6883 0.5777
v 897.074280 191.399689 -20.749147 0.8343 0.6883 0.5777
v 897.074280 223.399719 235.250977 0.8343 0.6883 0.5777
v 897.074280 191.399719 235.250977 0.8343 0.6883 0.5777
v 897.074280 -96.600525 -212.749207 0.8343 0.6883 0.5777
v 897.074280 -96.600533 -276.749237 0.8343 0.6883 0.5777
v 897.074280 -64.600517 -276.749237 0.8343 0.6883 0.5777
v 897.074280 159.399628 -212.749237 0.8343 0.6883 0.5777
v 897.074280 95.399559 -212.749237 0.8343 0.6883 0.5777
v 897.074280 31.399529 -212.749222 0.8343 0.6883 0.5777
v 897.074280 -64.600510 -212.749207 0.8343 0.6883 0.5777
v 1025.074463 -16.600517 -340.749268 0.8343 0.6883 0.5777
v 1025.074463 -0.600510 -340.749268 0.8343 0.6883 0.5777
v 1025.074463 223.399658 -340.749298 0.8343 0.6883 0.5777
v 961.074402 -64.600525 -340.749268 0.8343 0.6883 0.5777
v 961.074402 -96.600540 -340.749268 0.8343 0.6883 0.5777
v 993.074402 -96.600540 -340.749268 0.8343 0.6883 0.5777
v 993.074402 -64.600525 -340.749268 0.8343 0.6883 0.5777
v 1281.074585 -64.600525 -340.749268 0.8343 0.6883 0.5777
v 1249.074585 -64.600525 -340.749268 0.8343 0.6883 0.5777
v 1249.074585 -16.600517 -340.749268 0.8343 0.6883 0.5777
v 1025.074463 -64.600525 -340.749268 0.8343 0.6883 0.5777
v 1025.074463 -64.600540 -436.749298 0.8343 0.6883 0.5777
v 961.074402 -0.600510 -340.749268 0.8343 0.6883 0.5777
v 961.074402 223.399658 -340.749298 0.8343 0.6883 0.5777
v 897.074280 223.399658 -276.749268 0.8343 0.6883 0.5777
v 897.074280 159.399628 -276.749268 0.8343 0.6883 0.5777
v 897.074280 -0.600502 -276.749237 0.8343 0.6883 0.5777
v 705.074280 -0.600510 -365.029266 0.8343 0.6883 0.5777
v 705.074280 159.399628 -365.029297 0.8343 0.6883 0.5777
v 705.074280 -0.600510 -369.019257 0.8343 0.6883 0.5777
v 705.074280 -64.600525 -365.029266 0.8343 0.6883 0.5777
v 705.074280 -64.600517 -276.749237 0.8343 0.6883 0.5777
v 705.074280 31.399513 -276.749268 0.8343 0.6883 0.5777
v 705.074280 -64.600540 -436.749298 0.8343 0.6883 0.5777
v 705.074280 -64.600525 -369.019257 0.8343 0.6883 0.5777
v 705.074280 159.399628 -369.019287 0.8343 0.6883 0.5777
v 705.074280 159.399628 -276.749268 0.8343 0.6883 0.5777
v 705.074280 95.399544 -276.749268 0.8343 0.6883 0.5777
v 705.074280 95.399559 -212.749237 0.8343 0.6883 0.5777
v 897.074280 95.399559 -148.749191 0.8343 0.6883 0.5777
v 897.074280 159.399658 -148.749207 0.8343 0.6883 0.5777
v 705.074280 159.399658 -148.749207 0.8343 0.6883 0.5777
v 705.074280 95.399559 -148.749191 0.8343 0.6883 0.5777
v 705.074280 31.399529 -212.749222 0.8343 0.6883 0.5777
v 1025.074463 -192.600586 -276.749207 0.8343 0.6883 0.5777
v 1025.074463 -228.600616 -436.749268 0.8343 0.6883 0.5777
v 1025.074463 -96.600555 -436.749298 0.8343 0.6883 0.5777
v 1025.074463 -192.600616 -436.749298 0.8343 0.6883 0.5777
v 1025.074463 -96.600533 -276.749237 0.8343 0.6883 0.5777
v 1025.074463 -192.600586 -308.749237 0.8343 0.6883 0.5777
v 1025.074463 -224.600586 -52.749115 0.8343 0.6883 0.5777
v 1025.074463 -96.600510 -84.749146 0.8343 0.6883 0.5777
v 1025.074463 -224.600586 -148.749161 0.8343 0.6883 0.5777
v 1025.074463 -96.600517 -148.749176 0.8343 0.6883 0.5777
v 1025.074463 -288.600647 -276.749207 0.8343 0.6883 0.5777
v 1025.074463 -288.600616 -148.749146 0.8343 0.6883 0.5777
v 1081.074463 -96.600540 -308.749237 0.8343 0.6883 0.5777
v 1121.074463 -96.600540 -308.749237 0.8343 0.6883 0.5777
v 1084.074463 -103.600540 -308.749237 0.8343 0.6883 0.5777
v 1053.074463 -124.600548 -308.749237 0.8343 0.6883 0.5777
v 1032.074463 -155.600555 -308.749237 0.8343 0.6883 0.5777
v 1025.074463 -96.600540 -308.749237 0.8343 0.6883 0.5777
v 1025.074463 -152.600555 -308.749237 0.8343 0.6883 0.5777
v 1025.074463 -96.600540 -340.749268 0.8343 0.6883 0.5777
v 1084.074463 -103.600540 -340.749268 0.8343 0.6883 0.5777
v 1121.074463 -96.600540 -340.749268 0.8343 0.6883 0.5777
v 1081.074463 -96.600540 -340.749268 0.8343 0.6883 0.5777
v 1053.074463 -124.600555 -340.749268 0.8343 0.6883 0.5777
v 1025.074463 -152.600571 -340.749268 0.8343 0.6883 0.5777
v 1025.074463 -192.600601 -340.749268 0.8343 0.6883 0.5777
v 1032.074463 -155.600571 -340.749268 0.8343 0.6883 0.5777
v 1249.074585 -96.600540 -308.749237 0.8343 0.6883 0.5777
v 1281.074585 -96.600540 -308.749237 0.8343 0.6883 0.5777
v 1249.074585 -96.600540 -340.749268 0.8343 0.6883 0.5777
v 1025.074463 -171.600555 -52.749119 0.8343 0.6883 0.5777
v 1025.074463 -96.600510 -52.749130 0.8343 0.6883 0.5777
v 1034.074463 -175.600555 -52.749119 0.8343 0.6883 0.5777
v 1062.074463 -133.600525 -52.749123 0.8343 0.6883 0.5777
v 1104.074463 -105.600510 -52.749126 0.8343 0.6883 0.5777
v 1100.074463 -96.600510 -52.749130 0.8343 0.6883 0.5777
v 1281.074585 -224.600586 -52.749115 0.8343 0.6883 0.5777
v 1244.074585 -133.600525 -52.749123 0.8343 0.6883 0.5777
v 1272.074585 -175.600555 -52.749119 0.8343 0.6883 0.5777
v 1281.074585 -171.600555 -52.749119 0.8343 0.6883 0.5777
v 1153.074585 -96.600510 -52.749130 0.8343 0.6883 0.5777
v 1281.074585 -96.600510 -52.749130 0.8343 0.6883 0.5777
v 1249.074585 -96.600510 -52.749130 0.8343 0.6883 0.5777
v 1206.074585 -96.600510 -52.749130 0.8343 0.6883 0.5777
v 1202.074585 -105.600510 -52.749126 0.8343 0.6883 0.5777
v -46.925964 -32.600548 -516.749329 0.8343 0.6883 0.5777
v -46.925964 -80.600555 -516.749329 0.8343 0.6883 0.5777
v 257.074036 -64.600616 -1140.749756 0.8343 0.6883 0.5777
v 257.074036 159.399536 -1140.749756 0.8343 0.6883 0.5777
v 257.074036 159.399506 -1172.749756 0.8343 0.6883 0.5777
v 289.074036 159.399506 -1172.749756 0.8343 0.6883 0.5777
v 321.074036 -64.600624 -1172.749756 0.8343 0.6883 0.5777
v 257.074036 -64.600616 -1108.749756 0.8343 0.6883 0.5777
v 321.074036 159.399506 -1172.749756 0.8343 0.6883 0.5777
v 257.074036 -96.600594 -788.749573 0.8343 0.6883 0.5777
v 289.074036 -96.600594 -804.749573 0.8343 0.6883 0.5777
v 257.074036 159.399536 -1012.749756 0.8343 0.6883 0.5777
v 257.074036 159.399536 -1108.749756 0.8343 0.6883 0.5777
v 257.074036 -64.600601 -1012.749695 0.8343 0.6883 0.5777
v 257.074036 -64.600578 -788.749573 0.8343 0.6883 0.5777
v 257.074036 95.399483 -788.749573 0.8343 0.6883 0.5777
v 257.074036 159.399567 -788.749634 0.8343 0.6883 0.5777
v 257.074036 159.399536 -1004.749756 0.8343 0.6883 0.5777
v 289.074036 -32.600578 -804.749573 0.8343 0.6883 0.5777
v 289.074036 7.399445 -804.749573 0.8343 0.6883 0.5777
v 296.074036 4.399437 -804.749573 0.8343 0.6883 0.5777
v 317.074036 35.399452 -804.749573 0.8343 0.6883 0.5777
v 345.074097 63.399467 -804.749573 0.8343 0.6883 0.5777
v 385.074097 63.399467 -804.749573 0.8343 0.6883 0.5777
v 425.074097 63.399467 -804.749573 0.8343 0.6883 0.5777
v 422.074097 56.399467 -804.749573 0.8343 0.6883 0.5777
v 481.074158 -32.600578 -804.749573 0.8343 0.6883 0.5777
v 513.074158 95.399498 -692.749512 0.8343 0.6883 0.5777
v 513.074158 63.399483 -692.749512 0.8343 0.6883 0.5777
v 513.074158 95.399513 -500.749359 0.8343 0.6883 0.5777
v 513.074158 95.399513 -468.749359 0.8343 0.6883 0.5777
v 513.074158 -96.600571 -612.749512 0.8343 0.6883 0.5777
v 513.074158 -0.600540 -612.749512 0.8343 0.6883 0.5777
v 513.074158 31.399467 -612.749512 0.8343 0.6883 0.5777
v 513.074158 31.399483 -468.749359 0.8343 0.6883 0.5777
v 513.074158 -96.600586 -708.749512 0.8343 0.6883 0.5777
v 513.074158 -96.600586 -724.749573 0.8343 0.6883 0.5777
v 513.074158 31.399467 -708.749512 0.8343 0.6883 0.5777
v 513.074158 -0.600555 -708.749512 0.8343 0.6883 0.5777
v 513.074158 31.399467 -692.749512 0.8343 0.6883 0.5777
v 513.074158 -64.600578 -788.749573 0.8343 0.6883 0.5777
v 641.074219 159.399567 -788.749634 0.8343 0.6883 0.5777
v 513.074158 159.399567 -788.749634 0.8343 0.6883 0.5777
v 481.074158 159.399567 -788.749634 0.8343 0.6883 0.5777
v 481.074158 95.399483 -788.749573 0.8343 0.6883 0.5777
v 465.074158 159.399567 -788.749634 0.8343 0.6883 0.5777
v 257.074036 -96.600586 -724.749573 0.8343 0.6883 0.5777
v 257.074036 -96.600586 -692.749512 0.8343 0.6883 0.5777
v 257.074036 -96.600571 -612.749512 0.8343 0.6883 0.5777
v 257.074036 31.399483 -468.749359 0.8343 0.6883 0.5777
v 257.074036 31.399467 -692.749512 0.8343 0.6883 0.5777
v 257.074036 95.399498 -692.749512 0.8343 0.6883 0.5777
v 257.074036 63.399467 -724.749573 0.8343 0.6883 0.5777
v 257.074036 63.399483 -692.749512 0.8343 0.6883 0.5777
v 257.074036 95.399513 -468.749359 0.8343 0.6883 0.5777
v 257.074036 95.399513 -500.749359 0.8343 0.6883 0.5777
v 289.074036 7.399452 -708.749512 0.8343 0.6883 0.5777
v 317.074036 35.399467 -708.749512 0.8343 0.6883 0.5777
v 345.074097 63.399483 -708.749512 0.8343 0.6883 0.5777
v 348.074097 56.399483 -708.749512 0.8343 0.6883 0.5777
v 453.074158 35.399467 -708.749512 0.8343 0.6883 0.5777
v 481.074158 7.399452 -708.749512 0.8343 0.6883 0.5777
v 475.024231 -0.600555 -708.749512 0.8343 0.6883 0.5777
v 481.074158 7.399445 -804.749573 0.8343 0.6883 0.5777
v 513.074158 -96.600594 -788.749573 0.8343 0.6883 0.5777
v 257.074036 31.399452 -724.749573 0.8343 0.6883 0.5777
v 289.074036 63.399483 -708.749512 0.8343 0.6883 0.5777
v 289.074036 -32.600571 -708.749512 0.8343 0.6883 0.5777
v 289.074036 -96.600586 -708.749512 0.8343 0.6883 0.5777
v 513.074158 63.399467 -724.749573 0.8343 0.6883 0.5777
v 513.074158 31.399452 -724.749573 0.8343 0.6883 0.5777
v 481.074158 -96.600586 -708.749512 0.8343 0.6883 0.5777
v 481.074158 -0.600555 -708.749512 0.8343 0.6883 0.5777
v 513.074158 95.399483 -724.749573 0.8343 0.6883 0.5777
v 481.074158 95.399483 -724.749573 0.8343 0.6883 0.5777
v 481.074158 63.399483 -708.749512 0.8343 0.6883 0.5777
v 425.074097 63.399483 -708.749512 0.8343 0.6883 0.5777
v 257.074036 95.399483 -724.749573 0.8343 0.6883 0.5777
v 481.074158 63.399467 -804.749573 0.8343 0.6883 0.5777
v 513.074158 95.399483 -788.749573 0.8343 0.6883 0.5777
v 289.074036 63.399467 -804.749573 0.8343 0.6883 0.5777
v 481.074158 -96.600594 -804.749573 0.8343 0.6883 0.5777
v 481.074158 -32.600571 -708.749512 0.8343 0.6883 0.5777
v 474.074158 4.399437 -804.749573 0.8343 0.6883 0.5777
v 474.074158 4.399445 -708.749512 0.8343 0.6883 0.5777
v 296.074036 4.399445 -708.749512 0.8343 0.6883 0.5777
v 348.074097 56.399467 -804.749573 0.8343 0.6883 0.5777
v 422.074097 56.399483 -708.749512 0.8343 0.6883 0.5777
v 453.074158 35.399452 -804.749573 0.8343 0.6883 0.5777
v 385.074097 63.399483 -708.749512 0.8343 0.6883 0.5777
v 129.074112 63.399498 -468.749359 0.8343 0.6883 0.5777
v 129.074112 63.399498 -500.749359 0.8343 0.6883 0.5777
v 129.074112 223.399628 -500.749359 0.8343 0.6883 0.5777
v 129.074112 223.399628 -468.749359 0.8343 0.6883 0.5777
v 129.074112 31.399483 -500.749359 0.8343 0.6883 0.5777
v 129.074112 31.399483 -468.749359 0.8343 0.6883 0.5777
v -46.925964 -32.600548 -500.749329 0.8343 0.6883 0.5777
v -16.925964 26.399483 -500.749329 0.8343 0.6883 0.5777
v -32.925964 12.399475 -500.749329 0.8343 0.6883 0.5777
v -18.925964 31.399483 -500.749359 0.8343 0.6883 0.5777
v 1.074051 31.399483 -500.749359 0.8343 0.6883 0.5777
v 21.074051 31.399483 -500.749359 0.8343 0.6883 0.5777
v 49.074081 31.399483 -500.749359 0.8343 0.6883 0.5777
v 49.074081 -6.600533 -500.749329 0.8343 0.6883 0.5777
v 49.074081 -80.600555 -500.749329 0.8343 0.6883 0.5777
v 49.074081 -32.600548 -500.749329 0.8343 0.6883 0.5777
v 81.074081 31.399483 -500.749359 0.8343 0.6883 0.5777
v 129.074112 -96.600563 -500.749329 0.8343 0.6883 0.5777
v 97.074112 -96.600563 -500.749329 0.8343 0.6883 0.5777
v 81.074081 -96.600563 -500.749329 0.8343 0.6883 0.5777
v 81.074081 -80.600555 -500.749329 0.8343 0.6883 0.5777
v 49.074081 -80.600555 -516.749329 0.8343 0.6883 0.5777
v -42.925964 -8.600533 -500.749329 0.8343 0.6883 0.5777
v -42.925964 -8.600533 -516.749329 0.8343 0.6883 0.5777
v 49.074081 -32.600548 -516.749329 0.8343 0.6883 0.5777
v 45.074081 -8.600533 -516.749329 0.8343 0.6883 0.5777
v 45.074081 -8.600533 -500.749329 0.8343 0.6883 0.5777
v 35.074081 12.399475 -516.749329 0.8343 0.6883 0.5777
v 35.074081 12.399475 -500.749329 0.8343 0.6883 0.5777
v -32.925964 12.399475 -516.749329 0.8343 0.6883 0.5777
v -16.925964 26.399483 -516.749329 0.8343 0.6883 0.5777
v 19.074051 26.399483 -516.749329 0.8343 0.6883 0.5777
v 1.074051 31.399483 -516.749390 0.8343 0.6883 0.5777
v 19.074051 26.399483 -500.749329 0.8343 0.6883 0.5777
v -510.926208 -96.600639 -1172.749756 0.8343 0.6883 0.5777
v -510.926208 -152.600647 -1012.749695 0.8343 0.6883 0.5777
v -510.926208 -96.600624 -1012.749695 0.8343 0.6883 0.5777
v -510.926208 -96.600594 -788.749573 0.8343 0.6883 0.5777
v -510.926208 -136.600632 -948.749634 0.8343 0.6883 0.5777
v -318.926086 223.399628 -532.749390 0.8343 0.6883 0.5777
v -142.926025 223.399628 -532.749390 0.8343 0.6883 0.5777
v -142.926025 63.399498 -532.749329 0.8343 0.6883 0.5777
v -158.926025 -96.600563 -532.749329 0.8343 0.6883 0.5777
v -286.926086 -96.600563 -532.749329 0.8343 0.6883 0.5777
v -318.926086 31.399483 -532.749329 0.8343 0.6883 0.5777
v -142.926025 31.399483 -532.749329 0.8343 0.6883 0.5777
v -142.926025 -96.600563 -532.749329 0.8343 0.6883 0.5777
v -366.926117 223.399628 -580.749512 0.8343 0.6883 0.5777
v -334.926117 223.399628 -548.749512 0.8343 0.6883 0.5777
v -318.926086 63.399498 -532.749329 0.8343 0.6883 0.5777
v -382.926147 63.399483 -596.749451 0.8343 0.6883 0.5777
v -382.926147 223.399628 -596.749512 0.8343 0.6883 0.5777
v -318.926086 -96.600563 -532.749329 0.8343 0.6883 0.5777
v -382.926147 31.399467 -596.749451 0.8343 0.6883 0.5777
v -382.926147 223.399567 -1044.749756 0.8343 0.6883 0.5777
v -382.926147 63.399437 -1044.749756 0.8343 0.6883 0.5777
v -382.926147 31.399406 -1172.749756 0.8343 0.6883 0.5777
v -382.926147 -96.600639 -1172.749756 0.8343 0.6883 0.5777
v -382.926147 31.399422 -1044.749756 0.8343 0.6883 0.5777
v -382.926147 31.399452 -820.749573 0.8343 0.6883 0.5777
v -382.926147 -96.600616 -948.749634 0.8343 0.6883 0.5777
v -382.926147 -96.600624 -1044.749756 0.8343 0.6883 0.5777
v -382.926147 -96.600571 -596.749451 0.8343 0.6883 0.5777
v -382.926147 -96.600594 -788.749573 0.8343 0.6883 0.5777
v -382.926147 -96.600601 -820.749573 0.8343 0.6883 0.5777
v -382.926147 63.399467 -788.749573 0.8343 0.6883 0.5777
v -382.926147 223.399597 -788.749634 0.8343 0.6883 0.5777
v -494.926178 -64.600601 -948.749634 0.8343 0.6883 0.5777
v -494.926178 -64.600578 -788.749573 0.8343 0.6883 0.5777
v -510.926208 -64.600578 -788.749573 0.8343 0.6883 0.5777
v -510.926208 -64.600601 -948.749634 0.8343 0.6883 0.5777
v -494.926178 -64.600601 -1012.749695 0.8343 0.6883 0.5777
v -510.926208 -64.600601 -1012.749695 0.8343 0.6883 0.5777
v -142.926025 63.399498 -516.749390 0.8343 0.6883 0.5777
v -46.925964 31.399483 -500.749359 0.8343 0.6883 0.5777
v -46.925964 -6.600533 -500.749329 0.8343 0.6883 0.5777
v -46.925964 -80.600555 -500.749329 0.8343 0.6883 0.5777
v -78.925980 -80.600555 -500.749329 0.8343 0.6883 0.5777
v -78.925980 31.399483 -500.749359 0.8343 0.6883 0.5777
v -94.925995 -96.600563 -500.749329 0.8343 0.6883 0.5777
v -126.926010 31.399483 -500.749359 0.8343 0.6883 0.5777
v -78.925980 -96.600563 -500.749329 0.8343 0.6883 0.5777
v -126.926010 -96.600563 -500.749329 0.8343 0.6883 0.5777
v -142.926025 -96.600563 -516.749329 0.8343 0.6883 0.5777
v -142.926025 31.399483 -516.749390 0.8343 0.6883 0.5777
v -126.926010 223.399628 -500.749359 0.8343 0.6883 0.5777
v -126.926010 63.399498 -500.749359 0.8343 0.6883 0.5777
v -142.926025 223.399628 -516.749390 0.8343 0.6883 0.5777
v 129.074112 31.399498 -340.749298 0.8343 0.6883 0.5777
v 129.074112 -96.600540 -340.749268 0.8343 0.6883 0.5777
v 129.074112 -96.600555 -468.749329 0.8343 0.6883 0.5777
v 129.074112 223.399658 -340.749298 0.8343 0.6883 0.5777
v 257.074036 63.399498 -468.749359 0.8343 0.6883 0.5777
v 257.074036 -96.600555 -468.749329 0.8343 0.6883 0.5777
v 257.074036 -96.600540 -340.749268 0.8343 0.6883 0.5777
v 513.074158 63.399513 -340.749298 0.8343 0.6883 0.5777
v 513.074158 63.399498 -468.749359 0.8343 0.6883 0.5777
v 513.074158 31.399498 -340.749298 0.8343 0.6883 0.5777
v 513.074158 -96.600555 -468.749329 0.8343 0.6883 0.5777
v 513.074158 63.399544 -196.749207 0.8343 0.6883 0.5777
v 513.074158 95.399544 -276.749268 0.8343 0.6883 0.5777
v 513.074158 223.399658 -196.749237 0.8343 0.6883 0.5777
v 513.074158 223.399689 27.250872 0.8343 0.6883 0.5777
v 513.074158 223.399689 43.250877 0.8343 0.6883 0.5777
v 513.074158 63.399574 43.250893 0.8343 0.6883 0.5777
v 513.074158 63.399559 27.250891 0.8343 0.6883 0.5777
v 513.074158 63.399544 -180.749207 0.8343 0.6883 0.5777
v 513.074158 223.399658 -180.749237 0.8343 0.6883 0.5777
v 513.074158 -96.600525 -196.749191 0.8343 0.6883 0.5777
v 513.074158 -96.600533 -276.749237 0.8343 0.6883 0.5777
v 513.074158 31.399513 -276.749268 0.8343 0.6883 0.5777
v 513.074158 -96.600510 -52.749130 0.8343 0.6883 0.5777
v 513.074158 31.399529 -196.749207 0.8343 0.6883 0.5777
v 513.074158 31.399544 27.250895 0.8343 0.6883 0.5777
v 513.074158 -96.600471 251.251007 0.8343 0.6883 0.5777
v 513.074158 -96.600479 171.250977 0.8343 0.6883 0.5777
v 513.074158 -96.600494 27.250910 0.8343 0.6883 0.5777
v 513.074158 31.399574 251.250977 0.8343 0.6883 0.5777
v 317.074036 35.399513 -260.749237 0.8343 0.6883 0.5777
v 296.074036 4.399498 -260.749237 0.8343 0.6883 0.5777
v 289.074036 7.399506 -260.749237 0.8343 0.6883 0.5777
v 289.074036 63.399529 -260.749237 0.8343 0.6883 0.5777
v 345.074097 63.399529 -260.749237 0.8343 0.6883 0.5777
v 385.074097 63.399529 -260.749237 0.8343 0.6883 0.5777
v 348.074097 56.399529 -260.749237 0.8343 0.6883 0.5777
v 425.074097 63.399529 -260.749237 0.8343 0.6883 0.5777
v 481.074158 63.399529 -260.749237 0.8343 0.6883 0.5777
v 453.074158 35.399513 -260.749237 0.8343 0.6883 0.5777
v 513.074158 223.399658 -276.749268 0.8343 0.6883 0.5777
v 481.074158 95.399544 -276.749268 0.8343 0.6883 0.5777
v 481.074158 223.399658 -276.749268 0.8343 0.6883 0.5777
v 474.074158 4.399490 -356.749268 0.8343 0.6883 0.5777
v 481.074158 7.399498 -356.749268 0.8343 0.6883 0.5777
v 425.074097 63.399513 -356.749298 0.8343 0.6883 0.5777
v 422.074097 56.399513 -356.749298 0.8343 0.6883 0.5777
v 385.074097 63.399513 -356.749298 0.8343 0.6883 0.5777
v 345.074097 63.399513 -356.749298 0.8343 0.6883 0.5777
v 317.074036 35.399498 -356.749298 0.8343 0.6883 0.5777
v 348.074097 56.399513 -356.749298 0.8343 0.6883 0.5777
v 289.074036 7.399498 -356.749268 0.8343 0.6883 0.5777
v 289.074036 -32.600525 -356.749268 0.8343 0.6883 0.5777
v 481.074158 63.399513 -356.749298 0.8343 0.6883 0.5777
v 481.074158 95.399529 -340.749298 0.8343 0.6883 0.5777
v 257.074036 95.399529 -340.749298 0.8343 0.6883 0.5777
v 481.074158 -32.600525 -356.749268 0.8343 0.6883 0.5777
v 513.074158 -96.600540 -340.749268 0.8343 0.6883 0.5777
v 513.074158 95.399529 -340.749298 0.8343 0.6883 0.5777
v 257.074036 31.399513 -276.749268 0.8343 0.6883 0.5777
v 257.074036 95.399544 -276.749268 0.8343 0.6883 0.5777
v 289.074036 -96.600533 -260.749207 0.8343 0.6883 0.5777
v 257.074036 -96.600533 -276.749237 0.8343 0.6883 0.5777
v 513.074158 63.399529 -276.749268 0.8343 0.6883 0.5777
v 481.074158 -96.600533 -260.749207 0.8343 0.6883 0.5777
v 481.074158 7.399506 -260.749237 0.8343 0.6883 0.5777
v 289.074036 63.399513 -356.749298 0.8343 0.6883 0.5777
v 257.074036 63.399513 -340.749298 0.8343 0.6883 0.5777
v 257.074036 31.399498 -340.749298 0.8343 0.6883 0.5777
v 481.074158 -96.600533 -303.749237 0.8343 0.6883 0.5777
v 481.074158 -32.600517 -303.749237 0.8343 0.6883 0.5777
v 481.074158 -96.600540 -312.749268 0.8343 0.6883 0.5777
v 481.074158 -96.600540 -356.749268 0.8343 0.6883 0.5777
v 289.074036 -96.600540 -356.749268 0.8343 0.6883 0.5777
v 289.074036 -96.600540 -313.749268 0.8343 0.6883 0.5777
v 289.074036 -32.600525 -313.749268 0.8343 0.6883 0.5777
v 289.074036 -96.600540 -304.749237 0.8343 0.6883 0.5777
v 289.074036 -96.600533 -276.749237 0.8343 0.6883 0.5777
v 289.074036 -32.600517 -304.749237 0.8343 0.6883 0.5777
v 296.074036 4.399490 -356.749268 0.8343 0.6883 0.5777
v 289.074036 -32.600517 -260.749237 0.8343 0.6883 0.5777
v 481.074158 -32.600525 -312.749268 0.8343 0.6883 0.5777
v 481.074158 -32.600517 -260.749237 0.8343 0.6883 0.5777
v 474.074158 4.399498 -260.749237 0.8343 0.6883 0.5777
v 296.074036 4.399490 -316.959259 0.8343 0.6883 0.5777
v 317.074036 35.399513 -326.599304 0.8343 0.6883 0.5777
v 296.074036 4.399498 -308.009247 0.8343 0.6883 0.5777
v 474.074158 4.399490 -309.489258 0.8343 0.6883 0.5777
v 453.074158 35.399513 -299.699280 0.8343 0.6883 0.5777
v 474.074158 4.399498 -300.539246 0.8343 0.6883 0.5777
v 453.074158 35.399513 -290.899261 0.8343 0.6883 0.5777
v 317.074036 35.399513 -317.799286 0.8343 0.6883 0.5777
v 348.074097 56.399529 -332.239288 0.8343 0.6883 0.5777
v 422.074097 56.399529 -285.259277 0.8343 0.6883 0.5777
v 453.074158 35.399498 -356.749298 0.8343 0.6883 0.5777
v 422.074097 56.399529 -276.679230 0.8343 0.6883 0.5777
v 422.074097 56.399529 -260.749237 0.8343 0.6883 0.5777
v 348.074097 56.399513 -340.819305 0.8343 0.6883 0.5777
v 374.074097 61.319511 -352.749298 0.8343 0.6883 0.5777
v 385.074097 63.399529 -327.079285 0.8343 0.6883 0.5777
v 377.074097 61.889519 -345.749298 0.8343 0.6883 0.5777
v 372.364136 60.989510 -356.749298 0.8343 0.6883 0.5777
v 396.074097 61.319527 -264.749237 0.8343 0.6883 0.5777
v 397.784180 60.989525 -260.749237 0.8343 0.6883 0.5777
v 393.074097 61.889534 -271.749237 0.8343 0.6883 0.5777
v 385.074097 63.399529 -290.419281 0.8343 0.6883 0.5777
v 257.074036 223.399658 -276.749268 0.8343 0.6883 0.5777
v 257.074036 63.399529 -276.749268 0.8343 0.6883 0.5777
v 193.074142 -96.600533 -276.749237 0.8343 0.6883 0.5777
v 193.074142 223.399658 -276.749268 0.8343 0.6883 0.5777
v 193.074142 63.399529 -276.749268 0.8343 0.6883 0.5777
v 129.074112 63.399513 -340.749298 0.8343 0.6883 0.5777
v 193.074142 31.399513 -276.749268 0.8343 0.6883 0.5777
v -238.926056 31.399513 -292.749268 0.8343 0.6883 0.5777
v -238.926056 -96.600533 -276.749237 0.8343 0.6883 0.5777
v -238.926056 31.399513 -276.749268 0.8343 0.6883 0.5777
v -238.926056 63.399529 -292.749268 0.8343 0.6883 0.5777
v -238.926056 63.399529 -276.749268 0.8343 0.6883 0.5777
v -222.926056 -96.600533 -276.749237 0.8343 0.6883 0.5777
v -238.926056 223.399658 -276.749268 0.8343 0.6883 0.5777
v -126.926010 63.399559 -36.749138 0.8343 0.6883 0.5777
v -110.925995 223.399689 -36.749161 0.8343 0.6883 0.5777
v -190.926041 31.399513 -276.749268 0.8343 0.6883 0.5777
v -190.926041 -96.600533 -276.749237 0.8343 0.6883 0.5777
v -126.926010 -96.600525 -212.749207 0.8343 0.6883 0.5777
v -126.926010 31.399529 -212.749222 0.8343 0.6883 0.5777
v -142.926025 223.399658 -228.749252 0.8343 0.6883 0.5777
v -174.926025 223.399658 -260.749268 0.8343 0.6883 0.5777
v -190.926041 223.399658 -276.749268 0.8343 0.6883 0.5777
v -190.926041 63.399529 -276.749268 0.8343 0.6883 0.5777
v -126.926010 223.399658 -212.749252 0.8343 0.6883 0.5777
v -126.926010 63.399544 -212.749222 0.8343 0.6883 0.5777
v -126.926010 223.399689 -36.749161 0.8343 0.6883 0.5777
v -126.926010 -96.600510 -52.749130 0.8343 0.6883 0.5777
v -126.926010 -96.600502 -36.749123 0.8343 0.6883 0.5777
v -126.926010 31.399544 -36.749138 0.8343 0.6883 0.5777
v -110.925995 31.399544 -36.749138 0.8343 0.6883 0.5777
v -110.925995 -96.600502 -36.749123 0.8343 0.6883 0.5777
v -110.925995 63.399559 -36.749138 0.8343 0.6883 0.5777
v -94.925995 63.399559 -20.749132 0.8343 0.6883 0.5777
v -94.925995 223.399689 -20.749151 0.8343 0.6883 0.5777
v -526.926208 63.399529 -276.749268 0.8343 0.6883 0.5777
v -526.926208 223.399658 -292.749268 0.8343 0.6883 0.5777
v -526.926208 31.399513 -276.749268 0.8343 0.6883 0.5777
v -254.926071 31.399513 -308.749268 0.8343 0.6883 0.5777
v -510.926208 31.399513 -308.749268 0.8343 0.6883 0.5777
v -510.926208 -96.600540 -308.749237 0.8343 0.6883 0.5777
v -286.926086 -96.600540 -308.749237 0.8343 0.6883 0.5777
v -286.926086 31.399513 -308.749268 0.8343 0.6883 0.5777
v -254.926071 223.399658 -308.749268 0.8343 0.6883 0.5777
v -254.926071 63.399529 -308.749268 0.8343 0.6883 0.5777
v -238.926056 223.399658 -292.749268 0.8343 0.6883 0.5777
v -254.926071 -96.600540 -308.749237 0.8343 0.6883 0.5777
v -238.926056 -96.600533 -292.749237 0.8343 0.6883 0.5777
v -526.926208 31.399513 -292.749268 0.8343 0.6883 0.5777
v -526.926208 -32.600517 -292.749237 0.8343 0.6883 0.5777
v -526.926208 -96.600533 -292.749237 0.8343 0.6883 0.5777
v -526.926208 63.399529 -292.749268 0.8343 0.6883 0.5777
v -510.926208 63.399529 -308.749268 0.8343 0.6883 0.5777
v -510.926208 223.399658 -308.749268 0.8343 0.6883 0.5777
v -526.926208 223.399658 -276.749268 0.8343 0.6883 0.5777
v -574.926208 63.399529 -276.749268 0.8343 0.6883 0.5777
v -526.926208 -32.600517 -276.749237 0.8343 0.6883 0.5777
v -574.926208 -32.600517 -276.749237 0.8343 0.6883 0.5777
v -590.926208 223.399658 -260.749268 0.8343 0.6883 0.5777
v -622.926270 223.399658 -228.749252 0.8343 0.6883 0.5777
v -638.926270 223.399658 -212.749252 0.8343 0.6883 0.5777
v -574.926208 223.399658 -276.749268 0.8343 0.6883 0.5777
v -638.926270 31.399529 -212.749222 0.8343 0.6883 0.5777
v -638.926270 -96.600525 -212.749207 0.8343 0.6883 0.5777
v -574.926208 -96.600533 -276.749237 0.8343 0.6883 0.5777
v -574.926208 31.399513 -276.749268 0.8343 0.6883 0.5777
v -94.925995 31.399574 235.250977 0.8343 0.6883 0.5777
v -110.925995 -96.600471 251.251007 0.8343 0.6883 0.5777
v -94.925995 223.399719 235.250977 0.8343 0.6883 0.5777
v -94.925995 63.399590 235.250977 0.8343 0.6883 0.5777
v -110.925995 223.399719 251.250977 0.8343 0.6883 0.5777
v -94.925995 31.399559 155.250961 0.8343 0.6883 0.5777
v -94.925995 -96.600479 203.250992 0.8343 0.6883 0.5777
v -94.925995 -96.600471 235.251007 0.8343 0.6883 0.5777
v -94.925995 31.399574 187.250977 0.8343 0.6883 0.5777
v -94.925995 -80.600471 187.250992 0.8343 0.6883 0.5777
v -94.925995 -96.600479 187.250992 0.8343 0.6883 0.5777
v -94.925995 -80.600487 59.250923 0.8343 0.6883 0.5777
v -94.925995 31.399559 59.250908 0.8343 0.6883 0.5777
v -94.925995 -80.600487 27.250906 0.8343 0.6883 0.5777
v -94.925995 31.399544 11.250887 0.8343 0.6883 0.5777
v -94.925995 31.399544 -20.749128 0.8343 0.6883 0.5777
v -94.925995 -96.600502 -20.749113 0.8343 0.6883 0.5777
v -94.925995 -96.600502 11.250902 0.8343 0.6883 0.5777
v -94.925995 -96.600494 27.250910 0.8343 0.6883 0.5777
v -94.925995 31.399544 27.250895 0.8343 0.6883 0.5777
v -94.925995 -8.600449 151.250946 0.8343 0.6883 0.5777
v -94.925995 -32.600464 155.250961 0.8343 0.6883 0.5777
v -94.925995 -6.600449 155.250961 0.8343 0.6883 0.5777
v -94.925995 31.399559 127.250946 0.8343 0.6883 0.5777
v -94.925995 31.399559 107.250931 0.8343 0.6883 0.5777
v -94.925995 26.399559 125.250946 0.8343 0.6883 0.5777
v -94.925995 31.399559 87.250923 0.8343 0.6883 0.5777
v -94.925995 -6.600464 59.250916 0.8343 0.6883 0.5777
v -94.925995 12.399544 73.250916 0.8343 0.6883 0.5777
v -94.925995 -32.600479 59.250916 0.8343 0.6883 0.5777
v -94.925995 -80.600471 155.250977 0.8343 0.6883 0.5777
v -110.925995 -80.600471 155.250977 0.8343 0.6883 0.5777
v -110.925995 -80.600487 59.250923 0.8343 0.6883 0.5777
v -110.925995 -32.600479 59.250916 0.8343 0.6883 0.5777
v -110.925995 -32.600464 155.250961 0.8343 0.6883 0.5777
v -110.925995 -8.600449 151.250946 0.8343 0.6883 0.5777
v -110.925995 -8.600464 63.250916 0.8343 0.6883 0.5777
v -110.925995 12.399559 141.250946 0.8343 0.6883 0.5777
v -94.925995 -8.600464 63.250916 0.8343 0.6883 0.5777
v -94.925995 12.399559 141.250946 0.8343 0.6883 0.5777
v -110.925995 12.399544 73.250916 0.8343 0.6883 0.5777
v -110.925995 26.399559 89.250923 0.8343 0.6883 0.5777
v -94.925995 26.399559 89.250923 0.8343 0.6883 0.5777
v -110.925995 31.399559 107.250931 0.8343 0.6883 0.5777
v -110.925995 26.399559 125.250946 0.8343 0.6883 0.5777
v -414.926147 63.399681 1003.251282 0.8343 0.6883 0.5777
v -638.926270 63.399681 1003.251282 0.8343 0.6883 0.5777
v -414.926147 223.399811 1003.251282 0.8343 0.6883 0.5777
v -638.926270 223.399811 1003.251282 0.8343 0.6883 0.5777
v -382.926147 -32.600365 1003.251282 0.8343 0.6883 0.5777
v -382.926147 31.399666 1003.251282 0.8343 0.6883 0.5777
v -414.926147 31.399666 1003.251282 0.8343 0.6883 0.5777
v -638.926270 31.399666 1003.251282 0.8343 0.6883 0.5777
v -446.926147 -16.600357 1003.251282 0.8343 0.6883 0.5777
v -414.926147 -24.600357 1003.251282 0.8343 0.6883 0.5777
v 113.074112 7.399643 843.251221 0.8343 0.6883 0.5777
v 113.074112 63.399666 843.251221 0.8343 0.6883 0.5777
v 113.074112 56.399651 784.251160 0.8343 0.6883 0.5777
v 113.074112 63.399651 747.251160 0.8343 0.6883 0.5777
v 113.074112 63.399651 787.251160 0.8343 0.6883 0.5777
v 113.074112 63.399651 707.251160 0.8343 0.6883 0.5777
v 113.074112 56.399651 710.251160 0.8343 0.6883 0.5777
v 113.074112 35.399620 679.251099 0.8343 0.6883 0.5777
v 113.074112 4.399612 658.251099 0.8343 0.6883 0.5777
v 113.074112 7.399620 651.251099 0.8343 0.6883 0.5777
v 129.074112 -96.600426 619.251099 0.8343 0.6883 0.5777
v 129.074112 -96.600449 427.251099 0.8343 0.6883 0.5777
v 129.074112 -72.600433 427.251099 0.8343 0.6883 0.5777
v 129.074112 31.399605 427.251068 0.8343 0.6883 0.5777
v 129.074112 63.399620 427.251068 0.8343 0.6883 0.5777
v 129.074112 223.399750 427.251068 0.8343 0.6883 0.5777
v 129.074112 95.399635 427.251068 0.8343 0.6883 0.5777
v 193.074142 223.399750 363.251038 0.8343 0.6883 0.5777
v 513.074158 63.399605 363.251038 0.8343 0.6883 0.5777
v 513.074158 63.399605 299.251007 0.8343 0.6883 0.5777
v 513.074158 223.399719 299.251007 0.8343 0.6883 0.5777
v 513.074158 223.399750 363.251038 0.8343 0.6883 0.5777
v 474.074158 4.399574 347.251068 0.8343 0.6883 0.5777
v 481.074158 7.399582 347.251068 0.8343 0.6883 0.5777
v 422.074097 56.399605 347.251038 0.8343 0.6883 0.5777
v 348.074097 56.399605 347.251038 0.8343 0.6883 0.5777
v 345.074097 63.399605 347.251038 0.8343 0.6883 0.5777
v 296.074036 4.399574 347.251068 0.8343 0.6883 0.5777
v 193.074142 31.399590 363.251038 0.8343 0.6883 0.5777
v 193.074142 -72.600449 363.251068 0.8343 0.6883 0.5777
v 193.074142 -96.600456 363.251068 0.8343 0.6883 0.5777
v 417.074097 95.399620 363.251038 0.8343 0.6883 0.5777
v 513.074158 95.399620 363.251038 0.8343 0.6883 0.5777
v 417.074097 223.399750 363.251038 0.8343 0.6883 0.5777
v 193.074142 159.399719 363.251038 0.8343 0.6883 0.5777
v 193.074142 95.399620 363.251038 0.8343 0.6883 0.5777
v 193.074142 63.399605 363.251038 0.8343 0.6883 0.5777
v 257.074036 95.399620 363.251038 0.8343 0.6883 0.5777
v 481.074158 -32.600441 347.251068 0.8343 0.6883 0.5777
v 481.074158 -96.600456 347.251068 0.8343 0.6883 0.5777
v 513.074158 -96.600456 363.251068 0.8343 0.6883 0.5777
v 513.074158 31.399590 363.251038 0.8343 0.6883 0.5777
v 289.074036 7.399582 347.251068 0.8343 0.6883 0.5777
v 257.074036 63.399605 363.251038 0.8343 0.6883 0.5777
v 257.074036 31.399590 363.251038 0.8343 0.6883 0.5777
v 257.074036 -96.600456 363.251068 0.8343 0.6883 0.5777
v 289.074036 -96.600456 347.251068 0.8343 0.6883 0.5777
v 481.074158 63.399605 347.251038 0.8343 0.6883 0.5777
v 385.074097 63.399605 347.251038 0.8343 0.6883 0.5777
v 425.074097 63.399605 347.251038 0.8343 0.6883 0.5777
v 481.074158 95.399620 363.251038 0.8343 0.6883 0.5777
v 289.074036 63.399605 347.251038 0.8343 0.6883 0.5777
v 481.074158 -96.600456 363.251068 0.8343 0.6883 0.5777
v 289.074036 -32.600441 347.251068 0.8343 0.6883 0.5777
v 289.074036 -96.600456 363.251068 0.8343 0.6883 0.5777
v 289.074036 -32.600441 363.251068 0.8343 0.6883 0.5777
v 481.074158 -32.600441 363.251068 0.8343 0.6883 0.5777
v 296.074036 4.399574 363.251068 0.8343 0.6883 0.5777
v 317.074036 35.399590 347.251038 0.8343 0.6883 0.5777
v 474.074158 4.399574 363.251068 0.8343 0.6883 0.5777
v 453.074158 35.399590 363.251038 0.8343 0.6883 0.5777
v 317.074036 35.399590 363.251038 0.8343 0.6883 0.5777
v 453.074158 35.399590 347.251038 0.8343 0.6883 0.5777
v 348.074097 56.399605 363.251038 0.8343 0.6883 0.5777
v 385.074097 63.399605 363.251038 0.8343 0.6883 0.5777
v 422.074097 56.399605 363.251038 0.8343 0.6883 0.5777
v 129.074112 31.399620 619.251099 0.8343 0.6883 0.5777
v 129.074112 63.399635 619.251099 0.8343 0.6883 0.5777
v 129.074112 -96.600395 875.251221 0.8343 0.6883 0.5777
v 129.074112 31.399651 875.251221 0.8343 0.6883 0.5777
v 113.074112 63.399666 875.251221 0.8343 0.6883 0.5777
v 129.074112 223.399811 875.251160 0.8343 0.6883 0.5777
v 113.074112 223.399811 875.251160 0.8343 0.6883 0.5777
v 129.074112 95.399651 619.251099 0.8343 0.6883 0.5777
v 129.074112 223.399780 619.251038 0.8343 0.6883 0.5777
v 129.074112 223.399780 651.251038 0.8343 0.6883 0.5777
v 129.074112 95.399651 651.251099 0.8343 0.6883 0.5777
v 129.074112 95.399681 875.251221 0.8343 0.6883 0.5777
v 129.074112 63.399666 875.251221 0.8343 0.6883 0.5777
v 113.074112 63.399635 651.251099 0.8343 0.6883 0.5777
v 113.074112 -96.600403 843.251221 0.8343 0.6883 0.5777
v 129.074112 -96.600403 843.251221 0.8343 0.6883 0.5777
v 129.074112 -32.600380 843.251221 0.8343 0.6883 0.5777
v 129.074112 -96.600426 651.251099 0.8343 0.6883 0.5777
v 113.074112 -96.600426 651.251099 0.8343 0.6883 0.5777
v 113.074112 -32.600403 651.251099 0.8343 0.6883 0.5777
v 129.074112 -32.600403 651.251099 0.8343 0.6883 0.5777
v 113.074112 -32.600380 843.251221 0.8343 0.6883 0.5777
v 113.074112 4.399628 836.251221 0.8343 0.6883 0.5777
v 129.074112 4.399628 836.251221 0.8343 0.6883 0.5777
v 129.074112 35.399651 815.251221 0.8343 0.6883 0.5777
v 113.074112 35.399651 815.251221 0.8343 0.6883 0.5777
v 129.074112 4.399612 658.251099 0.8343 0.6883 0.5777
v 129.074112 35.399620 679.251099 0.8343 0.6883 0.5777
v 129.074112 56.399651 784.251160 0.8343 0.6883 0.5777
v 129.074112 56.399651 710.251160 0.8343 0.6883 0.5777
v 129.074112 63.399651 747.251160 0.8343 0.6883 0.5777
v -126.926010 63.399620 427.251068 0.8343 0.6883 0.5777
v -126.926010 223.399719 251.250977 0.8343 0.6883 0.5777
v -126.926010 31.399574 251.250977 0.8343 0.6883 0.5777
v -126.926010 -96.600471 251.251007 0.8343 0.6883 0.5777
v -190.926041 63.399620 491.251007 0.8343 0.6883 0.5777
v -350.926117 63.399620 491.251007 0.8343 0.6883 0.5777
v -222.926056 223.399750 491.250946 0.8343 0.6883 0.5777
v -190.926041 223.399750 491.250946 0.8343 0.6883 0.5777
v -574.926208 63.399620 491.251007 0.8343 0.6883 0.5777
v -350.926117 223.399750 491.250946 0.8343 0.6883 0.5777
v -190.926041 -96.600441 491.251007 0.8343 0.6883 0.5777
v -254.926071 -96.600441 491.251007 0.8343 0.6883 0.5777
v -350.926117 31.399605 491.251007 0.8343 0.6883 0.5777
v -350.926117 -96.600441 491.251007 0.8343 0.6883 0.5777
v -574.926208 31.399605 491.251007 0.8343 0.6883 0.5777
v -574.926208 -96.600441 491.251007 0.8343 0.6883 0.5777
v -638.926270 -96.600449 427.251099 0.8343 0.6883 0.5777
v -638.926270 223.399750 427.251068 0.8343 0.6883 0.5777
v -590.926208 223.399750 475.251099 0.8343 0.6883 0.5777
v -574.926208 223.399750 491.250946 0.8343 0.6883 0.5777
v -142.926025 223.399750 443.251068 0.8343 0.6883 0.5777
v -126.926010 223.399750 427.251068 0.8343 0.6883 0.5777
v -126.926010 31.399605 427.251068 0.8343 0.6883 0.5777
v -126.926010 -96.600449 427.251099 0.8343 0.6883 0.5777
v -190.926041 31.399605 491.251007 0.8343 0.6883 0.5777
v -350.926117 -96.600433 587.251099 0.8343 0.6883 0.5777
v -254.926071 -96.600433 587.251099 0.8343 0.6883 0.5777
v -414.926147 -96.600433 587.251099 0.8343 0.6883 0.5777
v -414.926147 -56.600410 587.251099 0.8343 0.6883 0.5777
v -429.124603 -53.050797 587.251099 0.8343 0.6883 0.5777
v -638.926270 -96.600433 587.251099 0.8343 0.6883 0.5777
v -478.926178 -96.600433 587.251099 0.8343 0.6883 0.5777
v -254.926071 -64.600418 587.251099 0.8343 0.6883 0.5777
v -254.926071 -64.600410 619.251099 0.8343 0.6883 0.5777
v -638.926270 31.399620 587.251099 0.8343 0.6883 0.5777
v -421.614258 -22.928375 587.251099 0.8343 0.6883 0.5777
v -414.926147 -24.600403 587.251099 0.8343 0.6883 0.5777
v -414.926147 -24.600403 619.251099 0.8343 0.6883 0.5777
v -421.614258 -22.928375 619.251099 0.8343 0.6883 0.5777
v -638.926270 31.399620 619.251099 0.8343 0.6883 0.5777
v 1.074051 223.399811 875.251160 0.8343 0.6883 0.5777
v 1.074051 63.399666 875.251221 0.8343 0.6883 0.5777
v -254.926071 63.399666 875.251221 0.8343 0.6883 0.5777
v -254.926071 223.399811 875.251160 0.8343 0.6883 0.5777
v -94.925995 -96.600395 875.251221 0.8343 0.6883 0.5777
v 113.074112 -96.600395 875.251221 0.8343 0.6883 0.5777
v 113.074112 31.399651 875.251221 0.8343 0.6883 0.5777
v -94.925995 31.399651 875.251221 0.8343 0.6883 0.5777
v -318.926086 31.399651 875.251221 0.8343 0.6883 0.5777
v -318.926086 -80.600388 875.251221 0.8343 0.6883 0.5777
v -254.926071 -96.600395 875.251221 0.8343 0.6883 0.5777
v -110.925995 -96.600395 875.251221 0.8343 0.6883 0.5777
v -334.926117 223.399811 891.251160 0.8343 0.6883 0.5777
v -366.926117 223.399811 923.251160 0.8343 0.6883 0.5777
v -382.926147 63.399681 939.251282 0.8343 0.6883 0.5777
v -318.926086 63.399666 875.251221 0.8343 0.6883 0.5777
v -318.926086 223.399811 875.251160 0.8343 0.6883 0.5777
v -382.926147 -48.600365 939.251282 0.8343 0.6883 0.5777
v -382.926147 31.399666 939.251282 0.8343 0.6883 0.5777
v -382.926147 63.399681 1003.251282 0.8343 0.6883 0.5777
v -382.926147 223.399811 939.251221 0.8343 0.6883 0.5777
v -382.926147 223.399811 1003.251282 0.8343 0.6883 0.5777
v -1854.926880 -64.600601 -948.749634 0.8343 0.6883 0.5777
v -1854.926880 15.399422 -948.749634 0.8343 0.6883 0.5777
v -1854.926880 79.399467 -948.749634 0.8343 0.6883 0.5777
v -1854.926880 95.399467 -948.749634 0.8343 0.6883 0.5777
v -1854.926880 -64.600571 -756.749573 0.8343 0.6883 0.5777
v -1662.926880 -96.600563 -500.749329 0.8343 0.6883 0.5777
v -1678.926880 -32.600548 -500.749329 0.8343 0.6883 0.5777
v -1022.926575 -96.600563 -500.749329 0.8343 0.6883 0.5777
v -830.926453 223.399597 -660.749573 0.8343 0.6883 0.5777
v -830.926453 127.399513 -660.749512 0.8343 0.6883 0.5777
v -830.926453 63.399483 -660.749512 0.8343 0.6883 0.5777
v -766.926331 255.399628 -660.749573 0.8343 0.6883 0.5777
v -766.926331 63.399483 -660.749512 0.8343 0.6883 0.5777
v -830.926453 159.399567 -660.749573 0.8343 0.6883 0.5777
v -766.926331 159.399567 -788.749634 0.8343 0.6883 0.5777
v -766.926331 255.399628 -788.749634 0.8343 0.6883 0.5777
v -814.926453 255.399628 -788.749634 0.8343 0.6883 0.5777
v -798.926453 191.399567 -1012.749756 0.8343 0.6883 0.5777
v -798.926453 223.399567 -1012.749756 0.8343 0.6883 0.5777
v -798.926453 223.399536 -1172.749756 0.8343 0.6883 0.5777
v -798.926453 223.399597 -788.749634 0.8343 0.6883 0.5777
v -766.926331 63.399422 -1108.749756 0.8343 0.6883 0.5777
v -766.926331 63.399437 -1012.749695 0.8343 0.6883 0.5777
v -798.926453 191.399536 -1172.749756 0.8343 0.6883 0.5777
v -766.926331 63.399452 -884.749634 0.8343 0.6883 0.5777
v -766.926331 63.399467 -788.749573 0.8343 0.6883 0.5777
v -798.926453 191.399597 -788.749634 0.8343 0.6883 0.5777
v -846.926514 255.399628 -660.749573 0.8343 0.6883 0.5777
v -830.926453 255.399628 -660.749573 0.8343 0.6883 0.5777
v -830.926453 127.399513 -596.749451 0.8343 0.6883 0.5777
v -830.926453 63.399483 -596.749451 0.8343 0.6883 0.5777
v -894.926514 127.399529 -532.749329 0.8343 0.6883 0.5777
v -894.926514 63.399498 -532.749329 0.8343 0.6883 0.5777
v -1022.926575 127.399529 -532.749329 0.8343 0.6883 0.5777
v -1022.926575 95.399513 -532.749329 0.8343 0.6883 0.5777
v -1006.926575 63.399498 -500.749359 0.8343 0.6883 0.5777
v -1022.926575 63.399498 -532.749329 0.8343 0.6883 0.5777
v -766.926331 31.399422 -1012.749695 0.8343 0.6883 0.5777
v -766.926331 31.399406 -1108.749756 0.8343 0.6883 0.5777
v -766.926331 -136.600632 -948.749634 0.8343 0.6883 0.5777
v -766.926331 -96.600594 -788.749573 0.8343 0.6883 0.5777
v -766.926331 31.399452 -788.749573 0.8343 0.6883 0.5777
v -766.926331 31.399437 -884.749634 0.8343 0.6883 0.5777
v -766.926331 -152.600647 -1012.749695 0.8343 0.6883 0.5777
v -766.926331 -96.600578 -660.749512 0.8343 0.6883 0.5777
v -766.926331 31.399467 -660.749512 0.8343 0.6883 0.5777
v -990.926575 -96.600563 -532.749329 0.8343 0.6883 0.5777
v -1022.926575 -96.600563 -532.749329 0.8343 0.6883 0.5777
v -1022.926575 31.399483 -532.749329 0.8343 0.6883 0.5777
v -830.926453 31.399467 -596.749451 0.8343 0.6883 0.5777
v -830.926453 -96.600571 -596.749451 0.8343 0.6883 0.5777
v -894.926514 -96.600563 -532.749329 0.8343 0.6883 0.5777
v -894.926514 31.399483 -532.749329 0.8343 0.6883 0.5777
v -1006.926575 -96.600563 -500.749329 0.8343 0.6883 0.5777
v -1006.926575 -32.600548 -500.749329 0.8343 0.6883 0.5777
v -1006.926575 7.399475 -500.749329 0.8343 0.6883 0.5777
v -1006.926575 31.399483 -500.749359 0.8343 0.6883 0.5777
v -1822.926880 95.399452 -980.749695 0.8343 0.6883 0.5777
v -1822.926880 -32.600601 -980.749695 0.8343 0.6883 0.5777
v -1790.926880 -32.600601 -980.749695 0.8343 0.6883 0.5777
v -1790.926880 -32.600609 -1044.749756 0.8343 0.6883 0.5777
v -1790.926880 95.399452 -980.749695 0.8343 0.6883 0.5777
v -1790.926880 79.399452 -1082.749756 0.8343 0.6883 0.5777
v -1790.926880 60.399437 -1063.749756 0.8343 0.6883 0.5777
v -1790.926880 79.399452 -1044.749756 0.8343 0.6883 0.5777
v -1790.926880 41.399422 -1044.749756 0.8343 0.6883 0.5777
v -1790.926880 95.399452 -1044.749756 0.8343 0.6883 0.5777
v -1790.926880 95.399437 -1172.749756 0.8343 0.6883 0.5777
v -1534.926758 -32.600609 -1044.749756 0.8343 0.6883 0.5777
v -1790.926880 15.399414 -1044.749756 0.8343 0.6883 0.5777
v -1566.926758 -32.600609 -1044.749756 0.8343 0.6883 0.5777
v -1566.926758 15.399414 -1044.749756 0.8343 0.6883 0.5777
v -1422.926758 -32.600609 -1044.749756 0.8343 0.6883 0.5777
v -1534.926758 79.399452 -1044.749756 0.8343 0.6883 0.5777
v -1534.926758 95.399452 -1044.749756 0.8343 0.6883 0.5777
v -1534.926758 95.399437 -1172.749756 0.8343 0.6883 0.5777
v -1534.926758 41.399422 -1044.749756 0.8343 0.6883 0.5777
v -1534.926758 60.399437 -1063.749756 0.8343 0.6883 0.5777
v -1534.926758 79.399452 -1082.749756 0.8343 0.6883 0.5777
v -1422.926758 95.399452 -1044.749756 0.8343 0.6883 0.5777
v -1374.926636 -32.600609 -1060.749756 0.8343 0.6883 0.5777
v -1374.926636 95.399452 -1060.749756 0.8343 0.6883 0.5777
v -1294.926636 95.399437 -1140.749756 0.8343 0.6883 0.5777
v -1294.926636 -32.600624 -1140.749756 0.8343 0.6883 0.5777
v -1284.260010 -32.600624 -1172.749756 0.8343 0.6883 0.5777
v -1284.260010 95.399437 -1172.749756 0.8343 0.6883 0.5777
v -1326.926636 -32.600616 -1092.749756 0.8343 0.6883 0.5777
v -1326.926636 95.399452 -1092.749756 0.8343 0.6883 0.5777
v -1310.926636 95.399437 -1116.749756 0.8343 0.6883 0.5777
v -1758.926880 79.399452 -1082.749756 0.8343 0.6883 0.5777
v -1758.926880 79.399452 -1044.749756 0.8343 0.6883 0.5777
v -1758.926880 95.399452 -1044.749756 0.8343 0.6883 0.5777
v -1758.926880 15.399414 -1044.749756 0.8343 0.6883 0.5777
v -1758.926880 41.399422 -1044.749756 0.8343 0.6883 0.5777
v -1758.926880 79.399437 -1108.749756 0.8343 0.6883 0.5777
v -1566.926758 95.399452 -1044.749756 0.8343 0.6883 0.5777
v -1566.926758 41.399422 -1044.749756 0.8343 0.6883 0.5777
v -1566.926758 79.399452 -1044.749756 0.8343 0.6883 0.5777
v -1566.926758 79.399437 -1108.749756 0.8343 0.6883 0.5777
v -1566.926758 79.399452 -1082.749756 0.8343 0.6883 0.5777
v -1534.926758 79.399437 -1108.749756 0.8343 0.6883 0.5777
v -1534.926758 79.399437 -1172.749756 0.8343 0.6883 0.5777
v -1534.926758 15.399414 -1044.749756 0.8343 0.6883 0.5777
v -1534.926758 39.399422 -1049.749756 0.8343 0.6883 0.5777
v -1566.926758 39.399422 -1049.749756 0.8343 0.6883 0.5777
v -1566.926758 74.399437 -1084.749756 0.8343 0.6883 0.5777
v -1534.926758 74.399437 -1084.749756 0.8343 0.6883 0.5777
v -1566.926758 60.399437 -1063.749756 0.8343 0.6883 0.5777
v -1758.926880 79.399437 -1172.749756 0.8343 0.6883 0.5777
v -1790.926880 79.399437 -1108.749756 0.8343 0.6883 0.5777
v -1790.926880 74.399437 -1084.749756 0.8343 0.6883 0.5777
v -1758.926880 74.399437 -1084.749756 0.8343 0.6883 0.5777
v -1790.926880 39.399422 -1049.749756 0.8343 0.6883 0.5777
v -1758.926880 39.399422 -1049.749756 0.8343 0.6883 0.5777
v -1758.926880 60.399437 -1063.749756 0.8343 0.6883 0.5777
v -1422.926758 -96.600624 -1044.749756 0.8343 0.6883 0.5777
v -1470.926758 -64.600609 -1044.749756 0.8343 0.6883 0.5777
v -1470.926758 -96.600624 -1044.749756 0.8343 0.6883 0.5777
v -1294.926636 -160.600662 -1140.749756 0.8343 0.6883 0.5777
v -1326.926636 -64.600616 -1092.749756 0.8343 0.6883 0.5777
v -1326.926636 -128.600647 -1092.749756 0.8343 0.6883 0.5777
v -1326.926636 -144.600647 -1092.749756 0.8343 0.6883 0.5777
v -1294.926636 -144.600662 -1140.749756 0.8343 0.6883 0.5777
v -1294.926636 -64.600616 -1140.749756 0.8343 0.6883 0.5777
v -1374.926636 -128.600647 -1060.749756 0.8343 0.6883 0.5777
v -1422.926758 -64.600609 -1044.749756 0.8343 0.6883 0.5777
v -1422.926758 -112.600632 -1044.749756 0.8343 0.6883 0.5777
v -1374.926636 -112.600632 -1060.749756 0.8343 0.6883 0.5777
v -1374.926636 -64.600616 -1060.749756 0.8343 0.6883 0.5777
v -1470.926758 -80.600616 -1044.749756 0.8343 0.6883 0.5777
v -1502.926758 -64.600609 -1044.749756 0.8343 0.6883 0.5777
v -1502.926758 -80.600616 -1044.749756 0.8343 0.6883 0.5777
v -1662.926880 -0.600533 -532.749329 0.8343 0.6883 0.5777
v -1662.926880 -0.600555 -724.749573 0.8343 0.6883 0.5777
v -1662.926880 111.399498 -724.749573 0.8343 0.6883 0.5777
v -1662.926880 207.399597 -724.749634 0.8343 0.6883 0.5777
v -1662.926880 223.399597 -724.749634 0.8343 0.6883 0.5777
v -1662.926880 223.399628 -532.749390 0.8343 0.6883 0.5777
v -1854.926880 79.399483 -724.749573 0.8343 0.6883 0.5777
v -1854.926880 111.399498 -724.749573 0.8343 0.6883 0.5777
v -1662.926880 -64.600571 -724.749573 0.8343 0.6883 0.5777
v -1790.926880 -64.600571 -724.749573 0.8343 0.6883 0.5777
v -1854.926880 -64.600571 -724.749573 0.8343 0.6883 0.5777
v -1854.926880 207.399597 -724.749634 0.8343 0.6883 0.5777
v -1662.926880 223.399628 -500.749359 0.8343 0.6883 0.5777
v -1678.926880 7.399475 -500.749329 0.8343 0.6883 0.5777
v -1678.926880 -96.600563 -500.749329 0.8343 0.6883 0.5777
v -1662.926880 -96.600563 -532.749329 0.8343 0.6883 0.5777
v -1662.926880 -64.600548 -532.749329 0.8343 0.6883 0.5777
v -1662.926880 95.399513 -532.749329 0.8343 0.6883 0.5777
v -1662.926880 95.399513 -500.749359 0.8343 0.6883 0.5777
v -1262.926636 63.399590 251.250977 0.8343 0.6883 0.5777
v -1262.926636 223.399719 251.250977 0.8343 0.6883 0.5777
v -766.926331 -32.600464 171.250961 0.8343 0.6883 0.5777
v -766.926331 -96.600479 171.250977 0.8343 0.6883 0.5777
v -766.926331 -96.600510 -52.749130 0.8343 0.6883 0.5777
v -766.926331 -96.600494 43.250916 0.8343 0.6883 0.5777
v -766.926331 31.399544 11.250887 0.8343 0.6883 0.5777
v -766.926331 31.399544 -20.749128 0.8343 0.6883 0.5777
v -766.926331 31.399529 -148.749191 0.8343 0.6883 0.5777
v -766.926331 -96.600517 -148.749176 0.8343 0.6883 0.5777
v -766.926331 31.399559 59.250908 0.8343 0.6883 0.5777
v -766.926331 31.399559 43.250900 0.8343 0.6883 0.5777
v -766.926331 -32.600479 43.250908 0.8343 0.6883 0.5777
v -766.926331 -32.600479 59.250916 0.8343 0.6883 0.5777
v -766.926331 31.399574 171.250961 0.8343 0.6883 0.5777
v -766.926331 31.399559 123.250946 0.8343 0.6883 0.5777
v -766.926331 -32.600471 123.250946 0.8343 0.6883 0.5777
v -766.926331 63.399559 -20.749132 0.8343 0.6883 0.5777
v -638.926270 223.399689 -20.749151 0.8343 0.6883 0.5777
v -766.926331 223.399689 -20.749151 0.8343 0.6883 0.5777
v -830.926453 223.399689 -148.749207 0.8343 0.6883 0.5777
v -830.926453 255.399719 -148.749222 0.8343 0.6883 0.5777
v -846.926514 255.399719 -148.749222 0.8343 0.6883 0.5777
v -766.926331 63.399544 -148.749191 0.8343 0.6883 0.5777
v -766.926331 255.399719 -148.749222 0.8343 0.6883 0.5777
v -830.926453 159.399597 -500.749359 0.8343 0.6883 0.5777
v -830.926453 223.399658 -372.749298 0.8343 0.6883 0.5777
v -830.926453 223.399628 -500.749359 0.8343 0.6883 0.5777
v -830.926453 159.399628 -372.749298 0.8343 0.6883 0.5777
v -830.926453 159.399658 -148.749207 0.8343 0.6883 0.5777
v -1022.926575 127.399559 -276.749268 0.8343 0.6883 0.5777
v -990.926575 -96.600533 -276.749237 0.8343 0.6883 0.5777
v -894.926514 -96.600533 -276.749237 0.8343 0.6883 0.5777
v -1022.926575 95.399513 -500.749359 0.8343 0.6883 0.5777
v -1022.926575 95.399544 -276.749268 0.8343 0.6883 0.5777
v -1022.926575 127.399544 -404.749329 0.8343 0.6883 0.5777
v -1022.926575 127.399529 -500.749359 0.8343 0.6883 0.5777
v -1006.926575 4.399490 -315.749268 0.8343 0.6883 0.5777
v -1006.926575 7.399498 -308.749237 0.8343 0.6883 0.5777
v -1006.926575 63.399529 -308.749268 0.8343 0.6883 0.5777
v -1006.926575 63.399513 -364.749298 0.8343 0.6883 0.5777
v -1006.926575 35.399513 -336.749298 0.8343 0.6883 0.5777
v -1006.926575 56.399513 -441.749359 0.8343 0.6883 0.5777
v -1006.926575 63.399513 -444.749359 0.8343 0.6883 0.5777
v -1006.926575 35.399483 -472.749359 0.8343 0.6883 0.5777
v -1022.926575 -96.600540 -308.749237 0.8343 0.6883 0.5777
v -1022.926575 -32.600517 -308.749237 0.8343 0.6883 0.5777
v -1022.926575 -32.600548 -500.749329 0.8343 0.6883 0.5777
v -1006.926575 -32.600517 -308.749237 0.8343 0.6883 0.5777
v -1006.926575 4.399475 -493.749329 0.8343 0.6883 0.5777
v -1022.926575 4.399475 -493.749329 0.8343 0.6883 0.5777
v -1022.926575 4.399490 -315.749268 0.8343 0.6883 0.5777
v -1022.926575 35.399483 -472.749359 0.8343 0.6883 0.5777
v -1006.926575 56.399513 -367.749298 0.8343 0.6883 0.5777
v -1022.926575 56.399513 -367.749298 0.8343 0.6883 0.5777
v -1022.926575 35.399513 -336.749298 0.8343 0.6883 0.5777
v -1022.926575 56.399513 -441.749359 0.8343 0.6883 0.5777
v -1006.926575 63.399513 -404.749329 0.8343 0.6883 0.5777
v -1022.926575 63.399513 -404.749329 0.8343 0.6883 0.5777
v -1022.926575 31.399513 -276.749268 0.8343 0.6883 0.5777
v -1022.926575 63.399529 -276.749268 0.8343 0.6883 0.5777
v -1006.926575 -96.600540 -308.749237 0.8343 0.6883 0.5777
v -1022.926575 -96.600533 -276.749237 0.8343 0.6883 0.5777
v -830.926453 127.399574 -212.749237 0.8343 0.6883 0.5777
v -830.926453 63.399544 -212.749222 0.8343 0.6883 0.5777
v -830.926453 63.399544 -148.749191 0.8343 0.6883 0.5777
v -830.926453 127.399574 -148.749207 0.8343 0.6883 0.5777
v -894.926514 127.399559 -276.749268 0.8343 0.6883 0.5777
v -894.926514 63.399529 -276.749268 0.8343 0.6883 0.5777
v -894.926514 31.399513 -276.749268 0.8343 0.6883 0.5777
v -830.926453 -96.600525 -212.749207 0.8343 0.6883 0.5777
v -830.926453 31.399529 -212.749222 0.8343 0.6883 0.5777
v -1214.926636 223.399719 235.250977 0.8343 0.6883 0.5777
v -1214.926636 63.399590 235.250977 0.8343 0.6883 0.5777
v -1262.926636 63.399590 235.250977 0.8343 0.6883 0.5777
v -1262.926636 223.399719 235.250977 0.8343 0.6883 0.5777
v -1214.926636 223.399719 251.250977 0.8343 0.6883 0.5777
v -1790.926880 -64.600471 107.250946 0.8343 0.6883 0.5777
v -1790.926880 -0.600456 107.250931 0.8343 0.6883 0.5777
v -1790.926880 31.399559 107.250931 0.8343 0.6883 0.5777
v -1854.926880 31.399559 107.250931 0.8343 0.6883 0.5777
v -1854.926880 -72.600479 107.250946 0.8343 0.6883 0.5777
v -1662.926880 63.399544 -164.749191 0.8343 0.6883 0.5777
v -1678.926880 -96.600517 -164.749176 0.8343 0.6883 0.5777
v -1662.926880 31.399529 -164.749191 0.8343 0.6883 0.5777
v -1678.926880 63.399498 -500.749359 0.8343 0.6883 0.5777
v -1678.926880 63.399513 -444.749359 0.8343 0.6883 0.5777
v -1678.926880 56.399513 -441.749359 0.8343 0.6883 0.5777
v -1678.926880 56.399513 -367.749298 0.8343 0.6883 0.5777
v -1678.926880 63.399529 -308.749268 0.8343 0.6883 0.5777
v -1678.926880 35.399513 -336.749298 0.8343 0.6883 0.5777
v -1678.926880 7.399498 -308.749237 0.8343 0.6883 0.5777
v -1678.926880 4.399490 -315.749268 0.8343 0.6883 0.5777
v -1662.926880 223.399658 -388.749329 0.8343 0.6883 0.5777
v -1662.926880 223.399658 -276.749268 0.8343 0.6883 0.5777
v -1662.926880 -96.600517 -164.749176 0.8343 0.6883 0.5777
v -1662.926880 -96.600525 -180.749191 0.8343 0.6883 0.5777
v -1662.926880 -0.600487 -164.749191 0.8343 0.6883 0.5777
v -1662.926880 95.399544 -276.749268 0.8343 0.6883 0.5777
v -1662.926880 223.399658 -164.749222 0.8343 0.6883 0.5777
v -1678.926880 63.399513 -364.749298 0.8343 0.6883 0.5777
v -1678.926880 -32.600517 -308.749237 0.8343 0.6883 0.5777
v -1678.926880 -96.600540 -308.749237 0.8343 0.6883 0.5777
v -1662.926880 -96.600540 -308.749237 0.8343 0.6883 0.5777
v -1662.926880 -32.600548 -500.749329 0.8343 0.6883 0.5777
v -1678.926880 4.399475 -493.749329 0.8343 0.6883 0.5777
v -1662.926880 4.399475 -493.749329 0.8343 0.6883 0.5777
v -1662.926880 -32.600517 -308.749237 0.8343 0.6883 0.5777
v -1662.926880 4.399490 -315.749268 0.8343 0.6883 0.5777
v -1678.926880 35.399483 -472.749359 0.8343 0.6883 0.5777
v -1662.926880 35.399483 -472.749359 0.8343 0.6883 0.5777
v -1662.926880 56.399513 -367.749298 0.8343 0.6883 0.5777
v -1662.926880 35.399513 -336.749298 0.8343 0.6883 0.5777
v -1662.926880 56.399513 -441.749359 0.8343 0.6883 0.5777
v -1662.926880 63.399513 -404.749329 0.8343 0.6883 0.5777
v -1678.926880 63.399513 -404.749329 0.8343 0.6883 0.5777
v -1662.926880 -0.600502 -276.749237 0.8343 0.6883 0.5777
v -1662.926880 -96.600533 -276.749237 0.8343 0.6883 0.5777
v -1694.926880 31.399559 107.250931 0.8343 0.6883 0.5777
v -1694.926880 -0.600456 107.250931 0.8343 0.6883 0.5777
v -1694.926880 -0.600464 11.250891 0.8343 0.6883 0.5777
v -1694.926880 -0.600479 -84.749153 0.8343 0.6883 0.5777
v -1694.926880 31.399544 -84.749161 0.8343 0.6883 0.5777
v -1694.926880 -96.600510 -84.749146 0.8343 0.6883 0.5777
v -1694.926880 31.399529 -116.749176 0.8343 0.6883 0.5777
v -1694.926880 223.399689 -148.749207 0.8343 0.6883 0.5777
v -1694.926880 63.399544 -148.749191 0.8343 0.6883 0.5777
v -1678.926880 63.399544 -164.749191 0.8343 0.6883 0.5777
v -1678.926880 223.399658 -164.749222 0.8343 0.6883 0.5777
v -1694.926880 31.399529 -148.749191 0.8343 0.6883 0.5777
v -1694.926880 -96.600517 -148.749176 0.8343 0.6883 0.5777
v -1678.926880 31.399529 -164.749191 0.8343 0.6883 0.5777
v -1550.926758 223.399719 251.250977 0.8343 0.6883 0.5777
v -1550.926758 63.399590 251.250977 0.8343 0.6883 0.5777
v -1550.926758 63.399590 235.250977 0.8343 0.6883 0.5777
v -1550.926758 223.399719 235.250977 0.8343 0.6883 0.5777
v -1662.926880 63.399590 203.250977 0.8343 0.6883 0.5777
v -1646.926758 223.399719 219.250961 0.8343 0.6883 0.5777
v -1630.926758 223.399719 235.250977 0.8343 0.6883 0.5777
v -1630.926758 63.399590 235.250977 0.8343 0.6883 0.5777
v -1662.926880 223.399719 203.250946 0.8343 0.6883 0.5777
v -1678.926880 63.399574 123.250946 0.8343 0.6883 0.5777
v -1854.926880 63.399574 123.250946 0.8343 0.6883 0.5777
v -1854.926880 63.399574 107.250931 0.8343 0.6883 0.5777
v -1662.926880 63.399574 123.250946 0.8343 0.6883 0.5777
v -1678.926880 223.399719 123.250916 0.8343 0.6883 0.5777
v -1662.926880 223.399719 123.250916 0.8343 0.6883 0.5777
v -1694.926880 63.399574 107.250931 0.8343 0.6883 0.5777
v -1694.926880 223.399719 107.250900 0.8343 0.6883 0.5777
v -1982.927002 15.399422 -980.749695 0.8343 0.6883 0.5777
v -1977.927002 39.399422 -980.749695 0.8343 0.6883 0.5777
v -1982.927002 41.399422 -980.749695 0.8343 0.6883 0.5777
v -1963.927002 60.399437 -980.749695 0.8343 0.6883 0.5777
v -1942.927002 74.399437 -980.749695 0.8343 0.6883 0.5777
v -1944.927002 79.399452 -980.749695 0.8343 0.6883 0.5777
v -1892.926880 79.399452 -980.749695 0.8343 0.6883 0.5777
v -1894.926880 74.399437 -980.749695 0.8343 0.6883 0.5777
v -1873.926880 60.399437 -980.749695 0.8343 0.6883 0.5777
v -1859.926880 39.399422 -980.749695 0.8343 0.6883 0.5777
v -1854.926880 41.399422 -980.749695 0.8343 0.6883 0.5777
v -1854.926880 79.399452 -980.749695 0.8343 0.6883 0.5777
v -1854.926880 15.399422 -980.749695 0.8343 0.6883 0.5777
v -1982.927002 95.399452 -980.749695 0.8343 0.6883 0.5777
v -1982.927002 79.399452 -980.749695 0.8343 0.6883 0.5777
v -1918.926880 79.399452 -980.749695 0.8343 0.6883 0.5777
v -1854.926880 95.399452 -980.749695 0.8343 0.6883 0.5777
v -2014.927002 -32.600601 -980.749695 0.8343 0.6883 0.5777
v -2014.927002 95.399452 -980.749695 0.8343 0.6883 0.5777
v -2046.927002 95.399437 -1108.749756 0.8343 0.6883 0.5777
v -2046.927002 -32.600616 -1108.749756 0.8343 0.6883 0.5777
v -2046.927002 -32.600601 -980.749695 0.8343 0.6883 0.5777
v -2046.927002 95.399452 -980.749695 0.8343 0.6883 0.5777
v -2055.927002 95.399437 -1140.749756 0.8343 0.6883 0.5777
v -2110.927002 95.399437 -1172.749756 0.8343 0.6883 0.5777
v -2110.927002 -32.600624 -1172.749756 0.8343 0.6883 0.5777
v -2078.927002 95.399437 -1163.749756 0.8343 0.6883 0.5777
v -2078.927002 -32.600624 -1163.749756 0.8343 0.6883 0.5777
v -2055.927002 -32.600624 -1140.749756 0.8343 0.6883 0.5777
v -2334.927246 287.399658 -564.749512 0.8343 0.6883 0.5777
v -2302.927246 63.399498 -532.749329 0.8343 0.6883 0.5777
v -2302.927246 287.399658 -532.749390 0.8343 0.6883 0.5777
v -2302.927246 31.399483 -532.749329 0.8343 0.6883 0.5777
v -2302.927246 31.399483 -564.749451 0.8343 0.6883 0.5777
v -2302.927246 -64.600555 -564.749451 0.8343 0.6883 0.5777
v -2302.927246 31.399467 -660.749512 0.8343 0.6883 0.5777
v -2302.927246 63.399483 -660.749512 0.8343 0.6883 0.5777
v -2270.927246 287.399628 -660.749573 0.8343 0.6883 0.5777
v -2270.927246 63.399483 -660.749512 0.8343 0.6883 0.5777
v -2302.927246 63.399483 -660.749512 0.8343 0.6883 0.5777
v -2110.927002 -64.600563 -660.749512 0.8343 0.6883 0.5777
v -2206.927246 -64.600563 -660.749512 0.8343 0.6883 0.5777
v -2206.927246 63.399483 -660.749512 0.8343 0.6883 0.5777
v -2270.927246 31.399467 -660.749512 0.8343 0.6883 0.5777
v -2238.927246 63.399483 -660.749512 0.8343 0.6883 0.5777
v -2206.927246 31.399467 -660.749512 0.8343 0.6883 0.5777
v -2238.927246 287.399628 -660.749573 0.8343 0.6883 0.5777
v -1886.926880 207.399597 -724.749634 0.8343 0.6883 0.5777
v -1854.926880 223.399597 -724.749634 0.8343 0.6883 0.5777
v -2046.927002 -64.600571 -724.749573 0.8343 0.6883 0.5777
v -2078.927002 -64.600571 -724.749573 0.8343 0.6883 0.5777
v -2094.927002 -64.600571 -724.749573 0.8343 0.6883 0.5777
v -2094.927002 63.399467 -724.749573 0.8343 0.6883 0.5777
v -1982.927002 95.399483 -724.749573 0.8343 0.6883 0.5777
v -1982.927002 41.399452 -724.749573 0.8343 0.6883 0.5777
v -1982.927002 15.399452 -724.749573 0.8343 0.6883 0.5777
v -1982.927002 -64.600571 -724.749573 0.8343 0.6883 0.5777
v -1977.927002 39.399452 -724.749573 0.8343 0.6883 0.5777
v -1982.927002 79.399483 -724.749573 0.8343 0.6883 0.5777
v -1963.927002 60.399467 -724.749573 0.8343 0.6883 0.5777
v -1944.927002 79.399483 -724.749573 0.8343 0.6883 0.5777
v -1942.927002 74.399467 -724.749573 0.8343 0.6883 0.5777
v -1894.926880 74.399467 -724.749573 0.8343 0.6883 0.5777
v -1854.926880 41.399452 -724.749573 0.8343 0.6883 0.5777
v -1859.926880 39.399452 -724.749573 0.8343 0.6883 0.5777
v -1873.926880 60.399467 -724.749573 0.8343 0.6883 0.5777
v -1854.926880 15.399452 -724.749573 0.8343 0.6883 0.5777
v -1854.926880 95.399483 -724.749573 0.8343 0.6883 0.5777
v -1892.926880 79.399483 -724.749573 0.8343 0.6883 0.5777
v -1918.926880 79.399483 -724.749573 0.8343 0.6883 0.5777
v -1886.926880 111.399498 -724.749573 0.8343 0.6883 0.5777
v -2094.927002 255.399628 -740.749634 0.8343 0.6883 0.5777
v -2094.927002 223.399597 -724.749634 0.8343 0.6883 0.5777
v -2094.927002 255.399628 -788.749634 0.8343 0.6883 0.5777
v -2094.927002 287.399628 -756.749634 0.8343 0.6883 0.5777
v -2094.927002 287.399628 -884.749695 0.8343 0.6883 0.5777
v -2094.927002 255.399628 -884.749695 0.8343 0.6883 0.5777
v -1982.927002 95.399483 -756.749573 0.8343 0.6883 0.5777
v -1892.926880 79.399483 -756.749573 0.8343 0.6883 0.5777
v -1854.926880 95.399483 -756.749573 0.8343 0.6883 0.5777
v -1854.926880 15.399445 -756.749573 0.8343 0.6883 0.5777
v -1854.926880 41.399452 -756.749573 0.8343 0.6883 0.5777
v -1873.926880 60.399467 -756.749573 0.8343 0.6883 0.5777
v -1859.926880 39.399452 -756.749573 0.8343 0.6883 0.5777
v -1854.926880 79.399483 -756.749573 0.8343 0.6883 0.5777
v -1918.926880 79.399483 -756.749573 0.8343 0.6883 0.5777
v -1894.926880 74.399467 -756.749573 0.8343 0.6883 0.5777
v -1942.927002 74.399467 -756.749573 0.8343 0.6883 0.5777
v -1944.927002 79.399483 -756.749573 0.8343 0.6883 0.5777
v -1982.927002 79.399483 -756.749573 0.8343 0.6883 0.5777
v -1982.927002 41.399452 -756.749573 0.8343 0.6883 0.5777
v -1963.927002 60.399467 -756.749573 0.8343 0.6883 0.5777
v -1982.927002 15.399445 -756.749573 0.8343 0.6883 0.5777
v -1977.927002 39.399452 -756.749573 0.8343 0.6883 0.5777
v -1854.926880 95.399483 -788.749573 0.8343 0.6883 0.5777
v -1982.927002 95.399483 -788.749573 0.8343 0.6883 0.5777
v -1892.926880 79.399467 -948.749634 0.8343 0.6883 0.5777
v -1982.927002 95.399467 -948.749634 0.8343 0.6883 0.5777
v -1854.926880 41.399437 -948.749634 0.8343 0.6883 0.5777
v -1859.926880 39.399437 -948.749634 0.8343 0.6883 0.5777
v -1873.926880 60.399452 -948.749634 0.8343 0.6883 0.5777
v -1894.926880 74.399452 -948.749634 0.8343 0.6883 0.5777
v -1918.926880 79.399467 -948.749634 0.8343 0.6883 0.5777
v -1942.927002 74.399452 -948.749634 0.8343 0.6883 0.5777
v -1944.927002 79.399467 -948.749634 0.8343 0.6883 0.5777
v -1963.927002 60.399452 -948.749634 0.8343 0.6883 0.5777
v -1982.927002 79.399467 -948.749634 0.8343 0.6883 0.5777
v -1977.927002 39.399437 -948.749634 0.8343 0.6883 0.5777
v -1982.927002 15.399422 -948.749634 0.8343 0.6883 0.5777
v -1982.927002 41.399437 -948.749634 0.8343 0.6883 0.5777
v -1982.927002 -64.600601 -948.749634 0.8343 0.6883 0.5777
v -1982.927002 -64.600571 -756.749573 0.8343 0.6883 0.5777
v -2094.927002 207.399597 -724.749634 0.8343 0.6883 0.5777
v -2094.927002 111.399498 -724.749573 0.8343 0.6883 0.5777
v -2094.927002 95.399483 -724.749573 0.8343 0.6883 0.5777
v -2094.927002 63.399483 -676.749512 0.8343 0.6883 0.5777
v -2094.927002 287.399628 -724.749634 0.8343 0.6883 0.5777
v -2094.927002 -64.600571 -676.749512 0.8343 0.6883 0.5777
v -2094.927002 287.399628 -676.749573 0.8343 0.6883 0.5777
v -2110.927002 63.399483 -660.749512 0.8343 0.6883 0.5777
v -2110.927002 287.399628 -660.749573 0.8343 0.6883 0.5777
v -2302.927246 287.399628 -660.749573 0.8343 0.6883 0.5777
v -2302.927246 63.399498 -532.749329 0.8343 0.6883 0.5777
v -2366.927246 287.399658 -596.749512 0.8343 0.6883 0.5777
v -2366.927246 287.399628 -660.749573 0.8343 0.6883 0.5777
v -2334.927246 175.399597 -564.749512 0.8343 0.6883 0.5777
v -2334.927246 287.399658 -564.749512 0.8343 0.6883 0.5777
v -2366.927246 287.399658 -564.749512 0.8343 0.6883 0.5777
v -2334.927246 175.399597 -564.749512 0.8343 0.6883 0.5777
v -1902.926880 63.399574 123.250946 0.8343 0.6883 0.5777
v -2030.927002 63.399574 123.250946 0.8343 0.6883 0.5777
v -2046.927002 63.399590 251.250977 0.8343 0.6883 0.5777
v -2046.927002 63.399574 107.250931 0.8343 0.6883 0.5777
v -2030.927002 63.399574 107.250931 0.8343 0.6883 0.5777
v -2030.927002 63.399590 251.250977 0.8343 0.6883 0.5777
v -2302.927246 287.399750 235.250946 0.8343 0.6883 0.5777
v -2302.927246 63.399590 235.250977 0.8343 0.6883 0.5777
v -2318.927246 119.399620 251.250977 0.8343 0.6883 0.5777
v -2318.927246 287.399750 251.250946 0.8343 0.6883 0.5777
v -2302.927246 63.399590 235.250977 0.8343 0.6883 0.5777
v -2334.927246 287.399719 -52.749176 0.8343 0.6883 0.5777
v -2334.927246 175.399658 -52.749161 0.8343 0.6883 0.5777
v -2302.927246 63.399559 -20.749132 0.8343 0.6883 0.5777
v -2302.927246 287.399719 -20.749159 0.8343 0.6883 0.5777
v -2302.927246 287.399689 -276.749298 0.8343 0.6883 0.5777
v -2334.927246 175.399628 -244.749252 0.8343 0.6883 0.5777
v -2334.927246 287.399689 -244.749268 0.8343 0.6883 0.5777
v -2302.927246 63.399529 -276.749268 0.8343 0.6883 0.5777
v -2302.927246 63.399529 -244.749237 0.8343 0.6883 0.5777
v -2334.927246 175.399628 -244.749252 0.8343 0.6883 0.5777
v -2302.927246 63.399529 -244.749237 0.8343 0.6883 0.5777
v -2302.927246 63.399544 -196.749207 0.8343 0.6883 0.5777
v -2302.927246 63.399559 -20.749132 0.8343 0.6883 0.5777
v -2334.927246 175.399658 -52.749161 0.8343 0.6883 0.5777
v -2334.927246 175.399628 -244.749252 0.8343 0.6883 0.5777
v -2334.927246 287.399689 -244.749268 0.8343 0.6883 0.5777
v -2334.927246 175.399628 -244.749252 0.8343 0.6883 0.5777
v -2366.927246 287.399689 -212.749252 0.8343 0.6883 0.5777
v -2366.927246 287.399689 -244.749268 0.8343 0.6883 0.5777
v -2334.927246 287.399719 -52.749176 0.8343 0.6883 0.5777
v -2366.927246 287.399719 -52.749176 0.8343 0.6883 0.5777
v -2366.927246 287.399719 -84.749191 0.8343 0.6883 0.5777
v -2334.927246 175.399658 -52.749161 0.8343 0.6883 0.5777
v -2302.927246 31.399498 -420.749329 0.8343 0.6883 0.5777
v -2302.927246 31.399483 -532.749329 0.8343 0.6883 0.5777
v -2302.927246 -64.600548 -532.749329 0.8343 0.6883 0.5777
v -2302.927246 -96.600563 -532.749329 0.8343 0.6883 0.5777
v -2302.927246 -96.600548 -420.749298 0.8343 0.6883 0.5777
v -2302.927246 31.399529 -196.749207 0.8343 0.6883 0.5777
v -2302.927246 31.399498 -420.749329 0.8343 0.6883 0.5777
v -2302.927246 -96.600540 -308.749237 0.8343 0.6883 0.5777
v -2302.927246 -96.600525 -196.749191 0.8343 0.6883 0.5777
v -2302.927246 31.399544 27.250895 0.8343 0.6883 0.5777
v -2302.927246 -96.600525 -196.749191 0.8343 0.6883 0.5777
v -2302.927246 -96.600510 -84.749146 0.8343 0.6883 0.5777
v -2302.927246 -96.600494 27.250910 0.8343 0.6883 0.5777
v -2302.927246 31.399544 27.250895 0.8343 0.6883 0.5777
v -2302.927246 -96.600494 27.250910 0.8343 0.6883 0.5777
v -2302.927246 -96.600487 107.250946 0.8343 0.6883 0.5777
v -2302.927246 -60.600449 251.251007 0.8343 0.6883 0.5777
v -2046.927002 -96.600487 107.250946 0.8343 0.6883 0.5777
v -2046.927002 -60.600449 251.251007 0.8343 0.6883 0.5777
v -2046.927002 31.399559 107.250931 0.8343 0.6883 0.5777
v -2046.927002 31.399574 251.250977 0.8343 0.6883 0.5777
v -1902.926880 255.399841 1019.251282 0.8343 0.6883 0.5777
v -1902.926880 63.399681 1003.251282 0.8343 0.6883 0.5777
v -1902.926880 255.399841 1003.251282 0.8343 0.6883 0.5777
v -1150.926636 63.399635 619.251099 0.8343 0.6883 0.5777
v -1150.926636 223.399750 587.251038 0.8343 0.6883 0.5777
v -1150.926636 132.399689 836.251221 0.8343 0.6883 0.5777
v -1150.926636 135.399689 843.251221 0.8343 0.6883 0.5777
v -1150.926636 191.399780 787.251099 0.8343 0.6883 0.5777
v -1150.926636 184.399750 784.251099 0.8343 0.6883 0.5777
v -1150.926636 191.399780 707.251099 0.8343 0.6883 0.5777
v -1150.926636 223.399780 747.251099 0.8343 0.6883 0.5777
v -1150.926636 223.399780 619.251038 0.8343 0.6883 0.5777
v -1150.926636 191.399780 619.251038 0.8343 0.6883 0.5777
v -1150.926636 63.399635 651.251099 0.8343 0.6883 0.5777
v -1150.926636 135.399658 651.251099 0.8343 0.6883 0.5777
v -1150.926636 191.399780 651.251038 0.8343 0.6883 0.5777
v -1150.926636 223.399780 843.251160 0.8343 0.6883 0.5777
v -1150.926636 191.399780 843.251160 0.8343 0.6883 0.5777
v -894.926514 255.399811 619.251038 0.8343 0.6883 0.5777
v -894.926514 191.399750 587.251038 0.8343 0.6883 0.5777
v -894.926514 255.399780 587.251038 0.8343 0.6883 0.5777
v -894.926514 255.399780 571.251038 0.8343 0.6883 0.5777
v -638.926270 63.399620 427.251068 0.8343 0.6883 0.5777
v -814.926453 255.399780 491.250946 0.8343 0.6883 0.5777
v -766.926331 63.399620 491.251007 0.8343 0.6883 0.5777
v -766.926331 255.399780 491.250946 0.8343 0.6883 0.5777
v -798.926453 255.399780 491.250946 0.8343 0.6883 0.5777
v -798.926453 223.399750 491.250946 0.8343 0.6883 0.5777
v -798.926453 223.399750 427.251068 0.8343 0.6883 0.5777
v -766.926331 63.399620 427.251068 0.8343 0.6883 0.5777
v -798.926453 191.399750 491.250946 0.8343 0.6883 0.5777
v -798.926453 191.399750 427.251068 0.8343 0.6883 0.5777
v -638.926270 -0.600395 587.251099 0.8343 0.6883 0.5777
v -766.926331 -96.600433 587.251099 0.8343 0.6883 0.5777
v -766.926331 -96.600471 251.251007 0.8343 0.6883 0.5777
v -766.926331 -96.600456 363.251068 0.8343 0.6883 0.5777
v -766.926331 31.399590 363.251038 0.8343 0.6883 0.5777
v -766.926331 31.399574 251.250977 0.8343 0.6883 0.5777
v -766.926331 -96.600441 475.251129 0.8343 0.6883 0.5777
v -766.926331 31.399620 587.251099 0.8343 0.6883 0.5777
v -766.926331 31.399605 427.251068 0.8343 0.6883 0.5777
v -766.926331 31.399590 395.251068 0.8343 0.6883 0.5777
v -766.926331 63.399635 619.251099 0.8343 0.6883 0.5777
v -766.926331 63.399635 587.251099 0.8343 0.6883 0.5777
v -894.926514 223.399750 587.251038 0.8343 0.6883 0.5777
v -926.926514 191.399750 587.251038 0.8343 0.6883 0.5777
v -1150.926636 191.399750 587.251038 0.8343 0.6883 0.5777
v -926.926514 223.399750 587.251038 0.8343 0.6883 0.5777
v -894.926514 63.399635 619.251099 0.8343 0.6883 0.5777
v -926.926514 63.399635 619.251099 0.8343 0.6883 0.5777
v -1278.926636 63.399590 267.251007 0.8343 0.6883 0.5777
v -1278.926636 223.399719 267.251007 0.8343 0.6883 0.5777
v -1214.926636 159.399719 491.250946 0.8343 0.6883 0.5777
v -1214.926636 159.399719 427.251068 0.8343 0.6883 0.5777
v -1214.926636 223.399750 427.251068 0.8343 0.6883 0.5777
v -1214.926636 159.399750 619.251038 0.8343 0.6883 0.5777
v -1214.926636 63.399620 427.251068 0.8343 0.6883 0.5777
v -1214.926636 63.399590 251.250977 0.8343 0.6883 0.5777
v -1214.926636 223.399750 395.251068 0.8343 0.6883 0.5777
v -1230.926636 163.399750 679.251038 0.8343 0.6883 0.5777
v -1230.926636 191.399780 707.251099 0.8343 0.6883 0.5777
v -1230.926636 184.399750 784.251099 0.8343 0.6883 0.5777
v -1230.926636 191.399780 747.251099 0.8343 0.6883 0.5777
v -1230.926636 191.399780 787.251099 0.8343 0.6883 0.5777
v -1230.926636 191.399780 843.251160 0.8343 0.6883 0.5777
v -1230.926636 135.399689 843.251221 0.8343 0.6883 0.5777
v -1214.926636 223.399780 619.251038 0.8343 0.6883 0.5777
v -1230.926636 191.399780 651.251038 0.8343 0.6883 0.5777
v -1214.926636 223.399780 651.251038 0.8343 0.6883 0.5777
v -1214.926636 223.399780 747.251099 0.8343 0.6883 0.5777
v -1214.926636 223.399811 875.251160 0.8343 0.6883 0.5777
v -1150.926636 63.399666 843.251221 0.8343 0.6883 0.5777
v -1150.926636 95.399681 843.251221 0.8343 0.6883 0.5777
v -1230.926636 63.399635 651.251099 0.8343 0.6883 0.5777
v -1230.926636 95.399651 651.251099 0.8343 0.6883 0.5777
v -1230.926636 135.399658 651.251099 0.8343 0.6883 0.5777
v -1214.926636 63.399635 619.251099 0.8343 0.6883 0.5777
v -1150.926636 95.399651 651.251099 0.8343 0.6883 0.5777
v -1230.926636 132.399658 658.251099 0.8343 0.6883 0.5777
v -1230.926636 95.399681 843.251221 0.8343 0.6883 0.5777
v -1230.926636 132.399689 836.251221 0.8343 0.6883 0.5777
v -1150.926636 132.399658 658.251099 0.8343 0.6883 0.5777
v -1150.926636 163.399750 815.251160 0.8343 0.6883 0.5777
v -1150.926636 163.399750 679.251038 0.8343 0.6883 0.5777
v -1230.926636 163.399750 815.251160 0.8343 0.6883 0.5777
v -1150.926636 184.399750 710.251099 0.8343 0.6883 0.5777
v -1230.926636 184.399750 710.251099 0.8343 0.6883 0.5777
v -1150.926636 191.399780 747.251099 0.8343 0.6883 0.5777
v -1214.926636 223.399811 971.251221 0.8343 0.6883 0.5777
v -1214.926636 63.399666 875.251221 0.8343 0.6883 0.5777
v -1230.926636 63.399666 843.251221 0.8343 0.6883 0.5777
v -1534.926758 223.399719 267.251007 0.8343 0.6883 0.5777
v -1534.926758 63.399590 267.251007 0.8343 0.6883 0.5777
v -1214.926636 63.399681 971.251282 0.8343 0.6883 0.5777
v -1214.926636 223.399811 1003.251282 0.8343 0.6883 0.5777
v -1150.926636 63.399681 1003.251282 0.8343 0.6883 0.5777
v -1150.926636 223.399811 1003.251282 0.8343 0.6883 0.5777
v -1150.926636 223.399811 971.251221 0.8343 0.6883 0.5777
v -1150.926636 63.399681 971.251282 0.8343 0.6883 0.5777
v -926.926514 63.399681 1003.251282 0.8343 0.6883 0.5777
v -766.926331 63.399681 1003.251282 0.8343 0.6883 0.5777
v -702.926270 63.399681 1003.251282 0.8343 0.6883 0.5777
v -702.926270 223.399811 1003.251282 0.8343 0.6883 0.5777
v -926.926514 223.399811 1003.251282 0.8343 0.6883 0.5777
v -1902.926880 255.399902 1451.251465 0.8343 0.6883 0.5777
v -1790.926880 255.399902 1451.251465 0.8343 0.6883 0.5777
v -1806.926880 287.399902 1451.251465 0.8343 0.6883 0.5777
v -1790.926880 287.399902 1451.251465 0.8343 0.6883 0.5777
v -1790.926880 255.399902 1515.251465 0.8343 0.6883 0.5777
v -1790.926880 287.399902 1515.251465 0.8343 0.6883 0.5777
v -1374.926636 63.399681 1003.251282 0.8343 0.6883 0.5777
v -1214.926636 63.399681 1003.251282 0.8343 0.6883 0.5777
v -1902.926880 223.399811 1003.251282 0.8343 0.6883 0.5777
v -1694.926880 63.399681 1003.251282 0.8343 0.6883 0.5777
v -1678.926880 63.399681 1003.251282 0.8343 0.6883 0.5777
v -1678.926880 255.399841 1003.251282 0.8343 0.6883 0.5777
v -1390.926636 63.399681 987.251282 0.8343 0.6883 0.5777
v -1390.926636 63.399681 1003.251282 0.8343 0.6883 0.5777
v -1406.926636 255.399841 971.251221 0.8343 0.6883 0.5777
v -1406.926636 63.399681 971.251282 0.8343 0.6883 0.5777
v -1390.926636 255.399841 987.251221 0.8343 0.6883 0.5777
v -1678.926880 255.399841 987.251221 0.8343 0.6883 0.5777
v -1678.926880 63.399681 987.251282 0.8343 0.6883 0.5777
v -1662.926880 63.399681 971.251282 0.8343 0.6883 0.5777
v -1662.926880 255.399841 971.251221 0.8343 0.6883 0.5777
v -1678.926880 223.399811 1003.251282 0.8343 0.6883 0.5777
v -1678.926880 255.399841 1019.251282 0.8343 0.6883 0.5777
v -1390.926636 255.399841 1019.251282 0.8343 0.6883 0.5777
v -1390.926636 255.399841 1003.251282 0.8343 0.6883 0.5777
v -1390.926636 223.399811 1003.251282 0.8343 0.6883 0.5777
v -2494.927246 223.399811 875.251160 0.8343 0.6883 0.5777
v -2494.927246 63.399681 971.251282 0.8343 0.6883 0.5777
v -2494.927246 223.399811 971.251221 0.8343 0.6883 0.5777
v -2494.927246 287.399841 971.251221 0.8343 0.6883 0.5777
v -2494.927246 287.399841 875.251160 0.8343 0.6883 0.5777
v -2494.927246 223.399811 875.251160 0.8343 0.6883 0.5777
v -2494.927246 223.399811 971.251221 0.8343 0.6883 0.5777
v -2494.927246 287.399811 747.251099 0.8343 0.6883 0.5777
v -2494.927246 287.399811 651.251038 0.8343 0.6883 0.5777
v -2494.927246 223.399780 651.251038 0.8343 0.6883 0.5777
v -2494.927246 223.399811 875.251160 0.8343 0.6883 0.5777
v -2494.927246 287.399780 523.250977 0.8343 0.6883 0.5777
v -2494.927246 287.399780 427.251038 0.8343 0.6883 0.5777
v -2494.927246 223.399780 619.251038 0.8343 0.6883 0.5777
v -2494.927246 223.399750 445.541077 0.8343 0.6883 0.5777
v -2494.927246 63.399620 491.251007 0.8343 0.6883 0.5777
v -2494.927246 63.399635 619.251099 0.8343 0.6883 0.5777
v -2494.927246 223.399780 619.251038 0.8343 0.6883 0.5777
v -2030.927002 63.399635 619.251099 0.8343 0.6883 0.5777
v -2046.927002 63.399635 619.251099 0.8343 0.6883 0.5777
v -2046.927002 63.399620 475.251099 0.8343 0.6883 0.5777
v -2046.927002 63.399605 395.251068 0.8343 0.6883 0.5777
v -2030.927002 63.399605 315.251007 0.8343 0.6883 0.5777
v -2030.927002 63.399605 395.251068 0.8343 0.6883 0.5777
v -2030.927002 63.399620 475.251099 0.8343 0.6883 0.5777
v -2302.927246 63.399635 619.251099 0.8343 0.6883 0.5777
v -2318.927246 63.399635 619.251099 0.8343 0.6883 0.5777
v -2318.927246 63.399620 475.251099 0.8343 0.6883 0.5777
v -2334.927246 287.399750 267.250977 0.8343 0.6883 0.5777
v -2334.927246 175.399689 267.251007 0.8343 0.6883 0.5777
v -2318.927246 119.399620 251.250977 0.8343 0.6883 0.5777
v -2334.927246 175.399689 267.251007 0.8343 0.6883 0.5777
v -2334.927246 287.399750 267.250977 0.8343 0.6883 0.5777
v -2334.927246 175.399689 267.251007 0.8343 0.6883 0.5777
v -2302.927246 63.399590 251.250977 0.8343 0.6883 0.5777
v -2302.927246 63.399590 267.251007 0.8343 0.6883 0.5777
v -2366.927246 287.399750 267.250977 0.8343 0.6883 0.5777
v -2334.927246 175.399689 267.251007 0.8343 0.6883 0.5777
v -2302.927246 63.399590 267.251007 0.8343 0.6883 0.5777
v -2302.927246 63.399605 395.251068 0.8343 0.6883 0.5777
v -2302.927246 63.399620 427.251068 0.8343 0.6883 0.5777
v -2334.927246 175.399719 427.251068 0.8343 0.6883 0.5777
v -2366.927246 287.399780 395.251038 0.8343 0.6883 0.5777
v -2334.927246 175.399719 427.251068 0.8343 0.6883 0.5777
v -2366.927246 231.399750 427.251068 0.8343 0.6883 0.5777
v -2366.927246 231.399750 427.251068 0.8343 0.6883 0.5777
v -2334.927246 175.399719 427.251068 0.8343 0.6883 0.5777
v -2302.927246 63.399620 459.251099 0.8343 0.6883 0.5777
v -2318.927246 63.399620 475.251099 0.8343 0.6883 0.5777
v -2334.927246 63.399620 491.251007 0.8343 0.6883 0.5777
v -2398.927246 287.399780 427.251038 0.8343 0.6883 0.5777
v -2302.927246 63.399620 459.251099 0.8343 0.6883 0.5777
v -2334.927246 175.399719 427.251068 0.8343 0.6883 0.5777
v -2302.927246 63.399620 427.251068 0.8343 0.6883 0.5777
v -2398.927246 287.399780 427.251038 0.8343 0.6883 0.5777
v -2478.927246 191.399780 843.251160 0.8343 0.6883 0.5777
v -2478.927246 191.399780 787.251099 0.8343 0.6883 0.5777
v -2478.927246 184.399750 784.251099 0.8343 0.6883 0.5777
v -2478.927246 163.399750 815.251160 0.8343 0.6883 0.5777
v -2478.927246 191.399780 787.251099 0.8343 0.6883 0.5777
v -2478.927246 191.399780 747.251099 0.8343 0.6883 0.5777
v -2478.927246 184.399750 784.251099 0.8343 0.6883 0.5777
v -2478.927246 184.399750 710.251099 0.8343 0.6883 0.5777
v -2478.927246 191.399780 747.251099 0.8343 0.6883 0.5777
v -2478.927246 191.399780 707.251099 0.8343 0.6883 0.5777
v -2478.927246 163.399750 679.251038 0.8343 0.6883 0.5777
v -2478.927246 184.399750 710.251099 0.8343 0.6883 0.5777
v -2478.927246 191.399780 707.251099 0.8343 0.6883 0.5777
v -2478.927246 191.399780 651.251038 0.8343 0.6883 0.5777
v -2478.927246 191.399780 651.251038 0.8343 0.6883 0.5777
v -2478.927246 135.399658 651.251099 0.8343 0.6883 0.5777
v -2478.927246 163.399750 679.251038 0.8343 0.6883 0.5777
v -2478.927246 135.399658 651.251099 0.8343 0.6883 0.5777
v -2478.927246 95.399651 651.251099 0.8343 0.6883 0.5777
v -2478.927246 132.399658 658.251099 0.8343 0.6883 0.5777
v -2478.927246 132.399689 836.251221 0.8343 0.6883 0.5777
v -2478.927246 95.399681 843.251221 0.8343 0.6883 0.5777
v -2478.927246 135.399689 843.251221 0.8343 0.6883 0.5777
v -2478.927246 163.399750 815.251160 0.8343 0.6883 0.5777
v -2478.927246 132.399689 836.251221 0.8343 0.6883 0.5777
v -2478.927246 135.399689 843.251221 0.8343 0.6883 0.5777
v -2478.927246 191.399780 843.251160 0.8343 0.6883 0.5777
v -2494.927246 223.399811 875.251160 0.8343 0.6883 0.5777
v -2478.927246 191.399780 843.251160 0.8343 0.6883 0.5777
v -2478.927246 135.399689 843.251221 0.8343 0.6883 0.5777
v -2478.927246 95.399681 843.251221 0.8343 0.6883 0.5777
v -2494.927246 63.399666 875.251221 0.8343 0.6883 0.5777
v -2478.927246 63.399635 651.251099 0.8343 0.6883 0.5777
v -2478.927246 95.399651 651.251099 0.8343 0.6883 0.5777
v -2478.927246 135.399658 651.251099 0.8343 0.6883 0.5777
v -2478.927246 191.399780 651.251038 0.8343 0.6883 0.5777
v -2494.927246 223.399780 619.251038 0.8343 0.6883 0.5777
v -2494.927246 223.399780 651.251038 0.8343 0.6883 0.5777
v -2478.927246 191.399780 651.251038 0.8343 0.6883 0.5777
v -2478.927246 191.399780 707.251099 0.8343 0.6883 0.5777
v -2478.927246 191.399780 747.251099 0.8343 0.6883 0.5777
v -2478.927246 191.399780 787.251099 0.8343 0.6883 0.5777
v -2478.927246 191.399780 843.251160 0.8343 0.6883 0.5777
v -2494.927246 223.399811 875.251160 0.8343 0.6883 0.5777
v -2494.927246 223.399780 651.251038 0.8343 0.6883 0.5777
v -2494.927246 63.399666 843.251221 0.8343 0.6883 0.5777
v -2478.927246 63.399666 843.251221 0.8343 0.6883 0.5777
v -2478.927246 95.399681 843.251221 0.8343 0.6883 0.5777
v -2494.927246 95.399681 843.251221 0.8343 0.6883 0.5777
v -2478.927246 95.399651 651.251099 0.8343 0.6883 0.5777
v -2478.927246 63.399635 651.251099 0.8343 0.6883 0.5777
v -2494.927246 63.399635 651.251099 0.8343 0.6883 0.5777
v -2494.927246 95.399651 651.251099 0.8343 0.6883 0.5777
v -2478.927246 95.399651 651.251099 0.8343 0.6883 0.5777
v -2494.927246 95.399651 651.251099 0.8343 0.6883 0.5777
v -2494.927246 132.399658 658.251099 0.8343 0.6883 0.5777
v -2478.927246 132.399658 658.251099 0.8343 0.6883 0.5777
v -2494.927246 95.399681 843.251221 0.8343 0.6883 0.5777
v -2478.927246 95.399681 843.251221 0.8343 0.6883 0.5777
v -2478.927246 132.399689 836.251221 0.8343 0.6883 0.5777
v -2478.927246 132.399658 658.251099 0.8343 0.6883 0.5777
v -2494.927246 132.399658 658.251099 0.8343 0.6883 0.5777
v -2494.927246 163.399750 679.251038 0.8343 0.6883 0.5777
v -2478.927246 163.399750 679.251038 0.8343 0.6883 0.5777
v -2494.927246 132.399689 836.251221 0.8343 0.6883 0.5777
v -2478.927246 132.399689 836.251221 0.8343 0.6883 0.5777
v -2478.927246 163.399750 815.251160 0.8343 0.6883 0.5777
v -2494.927246 163.399750 815.251160 0.8343 0.6883 0.5777
v -2478.927246 163.399750 679.251038 0.8343 0.6883 0.5777
v -2494.927246 163.399750 679.251038 0.8343 0.6883 0.5777
v -2494.927246 184.399750 710.251099 0.8343 0.6883 0.5777
v -2478.927246 184.399750 710.251099 0.8343 0.6883 0.5777
v -2478.927246 184.399750 784.251099 0.8343 0.6883 0.5777
v -2494.927246 184.399750 784.251099 0.8343 0.6883 0.5777
v -2478.927246 163.399750 815.251160 0.8343 0.6883 0.5777
v -2478.927246 184.399750 710.251099 0.8343 0.6883 0.5777
v -2494.927246 184.399750 710.251099 0.8343 0.6883 0.5777
v -2478.927246 191.399780 747.251099 0.8343 0.6883 0.5777
v -2478.927246 191.399780 747.251099 0.8343 0.6883 0.5777
v -2494.927246 191.399780 747.251099 0.8343 0.6883 0.5777
v -2494.927246 184.399750 784.251099 0.8343 0.6883 0.5777
v -2478.927246 184.399750 784.251099 0.8343 0.6883 0.5777
v -2302.927246 31.399590 395.251068 0.8343 0.6883 0.5777
v -2302.927246 31.399574 251.250977 0.8343 0.6883 0.5777
v -2302.927246 -24.600426 395.251099 0.8343 0.6883 0.5777
v -2302.927246 -4.600410 475.251129 0.8343 0.6883 0.5777
v -2302.927246 31.399620 619.251099 0.8343 0.6883 0.5777
v -2046.927002 -24.600426 395.251099 0.8343 0.6883 0.5777
v -2046.927002 31.399620 619.251099 0.8343 0.6883 0.5777
v -2046.927002 -4.600410 475.251129 0.8343 0.6883 0.5777
v -2046.927002 31.399590 395.251068 0.8343 0.6883 0.5777
v -2510.927246 63.399666 843.251221 0.8343 0.6883 0.5777
v -2494.927246 63.399666 843.251221 0.8343 0.6883 0.5777
v -2494.927246 95.399681 843.251221 0.8343 0.6883 0.5777
v -2510.927246 95.399681 843.251221 0.8343 0.6883 0.5777
v -2510.927246 63.399635 651.251099 0.8343 0.6883 0.5777
v -2494.927246 95.399651 651.251099 0.8343 0.6883 0.5777
v -2494.927246 95.399651 651.251099 0.8343 0.6883 0.5777
v -2510.927246 95.399651 651.251099 0.8343 0.6883 0.5777
v -2510.927246 132.399658 658.251099 0.8343 0.6883 0.5777
v -2494.927246 132.399658 658.251099 0.8343 0.6883 0.5777
v -2494.927246 95.399681 843.251221 0.8343 0.6883 0.5777
v -2494.927246 132.399689 836.251221 0.8343 0.6883 0.5777
v -2510.927246 132.399689 836.251221 0.8343 0.6883 0.5777
v -2494.927246 132.399658 658.251099 0.8343 0.6883 0.5777
v -2510.927246 163.399750 679.251038 0.8343 0.6883 0.5777
v -2494.927246 163.399750 679.251038 0.8343 0.6883 0.5777
v -2494.927246 132.399689 836.251221 0.8343 0.6883 0.5777
v -2494.927246 163.399750 815.251160 0.8343 0.6883 0.5777
v -2510.927246 163.399750 815.251160 0.8343 0.6883 0.5777
v -2494.927246 163.399750 679.251038 0.8343 0.6883 0.5777
v -2510.927246 184.399750 784.251099 0.8343 0.6883 0.5777
v -2510.927246 163.399750 815.251160 0.8343 0.6883 0.5777
v -2494.927246 163.399750 815.251160 0.8343 0.6883 0.5777
v -2510.927246 184.399750 710.251099 0.8343 0.6883 0.5777
v -2494.927246 191.399780 747.251099 0.8343 0.6883 0.5777
v -2510.927246 191.399780 747.251099 0.8343 0.6883 0.5777
v -2494.927246 184.399750 784.251099 0.8343 0.6883 0.5777
v -2494.927246 63.399681 1003.251282 0.8343 0.6883 0.5777
v -2494.927246 223.399811 1003.251282 0.8343 0.6883 0.5777
v -2494.927246 223.399811 971.251221 0.8343 0.6883 0.5777
v -2494.927246 287.399841 1035.251221 0.8343 0.6883 0.5777
v -2494.927246 287.399841 1019.251282 0.8343 0.6883 0.5777
v -2494.927246 287.399841 971.251221 0.8343 0.6883 0.5777
v -2494.927246 223.399811 971.251221 0.8343 0.6883 0.5777
v -2494.927246 255.399872 1243.251343 0.8343 0.6883 0.5777
v -2494.927246 255.399902 1451.251465 0.8343 0.6883 0.5777
v -2494.927246 287.399902 1451.251465 0.8343 0.6883 0.5777
v -2494.927246 255.399841 1019.251282 0.8343 0.6883 0.5777
v -2494.927246 255.399872 1131.251221 0.8343 0.6883 0.5777
v -2494.927246 255.399872 1243.251343 0.8343 0.6883 0.5777
v -2494.927246 287.399872 1243.251343 0.8343 0.6883 0.5777
v -2046.927002 255.399902 1451.251465 0.8343 0.6883 0.5777
v -1902.926880 287.399902 1451.251465 0.8343 0.6883 0.5777
v -2046.927002 287.399902 1451.251465 0.8343 0.6883 0.5777
v -2270.927246 287.399902 1451.251465 0.8343 0.6883 0.5777
v -2494.927246 255.399902 1451.251465 0.8343 0.6883 0.5777
v -2270.927246 255.399902 1451.251465 0.8343 0.6883 0.5777
v -2494.927246 287.399902 1451.251465 0.8343 0.6883 0.5777
v -2270.927246 63.399681 1003.251282 0.8343 0.6883 0.5777
v -2206.927246 63.399681 1003.251282 0.8343 0.6883 0.5777
v -2190.927246 63.399681 1003.251282 0.8343 0.6883 0.5777
v -2494.927246 223.399811 1003.251282 0.8343 0.6883 0.5777
v -2494.927246 63.399681 1003.251282 0.8343 0.6883 0.5777
v -2270.927246 223.399811 1003.251282 0.8343 0.6883 0.5777
v -2190.927246 63.399681 987.251282 0.8343 0.6883 0.5777
v -2190.927246 255.399841 987.251221 0.8343 0.6883 0.5777
v -2190.927246 255.399841 1003.251282 0.8343 0.6883 0.5777
v -2174.927246 63.399681 971.251282 0.8343 0.6883 0.5777
v -2174.927246 255.399841 971.251221 0.8343 0.6883 0.5777
v -1918.926880 255.399841 971.251221 0.8343 0.6883 0.5777
v -1918.926880 63.399681 971.251282 0.8343 0.6883 0.5777
v -1902.926880 63.399681 987.251282 0.8343 0.6883 0.5777
v -1902.926880 255.399841 987.251221 0.8343 0.6883 0.5777
v -2190.927246 223.399811 1003.251282 0.8343 0.6883 0.5777
v -2190.927246 255.399841 1019.251282 0.8343 0.6883 0.5777
v -1542.926758 82.399269 -2613.750488 0.8343 0.6883 0.5777
v -1542.926758 102.899269 -2602.040527 0.8343 0.6883 0.5777
v -1547.926758 63.399254 -2624.750488 0.8343 0.6883 0.5777
v -1585.166748 144.009277 -2677.150391 0.8343 0.6883 0.5777
v -1570.566772 140.029266 -2674.560547 0.8343 0.6883 0.5777
v -1542.926758 108.029274 -2613.750488 0.8343 0.6883 0.5777
v -1542.926758 102.899269 -2602.040527 0.8343 0.6883 0.5777
v -1590.926758 110.879265 -2598.850586 0.8343 0.6883 0.5777
v -1589.866699 64.379250 -2625.390381 0.8343 0.6883 0.5777
v -1590.926758 117.399284 -2613.750488 0.8343 0.6883 0.5777
v -1542.926758 82.399269 -2613.750488 0.8343 0.6883 0.5777
v -1589.866699 64.379250 -2625.390381 0.8343 0.6883 0.5777
v -1590.926758 84.799263 -2613.750488 0.8343 0.6883 0.5777
v -1585.166748 144.009277 -2677.150391 0.8343 0.6883 0.5777
v -1589.866699 64.379250 -2625.390381 0.8343 0.6883 0.5777
v -1589.926758 109.459251 -2756.750488 0.8343 0.6883 0.5777
v -1538.926758 67.379234 -2756.750488 0.8343 0.6883 0.5777
v -1538.926758 67.379234 -2756.750488 0.8343 0.6883 0.5777
v -1589.926758 61.399239 -2756.750488 0.8343 0.6883 0.5777
v -1594.926758 43.399223 -2691.750488 0.8343 0.6883 0.5777
v -1538.926758 131.399261 -2756.750488 0.8343 0.6883 0.5777
v -1538.926758 67.379234 -2756.750488 0.8343 0.6883 0.5777
v -1589.926758 109.459251 -2756.750488 0.8343 0.6883 0.5777
v -1538.926758 131.399261 -2756.750488 0.8343 0.6883 0.5777
v -1578.926758 43.399223 -2684.750488 0.8343 0.6883 0.5777
v -1594.926758 43.399223 -2691.750488 0.8343 0.6883 0.5777
v -1589.926758 61.399239 -2756.750488 0.8343 0.6883 0.5777
v -1589.926758 109.459251 -2756.750488 0.8343 0.6883 0.5777
v -1471.926758 17.399223 -2634.750488 0.8343 0.6883 0.5777
v -1451.486816 50.589256 -2643.120605 0.8343 0.6883 0.5777
v -1446.926758 48.399254 -2637.750488 0.8343 0.6883 0.5777
v -1465.346802 51.759239 -2655.320557 0.8343 0.6883 0.5777
v -1482.926758 21.399223 -2646.750488 0.8343 0.6883 0.5777
v -1459.236816 20.409225 -2676.370605 0.8343 0.6883 0.5777
v -1441.946777 40.079231 -2643.050537 0.8343 0.6883 0.5777
v -1443.506714 15.569221 -2665.540527 0.8343 0.6883 0.5777
v -1471.926758 17.399223 -2634.750488 0.8343 0.6883 0.5777
v -1444.956787 48.409248 -2638.770508 0.8343 0.6883 0.5777
v -1441.946777 40.079231 -2643.050537 0.8343 0.6883 0.5777
v -1456.016724 15.239220 -2643.750488 0.8343 0.6883 0.5777
v -1443.506714 15.569221 -2665.540527 0.8343 0.6883 0.5777
v -1441.946777 40.079231 -2643.050537 0.8343 0.6883 0.5777
v -1451.486816 50.589256 -2643.120605 0.8343 0.6883 0.5777
v -1459.236816 20.409225 -2676.370605 0.8343 0.6883 0.5777
v -1451.486816 50.589256 -2643.120605 0.8343 0.6883 0.5777
v -1443.506714 15.569221 -2665.540527 0.8343 0.6883 0.5777
v -1459.236816 20.409225 -2676.370605 0.8343 0.6883 0.5777
v -1498.926758 47.399239 -2659.750488 0.8343 0.6883 0.5777
v -1498.926758 34.399223 -2667.750488 0.8343 0.6883 0.5777
v -1498.926758 33.399239 -2636.750488 0.8343 0.6883 0.5777
v -1532.926758 51.399239 -2657.750488 0.8343 0.6883 0.5777
v -1498.926758 47.399239 -2659.750488 0.8343 0.6883 0.5777
v -1534.926758 44.399223 -2645.750488 0.8343 0.6883 0.5777
v -1498.926758 34.399223 -2667.750488 0.8343 0.6883 0.5777
v -1498.926758 47.399239 -2659.750488 0.8343 0.6883 0.5777
v -1498.926758 34.399223 -2667.750488 0.8343 0.6883 0.5777
v -1534.926758 44.399223 -2645.750488 0.8343 0.6883 0.5777
v -1498.926758 19.109222 -2645.940430 0.8343 0.6883 0.5777
v -1534.926758 44.399223 -2645.750488 0.8343 0.6883 0.5777
v 1345.074585 223.399139 -1428.750000 0.8343 0.6883 0.5777
v 1345.074585 31.399040 -1428.750000 0.8343 0.6883 0.5777
v 1345.074585 31.399040 -1460.750000 0.8343 0.6883 0.5777
v 1345.074585 31.399025 -1556.750000 0.8343 0.6883 0.5777
v 1345.074585 223.399139 -1556.750000 0.8343 0.6883 0.5777
v 257.074036 -96.601021 -1524.750000 0.8343 0.6883 0.5777
v 257.074036 -96.601028 -1556.750000 0.8343 0.6883 0.5777
v 257.074036 -64.601013 -1556.750000 0.8343 0.6883 0.5777
v 257.074036 159.399109 -1556.750000 0.8343 0.6883 0.5777
v 257.074036 -0.600990 -1524.750000 0.8343 0.6883 0.5777
v 257.074036 -64.601006 -1524.750000 0.8343 0.6883 0.5777
v 257.074036 159.399109 -1428.750000 0.8343 0.6883 0.5777
v 257.074036 63.399055 -1428.750000 0.8343 0.6883 0.5777
v 257.074036 31.399040 -1428.750000 0.8343 0.6883 0.5777
v 257.074036 -0.600975 -1428.750000 0.8343 0.6883 0.5777
v 257.074036 159.399109 -1524.750000 0.8343 0.6883 0.5777
v 769.074280 31.398842 -3092.750732 0.8343 0.6883 0.5777
v 769.074280 31.398842 -3060.750732 0.8343 0.6883 0.5777
v 769.074280 223.398956 -3092.750732 0.8343 0.6883 0.5777
v 769.074280 31.398842 -3060.750732 0.8343 0.6883 0.5777
v 769.074280 31.398857 -3026.880615 0.8343 0.6883 0.5777
v 769.074280 31.398872 -2836.750732 0.8343 0.6883 0.5777
v 769.074280 223.398987 -2836.750732 0.8343 0.6883 0.5777
v 769.074280 223.398956 -3060.750732 0.8343 0.6883 0.5777
v 770.074280 95.398705 -3030.750732 0.5804 0.4667 0.3451
v 786.074280 95.398705 -3092.750732 0.5804 0.4667 0.3451
v 848.074280 95.398705 -3076.750732 0.5804 0.4667 0.3451
v 832.074280 95.398720 -3014.750732 0.5804 0.4667 0.3451
v 705.074280 -32.601128 -1172.749756 0.5804 0.4667 0.3451
v 641.074219 -32.601128 -1172.749756 0.5804 0.4667 0.3451
v 641.074219 -32.601135 -1236.749878 0.5804 0.4667 0.3451
v 705.074280 -32.601135 -1236.749878 0.5804 0.4667 0.3451
v 385.074097 -56.601269 -2356.750488 0.5804 0.4667 0.3451
v 321.074036 -56.601269 -2356.750488 0.5804 0.4667 0.3451
v 321.074036 -56.601276 -2420.750488 0.5804 0.4667 0.3451
v 385.074097 -56.601276 -2420.750488 0.5804 0.4667 0.3451
v 257.074036 127.398857 -1988.750244 0.5804 0.4667 0.3451
v 193.074081 127.398857 -1988.750244 0.5804 0.4667 0.3451
v 193.074081 127.398842 -2052.750244 0.5804 0.4667 0.3451
v 257.074036 127.398842 -2052.750244 0.5804 0.4667 0.3451
v -414.926208 -64.601257 -2260.750244 0.5804 0.4667 0.3451
v -478.926239 -64.601257 -2260.750244 0.5804 0.4667 0.3451
v -478.926239 -64.601273 -2324.750244 0.5804 0.4667 0.3451
v -414.926208 -64.601273 -2324.750244 0.5804 0.4667 0.3451
v -190.926102 31.398857 -1588.750000 0.5804 0.4667 0.3451
v -190.926102 31.398857 -1556.750000 0.5804 0.4667 0.3451
v -254.926132 31.398857 -1556.750000 0.5804 0.4667 0.3451
v -254.926132 31.398842 -1620.750000 0.5804 0.4667 0.3451
v -190.926102 31.398842 -1620.750000 0.5804 0.4667 0.3451
v -1438.926758 32.398735 -2591.750488 0.5804 0.4667 0.3451
v -1534.926758 32.398735 -2591.750488 0.5804 0.4667 0.3451
v -1534.926758 44.398735 -2637.750488 0.5804 0.4667 0.3451
v -1438.926758 44.398735 -2637.750488 0.5804 0.4667 0.3451
v -1438.926758 -32.601299 -2596.750488 0.5804 0.4667 0.3451
v -1406.926636 -32.601299 -2596.750488 0.5804 0.4667 0.3451
v -1390.926636 -32.601299 -2596.750488 0.5804 0.4667 0.3451
v -1534.926758 -3.311287 -2643.200439 0.5804 0.4667 0.3451
v -1534.926758 -13.601288 -2603.750488 0.5804 0.4667 0.3451
v -1438.926758 -13.601288 -2603.750488 0.5804 0.4667 0.3451
v -1438.926758 -2.831291 -2645.020508 0.5804 0.4667 0.3451
v -2142.927002 127.398705 -3188.750732 0.5804 0.4667 0.3451
v -2206.927246 127.398705 -3188.750732 0.5804 0.4667 0.3451
v -2206.927246 127.398705 -3252.750732 0.5804 0.4667 0.3451
v -2142.927002 127.398705 -3252.750732 0.5804 0.4667 0.3451
v -2206.927246 127.398705 -3204.750732 0.5804 0.4667 0.3451
v -2254.927246 127.398705 -3204.750732 0.5804 0.4667 0.3451
v -2270.927246 127.398705 -3204.750732 0.5804 0.4667 0.3451
v -2270.927246 127.398705 -3268.750732 0.5804 0.4667 0.3451
v -2206.927246 127.398705 -3268.750732 0.5804 0.4667 0.3451
v -2254.927246 111.398705 -3156.750732 0.5804 0.4667 0.3451
v -2254.927246 111.398705 -3204.750732 0.5804 0.4667 0.3451
v -2206.927246 111.398705 -3204.750732 0.5804 0.4667 0.3451
v -2206.927246 111.398705 -3188.750732 0.5804 0.4667 0.3451
v -2206.927246 111.398705 -3156.750732 0.5804 0.4667 0.3451
v -2302.927246 95.398689 -3220.750732 0.5804 0.4667 0.3451
v -2366.927246 95.398689 -3220.750732 0.5804 0.4667 0.3451
v -2366.927246 95.398674 -3284.750732 0.5804 0.4667 0.3451
v -2302.927246 95.398674 -3284.750732 0.5804 0.4667 0.3451
v -2302.927246 63.398689 -3124.750732 0.5804 0.4667 0.3451
v -2366.927246 63.398689 -3124.750732 0.5804 0.4667 0.3451
v -2366.927246 63.398674 -3188.750732 0.5804 0.4667 0.3451
v -2302.927246 63.398674 -3188.750732 0.5804 0.4667 0.3451
v -2334.927246 31.398697 -2900.750732 0.5804 0.4667 0.3451
v -2286.927246 31.398697 -2900.750732 0.5804 0.4667 0.3451
v -2286.927246 31.398705 -2852.750732 0.5804 0.4667 0.3451
v -2334.927246 31.398705 -2852.750732 0.5804 0.4667 0.3451
v -2334.927246 31.398697 -2900.750732 0.5804 0.4667 0.3451
v -1390.926636 -32.601295 -2580.750488 0.5804 0.4667 0.3451
v -1390.926636 -32.601288 -2500.750488 0.5804 0.4667 0.3451
v -1406.926636 -32.601288 -2500.750488 0.5804 0.4667 0.3451
v -1406.926636 -32.601295 -2580.750488 0.5804 0.4667 0.3451
v -1406.926636 -48.601231 -2068.750244 0.5804 0.4667 0.3451
v -1454.926758 -48.601231 -2068.750244 0.5804 0.4667 0.3451
v -1454.926758 -48.601238 -2116.750244 0.5804 0.4667 0.3451
v -1406.926636 -48.601238 -2116.750244 0.5804 0.4667 0.3451
v -1438.926758 -32.601288 -2500.750488 0.5804 0.4667 0.3451
v -1438.926758 -32.601295 -2580.750488 0.5804 0.4667 0.3451
v -1406.926636 -32.601295 -2580.750488 0.5804 0.4667 0.3451
v -1854.926880 31.398827 -1764.750122 0.5804 0.4667 0.3451
v -1814.926880 31.398842 -1724.750122 0.5804 0.4667 0.3451
v -1470.926758 15.398888 -1236.749878 0.5804 0.4667 0.3451
v -1534.926758 15.398888 -1236.749878 0.5804 0.4667 0.3451
v -1534.926758 15.398880 -1300.749878 0.5804 0.4667 0.3451
v -1470.926758 15.398880 -1300.749878 0.5804 0.4667 0.3451
v -1534.926758 -0.601120 -1236.749878 0.5804 0.4667 0.3451
v -1598.926758 -0.601120 -1236.749878 0.5804 0.4667 0.3451
v -1598.926758 -0.601128 -1300.749878 0.5804 0.4667 0.3451
v -1566.926758 -0.601128 -1300.749878 0.5804 0.4667 0.3451
v -1534.926758 -0.601128 -1300.749878 0.5804 0.4667 0.3451
v -1342.926636 -144.601212 -1492.750000 0.5804 0.4667 0.3451
v -1470.926758 -144.601212 -1492.750000 0.5804 0.4667 0.3451
v -1470.926758 -144.601212 -1556.750000 0.5804 0.4667 0.3451
v -1342.926636 -144.601212 -1556.750000 0.5804 0.4667 0.3451
v -2302.927246 -0.601265 -2468.750488 0.5804 0.4667 0.3451
v -2366.927246 -0.601265 -2468.750488 0.5804 0.4667 0.3451
v -2366.927246 -0.601273 -2532.750488 0.5804 0.4667 0.3451
v -2302.927246 -0.601273 -2532.750488 0.5804 0.4667 0.3451
v -1894.926880 31.398842 -1724.750122 0.5804 0.4667 0.3451
v -1854.926880 31.398842 -1684.750000 0.5804 0.4667 0.3451
v -2046.927002 31.398827 -1812.750122 0.5804 0.4667 0.3451
v -2110.927002 31.398827 -1812.750122 0.5804 0.4667 0.3451
v -2110.927002 31.398811 -1876.750122 0.5804 0.4667 0.3451
v -2046.927002 31.398811 -1876.750122 0.5804 0.4667 0.3451
v 1537.074707 31.398918 -980.749695 0.5804 0.4667 0.3451
v 1473.074707 31.398918 -980.749695 0.5804 0.4667 0.3451
v 1473.074707 31.398918 -1044.749756 0.5804 0.4667 0.3451
v 1537.074707 31.398918 -1044.749756 0.5804 0.4667 0.3451
v 1281.074585 -224.601105 -228.749283 0.5804 0.4667 0.3451
v 1281.074585 -224.601105 -276.749329 0.5804 0.4667 0.3451
v 1345.074585 -224.601105 -276.749329 0.5804 0.4667 0.3451
v 1345.074585 -224.601105 -228.749283 0.5804 0.4667 0.3451
v 1345.074585 -224.601105 -148.749252 0.5804 0.4667 0.3451
v 1281.074585 -224.601105 -148.749252 0.5804 0.4667 0.3451
v 1281.074585 -224.601105 -164.749252 0.5804 0.4667 0.3451
v 1345.074585 -224.601105 -164.749252 0.5804 0.4667 0.3451
v 1345.074585 -160.601059 -164.749268 0.5804 0.4667 0.3451
v 1281.074585 -160.601059 -164.749268 0.5804 0.4667 0.3451
v 1281.074585 -160.601074 -228.749298 0.5804 0.4667 0.3451
v 1345.074585 -160.601074 -228.749298 0.5804 0.4667 0.3451
v 897.074280 95.399055 -148.749298 0.5804 0.4667 0.3451
v 705.074280 95.399055 -148.749298 0.5804 0.4667 0.3451
v 705.074280 95.399040 -212.749329 0.5804 0.4667 0.3451
v 897.074280 95.399040 -212.749329 0.5804 0.4667 0.3451
v 1089.074463 -224.601074 -20.749189 0.5804 0.4667 0.3451
v 1025.074463 -224.601074 -20.749189 0.5804 0.4667 0.3451
v 1025.074463 -224.601074 -52.749207 0.5804 0.4667 0.3451
v 1025.074463 -224.601105 -148.749252 0.5804 0.4667 0.3451
v 1089.074463 -224.601105 -148.749252 0.5804 0.4667 0.3451
v -766.926392 -32.600983 59.250824 0.5804 0.4667 0.3451
v -766.926392 -32.600983 43.250816 0.5804 0.4667 0.3451
v -702.926331 -32.600983 43.250816 0.5804 0.4667 0.3451
v -702.926331 -32.600983 59.250824 0.5804 0.4667 0.3451
v -702.926331 -32.600967 171.250870 0.5804 0.4667 0.3451
v -766.926392 -32.600967 171.250870 0.5804 0.4667 0.3451
v -766.926392 -32.600975 123.250854 0.5804 0.4667 0.3451
v -702.926331 -32.600975 123.250854 0.5804 0.4667 0.3451
v -702.926331 31.399055 123.250854 0.5804 0.4667 0.3451
v -766.926392 31.399055 123.250854 0.5804 0.4667 0.3451
v -766.926392 31.399055 59.250816 0.5804 0.4667 0.3451
v -702.926331 31.399055 59.250816 0.5804 0.4667 0.3451
v -766.926392 31.399025 -148.749283 0.5804 0.4667 0.3451
v -830.926453 31.399025 -148.749283 0.5804 0.4667 0.3451
v -830.926453 31.399010 -212.749313 0.5804 0.4667 0.3451
v -766.926392 31.399010 -212.749313 0.5804 0.4667 0.3451
v -1214.926636 159.399170 491.250946 0.5804 0.4667 0.3451
v -1278.926636 159.399170 491.250946 0.5804 0.4667 0.3451
v -1278.926636 159.399170 427.250977 0.5804 0.4667 0.3451
v -1214.926636 159.399170 427.250977 0.5804 0.4667 0.3451
v -1966.927002 95.399117 315.250916 0.5804 0.4667 0.3451
v -2030.927002 95.399117 315.250916 0.5804 0.4667 0.3451
v -2030.927002 95.399101 251.250885 0.5804 0.4667 0.3451
v -1966.927002 95.399101 251.250885 0.5804 0.4667 0.3451
v -1646.926758 -32.601307 -2676.750488 0.5804 0.4667 0.3451
v -1646.926758 -32.601303 -2628.750488 0.5804 0.4667 0.3451
v -1598.926758 -32.601303 -2628.750488 0.5804 0.4667 0.3451
v -1598.926758 -32.601307 -2676.750488 0.5804 0.4667 0.3451
v -1646.926758 15.398720 -2628.750488 0.5804 0.4667 0.3451
v -1646.926758 15.398712 -2676.750488 0.5804 0.4667 0.3451
v -1598.926758 15.398712 -2676.750488 0.5804 0.4667 0.3451
v -1598.926758 15.398720 -2628.750488 0.5804 0.4667 0.3451
v 705.074280 -32.600960 -1172.749756 0.5804 0.4667 0.3451
v 705.074280 -96.600975 -1172.749756 0.5804 0.4667 0.3451
v 641.074219 -96.600975 -1172.749756 0.5804 0.4667 0.3451
v 641.074219 -32.600960 -1172.749756 0.5804 0.4667 0.3451
v 832.074280 95.398888 -3014.750732 0.5804 0.4667 0.3451
v 832.074280 31.398857 -3014.750732 0.5804 0.4667 0.3451
v 770.074280 31.398842 -3030.750732 0.5804 0.4667 0.3451
v 770.074280 95.398872 -3030.750732 0.5804 0.4667 0.3451
v 786.074280 31.398842 -3092.750732 0.5804 0.4667 0.3451
v 848.074280 95.398872 -3076.750732 0.5804 0.4667 0.3451
v 848.074280 31.398842 -3076.750732 0.5804 0.4667 0.3451
v 786.074280 95.398872 -3092.750732 0.5804 0.4667 0.3451
v 705.074280 -32.600967 -1236.749878 0.5804 0.4667 0.3451
v 705.074280 -64.600967 -1236.749878 0.5804 0.4667 0.3451
v 705.074280 -96.600983 -1236.749878 0.5804 0.4667 0.3451
v 225.074142 -0.601051 -2052.750244 0.5804 0.4667 0.3451
v 257.074036 -0.601051 -2052.750244 0.5804 0.4667 0.3451
v 257.074036 127.399010 -2052.750244 0.5804 0.4667 0.3451
v 385.074097 -56.601105 -2420.750488 0.5804 0.4667 0.3451
v 385.074097 -96.601120 -2356.750488 0.5804 0.4667 0.3451
v 385.074097 -56.601097 -2356.750488 0.5804 0.4667 0.3451
v 385.074097 -96.601120 -2356.750488 0.5804 0.4667 0.3451
v 321.074036 -120.601128 -2356.750488 0.5804 0.4667 0.3451
v 321.074036 -56.601097 -2356.750488 0.5804 0.4667 0.3451
v 321.074036 -56.601097 -2356.750488 0.5804 0.4667 0.3451
v 321.074036 -120.601128 -2356.750488 0.5804 0.4667 0.3451
v 321.074036 -120.601135 -2420.750488 0.5804 0.4667 0.3451
v 321.074036 -56.601105 -2420.750488 0.5804 0.4667 0.3451
v 193.074112 -0.601051 -2052.750244 0.5804 0.4667 0.3451
v 193.074112 127.399010 -2052.750244 0.5804 0.4667 0.3451
v 257.074036 127.399025 -1988.750244 0.5804 0.4667 0.3451
v 257.074036 -0.601044 -1988.750244 0.5804 0.4667 0.3451
v 225.074142 -0.601044 -1988.750244 0.5804 0.4667 0.3451
v 193.074112 -0.601044 -1988.750244 0.5804 0.4667 0.3451
v 193.074112 127.399025 -1988.750244 0.5804 0.4667 0.3451
v -478.926208 -70.651093 -2260.750244 0.5804 0.4667 0.3451
v -478.926208 -128.601135 -2318.700195 0.5804 0.4667 0.3451
v -478.926208 -123.601128 -2317.750244 0.5804 0.4667 0.3451
v -478.926208 -92.601112 -2296.750244 0.5804 0.4667 0.3451
v -478.926208 -71.601089 -2265.750244 0.5804 0.4667 0.3451
v -414.926178 -128.601120 -2260.750244 0.5804 0.4667 0.3451
v -478.926208 -128.601120 -2260.750244 0.5804 0.4667 0.3451
v -478.926208 -64.601089 -2260.750244 0.5804 0.4667 0.3451
v -414.926178 -64.601097 -2324.750244 0.5804 0.4667 0.3451
v -414.926178 -128.601135 -2324.750244 0.5804 0.4667 0.3451
v -414.926178 -128.601120 -2260.750244 0.5804 0.4667 0.3451
v -414.926178 -64.601089 -2260.750244 0.5804 0.4667 0.3451
v -254.926102 -96.601021 -1556.750000 0.5804 0.4667 0.3451
v -254.926102 -96.601028 -1620.750000 0.5804 0.4667 0.3451
v -254.926102 31.399010 -1620.750000 0.5804 0.4667 0.3451
v -190.926071 -0.600998 -1588.750000 0.5804 0.4667 0.3451
v -190.926071 -96.601028 -1588.750000 0.5804 0.4667 0.3451
v -190.926071 -96.601021 -1556.750000 0.5804 0.4667 0.3451
v -190.926071 31.399025 -1588.750000 0.5804 0.4667 0.3451
v -190.926071 31.399025 -1556.750000 0.5804 0.4667 0.3451
v -254.926102 31.399025 -1556.750000 0.5804 0.4667 0.3451
v -1534.926758 32.398903 -2591.750488 0.5804 0.4667 0.3451
v -1438.926758 -13.601120 -2603.750488 0.5804 0.4667 0.3451
v -1534.926758 -13.601120 -2603.750488 0.5804 0.4667 0.3451
v -1534.926758 13.228897 -2596.750488 0.5804 0.4667 0.3451
v -1390.926636 -67.931129 -2596.750488 0.5804 0.4667 0.3451
v -1390.926636 -32.601128 -2596.750488 0.5804 0.4667 0.3451
v -1406.926636 -62.601131 -2596.750488 0.5804 0.4667 0.3451
v -1438.926758 -32.601128 -2596.750488 0.5804 0.4667 0.3451
v -1438.926758 -62.601131 -2596.750488 0.5804 0.4667 0.3451
v -1406.926636 -62.601131 -2596.750488 0.5804 0.4667 0.3451
v -1406.926636 -32.601128 -2596.750488 0.5804 0.4667 0.3451
v -1438.926758 32.398903 -2591.750488 0.5804 0.4667 0.3451
v -1438.926758 44.398903 -2637.750488 0.5804 0.4667 0.3451
v -1438.926758 2.598877 -2648.650391 0.5804 0.4667 0.3451
v -1438.926758 -2.831123 -2645.020508 0.5804 0.4667 0.3451
v -1438.926758 44.398903 -2637.750488 0.5804 0.4667 0.3451
v -1534.926758 44.398903 -2637.750488 0.5804 0.4667 0.3451
v -1534.926758 4.208878 -2648.230469 0.5804 0.4667 0.3451
v -1438.926758 2.598877 -2648.650391 0.5804 0.4667 0.3451
v -2366.927246 95.398842 -3284.750732 0.5804 0.4667 0.3451
v -2366.927246 31.398811 -3284.750732 0.5804 0.4667 0.3451
v -2302.927246 31.398811 -3284.750732 0.5804 0.4667 0.3451
v -2302.927246 95.398842 -3284.750732 0.5804 0.4667 0.3451
v -2270.927246 127.398872 -3204.750732 0.5804 0.4667 0.3451
v -2270.927246 63.398842 -3204.750732 0.5804 0.4667 0.3451
v -2270.927246 127.398872 -3268.750732 0.5804 0.4667 0.3451
v -2206.927246 63.398842 -3156.750732 0.5804 0.4667 0.3451
v -2238.927246 63.398842 -3156.750732 0.5804 0.4667 0.3451
v -2254.927246 111.398872 -3156.750732 0.5804 0.4667 0.3451
v -2206.927246 63.398842 -3188.750732 0.5804 0.4667 0.3451
v -2206.927246 63.398842 -3156.750732 0.5804 0.4667 0.3451
v -2206.927246 111.398872 -3156.750732 0.5804 0.4667 0.3451
v -2206.927246 111.398872 -3188.750732 0.5804 0.4667 0.3451
v -2206.927246 63.398842 -3268.750732 0.5804 0.4667 0.3451
v -2206.927246 127.398872 -3188.750732 0.5804 0.4667 0.3451
v -2206.927246 127.398872 -3204.750732 0.5804 0.4667 0.3451
v -2206.927246 127.398872 -3252.750732 0.5804 0.4667 0.3451
v -2142.927002 63.398842 -3252.750732 0.5804 0.4667 0.3451
v -2142.927002 127.398872 -3252.750732 0.5804 0.4667 0.3451
v -2142.927002 127.398872 -3188.750732 0.5804 0.4667 0.3451
v -2142.927002 63.398842 -3188.750732 0.5804 0.4667 0.3451
v -2206.927246 111.398872 -3188.750732 0.5804 0.4667 0.3451
v -2206.927246 127.398872 -3188.750732 0.5804 0.4667 0.3451
v -2206.927246 111.398872 -3204.750732 0.5804 0.4667 0.3451
v -2254.927246 127.398872 -3204.750732 0.5804 0.4667 0.3451
v -2254.927246 111.398872 -3204.750732 0.5804 0.4667 0.3451
v -2254.927246 63.398842 -3204.750732 0.5804 0.4667 0.3451
v -2270.927246 63.398842 -3204.750732 0.5804 0.4667 0.3451
v -2270.927246 127.398872 -3204.750732 0.5804 0.4667 0.3451
v -2254.927246 127.398872 -3204.750732 0.5804 0.4667 0.3451
v -2270.927246 63.398842 -3268.750732 0.5804 0.4667 0.3451
v -2206.927246 127.398872 -3268.750732 0.5804 0.4667 0.3451
v -2254.927246 63.398842 -3156.750732 0.5804 0.4667 0.3451
v -2254.927246 63.398842 -3204.750732 0.5804 0.4667 0.3451
v -2254.927246 111.398872 -3204.750732 0.5804 0.4667 0.3451
v -2366.927246 63.398842 -3188.750732 0.5804 0.4667 0.3451
v -2302.927246 31.398827 -3188.750732 0.5804 0.4667 0.3451
v -2302.927246 63.398842 -3188.750732 0.5804 0.4667 0.3451
v -2302.927246 95.398842 -3284.750732 0.5804 0.4667 0.3451
v -2302.927246 31.398811 -3284.750732 0.5804 0.4667 0.3451
v -2302.927246 31.398827 -3220.750732 0.5804 0.4667 0.3451
v -2302.927246 95.398857 -3220.750732 0.5804 0.4667 0.3451
v -2302.927246 95.398857 -3220.750732 0.5804 0.4667 0.3451
v -2302.927246 31.398827 -3220.750732 0.5804 0.4667 0.3451
v -2366.927246 31.398827 -3220.750732 0.5804 0.4667 0.3451
v -2366.927246 95.398857 -3220.750732 0.5804 0.4667 0.3451
v -2302.927246 -64.601196 -3124.750732 0.5804 0.4667 0.3451
v -2366.927246 -64.601196 -3124.750732 0.5804 0.4667 0.3451
v -2366.927246 63.398857 -3124.750732 0.5804 0.4667 0.3451
v -2302.927246 63.398842 -3188.750732 0.5804 0.4667 0.3451
v -2302.927246 31.398827 -3188.750732 0.5804 0.4667 0.3451
v -2302.927246 -64.601196 -3188.750732 0.5804 0.4667 0.3451
v -2302.927246 -64.601196 -3156.750732 0.5804 0.4667 0.3451
v -2302.927246 -64.601196 -3124.750732 0.5804 0.4667 0.3451
v -2302.927246 63.398857 -3124.750732 0.5804 0.4667 0.3451
v -2286.927246 -16.601151 -2852.750732 0.5804 0.4667 0.3451
v -2286.927246 -64.601166 -2900.750732 0.5804 0.4667 0.3451
v -2286.927246 -64.601166 -2852.750732 0.5804 0.4667 0.3451
v -2334.927246 -16.601158 -2900.750732 0.5804 0.4667 0.3451
v -2334.927246 -64.601166 -2900.750732 0.5804 0.4667 0.3451
v -2286.927246 -16.601158 -2900.750732 0.5804 0.4667 0.3451
v -2334.927246 31.398857 -2900.750732 0.5804 0.4667 0.3451
v -2286.927246 31.398857 -2900.750732 0.5804 0.4667 0.3451
v -2334.927246 -64.601166 -2852.750732 0.5804 0.4667 0.3451
v -2334.927246 -16.601151 -2852.750732 0.5804 0.4667 0.3451
v -2286.927246 31.398872 -2852.750732 0.5804 0.4667 0.3451
v -2334.927246 -16.601151 -2852.750732 0.5804 0.4667 0.3451
v -2334.927246 31.398872 -2852.750732 0.5804 0.4667 0.3451
v -1406.926636 -96.601089 -2116.750244 0.5804 0.4667 0.3451
v -1406.926636 -96.601082 -2068.750244 0.5804 0.4667 0.3451
v -1406.926636 -48.601059 -2068.750244 0.5804 0.4667 0.3451
v -1406.926636 -74.601120 -2500.750488 0.5804 0.4667 0.3451
v -1390.926636 -69.931129 -2580.750488 0.5804 0.4667 0.3451
v -1390.926636 -73.431129 -2552.750488 0.5804 0.4667 0.3451
v -1390.926636 -73.931129 -2548.750488 0.5804 0.4667 0.3451
v -1390.926636 -79.931122 -2500.750488 0.5804 0.4667 0.3451
v -1390.926636 -32.601120 -2500.750488 0.5804 0.4667 0.3451
v -1390.926636 -32.601128 -2580.750488 0.5804 0.4667 0.3451
v -1454.926758 -48.601067 -2116.750244 0.5804 0.4667 0.3451
v -1454.926758 -96.601089 -2116.750244 0.5804 0.4667 0.3451
v -1406.926636 -96.601089 -2116.750244 0.5804 0.4667 0.3451
v -1406.926636 -48.601067 -2116.750244 0.5804 0.4667 0.3451
v -1454.926758 -48.601059 -2068.750244 0.5804 0.4667 0.3451
v -1454.926758 -96.601082 -2068.750244 0.5804 0.4667 0.3451
v -1438.926758 -74.601120 -2500.750488 0.5804 0.4667 0.3451
v -1438.926758 -32.601120 -2500.750488 0.5804 0.4667 0.3451
v -1406.926636 -32.601120 -2500.750488 0.5804 0.4667 0.3451
v -1854.926880 -96.601044 -1764.750122 0.5804 0.4667 0.3451
v -1814.926880 -96.601044 -1724.750122 0.5804 0.4667 0.3451
v -1814.926880 -64.601028 -1724.750122 0.5804 0.4667 0.3451
v -1814.926880 31.399010 -1724.750122 0.5804 0.4667 0.3451
v -1534.926758 15.399055 -1236.749878 0.5804 0.4667 0.3451
v -1534.926758 -0.600960 -1300.749878 0.5804 0.4667 0.3451
v -1534.926758 15.399048 -1300.749878 0.5804 0.4667 0.3451
v -1470.926758 -48.600960 -1236.749878 0.5804 0.4667 0.3451
v -1534.926758 -48.600960 -1236.749878 0.5804 0.4667 0.3451
v -1470.926758 15.399048 -1300.749878 0.5804 0.4667 0.3451
v -1470.926758 -32.600975 -1300.749878 0.5804 0.4667 0.3451
v -1470.926758 -48.600967 -1300.749878 0.5804 0.4667 0.3451
v -1470.926758 15.399055 -1236.749878 0.5804 0.4667 0.3451
v -1598.926758 -0.600952 -1236.749878 0.5804 0.4667 0.3451
v -1598.926758 -64.600967 -1236.749878 0.5804 0.4667 0.3451
v -1598.926758 -64.600975 -1300.749878 0.5804 0.4667 0.3451
v -1598.926758 -32.600975 -1300.749878 0.5804 0.4667 0.3451
v -1598.926758 -0.600960 -1300.749878 0.5804 0.4667 0.3451
v -1534.926758 -0.600952 -1236.749878 0.5804 0.4667 0.3451
v -1534.926758 -64.600967 -1236.749878 0.5804 0.4667 0.3451
v -1342.926636 -144.601044 -1492.750000 0.5804 0.4667 0.3451
v -1470.926758 -208.601074 -1492.750000 0.5804 0.4667 0.3451
v -1470.926758 -192.601074 -1492.750000 0.5804 0.4667 0.3451
v -1470.926758 -144.601044 -1492.750000 0.5804 0.4667 0.3451
v -1342.926636 -144.601044 -1556.750000 0.5804 0.4667 0.3451
v -1342.926636 -192.601074 -1556.750000 0.5804 0.4667 0.3451
v -1342.926636 -208.601089 -1556.750000 0.5804 0.4667 0.3451
v -1342.926636 -208.601074 -1492.750000 0.5804 0.4667 0.3451
v -2110.927002 -96.601059 -1876.750122 0.5804 0.4667 0.3451
v -2366.927246 -0.601105 -2532.750488 0.5804 0.4667 0.3451
v -2366.927246 -64.601120 -2532.750488 0.5804 0.4667 0.3451
v -2302.927246 -64.601120 -2532.750488 0.5804 0.4667 0.3451
v -2302.927246 -0.601105 -2532.750488 0.5804 0.4667 0.3451
v -2302.927246 -0.601097 -2468.750488 0.5804 0.4667 0.3451
v -2302.927246 -32.601112 -2468.750488 0.5804 0.4667 0.3451
v -2366.927246 -32.601112 -2468.750488 0.5804 0.4667 0.3451
v -2366.927246 -0.601097 -2468.750488 0.5804 0.4667 0.3451
v -2302.927246 -0.601105 -2532.750488 0.5804 0.4667 0.3451
v -2302.927246 -64.601120 -2468.750488 0.5804 0.4667 0.3451
v -2302.927246 -32.601112 -2468.750488 0.5804 0.4667 0.3451
v -2302.927246 -0.601097 -2468.750488 0.5804 0.4667 0.3451
v -2110.927002 31.398994 -1812.750122 0.5804 0.4667 0.3451
v -2110.927002 -64.601036 -1812.750122 0.5804 0.4667 0.3451
v -2110.927002 -79.981041 -1812.750122 0.5804 0.4667 0.3451
v -2110.927002 -96.601051 -1812.750122 0.5804 0.4667 0.3451
v -2110.927002 31.398979 -1876.750122 0.5804 0.4667 0.3451
v -1854.926880 31.398994 -1764.750122 0.5804 0.4667 0.3451
v -1854.926880 31.399010 -1684.750000 0.5804 0.4667 0.3451
v -1854.926880 -64.601021 -1684.750000 0.5804 0.4667 0.3451
v -1854.926880 -96.601036 -1684.750000 0.5804 0.4667 0.3451
v -1894.926880 -96.601044 -1724.750122 0.5804 0.4667 0.3451
v -1894.926880 31.399010 -1724.750122 0.5804 0.4667 0.3451
v -2046.927002 31.398979 -1876.750122 0.5804 0.4667 0.3451
v -2046.927002 -96.601059 -1876.750122 0.5804 0.4667 0.3451
v -2046.927002 -96.601051 -1828.750122 0.5804 0.4667 0.3451
v -2046.927002 -96.601051 -1812.750122 0.5804 0.4667 0.3451
v -2046.927002 -64.601036 -1812.750122 0.5804 0.4667 0.3451
v -2046.927002 31.398994 -1812.750122 0.5804 0.4667 0.3451
v 1537.074707 31.399086 -980.749695 0.5804 0.4667 0.3451
v 1537.074707 -32.600937 -980.749695 0.5804 0.4667 0.3451
v 1473.074707 31.399086 -980.749695 0.5804 0.4667 0.3451
v 1473.074707 -32.600937 -980.749695 0.5804 0.4667 0.3451
v 1473.074707 -32.600945 -1044.749756 0.5804 0.4667 0.3451
v 1473.074707 31.399086 -1044.749756 0.5804 0.4667 0.3451
v 1281.074585 -224.600922 -148.749222 0.5804 0.4667 0.3451
v 1281.074585 -288.600952 -148.749207 0.5804 0.4667 0.3451
v 1281.074585 -288.600983 -276.749268 0.5804 0.4667 0.3451
v 1281.074585 -224.600952 -276.749298 0.5804 0.4667 0.3451
v 1281.074585 -160.600891 -164.749237 0.5804 0.4667 0.3451
v 1281.074585 -224.600922 -164.749222 0.5804 0.4667 0.3451
v 1281.074585 -224.600937 -228.749252 0.5804 0.4667 0.3451
v 1281.074585 -160.600891 -228.749268 0.5804 0.4667 0.3451
v 1345.074585 -224.600937 -228.749252 0.5804 0.4667 0.3451
v 1345.074585 -160.600891 -228.749268 0.5804 0.4667 0.3451
v 1345.074585 -272.600952 -276.749268 0.5804 0.4667 0.3451
v 1345.074585 -224.600952 -276.749298 0.5804 0.4667 0.3451
v 1345.074585 -224.600922 -148.749222 0.5804 0.4667 0.3451
v 1345.074585 -272.600952 -148.749207 0.5804 0.4667 0.3451
v 1345.074585 -160.600891 -164.749237 0.5804 0.4667 0.3451
v 1345.074585 -224.600922 -164.749222 0.5804 0.4667 0.3451
v 705.074280 95.399208 -212.749298 0.5804 0.4667 0.3451
v 705.074280 31.399178 -212.749283 0.5804 0.4667 0.3451
v 897.074280 95.399208 -212.749298 0.5804 0.4667 0.3451
v 897.074280 -96.600861 -212.749268 0.5804 0.4667 0.3451
v 897.074280 -64.600845 -212.749268 0.5804 0.4667 0.3451
v 897.074280 31.399178 -212.749283 0.5804 0.4667 0.3451
v 1025.074463 -224.600922 -148.749222 0.5804 0.4667 0.3451
v 1025.074463 -288.600952 -148.749207 0.5804 0.4667 0.3451
v 1089.074463 -224.600922 -148.749222 0.5804 0.4667 0.3451
v 1089.074463 -288.600952 -148.749207 0.5804 0.4667 0.3451
v 1089.074463 -288.600952 -20.749151 0.5804 0.4667 0.3451
v 1089.074463 -224.600922 -20.749159 0.5804 0.4667 0.3451
v -766.926331 -96.600861 -212.749268 0.5804 0.4667 0.3451
v -766.926331 -96.600853 -148.749237 0.5804 0.4667 0.3451
v -766.926331 31.399193 -148.749252 0.5804 0.4667 0.3451
v -766.926331 -32.600815 43.250847 0.5804 0.4667 0.3451
v -766.926331 -96.600830 43.250854 0.5804 0.4667 0.3451
v -702.926331 -32.600815 43.250847 0.5804 0.4667 0.3451
v -702.926331 31.399223 123.250885 0.5804 0.4667 0.3451
v -702.926331 -32.600807 123.250885 0.5804 0.4667 0.3451
v -766.926331 -32.600807 123.250885 0.5804 0.4667 0.3451
v -766.926331 31.399223 123.250885 0.5804 0.4667 0.3451
v -702.926331 31.399223 59.250847 0.5804 0.4667 0.3451
v -766.926331 31.399223 59.250847 0.5804 0.4667 0.3451
v -766.926331 -32.600815 59.250854 0.5804 0.4667 0.3451
v -702.926331 -32.600815 59.250854 0.5804 0.4667 0.3451
v -702.926331 -32.600800 171.250900 0.5804 0.4667 0.3451
v -702.926331 -96.600815 171.250916 0.5804 0.4667 0.3451
v -766.926331 -96.600815 171.250916 0.5804 0.4667 0.3451
v -766.926331 -32.600800 171.250900 0.5804 0.4667 0.3451
v -702.926331 -96.600830 43.250854 0.5804 0.4667 0.3451
v -830.926453 31.399178 -212.749283 0.5804 0.4667 0.3451
v -830.926453 -96.600861 -212.749268 0.5804 0.4667 0.3451
v -766.926331 31.399178 -212.749283 0.5804 0.4667 0.3451
v -1278.926636 31.399269 491.251007 0.5804 0.4667 0.3451
v -1278.926636 31.399269 448.580994 0.5804 0.4667 0.3451
v -1278.926636 34.069267 427.251007 0.5804 0.4667 0.3451
v -1278.926636 159.399353 427.251007 0.5804 0.4667 0.3451
v -1214.926636 39.399269 427.251007 0.5804 0.4667 0.3451
v -1214.926636 63.399284 427.251007 0.5804 0.4667 0.3451
v -1214.926636 159.399353 427.251007 0.5804 0.4667 0.3451
v -1966.927002 31.399239 251.250916 0.5804 0.4667 0.3451
v -1966.927002 31.399254 315.250946 0.5804 0.4667 0.3451
v -2030.927002 95.399284 315.250946 0.5804 0.4667 0.3451
v -2030.927002 95.399269 251.250916 0.5804 0.4667 0.3451
v -1966.927002 95.399284 315.250946 0.5804 0.4667 0.3451
v -2030.927002 31.399254 315.250946 0.5804 0.4667 0.3451
v -2030.927002 63.399269 315.250946 0.5804 0.4667 0.3451
v -1646.926758 15.398888 -2628.750488 0.5804 0.4667 0.3451
v -1646.926758 -32.601135 -2628.750488 0.5804 0.4667 0.3451
v -1646.926758 15.398880 -2676.750488 0.5804 0.4667 0.3451
v -1598.926758 15.398888 -2628.750488 0.5804 0.4667 0.3451
v -1598.926758 -32.601135 -2628.750488 0.5804 0.4667 0.3451
v -1646.926758 -32.601135 -2628.750488 0.5804 0.4667 0.3451
v -1646.926758 15.398888 -2628.750488 0.5804 0.4667 0.3451
v -1646.926758 15.398880 -2676.750488 0.5804 0.4667 0.3451
v -1646.926758 -32.601143 -2676.750488 0.5804 0.4667 0.3451
v -1598.926758 -32.601143 -2676.750488 0.5804 0.4667 0.3451
v -1598.926758 15.398880 -2676.750488 0.5804 0.4667 0.3451
v -1598.926758 -32.601143 -2676.750488 0.5804 0.4667 0.3451
v -1598.926758 -32.601135 -2628.750488 0.5804 0.4667 0.3451
v -1598.926758 15.398888 -2628.750488 0.5804 0.4667 0.3451
v 641.074219 31.399055 -1236.749878 0.5804 0.4667 0.3451
v 641.074219 -32.600967 -1236.749878 0.5804 0.4667 0.3451
v 1441.074707 -56.601044 -1908.750122 0.5804 0.4667 0.3451
v 1537.074707 -32.601051 -1908.750122 0.5804 0.4667 0.3451
v 1537.074707 39.398979 -1908.750122 0.5804 0.4667 0.3451
v 1441.074707 39.398994 -1812.750122 0.5804 0.4667 0.3451
v 1441.074707 -0.601021 -1812.750122 0.5804 0.4667 0.3451
v 1441.074707 -56.601032 -1812.750122 0.5804 0.4667 0.3451
v 1441.074707 39.398979 -1908.750122 0.5804 0.4667 0.3451
v 385.074097 -120.601120 -2324.750244 0.5804 0.4667 0.3451
v 289.074036 -216.601181 -2324.750244 0.5804 0.4667 0.3451
v 289.074036 -160.601135 -2324.750244 0.5804 0.4667 0.3451
v 481.074158 -96.601112 -2324.750244 0.5804 0.4667 0.3451
v 481.074158 -168.601166 -2324.750244 0.5804 0.4667 0.3451
v 417.074097 -184.601166 -2324.750244 0.5804 0.4667 0.3451
v 385.074097 -192.601166 -2324.750244 0.5804 0.4667 0.3451
v 385.074097 -120.601120 -2324.750244 0.5804 0.4667 0.3451
v 385.074097 -96.601112 -2324.750244 0.5804 0.4667 0.3451
v 481.074158 -156.601151 -2420.750488 0.5804 0.4667 0.3451
v 481.074158 -168.601166 -2324.750244 0.5804 0.4667 0.3451
v 481.074158 -96.601112 -2324.750244 0.5804 0.4667 0.3451
v 385.074097 -96.601112 -2324.750244 0.5804 0.4667 0.3451
v 385.074097 -120.601120 -2324.750244 0.5804 0.4667 0.3451
v 385.074097 -120.601128 -2356.750488 0.5804 0.4667 0.3451
v 385.074097 -96.601120 -2356.750488 0.5804 0.4667 0.3451
v -478.926208 -128.601120 -2260.750244 0.5804 0.4667 0.3451
v -478.926208 -128.601120 -2228.750244 0.5804 0.4667 0.3451
v -478.926208 -224.601181 -2228.750244 0.5804 0.4667 0.3451
v -478.926208 -224.601196 -2324.750244 0.5804 0.4667 0.3451
v -478.926208 -160.601135 -2324.750244 0.5804 0.4667 0.3451
v -382.926147 -128.601120 -2228.750244 0.5804 0.4667 0.3451
v -382.926147 -224.601181 -2228.750244 0.5804 0.4667 0.3451
v -446.926208 -224.601181 -2228.750244 0.5804 0.4667 0.3451
v -478.926208 -128.601120 -2228.750244 0.5804 0.4667 0.3451
v -382.926147 -128.601120 -2260.750244 0.5804 0.4667 0.3451
v -382.926147 -128.601135 -2324.750244 0.5804 0.4667 0.3451
v -382.926147 -224.601196 -2324.750244 0.5804 0.4667 0.3451
v -158.926056 -128.601135 -2324.750244 0.5804 0.4667 0.3451
v -158.926056 -224.601196 -2324.750244 0.5804 0.4667 0.3451
v -222.926086 -224.601181 -2260.750244 0.5804 0.4667 0.3451
v -222.926086 -128.601120 -2260.750244 0.5804 0.4667 0.3451
v -222.926086 -128.601120 -2260.750244 0.5804 0.4667 0.3451
v -222.926086 -224.601181 -2260.750244 0.5804 0.4667 0.3451
v -286.926117 -224.601196 -2324.750244 0.5804 0.4667 0.3451
v -222.926086 -128.601135 -2388.750488 0.5804 0.4667 0.3451
v -222.926086 -224.601196 -2388.750488 0.5804 0.4667 0.3451
v -158.926056 -224.601196 -2324.750244 0.5804 0.4667 0.3451
v -158.926056 -128.601135 -2324.750244 0.5804 0.4667 0.3451
v 161.074112 -96.601021 -1524.750000 0.5804 0.4667 0.3451
v 225.074142 -96.601021 -1524.750000 0.5804 0.4667 0.3451
v 257.074036 -96.601021 -1524.750000 0.5804 0.4667 0.3451
v 257.074036 -64.600998 -1524.750000 0.5804 0.4667 0.3451
v 257.074036 -0.600990 -1524.750000 0.5804 0.4667 0.3451
v 161.074112 -0.600975 -1428.750000 0.5804 0.4667 0.3451
v 161.074112 -96.601006 -1428.750000 0.5804 0.4667 0.3451
v 161.074112 -0.600990 -1524.750000 0.5804 0.4667 0.3451
v 513.074158 -96.600975 -1172.749756 0.5804 0.4667 0.3451
v 513.074158 -96.600983 -1236.749878 0.5804 0.4667 0.3451
v 513.074158 -64.600967 -1236.749878 0.5804 0.4667 0.3451
v 513.074158 31.399071 -1172.749756 0.5804 0.4667 0.3451
v -606.926270 -128.601028 -1492.750000 0.5804 0.4667 0.3451
v -510.926208 -224.601089 -1492.750000 0.5804 0.4667 0.3451
v -510.926208 -128.601013 -1396.749878 0.5804 0.4667 0.3451
v -510.926208 -224.601074 -1396.749878 0.5804 0.4667 0.3451
v -606.926270 -224.601074 -1396.749878 0.5804 0.4667 0.3451
v -606.926270 -128.601013 -1396.749878 0.5804 0.4667 0.3451
v -606.926270 -224.601089 -1492.750000 0.5804 0.4667 0.3451
v -1534.926758 13.228897 -2596.750488 0.5804 0.4667 0.3451
v -1534.926758 11.398895 -2596.750488 0.5804 0.4667 0.3451
v -1534.926758 -62.601131 -2596.750488 0.5804 0.4667 0.3451
v -1438.926758 -62.601131 -2596.750488 0.5804 0.4667 0.3451
v -1438.926758 13.228897 -2596.750488 0.5804 0.4667 0.3451
v -1438.926758 13.228897 -2596.750488 0.5804 0.4667 0.3451
v -1438.926758 -32.601128 -2596.750488 0.5804 0.4667 0.3451
v -1438.926758 -32.601128 -2580.750488 0.5804 0.4667 0.3451
v -1438.926758 15.398895 -2580.750488 0.5804 0.4667 0.3451
v -2270.927246 63.398827 -3284.750732 0.5804 0.4667 0.3451
v -2222.927246 -64.601212 -3284.750732 0.5804 0.4667 0.3451
v -2142.927002 -64.601212 -3284.750732 0.5804 0.4667 0.3451
v -2142.927002 63.398827 -3284.750732 0.5804 0.4667 0.3451
v -2302.927246 31.398811 -3284.750732 0.5804 0.4667 0.3451
v -2366.927246 -64.601212 -3284.750732 0.5804 0.4667 0.3451
v -2270.927246 -64.601212 -3284.750732 0.5804 0.4667 0.3451
v -1998.927002 63.398857 -3124.750732 0.5804 0.4667 0.3451
v -2014.927002 -64.601196 -3124.750732 0.5804 0.4667 0.3451
v -1998.927002 -64.601196 -3124.750732 0.5804 0.4667 0.3451
v -1998.927002 63.398872 -2996.750732 0.5804 0.4667 0.3451
v -1998.927002 -64.601181 -2996.750732 0.5804 0.4667 0.3451
v -2014.927002 -64.601181 -2996.750732 0.5804 0.4667 0.3451
v -2142.927002 -64.601181 -3060.750732 0.5804 0.4667 0.3451
v -2238.927246 -64.601181 -3060.750732 0.5804 0.4667 0.3451
v -2238.927246 31.398842 -3060.750732 0.5804 0.4667 0.3451
v -2270.927246 31.398811 -3284.750732 0.5804 0.4667 0.3451
v -2270.927246 63.398842 -3268.750732 0.5804 0.4667 0.3451
v -2270.927246 63.398842 -3204.750732 0.5804 0.4667 0.3451
v -2270.927246 63.398842 -3156.750732 0.5804 0.4667 0.3451
v -2270.927246 31.398827 -3188.750732 0.5804 0.4667 0.3451
v -2270.927246 63.398842 -3188.750732 0.5804 0.4667 0.3451
v -2142.927002 63.398842 -3156.750732 0.5804 0.4667 0.3451
v -2238.927246 31.398827 -3156.750732 0.5804 0.4667 0.3451
v -2238.927246 31.398827 -3156.750732 0.5804 0.4667 0.3451
v -2238.927246 -64.601196 -3156.750732 0.5804 0.4667 0.3451
v -2270.927246 -64.601196 -3156.750732 0.5804 0.4667 0.3451
v -2238.927246 63.398842 -3156.750732 0.5804 0.4667 0.3451
v -2238.927246 -64.601181 -3060.750732 0.5804 0.4667 0.3451
v -2238.927246 -64.601196 -3156.750732 0.5804 0.4667 0.3451
v -2270.927246 31.398827 -3188.750732 0.5804 0.4667 0.3451
v -2270.927246 -64.601196 -3188.750732 0.5804 0.4667 0.3451
v -2302.927246 -64.601196 -3188.750732 0.5804 0.4667 0.3451
v -1284.926636 -36.601063 -2164.750244 0.5804 0.4667 0.3451
v -1315.726685 -127.001106 -2164.750244 0.5804 0.4667 0.3451
v -1315.726685 -127.001099 -2068.750244 0.5804 0.4667 0.3451
v -1284.926636 -36.601051 -2068.750244 0.5804 0.4667 0.3451
v -1375.926636 -5.601051 -2068.750244 0.5804 0.4667 0.3451
v -1406.926636 -96.601082 -2068.750244 0.5804 0.4667 0.3451
v -1406.926636 -96.601097 -2164.750244 0.5804 0.4667 0.3451
v -1438.926758 -32.601120 -2500.750488 0.5804 0.4667 0.3451
v -1438.926758 15.398895 -2580.750488 0.5804 0.4667 0.3451
v -1534.926758 -74.601120 -2500.750488 0.5804 0.4667 0.3451
v -1150.926636 -112.601013 -1396.749878 0.5804 0.4667 0.3451
v -1054.926514 -208.601074 -1396.749878 0.5804 0.4667 0.3451
v -1054.926514 -112.601013 -1396.749878 0.5804 0.4667 0.3451
v -1054.926514 -208.601059 -1300.749878 0.5804 0.4667 0.3451
v -1054.926514 -192.601044 -1300.749878 0.5804 0.4667 0.3451
v -1054.926514 -112.600998 -1300.749878 0.5804 0.4667 0.3451
v -1150.926636 -112.600998 -1300.749878 0.5804 0.4667 0.3451
v -1150.926636 -192.601044 -1300.749878 0.5804 0.4667 0.3451
v -1150.926636 -208.601059 -1300.749878 0.5804 0.4667 0.3451
v -1150.926636 -208.601074 -1396.749878 0.5804 0.4667 0.3451
v -2110.927002 -0.601097 -2452.750488 0.5804 0.4667 0.3451
v -2110.927002 -32.601112 -2452.750488 0.5804 0.4667 0.3451
v -2014.927002 -0.601097 -2452.750488 0.5804 0.4667 0.3451
v -2014.927002 -96.601120 -2356.750488 0.5804 0.4667 0.3451
v -2110.927002 -96.601120 -2356.750488 0.5804 0.4667 0.3451
v -2110.927002 -0.601089 -2356.750488 0.5804 0.4667 0.3451
v -2110.927002 -96.601128 -2420.750488 0.5804 0.4667 0.3451
v -2110.927002 -80.601120 -2420.750488 0.5804 0.4667 0.3451
v -2110.927002 -0.601097 -2420.750488 0.5804 0.4667 0.3451
v -2110.927002 -80.601120 -2452.750488 0.5804 0.4667 0.3451
v -2110.927002 -64.601112 -2452.750488 0.5804 0.4667 0.3451
v -2110.927002 -32.601112 -2452.750488 0.5804 0.4667 0.3451
v -2110.927002 -0.601097 -2452.750488 0.5804 0.4667 0.3451
v -2110.927002 -80.601120 -2420.750488 0.5804 0.4667 0.3451
v -2014.927002 -0.601097 -2452.750488 0.5804 0.4667 0.3451
v -2014.927002 -32.601112 -2452.750488 0.5804 0.4667 0.3451
v -2014.927002 -64.601112 -2452.750488 0.5804 0.4667 0.3451
v -2014.927002 -96.601128 -2452.750488 0.5804 0.4667 0.3451
v -2014.927002 -96.601120 -2356.750488 0.5804 0.4667 0.3451
v -2014.927002 -0.601089 -2356.750488 0.5804 0.4667 0.3451
v -2302.927246 41.399040 -1428.750000 0.5804 0.4667 0.3451
v -2302.927246 15.399033 -1428.750000 0.5804 0.4667 0.3451
v -2302.927246 -64.600990 -1428.750000 0.5804 0.4667 0.3451
v -2302.927246 -64.600983 -1364.749878 0.5804 0.4667 0.3451
v -2302.927246 -64.600975 -1300.749878 0.5804 0.4667 0.3451
v -2302.927246 63.399071 -1300.749878 0.5804 0.4667 0.3451
v -2430.927246 -64.600975 -1300.749878 0.5804 0.4667 0.3451
v -2430.927246 -32.600975 -1300.749878 0.5804 0.4667 0.3451
v 641.074219 -96.600967 -1108.749756 0.5804 0.4667 0.3451
v 641.074219 31.399071 -1172.749756 0.5804 0.4667 0.3451
v 1537.074707 -32.600876 -436.749359 0.5804 0.4667 0.3451
v 1441.074707 -8.600861 -436.749359 0.5804 0.4667 0.3451
v 1537.074707 -8.600861 -436.749359 0.5804 0.4667 0.3451
v 1441.074707 -16.600853 -340.749329 0.5804 0.4667 0.3451
v 1441.074707 -32.600861 -340.749329 0.5804 0.4667 0.3451
v 1441.074707 -32.600876 -436.749359 0.5804 0.4667 0.3451
v 1441.074707 159.399261 -340.749359 0.5804 0.4667 0.3451
v 1441.074707 -8.600845 -340.749329 0.5804 0.4667 0.3451
v 1441.074707 159.399231 -436.749390 0.5804 0.4667 0.3451
v 705.074280 -64.600853 -276.749298 0.5804 0.4667 0.3451
v 705.074280 -96.600868 -276.749298 0.5804 0.4667 0.3451
v 728.804260 -0.600838 -276.749298 0.5804 0.4667 0.3451
v 732.794250 31.399178 -276.749329 0.5804 0.4667 0.3451
v 728.804260 31.399178 -276.749329 0.5804 0.4667 0.3451
v 822.074280 -96.600876 -300.749298 0.5804 0.4667 0.3451
v 732.794250 -96.600868 -276.749298 0.5804 0.4667 0.3451
v 705.074280 -64.600861 -365.029327 0.5804 0.4667 0.3451
v 728.804260 -96.600868 -276.749298 0.5804 0.4667 0.3451
v 705.074280 -96.600883 -365.029327 0.5804 0.4667 0.3451
v 705.074280 -0.600845 -369.019318 0.5804 0.4667 0.3451
v 705.074280 -64.600861 -369.019318 0.5804 0.4667 0.3451
v 705.074280 -96.600883 -369.019318 0.5804 0.4667 0.3451
v 797.074280 -96.600883 -393.749359 0.5804 0.4667 0.3451
v 833.074280 -96.600868 -276.749298 0.5804 0.4667 0.3451
v 833.074280 -96.600861 -212.749268 0.5804 0.4667 0.3451
v 833.074280 31.399178 -212.749283 0.5804 0.4667 0.3451
v 609.074219 -96.600967 -1108.749756 0.5804 0.4667 0.3451
v 513.074158 -96.600967 -1108.749756 0.5804 0.4667 0.3451
v 513.074158 -0.600876 -612.749512 0.5804 0.4667 0.3451
v 513.074158 -96.600906 -612.749512 0.5804 0.4667 0.3451
v 481.074158 -96.600906 -612.749512 0.5804 0.4667 0.3451
v 417.074097 -0.600876 -612.749512 0.5804 0.4667 0.3451
v 417.074097 -0.600891 -708.749512 0.5804 0.4667 0.3451
v 417.074097 -96.600922 -708.749512 0.5804 0.4667 0.3451
v 481.074158 -96.600922 -708.749512 0.5804 0.4667 0.3451
v 481.074158 -32.600906 -708.749512 0.5804 0.4667 0.3451
v 475.024231 -0.600891 -708.749512 0.5804 0.4667 0.3451
v 513.074158 -96.600922 -708.749512 0.5804 0.4667 0.3451
v 481.074158 -0.600891 -708.749512 0.5804 0.4667 0.3451
v 417.074097 -96.600906 -612.749512 0.5804 0.4667 0.3451
v 417.074097 -96.600914 -644.749512 0.5804 0.4667 0.3451
v 129.074081 -72.600784 299.250977 0.5804 0.4667 0.3451
v 113.074081 -72.600784 315.250977 0.5804 0.4667 0.3451
v 129.074081 -96.600800 299.250977 0.5804 0.4667 0.3451
v 193.074112 -96.600792 363.251007 0.5804 0.4667 0.3451
v 193.074112 -72.600784 363.251007 0.5804 0.4667 0.3451
v 193.074112 31.399254 363.250977 0.5804 0.4667 0.3451
v 193.074112 63.399269 363.250977 0.5804 0.4667 0.3451
v 129.074081 -72.600769 427.251038 0.5804 0.4667 0.3451
v 129.074081 -96.600784 427.251038 0.5804 0.4667 0.3451
v 113.074081 -96.600784 411.251038 0.5804 0.4667 0.3451
v 129.074081 63.399284 427.251007 0.5804 0.4667 0.3451
v 129.074081 31.399269 427.251007 0.5804 0.4667 0.3451
v 113.074081 95.399284 411.251007 0.5804 0.4667 0.3451
v 113.074081 -96.600800 315.250977 0.5804 0.4667 0.3451
v 65.074051 -96.600792 363.251007 0.5804 0.4667 0.3451
v 65.074051 -72.600784 363.251007 0.5804 0.4667 0.3451
v 65.074051 95.399284 363.250977 0.5804 0.4667 0.3451
v 113.074081 -72.600777 411.251038 0.5804 0.4667 0.3451
v -1902.926880 31.399239 251.250916 0.5804 0.4667 0.3451
v -1966.927002 95.399269 251.250916 0.5804 0.4667 0.3451
v -1758.926880 -96.600845 -84.749207 0.5804 0.4667 0.3451
v -1694.926880 -96.600845 -84.749207 0.5804 0.4667 0.3451
v -1790.926880 -96.600845 -84.749207 0.5804 0.4667 0.3451
v -1790.926880 -0.600815 -84.749214 0.5804 0.4667 0.3451
v -1790.926880 -0.600792 107.250870 0.5804 0.4667 0.3451
v -1790.926880 -64.600807 107.250885 0.5804 0.4667 0.3451
v -1790.926880 -80.600830 11.250837 0.5804 0.4667 0.3451
v -1790.926880 -0.600800 11.250830 0.5804 0.4667 0.3451
v -2206.927246 -64.600891 -564.749451 0.5804 0.4667 0.3451
v -2238.927246 -64.600891 -564.749451 0.5804 0.4667 0.3451
v -2302.927246 -64.600891 -564.749451 0.5804 0.4667 0.3451
v -2302.927246 31.399147 -564.749451 0.5804 0.4667 0.3451
v -2206.927246 31.399132 -660.749512 0.5804 0.4667 0.3451
v -2206.927246 -64.600899 -660.749512 0.5804 0.4667 0.3451
v -2206.927246 31.399147 -564.749451 0.5804 0.4667 0.3451
v -2030.927002 159.399323 251.250916 0.5804 0.4667 0.3451
v -2030.927002 63.399254 251.250916 0.5804 0.4667 0.3451
v -2030.927002 63.399239 123.250885 0.5804 0.4667 0.3451
v -1902.926880 159.399323 123.250870 0.5804 0.4667 0.3451
v -1902.926880 63.399239 123.250885 0.5804 0.4667 0.3451
v -1902.926880 31.399223 123.250885 0.5804 0.4667 0.3451
v -1902.926880 159.399323 251.250916 0.5804 0.4667 0.3451
v -1214.926636 63.399300 619.251099 0.5804 0.4667 0.3451
v -1214.926636 31.399284 619.251099 0.5804 0.4667 0.3451
v -1278.926636 31.399284 619.251099 0.5804 0.4667 0.3451
v -1342.926636 31.399284 619.251099 0.5804 0.4667 0.3451
v -1342.926636 31.399269 491.251007 0.5804 0.4667 0.3451
v -1342.926636 31.399269 523.251038 0.5804 0.4667 0.3451
v 1537.074707 39.398994 -1812.750122 0.5804 0.4667 0.3451
v 289.074036 -120.601120 -2356.750488 0.5804 0.4667 0.3451
v 289.074036 -120.601128 -2420.750488 0.5804 0.4667 0.3451
v 385.074097 -120.601120 -2324.750244 0.5804 0.4667 0.3451
v 289.074036 -120.601120 -2324.750244 0.5804 0.4667 0.3451
v 289.074036 -120.601120 -2356.750488 0.5804 0.4667 0.3451
v 385.074097 -120.601120 -2356.750488 0.5804 0.4667 0.3451
v 385.074097 -96.601120 -2420.750488 0.5804 0.4667 0.3451
v 481.074158 -96.601120 -2420.750488 0.5804 0.4667 0.3451
v -286.926117 -128.601120 -2324.750244 0.5804 0.4667 0.3451
v -158.926056 -128.601120 -2324.750244 0.5804 0.4667 0.3451
v -222.926086 -128.601105 -2260.750244 0.5804 0.4667 0.3451
v -382.926147 -128.601105 -2260.750244 0.5804 0.4667 0.3451
v -414.926178 -128.601105 -2260.750244 0.5804 0.4667 0.3451
v 257.074036 -0.600975 -1428.750000 0.5804 0.4667 0.3451
v 513.074158 31.399055 -1236.749878 0.5804 0.4667 0.3451
v -510.926208 -128.601013 -1492.750000 0.5804 0.4667 0.3451
v -1534.926758 15.398895 -2596.180420 0.5804 0.4667 0.3451
v -1438.926758 15.398895 -2596.180420 0.5804 0.4667 0.3451
v -1438.926758 15.398895 -2580.750488 0.5804 0.4667 0.3451
v -2014.927002 63.398872 -2996.750732 0.5804 0.4667 0.3451
v -2014.927002 63.398857 -3124.750732 0.5804 0.4667 0.3451
v -1998.927002 63.398857 -3124.750732 0.5804 0.4667 0.3451
v -2254.927246 63.398842 -3156.750732 0.5804 0.4667 0.3451
v -2270.927246 63.398842 -3156.750732 0.5804 0.4667 0.3451
v -2270.927246 63.398842 -3188.750732 0.5804 0.4667 0.3451
v -2270.927246 63.398842 -3204.750732 0.5804 0.4667 0.3451
v -2142.927002 63.398842 -3156.750732 0.5804 0.4667 0.3451
v -2206.927246 63.398842 -3188.750732 0.5804 0.4667 0.3451
v -2142.927002 63.398842 -3268.750732 0.5804 0.4667 0.3451
v -2206.927246 63.398842 -3252.750732 0.5804 0.4667 0.3451
v -2206.927246 63.398842 -3268.750732 0.5804 0.4667 0.3451
v -2142.927002 31.398842 -3060.750732 0.5804 0.4667 0.3451
v -2238.927246 31.398842 -3060.750732 0.5804 0.4667 0.3451
v -2238.927246 31.398827 -3156.750732 0.5804 0.4667 0.3451
v -2142.927002 31.398827 -3156.750732 0.5804 0.4667 0.3451
v -2302.927246 31.398811 -3284.750732 0.5804 0.4667 0.3451
v -2270.927246 31.398827 -3220.750732 0.5804 0.4667 0.3451
v -2302.927246 31.398827 -3220.750732 0.5804 0.4667 0.3451
v -2270.927246 31.398827 -3188.750732 0.5804 0.4667 0.3451
v -2302.927246 31.398827 -3188.750732 0.5804 0.4667 0.3451
v -2366.927246 31.398827 -3188.750732 0.5804 0.4667 0.3451
v -2366.927246 31.398827 -3220.750732 0.5804 0.4667 0.3451
v -2302.927246 31.398827 -3220.750732 0.5804 0.4667 0.3451
v -1375.926636 -5.601067 -2164.750244 0.5804 0.4667 0.3451
v -1438.926758 15.398903 -2500.750488 0.5804 0.4667 0.3451
v -1534.926758 15.398903 -2500.750488 0.5804 0.4667 0.3451
v -1534.926758 15.398895 -2580.750488 0.5804 0.4667 0.3451
v -1438.926758 15.398895 -2580.750488 0.5804 0.4667 0.3451
v -2014.927002 -0.601097 -2452.750488 0.5804 0.4667 0.3451
v -2302.927246 63.399071 -1300.749878 0.5804 0.4667 0.3451
v -2430.927246 63.399071 -1300.749878 0.5804 0.4667 0.3451
v -2430.927246 63.399055 -1428.750000 0.5804 0.4667 0.3451
v -2334.927246 63.399055 -1428.750000 0.5804 0.4667 0.3451
v -2302.927246 63.399055 -1428.750000 0.5804 0.4667 0.3451
v 1537.074707 159.399261 -340.749359 0.5804 0.4667 0.3451
v 1537.074707 159.399231 -436.749390 0.5804 0.4667 0.3451
v 822.074280 -0.600838 -300.749298 0.5804 0.4667 0.3451
v 732.794250 -0.600838 -276.749298 0.5804 0.4667 0.3451
v 705.074280 -0.600845 -365.029327 0.5804 0.4667 0.3451
v 797.074280 -0.600853 -393.749359 0.5804 0.4667 0.3451
v 705.074280 31.399178 -276.749329 0.5804 0.4667 0.3451
v 833.074280 31.399178 -276.749329 0.5804 0.4667 0.3451
v 641.074219 31.399071 -1108.749756 0.5804 0.4667 0.3451
v 513.074158 31.399071 -1108.749756 0.5804 0.4667 0.3451
v 513.074158 -0.600891 -708.749512 0.5804 0.4667 0.3451
v 129.074081 95.399300 427.251007 0.5804 0.4667 0.3451
v 193.074112 95.399284 363.250977 0.5804 0.4667 0.3451
v 113.074081 95.399284 315.250946 0.5804 0.4667 0.3451
v 129.074081 95.399284 299.250946 0.5804 0.4667 0.3451
v -1694.926880 -0.600815 -84.749214 0.5804 0.4667 0.3451
v -1694.926880 -0.600792 107.250870 0.5804 0.4667 0.3451
v -1694.926880 -0.600800 11.250830 0.5804 0.4667 0.3451
v -2302.927246 31.399147 -564.749451 0.5804 0.4667 0.3451
v -2302.927246 31.399132 -660.749512 0.5804 0.4667 0.3451
v -2270.927246 31.399132 -660.749512 0.5804 0.4667 0.3451
v -1966.927002 159.399323 251.250916 0.5804 0.4667 0.3451
v -2030.927002 159.399323 123.250870 0.5804 0.4667 0.3451
v -1214.926636 159.399384 619.251038 0.5804 0.4667 0.3451
v -1278.926636 159.399384 619.251038 0.5804 0.4667 0.3451
v -1278.926636 159.399353 491.250946 0.5804 0.4667 0.3451
v -1214.926636 159.399353 491.250946 0.5804 0.4667 0.3451
v -1342.926636 159.399384 619.251038 0.5804 0.4667 0.3451
v -1342.926636 159.399353 491.250946 0.5804 0.4667 0.3451
v 1553.074707 31.398979 -532.749390 0.4392 0.3451 0.2941
v 1553.074707 -16.601044 -532.749390 0.4392 0.3451 0.2941
v 1553.074707 -16.601059 -628.749512 0.4392 0.3451 0.2941
v 1553.074707 31.398964 -628.749512 0.4392 0.3451 0.2941
v 1553.074707 55.398979 -624.749512 0.4392 0.3451 0.2941
v 1553.074707 76.398979 -614.749512 0.4392 0.3451 0.2941
v 1553.074707 90.398994 -598.749512 0.4392 0.3451 0.2941
v 1553.074707 95.399010 -580.749451 0.4392 0.3451 0.2941
v 1553.074707 90.399010 -562.749451 0.4392 0.3451 0.2941
v 1553.074707 76.398994 -546.749451 0.4392 0.3451 0.2941
v 1553.074707 55.398994 -536.749451 0.4392 0.3451 0.2941
v -110.926056 -32.600983 59.250824 0.4392 0.3451 0.2941
v -110.926056 -80.600990 59.250832 0.4392 0.3451 0.2941
v -110.926056 -80.600983 155.250885 0.4392 0.3451 0.2941
v -110.926056 -32.600967 155.250870 0.4392 0.3451 0.2941
v -110.926056 -8.600952 151.250854 0.4392 0.3451 0.2941
v -110.926056 12.399055 141.250854 0.4392 0.3451 0.2941
v -110.926056 26.399055 125.250854 0.4392 0.3451 0.2941
v -110.926056 31.399055 107.250839 0.4392 0.3451 0.2941
v -110.926056 26.399055 89.250832 0.4392 0.3451 0.2941
v -110.926056 12.399040 73.250824 0.4392 0.3451 0.2941
v -110.926056 -8.600967 63.250824 0.4392 0.3451 0.2941
v 1249.074585 31.398842 -3108.750732 0.4392 0.3451 0.2941
v 1057.074463 31.398842 -3108.750732 0.4392 0.3451 0.2941
v 1057.074463 95.398872 -3108.750732 0.4392 0.3451 0.2941
v 1064.074463 132.398895 -3108.750732 0.4392 0.3451 0.2941
v 1085.074463 163.398926 -3108.750732 0.4392 0.3451 0.2941
v 1116.074463 184.398926 -3108.750732 0.4392 0.3451 0.2941
v 1153.074585 191.398956 -3108.750732 0.4392 0.3451 0.2941
v 1190.074585 184.398926 -3108.750732 0.4392 0.3451 0.2941
v 1221.074585 163.398926 -3108.750732 0.4392 0.3451 0.2941
v 1242.074585 132.398895 -3108.750732 0.4392 0.3451 0.2941
v 1249.074585 95.398872 -3108.750732 0.4392 0.3451 0.2941
v -627.926270 -224.601105 -1697.750122 0.4392 0.3451 0.2941
v -542.926208 -160.601059 -1649.750000 0.4392 0.3451 0.2941
v -542.926208 -224.601105 -1649.750000 0.4392 0.3451 0.2941
v -630.926270 -224.601105 -1690.750122 0.4392 0.3451 0.2941
v -630.926270 -66.111023 -1690.750122 0.4392 0.3451 0.2941
v -601.926270 -71.601028 -1677.239990 0.4392 0.3451 0.2941
v -570.926270 -92.601036 -1662.800049 0.4392 0.3451 0.2941
v -549.926270 -123.601044 -1653.010010 0.4392 0.3451 0.2941
v -627.926270 -66.681023 -1697.750122 0.4392 0.3451 0.2941
v -542.926208 -224.601105 -1657.750000 0.4392 0.3451 0.2941
v -542.926208 -160.601059 -1657.750000 0.4392 0.3451 0.2941
v -549.926270 -123.601044 -1661.040039 0.4392 0.3451 0.2941
v -570.926270 -92.601036 -1670.930054 0.4392 0.3451 0.2941
v -601.926270 -71.601028 -1685.510132 0.4392 0.3451 0.2941
v -1790.926880 -96.601181 -2916.750732 0.4392 0.3451 0.2941
v -1918.926880 -96.601181 -2916.750732 0.4392 0.3451 0.2941
v -1918.926880 57.344826 -2916.750732 0.4392 0.3451 0.2941
v -1886.926880 63.398872 -2916.750732 0.4392 0.3451 0.2941
v -1849.926880 56.398872 -2916.750732 0.4392 0.3451 0.2941
v -1818.926880 35.398857 -2916.750732 0.4392 0.3451 0.2941
v -1797.926880 4.398849 -2916.750732 0.4392 0.3451 0.2941
v -1790.926880 -32.601166 -2916.750732 0.4392 0.3451 0.2941
v -1790.926880 -96.601189 -2964.750732 0.4392 0.3451 0.2941
v -1790.926880 -32.601173 -2964.750732 0.4392 0.3451 0.2941
v -1797.926880 4.398842 -2964.750732 0.4392 0.3451 0.2941
v -1818.926880 35.398857 -2964.750732 0.4392 0.3451 0.2941
v -1849.926880 56.398872 -2964.750732 0.4392 0.3451 0.2941
v -1886.926880 63.398872 -2964.750732 0.4392 0.3451 0.2941
v -1918.926880 57.344826 -2964.750732 0.4392 0.3451 0.2941
v -1982.927002 -32.601173 -2964.750732 0.4392 0.3451 0.2941
v -1982.927002 -96.601189 -2964.750732 0.4392 0.3451 0.2941
v -1918.926880 -96.601189 -2964.750732 0.4392 0.3451 0.2941
v -1923.927002 56.398872 -2964.750732 0.4392 0.3451 0.2941
v -1954.927002 35.398857 -2964.750732 0.4392 0.3451 0.2941
v -1975.927002 4.398842 -2964.750732 0.4392 0.3451 0.2941
v -1982.927002 -96.601181 -2916.750732 0.4392 0.3451 0.2941
v -1982.927002 -32.601166 -2916.750732 0.4392 0.3451 0.2941
v -1975.927002 4.398849 -2916.750732 0.4392 0.3451 0.2941
v -1954.927002 35.398857 -2916.750732 0.4392 0.3451 0.2941
v -1923.927002 56.398872 -2916.750732 0.4392 0.3451 0.2941
v -1570.926758 -32.601074 -2100.750244 0.4392 0.3451 0.2941
v -1570.926758 -96.601089 -2100.750244 0.4392 0.3451 0.2941
v -1543.436768 56.398964 -2159.750244 0.4392 0.3451 0.2941
v -1557.876709 35.398964 -2128.750244 0.4392 0.3451 0.2941
v -1567.666748 4.398941 -2107.750244 0.4392 0.3451 0.2941
v -1571.926758 -96.601112 -2292.750244 0.4392 0.3451 0.2941
v -1571.926758 -32.601097 -2292.750244 0.4392 0.3451 0.2941
v -1575.136719 4.398926 -2285.750244 0.4392 0.3451 0.2941
v -1584.776733 35.398933 -2264.750244 0.4392 0.3451 0.2941
v -1598.996704 56.398964 -2233.750244 0.4392 0.3451 0.2941
v -1603.926758 61.888969 -2204.750244 0.4392 0.3451 0.2941
v -1603.926758 -96.601097 -2204.750244 0.4392 0.3451 0.2941
v -1610.926758 -96.601097 -2207.750244 0.4392 0.3451 0.2941
v -1610.926758 61.318962 -2207.750244 0.4392 0.3451 0.2941
v -1522.926758 61.318962 -2185.750244 0.4392 0.3451 0.2941
v -1522.926758 -96.601097 -2185.750244 0.4392 0.3451 0.2941
v -1561.926758 -96.601089 -2100.750244 0.4392 0.3451 0.2941
v -1561.926758 -32.601074 -2100.750244 0.4392 0.3451 0.2941
v -1558.716797 4.398941 -2107.750244 0.4392 0.3451 0.2941
v -1549.076782 35.398964 -2128.750244 0.4392 0.3451 0.2941
v -1534.856812 56.398964 -2159.750244 0.4392 0.3451 0.2941
v -1529.926758 61.888969 -2188.750244 0.4392 0.3451 0.2941
v -1529.926758 -96.601097 -2188.750244 0.4392 0.3451 0.2941
v -646.926270 -66.111015 -1616.750000 0.4392 0.3451 0.2941
v -646.926270 -224.601105 -1616.750000 0.4392 0.3451 0.2941
v -649.926270 -66.681015 -1608.750000 0.4392 0.3451 0.2941
v -649.926270 -224.601105 -1608.750000 0.4392 0.3451 0.2941
v -734.926331 -224.601105 -1648.750000 0.4392 0.3451 0.2941
v -734.926331 -160.601059 -1648.750000 0.4392 0.3451 0.2941
v -727.926331 -123.601044 -1645.459961 0.4392 0.3451 0.2941
v -706.926331 -92.601028 -1635.569946 0.4392 0.3451 0.2941
v -675.926331 -71.601013 -1620.989990 0.4392 0.3451 0.2941
v -2382.927246 -96.601112 -2292.750244 0.4392 0.3451 0.2941
v -2382.927246 -96.601089 -2100.750244 0.4392 0.3451 0.2941
v -2382.927246 -32.601074 -2100.750244 0.4392 0.3451 0.2941
v -2382.927246 4.398941 -2107.750244 0.4392 0.3451 0.2941
v -2382.927246 35.398964 -2128.750244 0.4392 0.3451 0.2941
v -2382.927246 56.398964 -2159.750244 0.4392 0.3451 0.2941
v -2382.927246 63.398964 -2196.750244 0.4392 0.3451 0.2941
v -2382.927246 56.398964 -2233.750244 0.4392 0.3451 0.2941
v -2382.927246 35.398933 -2264.750244 0.4392 0.3451 0.2941
v -2382.927246 4.398926 -2285.750244 0.4392 0.3451 0.2941
v -2382.927246 -32.601097 -2292.750244 0.4392 0.3451 0.2941
v 1025.074463 -224.600922 -20.749159 0.4392 0.3451 0.2941
v 1089.074463 -115.600845 -20.749172 0.4392 0.3451 0.2941
v 1062.074463 -133.600861 -20.749170 0.4392 0.3451 0.2941
v 1034.074463 -175.600891 -20.749165 0.4392 0.3451 0.2941
v 1089.074463 -224.600922 -20.749159 0.4392 0.3451 0.2941
v 1089.074463 -288.600952 -20.749151 0.4392 0.3451 0.2941
v 1281.074585 -288.600952 -20.749151 0.4392 0.3451 0.2941
v 1281.074585 -224.600922 -20.749159 0.4392 0.3451 0.2941
v 1272.074585 -175.600891 -20.749165 0.4392 0.3451 0.2941
v 1244.074585 -133.600861 -20.749170 0.4392 0.3451 0.2941
v 1202.074585 -105.600845 -20.749172 0.4392 0.3451 0.2941
v 1153.074585 -96.600838 -20.749174 0.4392 0.3451 0.2941
v 1104.074463 -105.600845 -20.749172 0.4392 0.3451 0.2941
v 289.074036 -32.600861 -313.749329 0.4392 0.3451 0.2941
v 289.074036 -96.600876 -313.749329 0.4392 0.3451 0.2941
v 348.074097 56.399178 -340.819366 0.4392 0.3451 0.2941
v 317.074036 35.399178 -326.599365 0.4392 0.3451 0.2941
v 296.074036 4.399155 -316.959320 0.4392 0.3451 0.2941
v 481.074158 -96.600876 -312.749329 0.4392 0.3451 0.2941
v 481.074158 -32.600861 -312.749329 0.4392 0.3451 0.2941
v 474.074158 4.399155 -309.489319 0.4392 0.3451 0.2941
v 453.074158 35.399178 -299.699341 0.4392 0.3451 0.2941
v 422.074097 56.399193 -285.259338 0.4392 0.3451 0.2941
v 374.074097 61.319176 -352.749359 0.4392 0.3451 0.2941
v 374.074097 -96.600876 -352.749329 0.4392 0.3451 0.2941
v 377.074097 61.889183 -345.749359 0.4392 0.3451 0.2941
v 481.074158 -32.600853 -303.749298 0.4392 0.3451 0.2941
v 481.074158 -96.600876 -303.749298 0.4392 0.3451 0.2941
v 396.074097 -96.600868 -264.749298 0.4392 0.3451 0.2941
v 422.074097 56.399193 -276.679291 0.4392 0.3451 0.2941
v 453.074158 35.399178 -290.899323 0.4392 0.3451 0.2941
v 474.074158 4.399162 -300.539307 0.4392 0.3451 0.2941
v 396.074097 61.319191 -264.749298 0.4392 0.3451 0.2941
v 393.074097 -96.600868 -271.749298 0.4392 0.3451 0.2941
v 393.074097 61.889198 -271.749298 0.4392 0.3451 0.2941
v 289.074036 -32.600777 363.251007 0.4392 0.3451 0.2941
v 289.074036 -96.600792 363.251007 0.4392 0.3451 0.2941
v 481.074158 -96.600792 363.251007 0.4392 0.3451 0.2941
v 481.074158 -32.600777 363.251007 0.4392 0.3451 0.2941
v 474.074158 4.399239 363.251007 0.4392 0.3451 0.2941
v 453.074158 35.399254 363.250977 0.4392 0.3451 0.2941
v 422.074097 56.399269 363.250977 0.4392 0.3451 0.2941
v 385.074097 63.399269 363.250977 0.4392 0.3451 0.2941
v 348.074097 56.399269 363.250977 0.4392 0.3451 0.2941
v 317.074036 35.399254 363.250977 0.4392 0.3451 0.2941
v 296.074036 4.399239 363.251007 0.4392 0.3451 0.2941
v 129.074081 -32.600716 843.251221 0.4392 0.3451 0.2941
v 129.074081 -96.600739 843.251221 0.4392 0.3451 0.2941
v 129.074081 -96.600761 651.251099 0.4392 0.3451 0.2941
v 129.074081 -32.600739 651.251099 0.4392 0.3451 0.2941
v 129.074081 4.399277 658.251099 0.4392 0.3451 0.2941
v 129.074081 35.399284 679.251099 0.4392 0.3451 0.2941
v 129.074081 56.399315 710.251160 0.4392 0.3451 0.2941
v 129.074081 63.399315 747.251160 0.4392 0.3451 0.2941
v 129.074081 56.399315 784.251160 0.4392 0.3451 0.2941
v 129.074081 35.399315 815.251221 0.4392 0.3451 0.2941
v 129.074081 4.399292 836.251221 0.4392 0.3451 0.2941
v -1022.926575 -32.600883 -500.749390 0.4392 0.3451 0.2941
v -1022.926575 -96.600899 -500.749390 0.4392 0.3451 0.2941
v -1022.926575 -96.600876 -308.749298 0.4392 0.3451 0.2941
v -1022.926575 -32.600861 -308.749298 0.4392 0.3451 0.2941
v -1022.926575 4.399155 -315.749329 0.4392 0.3451 0.2941
v -1022.926575 35.399178 -336.749359 0.4392 0.3451 0.2941
v -1022.926575 56.399178 -367.749359 0.4392 0.3451 0.2941
v -1022.926575 63.399178 -404.749390 0.4392 0.3451 0.2941
v -1022.926575 56.399178 -441.749420 0.4392 0.3451 0.2941
v -1022.926575 35.399147 -472.749420 0.4392 0.3451 0.2941
v -1022.926575 4.399139 -493.749390 0.4392 0.3451 0.2941
v -350.926117 -32.600845 -1636.750000 0.4392 0.3451 0.2941
v -350.926117 -80.600853 -1636.750000 0.4392 0.3451 0.2941
v -446.926147 -80.600853 -1636.750000 0.4392 0.3451 0.2941
v -446.926147 -32.600845 -1636.750000 0.4392 0.3451 0.2941
v -442.926147 -8.600830 -1636.750000 0.4392 0.3451 0.2941
v -432.926147 12.399178 -1636.750000 0.4392 0.3451 0.2941
v -416.926147 26.399185 -1636.750000 0.4392 0.3451 0.2941
v -398.926147 31.399178 -1636.750000 0.4392 0.3451 0.2941
v -380.926147 26.399185 -1636.750000 0.4392 0.3451 0.2941
v -364.926117 12.399178 -1636.750000 0.4392 0.3451 0.2941
v -354.926117 -8.600830 -1636.750000 0.4392 0.3451 0.2941
v -734.926270 -160.600891 -1657.750000 0.4392 0.3451 0.2941
v -734.926270 -224.600952 -1657.750000 0.4392 0.3451 0.2941
v -646.926270 -224.600937 -1616.750000 0.4392 0.3451 0.2941
v -646.926270 -66.110840 -1616.750000 0.4392 0.3451 0.2941
v -675.926270 -71.600845 -1630.260010 0.4392 0.3451 0.2941
v -706.926270 -92.600861 -1644.699951 0.4392 0.3451 0.2941
v -727.926270 -123.600876 -1654.489990 0.4392 0.3451 0.2941
v 49.074081 -32.600716 -516.749390 0.4392 0.3451 0.2941
v 49.074081 -80.600716 -516.749390 0.4392 0.3451 0.2941
v -46.925964 -80.600716 -516.749390 0.4392 0.3451 0.2941
v -46.925964 -32.600716 -516.749390 0.4392 0.3451 0.2941
v -42.925964 -8.600700 -516.749390 0.4392 0.3451 0.2941
v -32.925964 12.399307 -516.749390 0.4392 0.3451 0.2941
v -16.925964 26.399315 -516.749390 0.4392 0.3451 0.2941
v 1.074051 31.399315 -516.749390 0.4392 0.3451 0.2941
v 19.074051 26.399315 -516.749390 0.4392 0.3451 0.2941
v 35.074081 12.399307 -516.749390 0.4392 0.3451 0.2941
v 45.074081 -8.600700 -516.749390 0.4392 0.3451 0.2941
v -1662.926880 -32.600693 -308.749268 0.4392 0.3451 0.2941
v -1662.926880 -96.600700 -308.749268 0.4392 0.3451 0.2941
v -1662.926880 -96.600723 -500.749359 0.4392 0.3451 0.2941
v -1662.926880 -32.600716 -500.749359 0.4392 0.3451 0.2941
v -1662.926880 4.399307 -493.749359 0.4392 0.3451 0.2941
v -1662.926880 35.399315 -472.749390 0.4392 0.3451 0.2941
v -1662.926880 56.399345 -441.749390 0.4392 0.3451 0.2941
v -1662.926880 63.399345 -404.749359 0.4392 0.3451 0.2941
v -1662.926880 56.399345 -367.749329 0.4392 0.3451 0.2941
v -1662.926880 35.399345 -336.749329 0.4392 0.3451 0.2941
v -1662.926880 4.399323 -315.749298 0.4392 0.3451 0.2941
v -1562.926758 -32.600929 -2292.750244 0.4392 0.3451 0.2941
v -1562.926758 -96.600937 -2292.750244 0.4392 0.3451 0.2941
v -1603.926758 -96.600929 -2204.750244 0.4392 0.3451 0.2941
v -1603.926758 61.889137 -2204.750244 0.4392 0.3451 0.2941
v -1590.416748 56.399132 -2233.750244 0.4392 0.3451 0.2941
v -1575.976807 35.399101 -2264.750244 0.4392 0.3451 0.2941
v -1566.186768 4.399094 -2285.750244 0.4392 0.3451 0.2941
v -2510.927246 95.399315 651.251099 0.4392 0.3451 0.2941
v -2510.927246 63.399300 651.251099 0.4392 0.3451 0.2941
v -2510.927246 31.399284 651.251099 0.4392 0.3451 0.2941
v -2510.927246 31.399315 843.251221 0.4392 0.3451 0.2941
v -2510.927246 63.399330 843.251221 0.4392 0.3451 0.2941
v -2510.927246 95.399345 843.251221 0.4392 0.3451 0.2941
v -2510.927246 132.399353 836.251221 0.4392 0.3451 0.2941
v -2510.927246 163.399384 815.251160 0.4392 0.3451 0.2941
v -2510.927246 184.399384 784.251099 0.4392 0.3451 0.2941
v -2510.927246 191.399414 747.251099 0.4392 0.3451 0.2941
v -2510.927246 184.399384 710.251099 0.4392 0.3451 0.2941
v -2510.927246 163.399384 679.251038 0.4392 0.3451 0.2941
v -2510.927246 132.399323 658.251099 0.4392 0.3451 0.2941
v 377.074097 -96.600876 -345.749329 0.4392 0.3451 0.2941
v 289.074036 -96.600876 -304.749298 0.4392 0.3451 0.2941
v 289.074036 -32.600853 -304.749298 0.4392 0.3451 0.2941
v 296.074036 4.399162 -308.009308 0.4392 0.3451 0.2941
v 317.074036 35.399178 -317.799347 0.4392 0.3451 0.2941
v 348.074097 56.399193 -332.239349 0.4392 0.3451 0.2941
v -2110.927002 -64.601135 -1172.749756 0.7444 0.6143 0.5155
v -2430.927246 -64.601135 -1172.749756 0.7444 0.6143 0.5155
v -2302.927246 -64.601135 -1172.749756 0.7444 0.6143 0.5155
v -2206.927246 -64.601135 -1172.749756 0.7444 0.6143 0.5155
v -2206.927246 -32.601128 -1172.749756 0.7444 0.6143 0.5155
v -1422.926758 -64.601135 -1172.749756 0.7444 0.6143 0.5155
v -1438.926758 -64.601135 -1172.749756 0.7444 0.6143 0.5155
v -1470.926758 -64.601135 -1172.749756 0.7444 0.6143 0.5155
v -1502.926758 -64.601135 -1172.749756 0.7444 0.6143 0.5155
v -1534.926758 -48.601124 -1172.749756 0.7444 0.6143 0.5155
v -1406.926636 -64.601135 -1172.749756 0.7444 0.6143 0.5155
v 529.074158 223.398804 -2756.750488 0.7444 0.6143 0.5155
v 529.074158 255.398834 -2756.750488 0.7444 0.6143 0.5155
v 529.074158 255.398834 -2772.750488 0.7444 0.6143 0.5155
v 1249.074585 255.398804 -3092.750732 0.7444 0.6143 0.5155
v 1345.074585 255.398804 -3092.750732 0.7444 0.6143 0.5155
v 1281.074585 223.398773 -3092.750732 0.7444 0.6143 0.5155
v 1249.074585 223.398773 -3092.750732 0.7444 0.6143 0.5155
v 1345.074585 223.398773 -3060.750732 0.7444 0.6143 0.5155
v 1345.074585 223.398773 -3092.750732 0.7444 0.6143 0.5155
v 1345.074585 255.398804 -3028.750732 0.7444 0.6143 0.5155
v 1345.074585 255.398834 -2804.750488 0.7444 0.6143 0.5155
v 1345.074585 223.398804 -2804.750488 0.7444 0.6143 0.5155
v 1345.074585 223.398804 -2836.750732 0.7444 0.6143 0.5155
v 1345.074585 223.398773 -3028.750732 0.7444 0.6143 0.5155
v 1345.074585 223.398834 -2580.750488 0.7444 0.6143 0.5155
v 1345.074585 223.398804 -2708.750488 0.7444 0.6143 0.5155
v 769.074280 255.398804 -3060.750732 0.7444 0.6143 0.5155
v 769.074280 223.398773 -3092.750732 0.7444 0.6143 0.5155
v 769.074280 255.398804 -3060.750732 0.7444 0.6143 0.5155
v 769.074280 223.398773 -3060.750732 0.7444 0.6143 0.5155
v 1025.074463 223.398773 -3092.750732 0.7444 0.6143 0.5155
v 993.074402 223.398773 -3092.750732 0.7444 0.6143 0.5155
v 769.074280 255.398804 -3092.750732 0.7444 0.6143 0.5155
v 929.074402 255.398804 -3092.750732 0.7444 0.6143 0.5155
v 993.074402 255.398804 -3092.750732 0.7444 0.6143 0.5155
v 993.074402 223.398773 -3092.750732 0.7444 0.6143 0.5155
v 1025.074463 255.398804 -3092.750732 0.7444 0.6143 0.5155
v 529.074158 223.398804 -2772.750488 0.7444 0.6143 0.5155
v 529.074158 255.398834 -2772.750488 0.7444 0.6143 0.5155
v 705.074280 255.398834 -2772.750488 0.7444 0.6143 0.5155
v 705.074280 223.398804 -2772.750488 0.7444 0.6143 0.5155
v 705.074280 223.398804 -2772.750488 0.7444 0.6143 0.5155
v 705.074280 255.398834 -2772.750488 0.7444 0.6143 0.5155
v 769.074280 255.398834 -2836.750732 0.7444 0.6143 0.5155
v 769.074280 223.398804 -2836.750732 0.7444 0.6143 0.5155
v 801.074280 -0.601311 -2820.750488 0.7444 0.6143 0.5155
v 1025.074463 31.398705 -2836.750732 0.7444 0.6143 0.5155
v 1025.074463 23.398705 -2804.750488 0.7444 0.6143 0.5155
v 1025.074463 31.398705 -2804.750488 0.7444 0.6143 0.5155
v 1025.074463 23.398705 -2804.750488 0.7444 0.6143 0.5155
v 1025.074463 -0.601295 -2708.750488 0.7444 0.6143 0.5155
v 1025.074463 31.398735 -2580.750488 0.7444 0.6143 0.5155
v 1025.074463 31.398727 -2612.750488 0.7444 0.6143 0.5155
v 1025.074463 31.398705 -2804.750488 0.7444 0.6143 0.5155
v 977.074402 -0.601311 -2820.750488 0.7444 0.6143 0.5155
v 961.074402 -0.601311 -2820.750488 0.7444 0.6143 0.5155
v 961.074402 15.398697 -2820.750488 0.7444 0.6143 0.5155
v 961.074402 31.398705 -2820.750488 0.7444 0.6143 0.5155
v 977.074402 31.398705 -2820.750488 0.7444 0.6143 0.5155
v 1009.074402 31.398705 -2820.750488 0.7444 0.6143 0.5155
v 1009.074402 -0.601311 -2820.750488 0.7444 0.6143 0.5155
v 801.074280 15.398697 -2820.750488 0.7444 0.6143 0.5155
v 801.074280 31.398705 -2820.750488 0.7444 0.6143 0.5155
v 961.074402 15.398697 -2820.750488 0.7444 0.6143 0.5155
v 1009.074402 -0.601311 -2820.750488 0.7444 0.6143 0.5155
v 1009.074402 31.398727 -2612.750488 0.7444 0.6143 0.5155
v 945.074402 15.398705 -2788.750488 0.7444 0.6143 0.5155
v 945.074402 -0.601303 -2788.750488 0.7444 0.6143 0.5155
v 817.074280 -0.601303 -2788.750488 0.7444 0.6143 0.5155
v 817.074280 15.398705 -2788.750488 0.7444 0.6143 0.5155
v 961.074402 15.398697 -2804.750488 0.7444 0.6143 0.5155
v 817.074280 15.398705 -2788.750488 0.7444 0.6143 0.5155
v 817.074280 -0.601303 -2788.750488 0.7444 0.6143 0.5155
v 801.074280 -0.601311 -2804.750488 0.7444 0.6143 0.5155
v 801.074280 15.398697 -2804.750488 0.7444 0.6143 0.5155
v 961.074402 -0.601311 -2804.750488 0.7444 0.6143 0.5155
v 945.074402 -0.601303 -2788.750488 0.7444 0.6143 0.5155
v 945.074402 15.398705 -2788.750488 0.7444 0.6143 0.5155
v 801.074280 15.398697 -2820.750488 0.7444 0.6143 0.5155
v 801.074280 -0.601311 -2820.750488 0.7444 0.6143 0.5155
v 753.074280 -0.601311 -2820.750488 0.7444 0.6143 0.5155
v 753.074280 31.398705 -2820.750488 0.7444 0.6143 0.5155
v 705.074280 31.398712 -2772.750488 0.7444 0.6143 0.5155
v 753.074280 -0.601311 -2820.750488 0.7444 0.6143 0.5155
v 705.074280 -0.601303 -2772.750488 0.7444 0.6143 0.5155
v 529.074158 -0.601303 -2772.750488 0.7444 0.6143 0.5155
v 529.074158 31.398712 -2772.750488 0.7444 0.6143 0.5155
v 1.073990 255.398865 -2612.750488 0.7444 0.6143 0.5155
v 1.073990 255.398834 -2740.750488 0.7444 0.6143 0.5155
v 1.073990 223.398804 -2772.750488 0.7444 0.6143 0.5155
v 1.073990 -0.601288 -2612.750488 0.7444 0.6143 0.5155
v 1.073990 -0.601280 -2596.750488 0.7444 0.6143 0.5155
v 1.073990 31.398735 -2596.750488 0.7444 0.6143 0.5155
v 1.073990 31.398712 -2772.750488 0.7444 0.6143 0.5155
v 1.073990 -0.601303 -2772.750488 0.7444 0.6143 0.5155
v 241.074112 31.398712 -2772.750488 0.7444 0.6143 0.5155
v 241.074112 -0.601303 -2772.750488 0.7444 0.6143 0.5155
v 225.074112 -0.601303 -2772.750488 0.7444 0.6143 0.5155
v 1.073990 31.398712 -2772.750488 0.7444 0.6143 0.5155
v 1.073990 223.398804 -2772.750488 0.7444 0.6143 0.5155
v 1.073990 255.398834 -2772.750488 0.7444 0.6143 0.5155
v 225.074112 255.398834 -2772.750488 0.7444 0.6143 0.5155
v 241.074112 255.398834 -2772.750488 0.7444 0.6143 0.5155
v 241.074112 255.398834 -2756.750488 0.7444 0.6143 0.5155
v 241.074112 223.398804 -2772.750488 0.7444 0.6143 0.5155
v 481.074158 255.398834 -2740.750488 0.7444 0.6143 0.5155
v 513.074158 223.398804 -2740.750488 0.7444 0.6143 0.5155
v 257.074036 255.398834 -2740.750488 0.7444 0.6143 0.5155
v 481.074158 223.398804 -2740.750488 0.7444 0.6143 0.5155
v 513.074158 255.398834 -2740.750488 0.7444 0.6143 0.5155
v 257.074036 223.398804 -2740.750488 0.7444 0.6143 0.5155
v 241.074112 223.398804 -2756.750488 0.7444 0.6143 0.5155
v 1.073990 223.398834 -2596.750488 0.7444 0.6143 0.5155
v 17.073990 223.398834 -2596.750488 0.7444 0.6143 0.5155
v 1.073990 255.398865 -2596.750488 0.7444 0.6143 0.5155
v 17.073990 255.398865 -2596.750488 0.7444 0.6143 0.5155
v 17.073990 223.398834 -2596.750488 0.7444 0.6143 0.5155
v -446.926208 127.398766 -2744.120605 0.7444 0.6143 0.5155
v -441.586243 138.078735 -2790.090576 0.7444 0.6143 0.5155
v -430.926208 159.398773 -2792.750488 0.7444 0.6143 0.5155
v -430.926208 159.398804 -2751.750488 0.7444 0.6143 0.5155
v 1345.074585 255.398865 -2580.750488 0.7444 0.6143 0.5155
v 1345.074585 255.398895 -2388.750488 0.7444 0.6143 0.5155
v 1345.074585 223.398834 -2452.750488 0.7444 0.6143 0.5155
v 1633.074707 255.398895 -2324.750244 0.7444 0.6143 0.5155
v 1665.074829 255.398895 -2324.750244 0.7444 0.6143 0.5155
v 1665.074829 223.398865 -2324.750244 0.7444 0.6143 0.5155
v 1633.074707 223.398865 -2324.750244 0.7444 0.6143 0.5155
v 1537.074707 223.398865 -2324.750244 0.7444 0.6143 0.5155
v 1633.074707 223.398865 -2324.750244 0.7444 0.6143 0.5155
v 1345.074585 223.398865 -2388.750488 0.7444 0.6143 0.5155
v 1409.074585 255.398895 -2324.750244 0.7444 0.6143 0.5155
v 1409.074585 223.398865 -2324.750244 0.7444 0.6143 0.5155
v 1537.074707 159.398834 -2324.750244 0.7444 0.6143 0.5155
v 1553.074707 191.398865 -2324.750244 0.7444 0.6143 0.5155
v 1553.074707 191.398895 -2132.750244 0.7444 0.6143 0.5155
v 1553.074707 191.398895 -2132.750244 0.7444 0.6143 0.5155
v 1553.074707 191.398926 -1908.750122 0.7444 0.6143 0.5155
v 1537.074707 159.398895 -1908.750122 0.7444 0.6143 0.5155
v 1537.074707 159.398865 -2068.750244 0.7444 0.6143 0.5155
v 1537.074707 159.398865 -2100.750244 0.7444 0.6143 0.5155
v 1537.074707 159.398865 -2132.750244 0.7444 0.6143 0.5155
v 1009.074402 191.398895 -1972.750244 0.7444 0.6143 0.5155
v 945.074402 223.398895 -1988.750244 0.7444 0.6143 0.5155
v 1057.074463 191.398895 -2100.750244 0.7444 0.6143 0.5155
v 1057.074463 191.398895 -1972.750244 0.7444 0.6143 0.5155
v 1041.074463 223.398895 -1988.750244 0.7444 0.6143 0.5155
v 1041.074463 223.398895 -2084.750244 0.7444 0.6143 0.5155
v 1041.074463 223.398895 -2084.750244 0.7444 0.6143 0.5155
v 945.074402 223.398895 -2084.750244 0.7444 0.6143 0.5155
v 1033.074463 191.398895 -2100.750244 0.7444 0.6143 0.5155
v 929.074402 191.398895 -2052.750244 0.7444 0.6143 0.5155
v 929.074402 191.398895 -2100.750244 0.7444 0.6143 0.5155
v 945.074402 223.398895 -2084.750244 0.7444 0.6143 0.5155
v 929.074402 191.398895 -1972.750244 0.7444 0.6143 0.5155
v 1009.074402 31.398766 -2324.750244 0.7444 0.6143 0.5155
v 1025.074463 31.398766 -2324.750244 0.7444 0.6143 0.5155
v 993.074402 -0.601250 -2324.750244 0.7444 0.6143 0.5155
v 993.074402 -0.601250 -2324.750244 0.7444 0.6143 0.5155
v 769.074280 31.398766 -2324.750244 0.7444 0.6143 0.5155
v 785.074280 31.398766 -2324.750244 0.7444 0.6143 0.5155
v 993.074402 31.398766 -2324.750244 0.7444 0.6143 0.5155
v 1025.074463 -0.601280 -2580.750488 0.7444 0.6143 0.5155
v 1025.074463 -0.601280 -2548.750488 0.7444 0.6143 0.5155
v 1025.074463 31.398735 -2548.750488 0.7444 0.6143 0.5155
v 1025.074463 31.398735 -2580.750488 0.7444 0.6143 0.5155
v 1025.074463 -0.601280 -2548.750488 0.7444 0.6143 0.5155
v 1025.074463 -0.601250 -2324.750244 0.7444 0.6143 0.5155
v 1025.074463 31.398758 -2356.750488 0.7444 0.6143 0.5155
v 785.074280 31.398750 -2436.750488 0.7444 0.6143 0.5155
v 785.074280 -0.601265 -2436.750488 0.7444 0.6143 0.5155
v 785.074280 31.398766 -2340.750488 0.7444 0.6143 0.5155
v 1009.074402 -0.601280 -2580.750488 0.7444 0.6143 0.5155
v 1009.074402 31.398735 -2580.750488 0.7444 0.6143 0.5155
v 1009.074402 31.398758 -2356.750488 0.7444 0.6143 0.5155
v 1009.074402 31.398766 -2340.750488 0.7444 0.6143 0.5155
v 785.074280 31.398766 -2340.750488 0.7444 0.6143 0.5155
v 785.074280 -0.601250 -2340.750488 0.7444 0.6143 0.5155
v 801.074280 -0.601250 -2340.750488 0.7444 0.6143 0.5155
v 993.074402 -0.601250 -2340.750488 0.7444 0.6143 0.5155
v 1009.074402 -0.601250 -2340.750488 0.7444 0.6143 0.5155
v 1009.074402 31.398766 -2340.750488 0.7444 0.6143 0.5155
v 785.074280 31.398750 -2436.750488 0.7444 0.6143 0.5155
v 769.074280 31.398750 -2436.750488 0.7444 0.6143 0.5155
v 641.074219 31.398750 -2436.750488 0.7444 0.6143 0.5155
v 769.074280 31.398766 -2324.750244 0.7444 0.6143 0.5155
v 769.074280 -0.601250 -2324.750244 0.7444 0.6143 0.5155
v 769.074280 31.398750 -2420.750488 0.7444 0.6143 0.5155
v 769.074280 -0.601265 -2420.750488 0.7444 0.6143 0.5155
v 641.074219 31.398750 -2420.750488 0.7444 0.6143 0.5155
v 1057.074463 -64.601242 -2100.750244 0.7444 0.6143 0.5155
v 1057.074463 -96.601257 -2100.750244 0.7444 0.6143 0.5155
v 929.074402 -96.601257 -2100.750244 0.7444 0.6143 0.5155
v 929.074402 -64.601242 -2100.750244 0.7444 0.6143 0.5155
v 929.074402 -64.601242 -2068.750244 0.7444 0.6143 0.5155
v 929.074402 -96.601257 -2068.750244 0.7444 0.6143 0.5155
v 929.074402 -64.601242 -2100.750244 0.7444 0.6143 0.5155
v 929.074402 -96.601257 -2100.750244 0.7444 0.6143 0.5155
v 1057.074463 -96.601257 -2100.750244 0.7444 0.6143 0.5155
v 1057.074463 -64.601242 -2100.750244 0.7444 0.6143 0.5155
v 865.074280 159.398865 -2068.750244 0.7444 0.6143 0.5155
v 929.074402 159.398865 -2068.750244 0.7444 0.6143 0.5155
v 865.074280 191.398895 -2052.750244 0.7444 0.6143 0.5155
v 641.074219 159.398865 -2068.750244 0.7444 0.6143 0.5155
v 769.074280 159.398865 -2068.750244 0.7444 0.6143 0.5155
v 641.074219 191.398895 -2052.750244 0.7444 0.6143 0.5155
v 1057.074463 -64.601227 -1972.750244 0.7444 0.6143 0.5155
v 1057.074463 -96.601242 -1972.750244 0.7444 0.6143 0.5155
v 1025.074463 -64.601219 -1908.750122 0.7444 0.6143 0.5155
v 1025.074463 -64.601227 -1972.750244 0.7444 0.6143 0.5155
v 1025.074463 -96.601242 -1972.750244 0.7444 0.6143 0.5155
v 1009.074402 191.398895 -1940.750244 0.7444 0.6143 0.5155
v 1012.074402 191.398895 -1940.750244 0.7444 0.6143 0.5155
v 1012.074402 191.398895 -1972.750244 0.7444 0.6143 0.5155
v 1025.074463 159.398865 -1972.750244 0.7444 0.6143 0.5155
v 1025.074463 159.398865 -1940.750244 0.7444 0.6143 0.5155
v 1025.074463 159.398895 -1908.750122 0.7444 0.6143 0.5155
v 1345.074585 223.398956 -1620.750000 0.7444 0.6143 0.5155
v 1345.074585 223.398926 -1684.750000 0.7444 0.6143 0.5155
v 1345.074585 255.398956 -1748.750122 0.7444 0.6143 0.5155
v 1345.074585 255.398987 -1620.750000 0.7444 0.6143 0.5155
v 1345.074585 223.398956 -1428.750000 0.7444 0.6143 0.5155
v 1345.074585 223.398956 -1556.750000 0.7444 0.6143 0.5155
v 1345.074585 255.399017 -1396.749878 0.7444 0.6143 0.5155
v 1345.074585 223.398987 -1204.749878 0.7444 0.6143 0.5155
v 1345.074585 223.398987 -1396.749878 0.7444 0.6143 0.5155
v 1665.074829 223.398926 -1812.750122 0.7444 0.6143 0.5155
v 1665.074829 255.398956 -1812.750122 0.7444 0.6143 0.5155
v 1633.074707 223.398926 -1812.750122 0.7444 0.6143 0.5155
v 1633.074707 255.398956 -1812.750122 0.7444 0.6143 0.5155
v 1409.074585 255.398956 -1812.750122 0.7444 0.6143 0.5155
v 1409.074585 223.398926 -1812.750122 0.7444 0.6143 0.5155
v 1441.074707 223.398926 -1812.750122 0.7444 0.6143 0.5155
v 1537.074707 223.398926 -1812.750122 0.7444 0.6143 0.5155
v 1553.074707 191.398926 -1812.750122 0.7444 0.6143 0.5155
v 1537.074707 159.398895 -1812.750122 0.7444 0.6143 0.5155
v 1345.074585 223.398926 -1748.750122 0.7444 0.6143 0.5155
v 945.074402 223.398987 -1316.749878 0.7444 0.6143 0.5155
v 945.074402 223.398987 -1220.749878 0.7444 0.6143 0.5155
v 929.074402 191.398987 -1204.749878 0.7444 0.6143 0.5155
v 1041.074463 223.398987 -1316.749878 0.7444 0.6143 0.5155
v 1057.074463 191.398987 -1308.749878 0.7444 0.6143 0.5155
v 1009.074402 191.398987 -1332.749878 0.7444 0.6143 0.5155
v 1057.074463 191.398987 -1332.749878 0.7444 0.6143 0.5155
v 929.074402 191.398987 -1332.749878 0.7444 0.6143 0.5155
v 1041.074463 223.398987 -1220.749878 0.7444 0.6143 0.5155
v 1057.074463 191.398987 -1204.749878 0.7444 0.6143 0.5155
v 1057.074463 -96.601158 -1236.749878 0.7444 0.6143 0.5155
v 1057.074463 -64.601151 -1332.749878 0.7444 0.6143 0.5155
v 1057.074463 -96.601166 -1332.749878 0.7444 0.6143 0.5155
v 1025.074463 -96.601166 -1332.749878 0.7444 0.6143 0.5155
v 1025.074463 -64.601204 -1780.750122 0.7444 0.6143 0.5155
v 1025.074463 -96.601234 -1908.750122 0.7444 0.6143 0.5155
v 1025.074463 -96.601219 -1780.750122 0.7444 0.6143 0.5155
v 1025.074463 -96.601212 -1684.750000 0.7444 0.6143 0.5155
v 1025.074463 -96.601196 -1556.750000 0.7444 0.6143 0.5155
v 1025.074463 -96.601181 -1460.750000 0.7444 0.6143 0.5155
v 1025.074463 -64.601151 -1332.749878 0.7444 0.6143 0.5155
v 1025.074463 -64.601181 -1556.750000 0.7444 0.6143 0.5155
v 1025.074463 159.398895 -1780.750122 0.7444 0.6143 0.5155
v 1009.074402 191.398926 -1780.750122 0.7444 0.6143 0.5155
v 1009.074402 191.398926 -1908.750122 0.7444 0.6143 0.5155
v 1009.074402 191.398956 -1556.750000 0.7444 0.6143 0.5155
v 1025.074463 159.398926 -1556.750000 0.7444 0.6143 0.5155
v 1025.074463 159.398956 -1332.749878 0.7444 0.6143 0.5155
v 929.074402 -64.601135 -1236.749878 0.7444 0.6143 0.5155
v 929.074402 -96.601151 -1204.749878 0.7444 0.6143 0.5155
v 1025.074463 -96.601151 -1204.749878 0.7444 0.6143 0.5155
v 929.074402 -64.601135 -1204.749878 0.7444 0.6143 0.5155
v 1057.074463 -64.601135 -1204.749878 0.7444 0.6143 0.5155
v 1057.074463 -96.601151 -1204.749878 0.7444 0.6143 0.5155
v 929.074402 159.398956 -1236.749878 0.7444 0.6143 0.5155
v 865.074280 191.398987 -1252.749878 0.7444 0.6143 0.5155
v 929.074402 191.398987 -1252.749878 0.7444 0.6143 0.5155
v 865.074280 159.398956 -1236.749878 0.7444 0.6143 0.5155
v 705.074280 159.398956 -1236.749878 0.7444 0.6143 0.5155
v 641.074219 159.398956 -1236.749878 0.7444 0.6143 0.5155
v 641.074219 191.398987 -1252.749878 0.7444 0.6143 0.5155
v 705.074280 -64.601135 -1236.749878 0.7444 0.6143 0.5155
v 929.074402 -96.601158 -1236.749878 0.7444 0.6143 0.5155
v 705.074280 -96.601158 -1236.749878 0.7444 0.6143 0.5155
v 1.073990 255.398895 -2292.750244 0.7444 0.6143 0.5155
v 1.073990 255.398895 -2308.750244 0.7444 0.6143 0.5155
v 1.073990 223.398865 -2308.750244 0.7444 0.6143 0.5155
v 1.073990 223.398895 -2100.750244 0.7444 0.6143 0.5155
v 1.073990 255.398956 -1908.750122 0.7444 0.6143 0.5155
v 1.073990 255.398926 -2052.750244 0.7444 0.6143 0.5155
v 1.073990 255.398926 -2100.750244 0.7444 0.6143 0.5155
v 1.073990 223.398895 -2100.750244 0.7444 0.6143 0.5155
v 1.073990 223.398926 -1876.750122 0.7444 0.6143 0.5155
v 1.073990 31.398766 -2308.750244 0.7444 0.6143 0.5155
v 1.073990 -0.601250 -2308.750244 0.7444 0.6143 0.5155
v 1.073990 -0.601250 -2292.750244 0.7444 0.6143 0.5155
v 1.073990 -0.601227 -2100.750244 0.7444 0.6143 0.5155
v 1.073990 31.398788 -2100.750244 0.7444 0.6143 0.5155
v 1.073990 -0.601219 -2068.750244 0.7444 0.6143 0.5155
v 1.073990 -0.601219 -2052.750244 0.7444 0.6143 0.5155
v 1.073990 -0.601212 -1988.750244 0.7444 0.6143 0.5155
v 289.074036 -216.601318 -2068.750244 0.7444 0.6143 0.5155
v 289.074036 -160.601288 -2068.750244 0.7444 0.6143 0.5155
v 257.074036 -160.601288 -2068.750244 0.7444 0.6143 0.5155
v 257.074036 -224.601318 -2068.750244 0.7444 0.6143 0.5155
v 273.074036 -0.601250 -2324.750244 0.7444 0.6143 0.5155
v 273.074036 -0.601257 -2356.750488 0.7444 0.6143 0.5155
v 273.074036 -0.601265 -2436.750488 0.7444 0.6143 0.5155
v 273.074036 31.398750 -2436.750488 0.7444 0.6143 0.5155
v 273.074036 31.398766 -2292.750244 0.7444 0.6143 0.5155
v 273.074036 -0.601219 -2068.750244 0.7444 0.6143 0.5155
v 273.074036 -0.601227 -2100.750244 0.7444 0.6143 0.5155
v 273.074036 -0.601250 -2292.750244 0.7444 0.6143 0.5155
v 273.074036 31.398766 -2292.750244 0.7444 0.6143 0.5155
v 273.074036 31.398781 -2212.750244 0.7444 0.6143 0.5155
v 273.074036 31.398796 -2068.750244 0.7444 0.6143 0.5155
v 513.074158 31.398750 -2436.750488 0.7444 0.6143 0.5155
v 497.074158 31.398750 -2436.750488 0.7444 0.6143 0.5155
v 497.074158 -0.601265 -2436.750488 0.7444 0.6143 0.5155
v 641.074219 -0.601265 -2436.750488 0.7444 0.6143 0.5155
v 289.074036 31.398750 -2436.750488 0.7444 0.6143 0.5155
v 273.074036 -0.601265 -2436.750488 0.7444 0.6143 0.5155
v 289.074036 -0.601265 -2420.750488 0.7444 0.6143 0.5155
v 289.074036 -0.601250 -2292.750244 0.7444 0.6143 0.5155
v 289.074036 31.398766 -2292.750244 0.7444 0.6143 0.5155
v 289.074036 31.398750 -2420.750488 0.7444 0.6143 0.5155
v 289.074036 -0.601219 -2068.750244 0.7444 0.6143 0.5155
v 289.074036 31.398796 -2068.750244 0.7444 0.6143 0.5155
v 289.074036 31.398781 -2212.750244 0.7444 0.6143 0.5155
v 641.074219 -0.601265 -2420.750488 0.7444 0.6143 0.5155
v 513.074158 -0.601265 -2420.750488 0.7444 0.6143 0.5155
v 513.074158 31.398750 -2420.750488 0.7444 0.6143 0.5155
v 641.074219 31.398750 -2420.750488 0.7444 0.6143 0.5155
v 513.074158 -0.601265 -2420.750488 0.7444 0.6143 0.5155
v 481.074158 -0.601265 -2420.750488 0.7444 0.6143 0.5155
v 385.074097 -0.601265 -2420.750488 0.7444 0.6143 0.5155
v 321.074036 -0.601265 -2420.750488 0.7444 0.6143 0.5155
v 289.074036 -0.601265 -2420.750488 0.7444 0.6143 0.5155
v 17.073990 255.398895 -2308.750244 0.7444 0.6143 0.5155
v 1.073990 223.398865 -2308.750244 0.7444 0.6143 0.5155
v 1.073990 255.398895 -2308.750244 0.7444 0.6143 0.5155
v 33.074020 255.398865 -2548.750488 0.7444 0.6143 0.5155
v 33.074020 255.398865 -2580.750488 0.7444 0.6143 0.5155
v 33.074020 223.398834 -2580.750488 0.7444 0.6143 0.5155
v 33.074020 223.398865 -2324.750244 0.7444 0.6143 0.5155
v 33.074020 223.398834 -2548.750488 0.7444 0.6143 0.5155
v 33.074020 255.398895 -2324.750244 0.7444 0.6143 0.5155
v 17.073990 223.398865 -2308.750244 0.7444 0.6143 0.5155
v 17.073990 255.398895 -2308.750244 0.7444 0.6143 0.5155
v 257.074036 -224.601349 -2324.750244 0.7444 0.6143 0.5155
v 257.074036 -160.601318 -2324.750244 0.7444 0.6143 0.5155
v 289.074036 -160.601318 -2324.750244 0.7444 0.6143 0.5155
v 289.074036 -216.601349 -2324.750244 0.7444 0.6143 0.5155
v 289.074036 -64.601250 -2164.750244 0.7444 0.6143 0.5155
v 289.074036 -64.601257 -2228.750244 0.7444 0.6143 0.5155
v 257.074036 -92.601280 -2296.750244 0.7444 0.6143 0.5155
v 257.074036 -71.601265 -2265.750244 0.7444 0.6143 0.5155
v 257.074036 -123.601265 -2075.750244 0.7444 0.6143 0.5155
v 289.074036 -71.601265 -2265.750244 0.7444 0.6143 0.5155
v 257.074036 -64.601257 -2228.750244 0.7444 0.6143 0.5155
v 289.074036 -123.601265 -2075.750244 0.7444 0.6143 0.5155
v 257.074036 -92.601257 -2096.750244 0.7444 0.6143 0.5155
v 289.074036 -123.601295 -2317.750244 0.7444 0.6143 0.5155
v 257.074036 -123.601295 -2317.750244 0.7444 0.6143 0.5155
v 289.074036 -92.601280 -2296.750244 0.7444 0.6143 0.5155
v 289.074036 -64.601250 -2164.750244 0.7444 0.6143 0.5155
v 257.074036 -64.601250 -2164.750244 0.7444 0.6143 0.5155
v 257.074036 -71.601250 -2127.750244 0.7444 0.6143 0.5155
v 289.074036 -71.601250 -2127.750244 0.7444 0.6143 0.5155
v 289.074036 -160.601318 -2324.750244 0.7444 0.6143 0.5155
v 289.074036 -123.601295 -2317.750244 0.7444 0.6143 0.5155
v 289.074036 -92.601257 -2096.750244 0.7444 0.6143 0.5155
v 513.074158 159.398865 -2068.750244 0.7444 0.6143 0.5155
v 481.074158 191.398895 -2052.750244 0.7444 0.6143 0.5155
v 273.074036 191.398895 -2052.750244 0.7444 0.6143 0.5155
v 257.074036 159.398865 -2068.750244 0.7444 0.6143 0.5155
v 273.074036 159.398865 -2068.750244 0.7444 0.6143 0.5155
v 289.074036 159.398865 -2068.750244 0.7444 0.6143 0.5155
v 481.074158 159.398865 -2068.750244 0.7444 0.6143 0.5155
v 257.074036 159.398865 -2052.750244 0.7444 0.6143 0.5155
v 273.074036 191.398926 -1908.750122 0.7444 0.6143 0.5155
v 257.074036 159.398895 -1876.750122 0.7444 0.6143 0.5155
v 257.074036 159.398865 -1988.750244 0.7444 0.6143 0.5155
v -430.926208 159.398834 -2212.750244 0.7444 0.6143 0.5155
v -430.926208 159.398804 -2500.750488 0.7444 0.6143 0.5155
v -446.926208 127.398796 -2500.750488 0.7444 0.6143 0.5155
v -446.926208 127.398781 -2580.750488 0.7444 0.6143 0.5155
v -430.926208 159.398804 -2580.750488 0.7444 0.6143 0.5155
v -446.926208 127.398827 -2212.750244 0.7444 0.6143 0.5155
v -510.926270 127.398827 -2212.750244 0.7444 0.6143 0.5155
v -510.926270 159.398834 -2212.750244 0.7444 0.6143 0.5155
v -510.926270 127.398796 -2500.750488 0.7444 0.6143 0.5155
v -446.926208 127.398796 -2500.750488 0.7444 0.6143 0.5155
v -430.926208 159.398804 -2500.750488 0.7444 0.6143 0.5155
v -510.926270 159.398804 -2500.750488 0.7444 0.6143 0.5155
v -510.926270 127.398842 -2020.750244 0.7444 0.6143 0.5155
v -446.926208 127.398842 -2020.750244 0.7444 0.6143 0.5155
v -430.926208 159.398865 -2020.750244 0.7444 0.6143 0.5155
v -510.926270 -224.601318 -2004.750244 0.7444 0.6143 0.5155
v -478.926239 -224.601318 -2004.750244 0.7444 0.6143 0.5155
v -126.926071 -224.601318 -2068.750244 0.7444 0.6143 0.5155
v -126.926071 -32.601234 -2068.750244 0.7444 0.6143 0.5155
v -158.926086 -32.601234 -2068.750244 0.7444 0.6143 0.5155
v -158.926086 -224.601318 -2068.750244 0.7444 0.6143 0.5155
v -478.926239 -160.601318 -2324.750244 0.7444 0.6143 0.5155
v -478.926239 -224.601349 -2324.750244 0.7444 0.6143 0.5155
v -510.926270 -224.601349 -2324.750244 0.7444 0.6143 0.5155
v -510.926270 -160.601318 -2324.750244 0.7444 0.6143 0.5155
v -510.926270 -64.601257 -2228.750244 0.7444 0.6143 0.5155
v -510.926270 -64.601242 -2100.750244 0.7444 0.6143 0.5155
v -478.926239 -64.601242 -2100.750244 0.7444 0.6143 0.5155
v -478.926239 -64.601257 -2228.750244 0.7444 0.6143 0.5155
v -510.926270 -160.601318 -2324.750244 0.7444 0.6143 0.5155
v -510.926270 -123.601295 -2317.750244 0.7444 0.6143 0.5155
v -478.926239 -71.601242 -2063.750244 0.7444 0.6143 0.5155
v -510.926270 -71.601242 -2063.750244 0.7444 0.6143 0.5155
v -510.926270 -92.601250 -2032.750244 0.7444 0.6143 0.5155
v -478.926239 -123.601295 -2317.750244 0.7444 0.6143 0.5155
v -510.926270 -123.601295 -2317.750244 0.7444 0.6143 0.5155
v -478.926239 -92.601280 -2296.750244 0.7444 0.6143 0.5155
v -478.926239 -71.601265 -2265.750244 0.7444 0.6143 0.5155
v -510.926270 -71.601265 -2265.750244 0.7444 0.6143 0.5155
v -510.926270 -64.601257 -2228.750244 0.7444 0.6143 0.5155
v -478.926239 -123.601257 -2011.750244 0.7444 0.6143 0.5155
v -478.926239 -92.601250 -2032.750244 0.7444 0.6143 0.5155
v -510.926270 -92.601280 -2296.750244 0.7444 0.6143 0.5155
v -478.926239 -71.601265 -2265.750244 0.7444 0.6143 0.5155
v -510.926270 -160.601288 -2004.750244 0.7444 0.6143 0.5155
v -478.926239 -160.601288 -2004.750244 0.7444 0.6143 0.5155
v -510.926270 -123.601257 -2011.750244 0.7444 0.6143 0.5155
v -510.926270 127.398827 -2212.750244 0.7444 0.6143 0.5155
v -526.926270 127.398827 -2212.750244 0.7444 0.6143 0.5155
v -526.926270 159.398834 -2212.750244 0.7444 0.6143 0.5155
v -526.926270 127.398796 -2500.750488 0.7444 0.6143 0.5155
v -510.926270 159.398804 -2500.750488 0.7444 0.6143 0.5155
v -542.926270 127.398796 -2452.750488 0.7444 0.6143 0.5155
v -542.926270 127.398796 -2484.750488 0.7444 0.6143 0.5155
v -542.926270 159.398804 -2452.750488 0.7444 0.6143 0.5155
v -542.926270 159.398834 -2228.750244 0.7444 0.6143 0.5155
v -542.926270 127.398827 -2228.750244 0.7444 0.6143 0.5155
v -542.926270 159.398804 -2484.750488 0.7444 0.6143 0.5155
v -542.926270 127.398796 -2484.750488 0.7444 0.6143 0.5155
v -526.926270 127.398796 -2500.750488 0.7444 0.6143 0.5155
v -526.926270 159.398804 -2500.750488 0.7444 0.6143 0.5155
v -510.926270 159.398865 -2020.750244 0.7444 0.6143 0.5155
v -542.926270 127.398842 -2004.750244 0.7444 0.6143 0.5155
v -542.926270 159.398865 -2004.750244 0.7444 0.6143 0.5155
v -542.926270 159.398895 -1876.750122 0.7444 0.6143 0.5155
v -526.926270 127.398842 -2020.750244 0.7444 0.6143 0.5155
v -526.926270 159.398865 -2020.750244 0.7444 0.6143 0.5155
v 1.073990 255.398956 -1876.750122 0.7444 0.6143 0.5155
v 1.073990 223.398926 -1812.750122 0.7444 0.6143 0.5155
v 1.073990 223.398956 -1588.750000 0.7444 0.6143 0.5155
v 1.073990 255.398956 -1812.750122 0.7444 0.6143 0.5155
v 1.073990 31.398827 -1812.750122 0.7444 0.6143 0.5155
v 1.073990 31.398811 -1876.750122 0.7444 0.6143 0.5155
v 1.073990 -0.601196 -1876.750122 0.7444 0.6143 0.5155
v 1.073990 -0.601189 -1812.750122 0.7444 0.6143 0.5155
v 1.073990 -0.601189 -1780.750122 0.7444 0.6143 0.5155
v 1.073990 -0.601181 -1748.750122 0.7444 0.6143 0.5155
v 1.073990 -0.601181 -1716.750122 0.7444 0.6143 0.5155
v 1.073990 -0.601173 -1684.750000 0.7444 0.6143 0.5155
v 1.073990 -0.601173 -1652.750000 0.7444 0.6143 0.5155
v 1.073990 -0.601166 -1588.750000 0.7444 0.6143 0.5155
v 225.074112 223.398956 -1428.750000 0.7444 0.6143 0.5155
v 385.074097 223.398956 -1428.750000 0.7444 0.6143 0.5155
v 385.074097 255.399017 -1412.749878 0.7444 0.6143 0.5155
v 225.074112 255.399017 -1412.749878 0.7444 0.6143 0.5155
v 273.074036 191.398926 -1876.750122 0.7444 0.6143 0.5155
v 257.074036 159.398926 -1652.750000 0.7444 0.6143 0.5155
v 257.074036 159.398895 -1812.750122 0.7444 0.6143 0.5155
v 273.074036 191.398956 -1652.750000 0.7444 0.6143 0.5155
v 273.074036 191.398956 -1492.750000 0.7444 0.6143 0.5155
v 273.074036 191.398956 -1428.750000 0.7444 0.6143 0.5155
v 257.074036 159.398926 -1428.750000 0.7444 0.6143 0.5155
v 257.074036 159.398926 -1524.750000 0.7444 0.6143 0.5155
v 257.074036 159.398926 -1556.750000 0.7444 0.6143 0.5155
v 257.074036 159.398926 -1588.750000 0.7444 0.6143 0.5155
v 129.074051 -80.601196 -1684.750000 0.7444 0.6143 0.5155
v 1.073990 -80.601196 -1684.750000 0.7444 0.6143 0.5155
v 1.073990 -64.601196 -1684.750000 0.7444 0.6143 0.5155
v 129.074051 -32.601200 -1780.750122 0.7444 0.6143 0.5155
v 129.074051 -64.601196 -1684.750000 0.7444 0.6143 0.5155
v 129.074051 -48.601189 -1716.750122 0.7444 0.6143 0.5155
v 225.074112 -0.601189 -1812.750122 0.7444 0.6143 0.5155
v 257.074036 -0.601189 -1812.750122 0.7444 0.6143 0.5155
v 257.074036 -32.601204 -1812.750122 0.7444 0.6143 0.5155
v 145.074051 -32.601204 -1812.750122 0.7444 0.6143 0.5155
v 145.074051 -0.601189 -1812.750122 0.7444 0.6143 0.5155
v 145.074051 -96.601212 -1684.750000 0.7444 0.6143 0.5155
v 145.074051 -64.601196 -1684.750000 0.7444 0.6143 0.5155
v 129.074051 -16.601196 -1780.750122 0.7444 0.6143 0.5155
v 1.073990 -32.601200 -1780.750122 0.7444 0.6143 0.5155
v 1.073990 -16.601196 -1780.750122 0.7444 0.6143 0.5155
v 1.073990 -16.601196 -1812.750122 0.7444 0.6143 0.5155
v 129.074051 -0.601189 -1812.750122 0.7444 0.6143 0.5155
v 129.074051 -16.601196 -1812.750122 0.7444 0.6143 0.5155
v 129.074051 -32.601196 -1748.750122 0.7444 0.6143 0.5155
v 129.074051 -48.601192 -1748.750122 0.7444 0.6143 0.5155
v 1.073990 -48.601192 -1748.750122 0.7444 0.6143 0.5155
v 1.073990 -32.601196 -1748.750122 0.7444 0.6143 0.5155
v 129.074051 -64.601196 -1716.750122 0.7444 0.6143 0.5155
v 1.073990 -64.601196 -1716.750122 0.7444 0.6143 0.5155
v 1.073990 -48.601189 -1716.750122 0.7444 0.6143 0.5155
v 145.074051 -80.601196 -1684.750000 0.7444 0.6143 0.5155
v 145.074051 -96.601204 -1668.750000 0.7444 0.6143 0.5155
v 129.074051 -80.601196 -1652.750000 0.7444 0.6143 0.5155
v 1.073990 -96.601204 -1652.750000 0.7444 0.6143 0.5155
v 1.073990 -80.601196 -1652.750000 0.7444 0.6143 0.5155
v 145.074051 -80.601196 -1668.750000 0.7444 0.6143 0.5155
v 129.074051 -96.601204 -1652.750000 0.7444 0.6143 0.5155
v 225.074112 31.398872 -1428.750000 0.7444 0.6143 0.5155
v 257.074036 31.398872 -1428.750000 0.7444 0.6143 0.5155
v 257.074036 63.398888 -1428.750000 0.7444 0.6143 0.5155
v 225.074112 63.398888 -1428.750000 0.7444 0.6143 0.5155
v 1.073990 31.398872 -1428.750000 0.7444 0.6143 0.5155
v 161.074081 31.398872 -1428.750000 0.7444 0.6143 0.5155
v 1.073990 63.398888 -1428.750000 0.7444 0.6143 0.5155
v 353.074097 159.398956 -1236.749878 0.7444 0.6143 0.5155
v 257.074036 159.398956 -1172.749756 0.7444 0.6143 0.5155
v 273.074036 191.398987 -1252.749878 0.7444 0.6143 0.5155
v 241.074112 191.398987 -1220.749878 0.7444 0.6143 0.5155
v 257.074036 159.398956 -1236.749878 0.7444 0.6143 0.5155
v 241.074112 191.398987 -1252.749878 0.7444 0.6143 0.5155
v 609.074219 159.398956 -1236.749878 0.7444 0.6143 0.5155
v 513.074158 159.398956 -1236.749878 0.7444 0.6143 0.5155
v 385.074097 159.398956 -1236.749878 0.7444 0.6143 0.5155
v 385.074097 191.398987 -1252.749878 0.7444 0.6143 0.5155
v 609.074219 191.398987 -1252.749878 0.7444 0.6143 0.5155
v 305.074036 191.398987 -1172.749756 0.7444 0.6143 0.5155
v 257.074036 -64.601135 -1172.749756 0.7444 0.6143 0.5155
v 257.074036 -64.601135 -1236.749878 0.7444 0.6143 0.5155
v 513.074158 -64.601135 -1236.749878 0.7444 0.6143 0.5155
v 513.074158 -96.601158 -1236.749878 0.7444 0.6143 0.5155
v 257.074036 -96.601158 -1236.749878 0.7444 0.6143 0.5155
v 353.074097 -64.601135 -1236.749878 0.7444 0.6143 0.5155
v 353.074097 -96.601158 -1236.749878 0.7444 0.6143 0.5155
v 385.074097 -64.601135 -1236.749878 0.7444 0.6143 0.5155
v 385.074097 -96.601158 -1236.749878 0.7444 0.6143 0.5155
v 321.074036 -64.601135 -1172.749756 0.7444 0.6143 0.5155
v -510.926270 -96.601189 -1492.750000 0.7444 0.6143 0.5155
v -510.926270 -96.601204 -1620.750000 0.7444 0.6143 0.5155
v -510.926270 -64.601181 -1620.750000 0.7444 0.6143 0.5155
v -510.926270 -64.601158 -1396.749878 0.7444 0.6143 0.5155
v -510.926270 -96.601151 -1172.749756 0.7444 0.6143 0.5155
v -510.926270 -96.601173 -1396.749878 0.7444 0.6143 0.5155
v -190.926102 255.398956 -1812.750122 0.7444 0.6143 0.5155
v -190.926102 255.398987 -1620.750000 0.7444 0.6143 0.5155
v -190.926102 223.398956 -1620.750000 0.7444 0.6143 0.5155
v -190.926102 223.398956 -1668.750000 0.7444 0.6143 0.5155
v -190.926102 223.398926 -1812.750122 0.7444 0.6143 0.5155
v -510.926270 127.398888 -1684.750000 0.7444 0.6143 0.5155
v -446.926208 127.398888 -1732.750122 0.7444 0.6143 0.5155
v -430.926208 159.398895 -1684.750000 0.7444 0.6143 0.5155
v -446.926208 127.398888 -1684.750000 0.7444 0.6143 0.5155
v -430.926208 159.398895 -1732.750122 0.7444 0.6143 0.5155
v -286.926147 159.398926 -1636.750000 0.7444 0.6143 0.5155
v -382.926208 159.398895 -1684.750000 0.7444 0.6143 0.5155
v -190.926102 159.398895 -1684.750000 0.7444 0.6143 0.5155
v -190.926102 159.398926 -1636.750000 0.7444 0.6143 0.5155
v -190.926102 127.398888 -1620.750000 0.7444 0.6143 0.5155
v -254.926132 127.398888 -1620.750000 0.7444 0.6143 0.5155
v -286.926147 127.398888 -1620.750000 0.7444 0.6143 0.5155
v -318.926147 127.398888 -1620.750000 0.7444 0.6143 0.5155
v -350.926178 127.398888 -1620.750000 0.7444 0.6143 0.5155
v -446.926208 127.398888 -1620.750000 0.7444 0.6143 0.5155
v -478.926239 127.398888 -1620.750000 0.7444 0.6143 0.5155
v -494.926239 127.398888 -1620.750000 0.7444 0.6143 0.5155
v -510.926270 159.398926 -1636.750000 0.7444 0.6143 0.5155
v -382.926208 159.398926 -1636.750000 0.7444 0.6143 0.5155
v -382.926208 31.398872 -1364.749878 0.7444 0.6143 0.5155
v -382.926208 63.398888 -1364.749878 0.7444 0.6143 0.5155
v -382.926208 63.398918 -1172.749756 0.7444 0.6143 0.5155
v -30.926025 31.398872 -1428.750000 0.7444 0.6143 0.5155
v -254.926132 31.398872 -1428.750000 0.7444 0.6143 0.5155
v -94.926056 31.398872 -1428.750000 0.7444 0.6143 0.5155
v -94.926056 63.398888 -1428.750000 0.7444 0.6143 0.5155
v -190.926102 255.398987 -1588.750000 0.7444 0.6143 0.5155
v -190.926102 223.398956 -1588.750000 0.7444 0.6143 0.5155
v 1.073990 255.398987 -1588.750000 0.7444 0.6143 0.5155
v -318.926147 31.398872 -1428.750000 0.7444 0.6143 0.5155
v -318.926147 63.398888 -1428.750000 0.7444 0.6143 0.5155
v 1.073990 223.398956 -1428.750000 0.7444 0.6143 0.5155
v 1.073990 255.399017 -1412.749878 0.7444 0.6143 0.5155
v -318.926147 223.398956 -1428.750000 0.7444 0.6143 0.5155
v -94.926056 223.398956 -1428.750000 0.7444 0.6143 0.5155
v -94.926056 255.399017 -1412.749878 0.7444 0.6143 0.5155
v -334.926178 223.398987 -1412.749878 0.7444 0.6143 0.5155
v -310.926147 255.399017 -1412.749878 0.7444 0.6143 0.5155
v -366.926178 223.398987 -1380.749878 0.7444 0.6143 0.5155
v -382.926208 223.398987 -1364.749878 0.7444 0.6143 0.5155
v -366.926178 255.399017 -1356.749878 0.7444 0.6143 0.5155
v -366.926178 255.399017 -1172.749756 0.7444 0.6143 0.5155
v -494.926239 -64.601181 -1620.750000 0.7444 0.6143 0.5155
v -494.926239 -96.601204 -1620.750000 0.7444 0.6143 0.5155
v -494.926239 -96.601181 -1428.750000 0.7444 0.6143 0.5155
v -494.926239 -96.601173 -1396.749878 0.7444 0.6143 0.5155
v -494.926239 -64.601158 -1396.749878 0.7444 0.6143 0.5155
v -494.926239 -96.601166 -1300.749878 0.7444 0.6143 0.5155
v -494.926239 -64.601135 -1172.749756 0.7444 0.6143 0.5155
v -318.926147 -96.601196 -1604.750000 0.7444 0.6143 0.5155
v -334.926178 -80.601189 -1588.750000 0.7444 0.6143 0.5155
v 1.073990 31.398857 -1588.750000 0.7444 0.6143 0.5155
v -190.926102 -0.601166 -1588.750000 0.7444 0.6143 0.5155
v -190.926102 31.398857 -1588.750000 0.7444 0.6143 0.5155
v -334.926178 -96.601196 -1588.750000 0.7444 0.6143 0.5155
v -462.926208 -80.601189 -1588.750000 0.7444 0.6143 0.5155
v -478.926239 -96.601196 -1604.750000 0.7444 0.6143 0.5155
v -478.926239 -96.601204 -1620.750000 0.7444 0.6143 0.5155
v -478.926239 -80.601196 -1620.750000 0.7444 0.6143 0.5155
v -318.926147 -80.601189 -1604.750000 0.7444 0.6143 0.5155
v -318.926147 -80.601196 -1620.750000 0.7444 0.6143 0.5155
v -318.926147 -96.601204 -1620.750000 0.7444 0.6143 0.5155
v -462.926208 -96.601196 -1588.750000 0.7444 0.6143 0.5155
v -478.926239 -80.601189 -1604.750000 0.7444 0.6143 0.5155
v -510.926270 127.398888 -1732.750122 0.7444 0.6143 0.5155
v -526.926270 159.398895 -1732.750122 0.7444 0.6143 0.5155
v -510.926270 159.398895 -1732.750122 0.7444 0.6143 0.5155
v -542.926270 127.398857 -1876.750122 0.7444 0.6143 0.5155
v -526.926270 127.398888 -1732.750122 0.7444 0.6143 0.5155
v -542.926270 127.398872 -1748.750122 0.7444 0.6143 0.5155
v -542.926270 159.398895 -1748.750122 0.7444 0.6143 0.5155
v -510.926270 127.398888 -1620.750000 0.7444 0.6143 0.5155
v -638.926331 127.398888 -1620.750000 0.7444 0.6143 0.5155
v -638.926331 159.398926 -1636.750000 0.7444 0.6143 0.5155
v -510.926270 159.398895 -1684.750000 0.7444 0.6143 0.5155
v -1758.926880 127.398735 -2964.750732 0.7444 0.6143 0.5155
v -1758.926880 127.398735 -2980.750732 0.7444 0.6143 0.5155
v -1534.926758 127.398750 -2836.750732 0.7444 0.6143 0.5155
v -1550.926758 159.398773 -2836.750732 0.7444 0.6143 0.5155
v -1550.926758 159.398773 -2844.750732 0.7444 0.6143 0.5155
v -1598.926758 127.398781 -2604.750488 0.7444 0.6143 0.5155
v -1598.926758 127.398766 -2676.750488 0.7444 0.6143 0.5155
v -1598.926758 127.398766 -2740.750488 0.7444 0.6143 0.5155
v -1598.926758 127.398750 -2804.750488 0.7444 0.6143 0.5155
v -1582.926758 159.398804 -2580.750488 0.7444 0.6143 0.5155
v -1582.926758 159.398773 -2812.750488 0.7444 0.6143 0.5155
v -1598.926758 127.398750 -2804.750488 0.7444 0.6143 0.5155
v -1550.926758 159.398804 -2580.750488 0.7444 0.6143 0.5155
v -1550.926758 159.398773 -2772.750488 0.7444 0.6143 0.5155
v -1534.926758 127.398766 -2764.750488 0.7444 0.6143 0.5155
v -1534.926758 127.398766 -2740.750488 0.7444 0.6143 0.5155
v -1534.926758 127.398766 -2676.750488 0.7444 0.6143 0.5155
v -1534.926758 127.398781 -2604.750488 0.7444 0.6143 0.5155
v -1534.926758 127.398781 -2580.750488 0.7444 0.6143 0.5155
v -1694.926880 127.398735 -2900.750732 0.7444 0.6143 0.5155
v -1686.926880 159.398773 -2916.750732 0.7444 0.6143 0.5155
v -1686.926880 159.398773 -2916.750732 0.7444 0.6143 0.5155
v -1694.926880 127.398735 -2900.750732 0.7444 0.6143 0.5155
v -1694.926880 127.398735 -2900.750732 0.7444 0.6143 0.5155
v -1670.926880 159.398773 -2900.750732 0.7444 0.6143 0.5155
v -1598.926758 159.398773 -2828.750488 0.7444 0.6143 0.5155
v -1758.926880 127.398735 -2900.750732 0.7444 0.6143 0.5155
v -1918.926880 127.398735 -2900.750732 0.7444 0.6143 0.5155
v -1726.926880 159.398773 -2916.750732 0.7444 0.6143 0.5155
v -2510.927246 191.398712 -3684.750977 0.7444 0.6143 0.5155
v -2510.927246 159.398682 -3684.750977 0.7444 0.6143 0.5155
v -2510.927246 159.398682 -3716.750977 0.7444 0.6143 0.5155
v -2510.927246 159.398651 -3796.750977 0.7444 0.6143 0.5155
v -2510.927246 191.398682 -3796.750977 0.7444 0.6143 0.5155
v -2222.927246 159.398651 -3796.750977 0.7444 0.6143 0.5155
v -2222.927246 159.398682 -3684.750977 0.7444 0.6143 0.5155
v -2222.927246 191.398682 -3796.750977 0.7444 0.6143 0.5155
v -2238.927246 159.398682 -3668.750977 0.7444 0.6143 0.5155
v -2270.927246 159.398682 -3668.750977 0.7444 0.6143 0.5155
v -2494.927246 159.398682 -3668.750977 0.7444 0.6143 0.5155
v -2494.927246 191.398712 -3668.750977 0.7444 0.6143 0.5155
v -2270.927246 191.398712 -3668.750977 0.7444 0.6143 0.5155
v -2494.927246 191.398712 -3668.750977 0.7444 0.6143 0.5155
v -2494.927246 159.398682 -3668.750977 0.7444 0.6143 0.5155
v -2510.927246 159.398682 -3684.750977 0.7444 0.6143 0.5155
v -2510.927246 191.398712 -3684.750977 0.7444 0.6143 0.5155
v -2222.927246 191.398712 -3684.750977 0.7444 0.6143 0.5155
v -2238.927246 191.398712 -3668.750977 0.7444 0.6143 0.5155
v -2222.927246 127.398643 -3700.750977 0.7444 0.6143 0.5155
v -2222.927246 159.398682 -3716.750977 0.7444 0.6143 0.5155
v -2126.927002 159.398682 -3716.750977 0.7444 0.6143 0.5155
v -2126.927002 159.398682 -3700.750977 0.7444 0.6143 0.5155
v -2142.927002 127.398643 -3700.750977 0.7444 0.6143 0.5155
v -2142.927002 127.398674 -3508.750977 0.7444 0.6143 0.5155
v -2126.927002 159.398712 -3508.750977 0.7444 0.6143 0.5155
v -2142.927002 127.398689 -3284.750732 0.7444 0.6143 0.5155
v -2494.927246 159.398712 -3460.750977 0.7444 0.6143 0.5155
v -2494.927246 127.398674 -3476.750977 0.7444 0.6143 0.5155
v -2366.927246 127.398689 -3348.750732 0.7444 0.6143 0.5155
v -2382.927246 159.398712 -3348.750732 0.7444 0.6143 0.5155
v -2382.927246 159.398712 -3348.750732 0.7444 0.6143 0.5155
v -2366.927246 127.398689 -3348.750732 0.7444 0.6143 0.5155
v -2366.927246 127.398689 -3284.750732 0.7444 0.6143 0.5155
v -2382.927246 159.398712 -3284.750732 0.7444 0.6143 0.5155
v -2510.927246 127.398674 -3476.750977 0.7444 0.6143 0.5155
v -2494.927246 127.398674 -3476.750977 0.7444 0.6143 0.5155
v -2494.927246 159.398712 -3460.750977 0.7444 0.6143 0.5155
v -2510.927246 159.398712 -3460.750977 0.7444 0.6143 0.5155
v -2590.927490 127.398674 -3476.750977 0.7444 0.6143 0.5155
v -2510.927246 159.398712 -3460.750977 0.7444 0.6143 0.5155
v -2590.927490 159.398712 -3460.750977 0.7444 0.6143 0.5155
v -2814.927490 127.398674 -3476.750977 0.7444 0.6143 0.5155
v -2590.927490 127.398674 -3476.750977 0.7444 0.6143 0.5155
v -2590.927490 159.398712 -3460.750977 0.7444 0.6143 0.5155
v -2814.927490 159.398712 -3460.750977 0.7444 0.6143 0.5155
v -2510.927246 159.398682 -3716.750977 0.7444 0.6143 0.5155
v -2510.927246 127.398643 -3700.750977 0.7444 0.6143 0.5155
v -2590.927490 127.398643 -3700.750977 0.7444 0.6143 0.5155
v -2590.927490 159.398682 -3716.750977 0.7444 0.6143 0.5155
v -2590.927490 127.398643 -3700.750977 0.7444 0.6143 0.5155
v -2814.927490 127.398643 -3700.750977 0.7444 0.6143 0.5155
v -2814.927490 159.398682 -3716.750977 0.7444 0.6143 0.5155
v -2590.927490 159.398682 -3716.750977 0.7444 0.6143 0.5155
v -2430.927246 159.398773 -2916.750732 0.7444 0.6143 0.5155
v -2382.927246 159.398773 -2916.750732 0.7444 0.6143 0.5155
v -2366.927246 159.398773 -2916.750732 0.7444 0.6143 0.5155
v -2350.927246 191.398804 -2916.750732 0.7444 0.6143 0.5155
v -2430.927246 191.398804 -2916.750732 0.7444 0.6143 0.5155
v -2334.927246 191.398804 -2900.750732 0.7444 0.6143 0.5155
v -2334.927246 159.398773 -2900.750732 0.7444 0.6143 0.5155
v -2334.927246 159.398773 -2868.750732 0.7444 0.6143 0.5155
v -2334.927246 191.398804 -2868.750732 0.7444 0.6143 0.5155
v -2334.927246 159.398773 -2868.750732 0.7444 0.6143 0.5155
v -2334.927246 159.398773 -2852.750732 0.7444 0.6143 0.5155
v -2334.927246 159.398804 -2644.750488 0.7444 0.6143 0.5155
v -2334.927246 191.398834 -2644.750488 0.7444 0.6143 0.5155
v -2334.927246 191.398804 -2868.750732 0.7444 0.6143 0.5155
v -2350.927246 191.398834 -2628.750488 0.7444 0.6143 0.5155
v -2350.927246 159.398804 -2628.750488 0.7444 0.6143 0.5155
v -2366.927246 159.398804 -2628.750488 0.7444 0.6143 0.5155
v -2382.927246 159.398804 -2628.750488 0.7444 0.6143 0.5155
v -2430.927246 159.398804 -2628.750488 0.7444 0.6143 0.5155
v -2430.927246 191.398834 -2628.750488 0.7444 0.6143 0.5155
v -2350.927246 191.398804 -2916.750732 0.7444 0.6143 0.5155
v -2350.927246 159.398773 -2916.750732 0.7444 0.6143 0.5155
v -2334.927246 159.398773 -2900.750732 0.7444 0.6143 0.5155
v -2334.927246 191.398804 -2900.750732 0.7444 0.6143 0.5155
v -2334.927246 191.398834 -2644.750488 0.7444 0.6143 0.5155
v -2334.927246 159.398804 -2644.750488 0.7444 0.6143 0.5155
v -2350.927246 191.398834 -2628.750488 0.7444 0.6143 0.5155
v -2014.927002 127.398705 -3194.080811 0.7444 0.6143 0.5155
v -2014.927002 127.398720 -3124.750732 0.7444 0.6143 0.5155
v -2014.927002 127.398735 -2996.750732 0.7444 0.6143 0.5155
v -2014.927002 127.398735 -2964.750732 0.7444 0.6143 0.5155
v -1918.926880 127.398735 -2964.750732 0.7444 0.6143 0.5155
v -1918.926880 127.398720 -3114.082031 0.7444 0.6143 0.5155
v -2126.927002 159.398712 -3284.750732 0.7444 0.6143 0.5155
v -2126.927002 159.398743 -3220.750732 0.7444 0.6143 0.5155
v -2126.927002 159.398743 -3188.750732 0.7444 0.6143 0.5155
v -2142.927002 127.398705 -3188.750732 0.7444 0.6143 0.5155
v -2142.927002 127.398705 -3252.750732 0.7444 0.6143 0.5155
v -2126.927002 159.398743 -3188.750732 0.7444 0.6143 0.5155
v -2142.927002 127.398735 -2964.750732 0.7444 0.6143 0.5155
v -2142.927002 127.398720 -3060.750732 0.7444 0.6143 0.5155
v -2142.927002 127.398705 -3156.750732 0.7444 0.6143 0.5155
v -2142.927002 127.398705 -3188.750732 0.7444 0.6143 0.5155
v -2126.927002 159.398773 -2980.750732 0.7444 0.6143 0.5155
v -2014.927002 127.398735 -2900.750732 0.7444 0.6143 0.5155
v -2078.927002 127.398735 -2900.750732 0.7444 0.6143 0.5155
v -2062.927002 159.398773 -2916.750732 0.7444 0.6143 0.5155
v -1918.926880 159.398773 -2916.750732 0.7444 0.6143 0.5155
v -1982.927002 -64.601334 -2884.750732 0.7444 0.6143 0.5155
v -1982.927002 -96.601349 -2884.750732 0.7444 0.6143 0.5155
v -1982.927002 -96.601349 -2836.750732 0.7444 0.6143 0.5155
v -1982.927002 -64.601326 -2804.750488 0.7444 0.6143 0.5155
v -1982.927002 -96.601341 -2804.750488 0.7444 0.6143 0.5155
v -1982.927002 -96.601318 -2612.750488 0.7444 0.6143 0.5155
v -1982.927002 -96.601318 -2580.750488 0.7444 0.6143 0.5155
v -1982.927002 -64.601303 -2580.750488 0.7444 0.6143 0.5155
v -2366.927246 127.398689 -3284.750732 0.7444 0.6143 0.5155
v -2366.927246 127.398705 -3220.750732 0.7444 0.6143 0.5155
v -2366.927246 127.398705 -3188.750732 0.7444 0.6143 0.5155
v -2366.927246 127.398720 -3140.750732 0.7444 0.6143 0.5155
v -2382.927246 159.398743 -3140.750732 0.7444 0.6143 0.5155
v -2382.927246 159.398712 -3284.750732 0.7444 0.6143 0.5155
v -2366.927246 127.398720 -3140.750732 0.7444 0.6143 0.5155
v -2366.927246 127.398720 -3124.750732 0.7444 0.6143 0.5155
v -2366.927246 127.398735 -2916.750732 0.7444 0.6143 0.5155
v -2382.927246 159.398773 -2916.750732 0.7444 0.6143 0.5155
v -2382.927246 159.398743 -3140.750732 0.7444 0.6143 0.5155
v -2382.927246 159.398804 -2628.750488 0.7444 0.6143 0.5155
v -2366.927246 127.398781 -2628.750488 0.7444 0.6143 0.5155
v -2366.927246 127.398781 -2580.750488 0.7444 0.6143 0.5155
v -2382.927246 159.398804 -2580.750488 0.7444 0.6143 0.5155
v -2622.927490 159.398804 -2628.750488 0.7444 0.6143 0.5155
v -2622.927490 191.398834 -2628.750488 0.7444 0.6143 0.5155
v -2430.927246 191.398834 -2628.750488 0.7444 0.6143 0.5155
v -2622.927490 191.398804 -2916.750732 0.7444 0.6143 0.5155
v -2622.927490 159.398773 -2916.750732 0.7444 0.6143 0.5155
v -2430.927246 191.398804 -2916.750732 0.7444 0.6143 0.5155
v -2622.927490 159.398773 -2852.750732 0.7444 0.6143 0.5155
v -2622.927490 159.398773 -2916.750732 0.7444 0.6143 0.5155
v -2622.927490 191.398804 -2916.750732 0.7444 0.6143 0.5155
v -2622.927490 191.398804 -2852.750732 0.7444 0.6143 0.5155
v -2622.927490 191.398834 -2628.750488 0.7444 0.6143 0.5155
v -2622.927490 159.398804 -2628.750488 0.7444 0.6143 0.5155
v -2622.927490 159.398773 -2852.750732 0.7444 0.6143 0.5155
v -2622.927490 191.398804 -2852.750732 0.7444 0.6143 0.5155
v -1854.926880 -96.601204 -1636.750000 0.7444 0.6143 0.5155
v -1854.926880 -96.601212 -1684.750000 0.7444 0.6143 0.5155
v -1854.926880 -64.601196 -1684.750000 0.7444 0.6143 0.5155
v -1854.926880 -64.601181 -1620.750000 0.7444 0.6143 0.5155
v -1854.926880 -96.601204 -1620.750000 0.7444 0.6143 0.5155
v -1598.926758 -64.601212 -1876.750122 0.7444 0.6143 0.5155
v -1662.926880 -96.601234 -1876.750122 0.7444 0.6143 0.5155
v -1630.926758 -96.601234 -1876.750122 0.7444 0.6143 0.5155
v -1598.926758 -96.601234 -1876.750122 0.7444 0.6143 0.5155
v -782.926453 159.398865 -1956.750244 0.7444 0.6143 0.5155
v -766.926392 127.398857 -1972.750244 0.7444 0.6143 0.5155
v -766.926392 127.398857 -1876.750122 0.7444 0.6143 0.5155
v -862.926514 127.398842 -2068.750244 0.7444 0.6143 0.5155
v -990.926575 159.398865 -2052.750244 0.7444 0.6143 0.5155
v -1214.926636 159.398865 -2052.750244 0.7444 0.6143 0.5155
v -1214.926636 127.398842 -2068.750244 0.7444 0.6143 0.5155
v -990.926575 127.398842 -2068.750244 0.7444 0.6143 0.5155
v -878.926514 159.398865 -2052.750244 0.7444 0.6143 0.5155
v -862.926514 127.398842 -2068.750244 0.7444 0.6143 0.5155
v -846.926514 127.398842 -2052.750244 0.7444 0.6143 0.5155
v -782.926453 127.398857 -1988.750244 0.7444 0.6143 0.5155
v -862.926514 31.398796 -2068.750244 0.7444 0.6143 0.5155
v -862.926514 63.398811 -2068.750244 0.7444 0.6143 0.5155
v -990.926575 63.398811 -2068.750244 0.7444 0.6143 0.5155
v -990.926575 31.398796 -2068.750244 0.7444 0.6143 0.5155
v -990.926575 63.398811 -2068.750244 0.7444 0.6143 0.5155
v -1214.926636 31.398796 -2068.750244 0.7444 0.6143 0.5155
v -1022.926575 31.398796 -2068.750244 0.7444 0.6143 0.5155
v -990.926575 31.398796 -2068.750244 0.7444 0.6143 0.5155
v -766.926392 31.398811 -1940.750244 0.7444 0.6143 0.5155
v -766.926392 31.398811 -1876.750122 0.7444 0.6143 0.5155
v -766.926392 63.398827 -1876.750122 0.7444 0.6143 0.5155
v -862.926514 63.398811 -2068.750244 0.7444 0.6143 0.5155
v -862.926514 31.398796 -2068.750244 0.7444 0.6143 0.5155
v -766.926392 63.398827 -1972.750244 0.7444 0.6143 0.5155
v -1022.926575 -192.601318 -2068.750244 0.7444 0.6143 0.5155
v -1022.926575 -224.601318 -2068.750244 0.7444 0.6143 0.5155
v -990.926575 -224.601318 -2068.750244 0.7444 0.6143 0.5155
v -1022.926575 31.398796 -2068.750244 0.7444 0.6143 0.5155
v -1022.926575 -192.601318 -2068.750244 0.7444 0.6143 0.5155
v -990.926575 -192.601318 -2068.750244 0.7444 0.6143 0.5155
v -990.926575 31.398796 -2068.750244 0.7444 0.6143 0.5155
v -766.926392 -224.601318 -1972.750244 0.7444 0.6143 0.5155
v -766.926392 -224.601318 -1940.750244 0.7444 0.6143 0.5155
v -766.926392 31.398804 -1972.750244 0.7444 0.6143 0.5155
v -766.926392 -192.601303 -1972.750244 0.7444 0.6143 0.5155
v -766.926392 -192.601288 -1940.750244 0.7444 0.6143 0.5155
v -1214.926636 63.398811 -2068.750244 0.7444 0.6143 0.5155
v -1310.926636 31.398796 -2068.750244 0.7444 0.6143 0.5155
v -1261.766602 31.398796 -2068.750244 0.7444 0.6143 0.5155
v -1310.926636 63.398811 -2068.750244 0.7444 0.6143 0.5155
v -1534.926758 63.398811 -2068.750244 0.7444 0.6143 0.5155
v -1534.926758 31.398796 -2068.750244 0.7444 0.6143 0.5155
v -1454.926758 31.398796 -2068.750244 0.7444 0.6143 0.5155
v -1406.926636 31.398796 -2068.750244 0.7444 0.6143 0.5155
v -1363.326660 31.398796 -2068.750244 0.7444 0.6143 0.5155
v -1310.926636 31.398796 -2068.750244 0.7444 0.6143 0.5155
v -1598.926758 127.398781 -2516.750488 0.7444 0.6143 0.5155
v -1598.926758 127.398781 -2580.750488 0.7444 0.6143 0.5155
v -1582.926758 159.398804 -2580.750488 0.7444 0.6143 0.5155
v -1582.926758 159.398804 -2564.750488 0.7444 0.6143 0.5155
v -1582.926758 159.398804 -2516.750488 0.7444 0.6143 0.5155
v -1598.926758 127.398811 -2324.750244 0.7444 0.6143 0.5155
v -1598.926758 127.398811 -2356.750488 0.7444 0.6143 0.5155
v -1582.926758 159.398834 -2292.750244 0.7444 0.6143 0.5155
v -1598.926758 127.398842 -2068.750244 0.7444 0.6143 0.5155
v -1598.926758 127.398811 -2292.750244 0.7444 0.6143 0.5155
v -1550.926758 159.398804 -2500.750488 0.7444 0.6143 0.5155
v -1550.926758 159.398804 -2564.750488 0.7444 0.6143 0.5155
v -1550.926758 159.398804 -2580.750488 0.7444 0.6143 0.5155
v -1534.926758 127.398796 -2500.750488 0.7444 0.6143 0.5155
v -1550.926758 159.398834 -2292.750244 0.7444 0.6143 0.5155
v -1550.926758 159.398804 -2500.750488 0.7444 0.6143 0.5155
v -1534.926758 127.398811 -2292.750244 0.7444 0.6143 0.5155
v -1534.926758 127.398842 -2068.750244 0.7444 0.6143 0.5155
v -1534.926758 127.398811 -2292.750244 0.7444 0.6143 0.5155
v -1582.926758 159.398865 -2068.750244 0.7444 0.6143 0.5155
v -1326.926636 159.398865 -2052.750244 0.7444 0.6143 0.5155
v -1326.926636 127.398842 -2068.750244 0.7444 0.6143 0.5155
v -1310.926636 127.398842 -2068.750244 0.7444 0.6143 0.5155
v -1214.926636 127.398842 -2068.750244 0.7444 0.6143 0.5155
v -1550.926758 159.398865 -2052.750244 0.7444 0.6143 0.5155
v -1534.926758 127.398842 -2068.750244 0.7444 0.6143 0.5155
v -1550.926758 159.398865 -2068.750244 0.7444 0.6143 0.5155
v -1278.926636 -32.601143 -1300.749878 0.7444 0.6143 0.5155
v -1278.926636 -64.601135 -1236.749878 0.7444 0.6143 0.5155
v -1278.926636 -64.601151 -1300.749878 0.7444 0.6143 0.5155
v -1278.926636 -192.601227 -1300.749878 0.7444 0.6143 0.5155
v -638.926331 159.398895 -1684.750000 0.7444 0.6143 0.5155
v -782.926453 159.398895 -1684.750000 0.7444 0.6143 0.5155
v -638.926331 127.398888 -1684.750000 0.7444 0.6143 0.5155
v -766.926392 31.398842 -1684.750000 0.7444 0.6143 0.5155
v -766.926392 63.398857 -1684.750000 0.7444 0.6143 0.5155
v -766.926392 127.398888 -1684.750000 0.7444 0.6143 0.5155
v -782.926453 159.398895 -1876.750122 0.7444 0.6143 0.5155
v -766.926392 63.398857 -1620.750000 0.7444 0.6143 0.5155
v -766.926392 31.398842 -1620.750000 0.7444 0.6143 0.5155
v -766.926392 31.398857 -1556.750000 0.7444 0.6143 0.5155
v -766.926392 127.398888 -1620.750000 0.7444 0.6143 0.5155
v -766.926392 127.398903 -1556.750000 0.7444 0.6143 0.5155
v -782.926453 159.398926 -1556.750000 0.7444 0.6143 0.5155
v -782.926453 159.398926 -1636.750000 0.7444 0.6143 0.5155
v -766.926392 159.398926 -1636.750000 0.7444 0.6143 0.5155
v -766.926392 31.398857 -1492.750000 0.7444 0.6143 0.5155
v -766.926392 63.398888 -1428.750000 0.7444 0.6143 0.5155
v -766.926392 63.398872 -1556.750000 0.7444 0.6143 0.5155
v -766.926392 31.398872 -1396.749878 0.7444 0.6143 0.5155
v -766.926392 31.398872 -1364.749878 0.7444 0.6143 0.5155
v -766.926392 31.398903 -1172.749756 0.7444 0.6143 0.5155
v -766.926392 63.398888 -1396.749878 0.7444 0.6143 0.5155
v -894.926514 255.398987 -1556.750000 0.7444 0.6143 0.5155
v -878.926514 287.398987 -1540.750000 0.7444 0.6143 0.5155
v -830.926453 255.398987 -1556.750000 0.7444 0.6143 0.5155
v -782.926453 287.398987 -1540.750000 0.7444 0.6143 0.5155
v -814.926453 287.398987 -1540.750000 0.7444 0.6143 0.5155
v -766.926392 255.398987 -1556.750000 0.7444 0.6143 0.5155
v -814.926453 287.398987 -1444.750000 0.7444 0.6143 0.5155
v -782.926453 287.398987 -1444.750000 0.7444 0.6143 0.5155
v -766.926392 255.398987 -1428.750000 0.7444 0.6143 0.5155
v -894.926514 255.398987 -1428.750000 0.7444 0.6143 0.5155
v -878.926514 287.398987 -1444.750000 0.7444 0.6143 0.5155
v -814.926453 255.398987 -1428.750000 0.7444 0.6143 0.5155
v -798.926453 223.398956 -1428.750000 0.7444 0.6143 0.5155
v -798.926453 223.398987 -1396.749878 0.7444 0.6143 0.5155
v -814.926453 255.399017 -1396.749878 0.7444 0.6143 0.5155
v -766.926392 -224.601257 -1396.749878 0.7444 0.6143 0.5155
v -766.926392 -224.601257 -1364.749878 0.7444 0.6143 0.5155
v -766.926392 -208.601227 -1364.749878 0.7444 0.6143 0.5155
v -766.926392 -224.601257 -1492.750000 0.7444 0.6143 0.5155
v -766.926392 -160.601227 -1492.750000 0.7444 0.6143 0.5155
v -766.926392 -192.601242 -1492.750000 0.7444 0.6143 0.5155
v -766.926392 -208.601257 -1492.750000 0.7444 0.6143 0.5155
v -798.926453 -208.601257 -1492.750000 0.7444 0.6143 0.5155
v -798.926453 -160.601227 -1492.750000 0.7444 0.6143 0.5155
v -798.926453 -208.601227 -1364.749878 0.7444 0.6143 0.5155
v -766.926392 -192.601227 -1364.749878 0.7444 0.6143 0.5155
v -766.926392 -136.601196 -1487.750000 0.7444 0.6143 0.5155
v -798.926453 -160.601196 -1364.749878 0.7444 0.6143 0.5155
v -766.926392 -160.601196 -1364.749878 0.7444 0.6143 0.5155
v -766.926392 -136.601196 -1369.749878 0.7444 0.6143 0.5155
v -798.926453 -136.601196 -1487.750000 0.7444 0.6143 0.5155
v -798.926453 -136.601196 -1369.749878 0.7444 0.6143 0.5155
v -766.926392 -115.601181 -1383.749878 0.7444 0.6143 0.5155
v -766.926392 -115.601196 -1473.750000 0.7444 0.6143 0.5155
v -798.926453 -115.601196 -1473.750000 0.7444 0.6143 0.5155
v -798.926453 -101.601181 -1452.750000 0.7444 0.6143 0.5155
v -798.926453 -115.601181 -1383.749878 0.7444 0.6143 0.5155
v -766.926392 -101.601181 -1452.750000 0.7444 0.6143 0.5155
v -766.926392 -96.601181 -1428.750000 0.7444 0.6143 0.5155
v -798.926453 -96.601181 -1428.750000 0.7444 0.6143 0.5155
v -798.926453 -101.601181 -1404.749878 0.7444 0.6143 0.5155
v -766.926392 -101.601181 -1404.749878 0.7444 0.6143 0.5155
v -830.926453 -192.601257 -1556.750000 0.7444 0.6143 0.5155
v -798.926453 -192.601257 -1556.750000 0.7444 0.6143 0.5155
v -798.926453 -208.601257 -1556.750000 0.7444 0.6143 0.5155
v -1054.926514 -192.601257 -1556.750000 0.7444 0.6143 0.5155
v -830.926453 -208.601257 -1556.750000 0.7444 0.6143 0.5155
v -1022.926575 -208.601257 -1556.750000 0.7444 0.6143 0.5155
v -1278.926636 -192.601257 -1556.750000 0.7444 0.6143 0.5155
v -1054.926514 -208.601257 -1556.750000 0.7444 0.6143 0.5155
v -1246.926636 -208.601257 -1556.750000 0.7444 0.6143 0.5155
v -798.926453 -208.601227 -1300.749878 0.7444 0.6143 0.5155
v -798.926453 -192.601227 -1300.749878 0.7444 0.6143 0.5155
v -830.926453 -192.601227 -1300.749878 0.7444 0.6143 0.5155
v -830.926453 -208.601227 -1300.749878 0.7444 0.6143 0.5155
v -1054.926514 -192.601227 -1300.749878 0.7444 0.6143 0.5155
v -1054.926514 -208.601227 -1300.749878 0.7444 0.6143 0.5155
v -1022.926575 -208.601227 -1300.749878 0.7444 0.6143 0.5155
v -1278.926636 -208.601227 -1300.749878 0.7444 0.6143 0.5155
v -1150.926636 -208.601227 -1300.749878 0.7444 0.6143 0.5155
v -1150.926636 -192.601227 -1300.749878 0.7444 0.6143 0.5155
v -1582.926758 159.398895 -1876.750122 0.7444 0.6143 0.5155
v -1678.926880 127.398872 -1860.750122 0.7444 0.6143 0.5155
v -1654.926758 159.398895 -1860.750122 0.7444 0.6143 0.5155
v -1662.926880 127.398857 -1876.750122 0.7444 0.6143 0.5155
v -1598.926758 127.398857 -1876.750122 0.7444 0.6143 0.5155
v -1582.926758 159.398895 -1860.750122 0.7444 0.6143 0.5155
v -1838.926880 159.398926 -1676.750000 0.7444 0.6143 0.5155
v -1825.318726 127.398888 -1714.358276 0.7444 0.6143 0.5155
v -1814.926880 127.398888 -1724.750122 0.7444 0.6143 0.5155
v -1813.318726 159.398895 -1702.358276 0.7444 0.6143 0.5155
v -1838.926880 159.398926 -1604.750000 0.7444 0.6143 0.5155
v -1854.926880 127.398888 -1684.750000 0.7444 0.6143 0.5155
v -1838.926880 127.398888 -1700.750122 0.7444 0.6143 0.5155
v -1662.926880 -64.601212 -1876.750122 0.7444 0.6143 0.5155
v -1814.926880 -64.601196 -1724.750122 0.7444 0.6143 0.5155
v -1814.926880 -96.601212 -1724.750122 0.7444 0.6143 0.5155
v -1534.926758 -48.601131 -1236.749878 0.7444 0.6143 0.5155
v -1534.926758 -64.601135 -1172.749756 0.7444 0.6143 0.5155
v -1534.926758 -64.601135 -1236.749878 0.7444 0.6143 0.5155
v -1278.926636 -64.601135 -1188.749878 0.7444 0.6143 0.5155
v -1278.926636 -32.601128 -1188.749878 0.7444 0.6143 0.5155
v -1284.260010 -32.601128 -1172.749756 0.7444 0.6143 0.5155
v -1406.926636 -48.601139 -1300.749878 0.7444 0.6143 0.5155
v -1470.926758 -32.601143 -1300.749878 0.7444 0.6143 0.5155
v -1278.926636 -48.601139 -1300.749878 0.7444 0.6143 0.5155
v -1470.926758 -48.601139 -1300.749878 0.7444 0.6143 0.5155
v -1406.926636 -64.601135 -1236.749878 0.7444 0.6143 0.5155
v -1406.926636 -64.601135 -1204.749878 0.7444 0.6143 0.5155
v -1406.926636 -64.601135 -1188.749878 0.7444 0.6143 0.5155
v -1406.926636 -48.601124 -1172.749756 0.7444 0.6143 0.5155
v -1406.926636 -48.601131 -1236.749878 0.7444 0.6143 0.5155
v -1406.926636 -64.601151 -1300.749878 0.7444 0.6143 0.5155
v -1598.926758 -32.601143 -1300.749878 0.7444 0.6143 0.5155
v -1598.926758 -64.601151 -1300.749878 0.7444 0.6143 0.5155
v -1630.926758 -64.601151 -1300.749878 0.7444 0.6143 0.5155
v -1822.926880 -64.601151 -1300.749878 0.7444 0.6143 0.5155
v -1854.926880 -32.601143 -1300.749878 0.7444 0.6143 0.5155
v -1790.926880 -32.601143 -1300.749878 0.7444 0.6143 0.5155
v -1758.926880 -32.601143 -1300.749878 0.7444 0.6143 0.5155
v -1630.926758 -32.601143 -1300.749878 0.7444 0.6143 0.5155
v -1342.926636 -192.601257 -1556.750000 0.7444 0.6143 0.5155
v -1278.926636 -208.601257 -1556.750000 0.7444 0.6143 0.5155
v -1342.926636 -208.601257 -1556.750000 0.7444 0.6143 0.5155
v -1470.926758 -208.601227 -1300.749878 0.7444 0.6143 0.5155
v -1470.926758 -192.601227 -1300.749878 0.7444 0.6143 0.5155
v -1470.926758 -192.601242 -1492.750000 0.7444 0.6143 0.5155
v -1470.926758 -208.601257 -1492.750000 0.7444 0.6143 0.5155
v -1406.926636 -208.601227 -1268.749878 0.7444 0.6143 0.5155
v -1406.926636 -192.601227 -1268.749878 0.7444 0.6143 0.5155
v -1406.926636 -192.601227 -1300.749878 0.7444 0.6143 0.5155
v -1406.926636 -208.601227 -1300.749878 0.7444 0.6143 0.5155
v -1406.926636 -144.601166 -1188.749878 0.7444 0.6143 0.5155
v -1406.926636 -160.601181 -1188.749878 0.7444 0.6143 0.5155
v -1369.593262 -144.601166 -1172.749756 0.7444 0.6143 0.5155
v -1406.926636 -176.601196 -1236.749878 0.7444 0.6143 0.5155
v -1406.926636 -192.601212 -1236.749878 0.7444 0.6143 0.5155
v -1278.926636 -192.601212 -1236.749878 0.7444 0.6143 0.5155
v -1278.926636 -176.601196 -1236.749878 0.7444 0.6143 0.5155
v -1278.926636 -208.601227 -1268.749878 0.7444 0.6143 0.5155
v -1278.926636 -192.601227 -1268.749878 0.7444 0.6143 0.5155
v -1406.926636 -160.601181 -1204.749878 0.7444 0.6143 0.5155
v -1406.926636 -176.601196 -1204.749878 0.7444 0.6143 0.5155
v -1278.926636 -176.601196 -1188.749878 0.7444 0.6143 0.5155
v -1278.926636 -160.601181 -1188.749878 0.7444 0.6143 0.5155
v -1982.927002 -96.601303 -2452.750488 0.7444 0.6143 0.5155
v -2238.927246 -80.601288 -2452.750488 0.7444 0.6143 0.5155
v -2238.927246 -96.601303 -2452.750488 0.7444 0.6143 0.5155
v -2366.927246 -96.601303 -2452.750488 0.7444 0.6143 0.5155
v -2366.927246 -64.601288 -2452.750488 0.7444 0.6143 0.5155
v -1982.927002 -64.601288 -2452.750488 0.7444 0.6143 0.5155
v -1998.927002 -96.601303 -2452.750488 0.7444 0.6143 0.5155
v -2014.927002 -96.601303 -2452.750488 0.7444 0.6143 0.5155
v -2014.927002 -64.601288 -2452.750488 0.7444 0.6143 0.5155
v -2110.927002 -64.601288 -2452.750488 0.7444 0.6143 0.5155
v -2110.927002 -80.601288 -2452.750488 0.7444 0.6143 0.5155
v -2238.927246 -80.601288 -2452.750488 0.7444 0.6143 0.5155
v -2238.927246 -64.601288 -2452.750488 0.7444 0.6143 0.5155
v -2366.927246 127.398781 -2580.750488 0.7444 0.6143 0.5155
v -2366.927246 127.398781 -2532.750488 0.7444 0.6143 0.5155
v -2366.927246 127.398796 -2468.750488 0.7444 0.6143 0.5155
v -2366.927246 127.398796 -2452.750488 0.7444 0.6143 0.5155
v -2382.927246 159.398804 -2452.750488 0.7444 0.6143 0.5155
v -2382.927246 159.398804 -2580.750488 0.7444 0.6143 0.5155
v -2238.927246 -80.601288 -2420.750488 0.7444 0.6143 0.5155
v -2238.927246 -96.601303 -2452.750488 0.7444 0.6143 0.5155
v -2110.927002 -80.601288 -2420.750488 0.7444 0.6143 0.5155
v -2110.927002 -96.601295 -2420.750488 0.7444 0.6143 0.5155
v -2238.927246 -96.601295 -2420.750488 0.7444 0.6143 0.5155
v -2366.927246 127.398796 -2452.750488 0.7444 0.6143 0.5155
v -2366.927246 127.398811 -2324.750244 0.7444 0.6143 0.5155
v -2382.927246 159.398834 -2292.750244 0.7444 0.6143 0.5155
v -2382.927246 159.398804 -2452.750488 0.7444 0.6143 0.5155
v -2366.927246 127.398811 -2292.750244 0.7444 0.6143 0.5155
v -2366.927246 127.398842 -2068.750244 0.7444 0.6143 0.5155
v -2382.927246 159.398865 -2068.750244 0.7444 0.6143 0.5155
v -2388.257324 127.398857 -1983.420288 0.7444 0.6143 0.5155
v -2405.327148 127.398857 -1966.350220 0.7444 0.6143 0.5155
v -2414.967285 127.398857 -1956.710205 0.7444 0.6143 0.5155
v -2439.037354 159.398865 -1964.640259 0.7444 0.6143 0.5155
v -2382.927246 159.398865 -2020.750244 0.7444 0.6143 0.5155
v -2366.927246 127.398842 -2068.750244 0.7444 0.6143 0.5155
v -2366.927246 127.398842 -2004.750244 0.7444 0.6143 0.5155
v -2382.927246 159.398865 -2068.750244 0.7444 0.6143 0.5155
v -2142.927002 95.398903 -1428.750000 0.7444 0.6143 0.5155
v -2142.927002 -32.601158 -1428.750000 0.7444 0.6143 0.5155
v -2174.927246 41.398872 -1428.750000 0.7444 0.6143 0.5155
v -2174.927246 79.398903 -1428.750000 0.7444 0.6143 0.5155
v -2174.927246 95.398903 -1428.750000 0.7444 0.6143 0.5155
v -2302.927246 95.398903 -1428.750000 0.7444 0.6143 0.5155
v -2302.927246 79.398903 -1428.750000 0.7444 0.6143 0.5155
v -2302.927246 63.398888 -1428.750000 0.7444 0.6143 0.5155
v -2334.927246 63.398888 -1428.750000 0.7444 0.6143 0.5155
v -2334.927246 95.398903 -1428.750000 0.7444 0.6143 0.5155
v -2142.927002 -64.601166 -1428.750000 0.7444 0.6143 0.5155
v -1918.926880 -64.601166 -1428.750000 0.7444 0.6143 0.5155
v -1854.926880 127.398888 -1620.750000 0.7444 0.6143 0.5155
v -1854.926880 159.398926 -1604.750000 0.7444 0.6143 0.5155
v -1918.926880 159.398926 -1604.750000 0.7444 0.6143 0.5155
v -2142.927002 127.398888 -1620.750000 0.7444 0.6143 0.5155
v -1918.926880 127.398888 -1620.750000 0.7444 0.6143 0.5155
v -2142.927002 159.398926 -1604.750000 0.7444 0.6143 0.5155
v -2366.927246 159.398926 -1604.750000 0.7444 0.6143 0.5155
v -2366.927246 152.998932 -1607.949951 0.7444 0.6143 0.5155
v -2366.927246 127.398888 -1620.750000 0.7444 0.6143 0.5155
v -2366.927246 152.998932 -1607.949951 0.7444 0.6143 0.5155
v -2366.927246 159.398926 -1604.750000 0.7444 0.6143 0.5155
v -2370.947266 159.398926 -1604.750000 0.7444 0.6143 0.5155
v -2370.947266 159.398926 -1604.750000 0.7444 0.6143 0.5155
v -2366.927246 159.398926 -1556.750000 0.7444 0.6143 0.5155
v -1982.927002 -64.601204 -1764.750122 0.7444 0.6143 0.5155
v -1982.927002 -96.601219 -1764.750122 0.7444 0.6143 0.5155
v -1982.927002 -96.601204 -1620.750000 0.7444 0.6143 0.5155
v -1982.927002 -64.601181 -1620.750000 0.7444 0.6143 0.5155
v -1982.927002 127.398872 -1764.750122 0.7444 0.6143 0.5155
v -1982.927002 95.398857 -1764.750122 0.7444 0.6143 0.5155
v -1982.927002 95.398872 -1620.750000 0.7444 0.6143 0.5155
v -1982.927002 127.398888 -1620.750000 0.7444 0.6143 0.5155
v -2046.927002 95.398857 -1812.750122 0.7444 0.6143 0.5155
v -2110.927002 127.398872 -1812.750122 0.7444 0.6143 0.5155
v -2046.927002 -96.601227 -1812.750122 0.7444 0.6143 0.5155
v -2046.927002 -64.601212 -1812.750122 0.7444 0.6143 0.5155
v -2030.927002 -64.601212 -1812.750122 0.7444 0.6143 0.5155
v -2030.927002 -96.601227 -1812.750122 0.7444 0.6143 0.5155
v -2030.927002 127.398872 -1812.750122 0.7444 0.6143 0.5155
v -2030.927002 95.398857 -1812.750122 0.7444 0.6143 0.5155
v -2110.927002 95.398857 -1812.750122 0.7444 0.6143 0.5155
v -2142.927002 127.398872 -1812.750122 0.7444 0.6143 0.5155
v -2366.927246 127.398872 -1812.750122 0.7444 0.6143 0.5155
v -2366.927246 95.398857 -1812.750122 0.7444 0.6143 0.5155
v -2302.927246 95.398857 -1812.750122 0.7444 0.6143 0.5155
v -2174.927246 95.398857 -1812.750122 0.7444 0.6143 0.5155
v -2142.927002 95.398857 -1812.750122 0.7444 0.6143 0.5155
v -2334.927246 -64.601212 -1812.750122 0.7444 0.6143 0.5155
v -2334.927246 -80.601212 -1812.750122 0.7444 0.6143 0.5155
v -2142.927002 -72.081207 -1812.750122 0.7444 0.6143 0.5155
v -2173.247070 -64.601212 -1812.750122 0.7444 0.6143 0.5155
v -2334.927246 -64.601212 -1812.750122 0.7444 0.6143 0.5155
v -2345.777344 -64.601212 -1812.750122 0.7444 0.6143 0.5155
v -2334.927246 -80.811218 -1812.750122 0.7444 0.6143 0.5155
v -2126.927002 -96.601227 -1812.750122 0.7444 0.6143 0.5155
v -2110.927002 -96.601227 -1812.750122 0.7444 0.6143 0.5155
v -2110.927002 -79.981216 -1812.750122 0.7444 0.6143 0.5155
v -2110.927002 -64.601212 -1812.750122 0.7444 0.6143 0.5155
v -2142.927002 -80.601219 -1828.750122 0.7444 0.6143 0.5155
v -2142.927002 -96.601227 -1812.750122 0.7444 0.6143 0.5155
v -2142.927002 -80.601212 -1812.750122 0.7444 0.6143 0.5155
v -2142.927002 -96.601227 -1828.750122 0.7444 0.6143 0.5155
v -2330.997314 -96.601227 -1832.680176 0.7444 0.6143 0.5155
v -2318.927246 -96.601227 -1844.750122 0.7444 0.6143 0.5155
v -2318.927246 -80.601219 -1844.750122 0.7444 0.6143 0.5155
v -2334.927246 -80.601219 -1828.750122 0.7444 0.6143 0.5155
v -2334.927246 -88.781219 -1828.750122 0.7444 0.6143 0.5155
v -2334.927246 -80.601219 -1828.750122 0.7444 0.6143 0.5155
v -2278.927246 -96.601227 -1844.750122 0.7444 0.6143 0.5155
v -2158.927002 -96.601227 -1844.750122 0.7444 0.6143 0.5155
v -2158.927002 -80.601219 -1844.750122 0.7444 0.6143 0.5155
v -2302.927246 15.398857 -1460.750000 0.7444 0.6143 0.5155
v -2302.927246 -64.601166 -1460.750000 0.7444 0.6143 0.5155
v -2302.927246 -64.601166 -1428.750000 0.7444 0.6143 0.5155
v -2302.927246 15.398865 -1428.750000 0.7444 0.6143 0.5155
v -2302.927246 15.398819 -1812.750122 0.7444 0.6143 0.5155
v -2302.927246 -64.601212 -1812.750122 0.7444 0.6143 0.5155
v -2302.927246 -64.601204 -1780.750122 0.7444 0.6143 0.5155
v -2302.927246 15.398819 -1780.750122 0.7444 0.6143 0.5155
v -2174.927246 15.398819 -1780.750122 0.7444 0.6143 0.5155
v -2174.927246 -64.601204 -1780.750122 0.7444 0.6143 0.5155
v -2174.927246 -64.601212 -1812.750122 0.7444 0.6143 0.5155
v -2174.927246 15.398819 -1812.750122 0.7444 0.6143 0.5155
v -2174.927246 15.398865 -1428.750000 0.7444 0.6143 0.5155
v -2174.927246 -64.601166 -1428.750000 0.7444 0.6143 0.5155
v -2174.927246 -64.601166 -1460.750000 0.7444 0.6143 0.5155
v -2174.927246 15.398857 -1460.750000 0.7444 0.6143 0.5155
v -2179.927246 39.398827 -1812.750122 0.7444 0.6143 0.5155
v -2179.927246 39.398827 -1780.750122 0.7444 0.6143 0.5155
v -2302.927246 15.398819 -1812.750122 0.7444 0.6143 0.5155
v -2193.927246 60.398842 -1812.750122 0.7444 0.6143 0.5155
v -2193.927246 60.398842 -1780.750122 0.7444 0.6143 0.5155
v -2297.927246 39.398827 -1812.750122 0.7444 0.6143 0.5155
v -2297.927246 39.398827 -1780.750122 0.7444 0.6143 0.5155
v -2283.927246 60.398842 -1780.750122 0.7444 0.6143 0.5155
v -2283.927246 60.398842 -1812.750122 0.7444 0.6143 0.5155
v -2262.927246 74.398842 -1812.750122 0.7444 0.6143 0.5155
v -2238.927246 79.398857 -1812.750122 0.7444 0.6143 0.5155
v -2214.927246 74.398842 -1780.750122 0.7444 0.6143 0.5155
v -2214.927246 74.398842 -1812.750122 0.7444 0.6143 0.5155
v -2262.927246 74.398842 -1780.750122 0.7444 0.6143 0.5155
v -2238.927246 79.398857 -1780.750122 0.7444 0.6143 0.5155
v -2302.927246 15.398865 -1428.750000 0.7444 0.6143 0.5155
v -2297.927246 39.398872 -1460.750000 0.7444 0.6143 0.5155
v -2297.927246 39.398872 -1428.750000 0.7444 0.6143 0.5155
v -2283.927246 60.398888 -1428.750000 0.7444 0.6143 0.5155
v -2179.927246 39.398872 -1428.750000 0.7444 0.6143 0.5155
v -2179.927246 39.398872 -1460.750000 0.7444 0.6143 0.5155
v -2193.927246 60.398888 -1428.750000 0.7444 0.6143 0.5155
v -2283.927246 60.398888 -1460.750000 0.7444 0.6143 0.5155
v -2214.927246 74.398888 -1460.750000 0.7444 0.6143 0.5155
v -2193.927246 60.398888 -1460.750000 0.7444 0.6143 0.5155
v -2262.927246 74.398888 -1460.750000 0.7444 0.6143 0.5155
v -2262.927246 74.398888 -1428.750000 0.7444 0.6143 0.5155
v -2238.927246 79.398903 -1428.750000 0.7444 0.6143 0.5155
v -2238.927246 79.398903 -1460.750000 0.7444 0.6143 0.5155
v -2214.927246 74.398888 -1428.750000 0.7444 0.6143 0.5155
v -2430.927246 -32.601128 -1172.749756 0.7444 0.6143 0.5155
v -2430.927246 -32.601143 -1300.749878 0.7444 0.6143 0.5155
v -2430.927246 -64.601151 -1300.749878 0.7444 0.6143 0.5155
v -1918.926880 -32.601158 -1428.750000 0.7444 0.6143 0.5155
v -1918.926880 -32.601151 -1364.749878 0.7444 0.6143 0.5155
v -1918.926880 -64.601151 -1364.749878 0.7444 0.6143 0.5155
v -1854.926880 -64.601151 -1300.749878 0.7444 0.6143 0.5155
v -1886.926880 -64.601151 -1309.749878 0.7444 0.6143 0.5155
v -1886.926880 -32.601143 -1309.749878 0.7444 0.6143 0.5155
v -1909.926880 -64.601151 -1332.749878 0.7444 0.6143 0.5155
v -1909.926880 -32.601151 -1332.749878 0.7444 0.6143 0.5155
v -638.926331 31.399040 -20.749220 0.7444 0.6143 0.5155
v -638.926331 31.399010 -212.749313 0.7444 0.6143 0.5155
v -638.926331 63.399055 -20.749224 0.7444 0.6143 0.5155
v -638.926331 31.399040 11.250795 0.7444 0.6143 0.5155
v -638.926331 63.399086 251.250885 0.7444 0.6143 0.5155
v -638.926331 63.399101 395.250977 0.7444 0.6143 0.5155
v -638.926331 31.399086 395.250977 0.7444 0.6143 0.5155
v -638.926331 31.399071 203.250885 0.7444 0.6143 0.5155
v -638.926331 31.399071 171.250870 0.7444 0.6143 0.5155
v -638.926331 63.399086 171.250870 0.7444 0.6143 0.5155
v -110.926056 255.399200 251.250885 0.7444 0.6143 0.5155
v -110.926056 63.399086 251.250885 0.7444 0.6143 0.5155
v -110.926056 31.399071 251.250885 0.7444 0.6143 0.5155
v -126.926071 63.399086 251.250885 0.7444 0.6143 0.5155
v 1281.074585 -80.601105 -852.749573 0.7444 0.6143 0.5155
v 1281.074585 -96.601120 -916.749634 0.7444 0.6143 0.5155
v 1281.074585 -96.601120 -948.749634 0.7444 0.6143 0.5155
v 1345.074585 255.399048 -1108.749756 0.7444 0.6143 0.5155
v 1345.074585 223.398987 -1172.749756 0.7444 0.6143 0.5155
v 1345.074585 255.399017 -1172.749756 0.7444 0.6143 0.5155
v 1345.074585 -80.601135 -1108.749756 0.7444 0.6143 0.5155
v 1345.074585 -64.601120 -1108.749756 0.7444 0.6143 0.5155
v 1345.074585 -80.601120 -980.749695 0.7444 0.6143 0.5155
v 1345.074585 -64.601089 -852.749573 0.7444 0.6143 0.5155
v 1345.074585 -64.601089 -788.749573 0.7444 0.6143 0.5155
v 1345.074585 -80.601089 -788.749573 0.7444 0.6143 0.5155
v 1345.074585 -96.601097 -746.079529 0.7444 0.6143 0.5155
v 1345.074585 -96.601089 -660.749512 0.7444 0.6143 0.5155
v 1345.074585 -64.601074 -660.749512 0.7444 0.6143 0.5155
v 1345.074585 -64.601044 -436.749390 0.7444 0.6143 0.5155
v 1345.074585 -48.601086 -852.749573 0.7444 0.6143 0.5155
v 1345.074585 -64.601105 -980.749695 0.7444 0.6143 0.5155
v 1345.074585 -48.601101 -980.749695 0.7444 0.6143 0.5155
v 1665.074829 255.399048 -1044.749756 0.7444 0.6143 0.5155
v 1665.074829 223.399017 -1044.749756 0.7444 0.6143 0.5155
v 1633.074707 223.399017 -1044.749756 0.7444 0.6143 0.5155
v 1409.074585 223.399017 -1044.749756 0.7444 0.6143 0.5155
v 1409.074585 255.399048 -1044.749756 0.7444 0.6143 0.5155
v 1633.074707 255.399048 -1044.749756 0.7444 0.6143 0.5155
v 1345.074585 223.399017 -1108.749756 0.7444 0.6143 0.5155
v 1537.074707 159.398987 -1044.749756 0.7444 0.6143 0.5155
v 1553.074707 191.399017 -1044.749756 0.7444 0.6143 0.5155
v 1537.074707 159.398987 -980.749756 0.7444 0.6143 0.5155
v 1505.074707 -16.601059 -628.749512 0.7444 0.6143 0.5155
v 1505.074707 -16.601044 -532.749390 0.7444 0.6143 0.5155
v 1505.074707 -16.601044 -516.749451 0.7444 0.6143 0.5155
v 1505.074707 -32.601051 -516.749451 0.7444 0.6143 0.5155
v 1505.074707 -32.601067 -644.749512 0.7444 0.6143 0.5155
v 1553.074707 191.399017 -980.749756 0.7444 0.6143 0.5155
v 1537.074707 159.399017 -884.749695 0.7444 0.6143 0.5155
v 1553.074707 191.399048 -884.749695 0.7444 0.6143 0.5155
v 1537.074707 159.399017 -660.749573 0.7444 0.6143 0.5155
v 1537.074707 159.399017 -788.749634 0.7444 0.6143 0.5155
v 1553.074707 191.399048 -660.749573 0.7444 0.6143 0.5155
v 1537.074707 159.399048 -500.749451 0.7444 0.6143 0.5155
v 1537.074707 159.399048 -532.749451 0.7444 0.6143 0.5155
v 1537.074707 159.399048 -628.749573 0.7444 0.6143 0.5155
v 1521.074707 -32.601067 -660.749512 0.7444 0.6143 0.5155
v 1537.074707 -32.601067 -660.749512 0.7444 0.6143 0.5155
v 1537.074707 -16.601059 -660.749512 0.7444 0.6143 0.5155
v 1505.074707 -16.601059 -644.749512 0.7444 0.6143 0.5155
v 1521.074707 -16.601059 -660.749512 0.7444 0.6143 0.5155
v 1537.074707 -32.601051 -500.749420 0.7444 0.6143 0.5155
v 1521.074707 -32.601051 -500.749420 0.7444 0.6143 0.5155
v 1521.074707 -16.601044 -500.749420 0.7444 0.6143 0.5155
v 1537.074707 -16.601044 -500.749420 0.7444 0.6143 0.5155
v 1377.074585 -32.601105 -980.749695 0.7444 0.6143 0.5155
v 1377.074585 -32.601089 -852.749573 0.7444 0.6143 0.5155
v 1377.074585 -48.601086 -852.749573 0.7444 0.6143 0.5155
v 1377.074585 -48.601101 -980.749695 0.7444 0.6143 0.5155
v 1345.074585 -80.601105 -852.749573 0.7444 0.6143 0.5155
v 1281.074585 -96.601112 -852.749573 0.7444 0.6143 0.5155
v 1313.074585 -88.601105 -852.749573 0.7444 0.6143 0.5155
v 1313.074585 -88.601120 -980.749695 0.7444 0.6143 0.5155
v 1281.074585 -96.601128 -980.749695 0.7444 0.6143 0.5155
v 1281.074585 -80.601120 -980.749695 0.7444 0.6143 0.5155
v 1313.074585 -64.601089 -852.749573 0.7444 0.6143 0.5155
v 1313.074585 -80.601105 -852.749573 0.7444 0.6143 0.5155
v 1313.074585 -80.601120 -980.749695 0.7444 0.6143 0.5155
v 1313.074585 -64.601105 -980.749695 0.7444 0.6143 0.5155
v 689.074219 159.399017 -756.749634 0.7444 0.6143 0.5155
v 689.074219 191.399048 -724.749634 0.7444 0.6143 0.5155
v 705.074280 159.399017 -740.749634 0.7444 0.6143 0.5155
v 705.074280 159.399017 -660.749573 0.7444 0.6143 0.5155
v 689.074219 191.399048 -660.749573 0.7444 0.6143 0.5155
v 689.074219 191.399078 -436.749420 0.7444 0.6143 0.5155
v 641.074219 159.399017 -788.749634 0.7444 0.6143 0.5155
v 657.074219 159.399017 -788.749634 0.7444 0.6143 0.5155
v 641.074219 191.399048 -772.749634 0.7444 0.6143 0.5155
v 657.074219 -64.601089 -788.749573 0.7444 0.6143 0.5155
v 641.074219 -64.601089 -788.749573 0.7444 0.6143 0.5155
v 1025.074463 -64.601089 -788.749573 0.7444 0.6143 0.5155
v 993.074402 -64.601089 -788.749573 0.7444 0.6143 0.5155
v 993.074402 -96.601105 -788.749573 0.7444 0.6143 0.5155
v 993.074402 -96.601059 -436.749390 0.7444 0.6143 0.5155
v 993.074402 -96.601074 -564.749451 0.7444 0.6143 0.5155
v 993.074402 -96.601089 -660.749512 0.7444 0.6143 0.5155
v 993.074402 -64.601074 -660.749512 0.7444 0.6143 0.5155
v 993.074402 -64.601059 -564.749451 0.7444 0.6143 0.5155
v 1025.074463 -96.601105 -788.749573 0.7444 0.6143 0.5155
v 1025.074463 -64.601059 -564.749451 0.7444 0.6143 0.5155
v 1025.074463 -64.601074 -660.749512 0.7444 0.6143 0.5155
v 1025.074463 -96.601089 -660.749512 0.7444 0.6143 0.5155
v 1025.074463 -96.601059 -436.749390 0.7444 0.6143 0.5155
v 705.074280 -96.601089 -660.749512 0.7444 0.6143 0.5155
v 705.074280 -96.601074 -564.749451 0.7444 0.6143 0.5155
v 705.074280 -96.601059 -436.749390 0.7444 0.6143 0.5155
v 705.074280 -64.601044 -436.749390 0.7444 0.6143 0.5155
v 705.074280 -64.601074 -660.749512 0.7444 0.6143 0.5155
v 705.074280 -96.601097 -740.749573 0.7444 0.6143 0.5155
v 705.074280 -64.601082 -740.749573 0.7444 0.6143 0.5155
v 657.074219 -96.601105 -788.749573 0.7444 0.6143 0.5155
v 1281.074585 -288.601105 -52.749199 0.7444 0.6143 0.5155
v 1281.074585 -224.601074 -20.749189 0.7444 0.6143 0.5155
v 1281.074585 -288.601105 -20.749182 0.7444 0.6143 0.5155
v 1505.074707 223.399109 -340.749390 0.7444 0.6143 0.5155
v 1665.074829 223.399109 -340.749390 0.7444 0.6143 0.5155
v 1665.074829 255.399139 -340.749390 0.7444 0.6143 0.5155
v 1505.074707 255.399139 -340.749390 0.7444 0.6143 0.5155
v 1281.074585 255.399139 -340.749390 0.7444 0.6143 0.5155
v 1289.074585 -96.601051 -340.749359 0.7444 0.6143 0.5155
v 1345.074585 -96.601051 -340.749359 0.7444 0.6143 0.5155
v 1553.074707 191.399078 -436.749420 0.7444 0.6143 0.5155
v 1553.074707 191.399109 -340.749390 0.7444 0.6143 0.5155
v 1537.074707 159.399078 -340.749390 0.7444 0.6143 0.5155
v 1537.074707 159.399048 -436.749420 0.7444 0.6143 0.5155
v 1345.074585 -96.601059 -436.749390 0.7444 0.6143 0.5155
v 1345.074585 -64.601028 -340.749359 0.7444 0.6143 0.5155
v 1345.074585 -192.601105 -308.749329 0.7444 0.6143 0.5155
v 1345.074585 -192.601105 -340.749359 0.7444 0.6143 0.5155
v 1338.074585 -155.601074 -340.749359 0.7444 0.6143 0.5155
v 1338.074585 -155.601074 -308.749329 0.7444 0.6143 0.5155
v 1286.074585 -103.601051 -340.749359 0.7444 0.6143 0.5155
v 1317.074585 -124.601059 -308.749329 0.7444 0.6143 0.5155
v 1317.074585 -124.601059 -340.749359 0.7444 0.6143 0.5155
v 1286.074585 -103.601051 -308.749329 0.7444 0.6143 0.5155
v 1281.074585 -102.655106 -340.749359 0.7444 0.6143 0.5155
v 897.074280 223.399109 -276.749359 0.7444 0.6143 0.5155
v 897.074280 255.399139 -276.749359 0.7444 0.6143 0.5155
v 897.074280 255.399139 -212.749344 0.7444 0.6143 0.5155
v 897.074280 223.399109 -212.749344 0.7444 0.6143 0.5155
v 897.074280 255.399170 11.250769 0.7444 0.6143 0.5155
v 897.074280 255.399200 235.250885 0.7444 0.6143 0.5155
v 897.074280 223.399170 235.250885 0.7444 0.6143 0.5155
v 897.074280 223.399139 11.250772 0.7444 0.6143 0.5155
v 1185.074585 223.399109 -340.749390 0.7444 0.6143 0.5155
v 1249.074585 223.399109 -340.749390 0.7444 0.6143 0.5155
v 1281.074585 223.399109 -340.749390 0.7444 0.6143 0.5155
v 1185.074585 255.399139 -340.749390 0.7444 0.6143 0.5155
v 1025.074463 255.399139 -340.749390 0.7444 0.6143 0.5155
v 961.074402 255.399139 -340.749390 0.7444 0.6143 0.5155
v 1025.074463 223.399109 -340.749390 0.7444 0.6143 0.5155
v 1281.074585 -64.601028 -340.749359 0.7444 0.6143 0.5155
v 1249.074585 -64.601028 -340.749359 0.7444 0.6143 0.5155
v 1281.074585 -96.601051 -340.749359 0.7444 0.6143 0.5155
v 1081.074463 -96.601051 -340.749359 0.7444 0.6143 0.5155
v 1025.074463 -96.601051 -340.749359 0.7444 0.6143 0.5155
v 1025.074463 -64.601028 -340.749359 0.7444 0.6143 0.5155
v 1025.074463 -64.601044 -436.749390 0.7444 0.6143 0.5155
v 993.074402 -64.601028 -340.749359 0.7444 0.6143 0.5155
v 993.074402 -96.601051 -340.749359 0.7444 0.6143 0.5155
v 993.074402 -96.601051 -372.749359 0.7444 0.6143 0.5155
v 993.074402 -64.601044 -436.749390 0.7444 0.6143 0.5155
v 961.074402 223.399109 -340.749390 0.7444 0.6143 0.5155
v 705.074280 -96.601051 -365.029358 0.7444 0.6143 0.5155
v 705.074280 -96.601044 -276.749329 0.7444 0.6143 0.5155
v 705.074280 -64.601028 -276.749329 0.7444 0.6143 0.5155
v 705.074280 -64.601036 -365.029358 0.7444 0.6143 0.5155
v 705.074280 -96.601051 -369.019348 0.7444 0.6143 0.5155
v 705.074280 -64.601036 -369.019348 0.7444 0.6143 0.5155
v 705.074280 159.399048 -436.749420 0.7444 0.6143 0.5155
v 705.074280 159.399078 -369.019379 0.7444 0.6143 0.5155
v 705.074280 159.399078 -365.029388 0.7444 0.6143 0.5155
v 705.074280 159.399078 -276.749359 0.7444 0.6143 0.5155
v 689.074219 191.399109 -276.749359 0.7444 0.6143 0.5155
v 897.074280 159.399078 -148.749298 0.7444 0.6143 0.5155
v 897.074280 191.399139 -132.749298 0.7444 0.6143 0.5155
v 705.074280 191.399139 -132.749298 0.7444 0.6143 0.5155
v 689.074219 191.399139 -132.749298 0.7444 0.6143 0.5155
v 705.074280 159.399078 -148.749298 0.7444 0.6143 0.5155
v 1249.074585 -96.601051 -340.749359 0.7444 0.6143 0.5155
v 1249.074585 -96.601044 -308.749329 0.7444 0.6143 0.5155
v 1281.074585 -102.655106 -308.749329 0.7444 0.6143 0.5155
v 1025.074463 -192.601105 -340.749359 0.7444 0.6143 0.5155
v 1025.074463 -192.601105 -308.749329 0.7444 0.6143 0.5155
v 1032.074463 -155.601074 -308.749329 0.7444 0.6143 0.5155
v 1032.074463 -155.601074 -340.749359 0.7444 0.6143 0.5155
v 1053.074463 -124.601059 -340.749359 0.7444 0.6143 0.5155
v 1053.074463 -124.601059 -308.749329 0.7444 0.6143 0.5155
v 1084.074463 -103.601051 -340.749359 0.7444 0.6143 0.5155
v 1084.074463 -103.601051 -308.749329 0.7444 0.6143 0.5155
v 1121.074463 -96.601044 -308.749329 0.7444 0.6143 0.5155
v 1121.074463 -96.601051 -340.749359 0.7444 0.6143 0.5155
v 1025.074463 -224.601074 -52.749207 0.7444 0.6143 0.5155
v 1025.074463 -224.601074 -20.749189 0.7444 0.6143 0.5155
v 1244.074585 -133.601028 -20.749201 0.7444 0.6143 0.5155
v 1034.074463 -175.601059 -52.749210 0.7444 0.6143 0.5155
v 1034.074463 -175.601059 -20.749195 0.7444 0.6143 0.5155
v 1062.074463 -133.601028 -20.749201 0.7444 0.6143 0.5155
v 1062.074463 -133.601028 -52.749214 0.7444 0.6143 0.5155
v 1153.074585 -96.601013 -52.749222 0.7444 0.6143 0.5155
v 1153.074585 -96.601013 -20.749205 0.7444 0.6143 0.5155
v 1202.074585 -105.601013 -20.749203 0.7444 0.6143 0.5155
v 1202.074585 -105.601021 -52.749218 0.7444 0.6143 0.5155
v 1244.074585 -133.601028 -52.749214 0.7444 0.6143 0.5155
v 1089.074463 -115.601021 -20.749203 0.7444 0.6143 0.5155
v 1104.074463 -105.601013 -20.749203 0.7444 0.6143 0.5155
v 1104.074463 -105.601021 -52.749218 0.7444 0.6143 0.5155
v 1281.074585 -224.601074 -52.749207 0.7444 0.6143 0.5155
v 1272.074585 -175.601059 -52.749210 0.7444 0.6143 0.5155
v 1272.074585 -175.601059 -20.749195 0.7444 0.6143 0.5155
v -46.926025 -80.601059 -468.749420 0.7444 0.6143 0.5155
v 65.074020 -80.601059 -468.749420 0.7444 0.6143 0.5155
v -62.926041 -80.601059 -468.749420 0.7444 0.6143 0.5155
v 257.074036 159.398987 -1140.749756 0.7444 0.6143 0.5155
v 289.074036 159.398956 -1172.749756 0.7444 0.6143 0.5155
v 321.074036 159.398956 -1172.749756 0.7444 0.6143 0.5155
v 257.074036 -96.601151 -1172.749756 0.7444 0.6143 0.5155
v 289.074036 -64.601135 -1172.749756 0.7444 0.6143 0.5155
v 257.074036 -64.601128 -1140.749756 0.7444 0.6143 0.5155
v 257.074036 -96.601143 -1140.749756 0.7444 0.6143 0.5155
v 289.074036 -96.601151 -1172.749756 0.7444 0.6143 0.5155
v 321.074036 -96.601151 -1172.749756 0.7444 0.6143 0.5155
v 257.074036 -96.601143 -1108.749756 0.7444 0.6143 0.5155
v 257.074036 -64.601120 -1108.749756 0.7444 0.6143 0.5155
v 257.074036 -96.601135 -1044.749756 0.7444 0.6143 0.5155
v 257.074036 -96.601128 -1012.749695 0.7444 0.6143 0.5155
v 257.074036 -96.601105 -820.749573 0.7444 0.6143 0.5155
v 257.074036 -96.601105 -788.749573 0.7444 0.6143 0.5155
v 257.074036 -64.601089 -788.749573 0.7444 0.6143 0.5155
v 257.074036 -64.601112 -1012.749695 0.7444 0.6143 0.5155
v 257.074036 159.398987 -1108.749756 0.7444 0.6143 0.5155
v 257.074036 159.398987 -1012.749756 0.7444 0.6143 0.5155
v 257.074036 159.398987 -1004.749756 0.7444 0.6143 0.5155
v 241.074112 191.399017 -1004.749756 0.7444 0.6143 0.5155
v 241.074112 191.399017 -1108.749756 0.7444 0.6143 0.5155
v 481.074158 159.399017 -788.749634 0.7444 0.6143 0.5155
v 513.074158 159.399017 -788.749634 0.7444 0.6143 0.5155
v 257.074036 159.399017 -788.749634 0.7444 0.6143 0.5155
v 465.074158 159.399017 -788.749634 0.7444 0.6143 0.5155
v 465.074158 191.399048 -772.749634 0.7444 0.6143 0.5155
v 241.074112 191.399048 -772.749634 0.7444 0.6143 0.5155
v 241.074112 191.399048 -780.749634 0.7444 0.6143 0.5155
v 513.074158 31.398964 -708.749512 0.7444 0.6143 0.5155
v 513.074158 31.398949 -724.749573 0.7444 0.6143 0.5155
v 513.074158 63.398964 -724.749573 0.7444 0.6143 0.5155
v 513.074158 63.398979 -692.749512 0.7444 0.6143 0.5155
v 513.074158 31.398964 -692.749512 0.7444 0.6143 0.5155
v 513.074158 63.398994 -468.749451 0.7444 0.6143 0.5155
v 513.074158 31.398964 -612.749512 0.7444 0.6143 0.5155
v 513.074158 -64.601089 -788.749573 0.7444 0.6143 0.5155
v 513.074158 -96.601105 -788.749573 0.7444 0.6143 0.5155
v 641.074219 -96.601105 -788.749573 0.7444 0.6143 0.5155
v 257.074036 63.398964 -724.749573 0.7444 0.6143 0.5155
v 257.074036 31.398949 -724.749573 0.7444 0.6143 0.5155
v 257.074036 31.398964 -692.749512 0.7444 0.6143 0.5155
v 257.074036 63.398979 -692.749512 0.7444 0.6143 0.5155
v 145.074051 255.399109 -468.749451 0.7444 0.6143 0.5155
v 129.074051 223.399078 -468.749451 0.7444 0.6143 0.5155
v 145.074051 255.399109 -516.749451 0.7444 0.6143 0.5155
v 129.074051 223.399078 -500.749451 0.7444 0.6143 0.5155
v 129.074051 255.399109 -500.749451 0.7444 0.6143 0.5155
v -46.926025 255.399109 -500.749451 0.7444 0.6143 0.5155
v -46.926025 223.399078 -500.749451 0.7444 0.6143 0.5155
v 129.074051 63.398994 -500.749451 0.7444 0.6143 0.5155
v -46.926025 63.398994 -500.749451 0.7444 0.6143 0.5155
v 129.074051 31.398979 -500.749451 0.7444 0.6143 0.5155
v 81.074020 31.398979 -500.749451 0.7444 0.6143 0.5155
v 49.074020 31.398979 -500.749451 0.7444 0.6143 0.5155
v 21.073990 31.398979 -500.749451 0.7444 0.6143 0.5155
v 1.073990 31.398979 -500.749451 0.7444 0.6143 0.5155
v -18.926025 31.398979 -500.749451 0.7444 0.6143 0.5155
v -46.926025 31.398979 -500.749451 0.7444 0.6143 0.5155
v 81.074020 -80.601059 -500.749420 0.7444 0.6143 0.5155
v 81.074020 -96.601067 -500.749420 0.7444 0.6143 0.5155
v 81.074020 -80.601059 -484.749420 0.7444 0.6143 0.5155
v 81.074020 -96.601067 -484.749420 0.7444 0.6143 0.5155
v 65.074020 -96.601067 -468.749420 0.7444 0.6143 0.5155
v -510.926270 -64.601135 -1172.749756 0.7444 0.6143 0.5155
v -510.926270 -64.601112 -1012.749695 0.7444 0.6143 0.5155
v -510.926270 -64.601105 -948.749634 0.7444 0.6143 0.5155
v -510.926270 -64.601089 -788.749573 0.7444 0.6143 0.5155
v -510.926270 -96.601128 -1012.749695 0.7444 0.6143 0.5155
v -142.926086 63.398994 -532.749390 0.7444 0.6143 0.5155
v -318.926147 31.398979 -532.749390 0.7444 0.6143 0.5155
v -318.926147 63.398994 -532.749390 0.7444 0.6143 0.5155
v -382.926208 63.398933 -1044.749756 0.7444 0.6143 0.5155
v -382.926208 31.398918 -1044.749756 0.7444 0.6143 0.5155
v -382.926208 31.398903 -1172.749756 0.7444 0.6143 0.5155
v -382.926208 63.398933 -1012.749695 0.7444 0.6143 0.5155
v -382.926208 63.398964 -820.749573 0.7444 0.6143 0.5155
v -382.926208 63.398964 -788.749573 0.7444 0.6143 0.5155
v -382.926208 63.398979 -596.749451 0.7444 0.6143 0.5155
v -382.926208 31.398964 -596.749451 0.7444 0.6143 0.5155
v -382.926208 31.398949 -820.749573 0.7444 0.6143 0.5155
v -366.926178 255.399109 -612.749573 0.7444 0.6143 0.5155
v -366.926178 223.399078 -580.749512 0.7444 0.6143 0.5155
v -382.926208 223.398987 -1172.749756 0.7444 0.6143 0.5155
v -366.926178 255.399048 -1044.749756 0.7444 0.6143 0.5155
v -382.926208 223.399048 -820.749634 0.7444 0.6143 0.5155
v -382.926208 223.399017 -1012.749756 0.7444 0.6143 0.5155
v -382.926208 223.399017 -1044.749756 0.7444 0.6143 0.5155
v -366.926178 255.399078 -820.749634 0.7444 0.6143 0.5155
v -382.926208 223.399078 -596.749512 0.7444 0.6143 0.5155
v -382.926208 223.399048 -788.749634 0.7444 0.6143 0.5155
v -142.926086 255.399109 -548.749512 0.7444 0.6143 0.5155
v -142.926086 255.399109 -532.749451 0.7444 0.6143 0.5155
v -302.926147 255.399109 -548.749512 0.7444 0.6143 0.5155
v -318.926147 223.399078 -532.749451 0.7444 0.6143 0.5155
v -334.926178 223.399078 -548.749512 0.7444 0.6143 0.5155
v -510.926270 -96.601105 -788.749573 0.7444 0.6143 0.5155
v -494.926239 -96.601151 -1172.749756 0.7444 0.6143 0.5155
v -494.926239 -64.601112 -1012.749695 0.7444 0.6143 0.5155
v -494.926239 -96.601128 -1012.749695 0.7444 0.6143 0.5155
v -494.926239 -96.601120 -948.749634 0.7444 0.6143 0.5155
v -494.926239 -96.601105 -788.749573 0.7444 0.6143 0.5155
v -494.926239 -64.601089 -788.749573 0.7444 0.6143 0.5155
v -494.926239 -64.601105 -948.749634 0.7444 0.6143 0.5155
v -142.926086 223.399078 -532.749451 0.7444 0.6143 0.5155
v -142.926086 31.398979 -532.749390 0.7444 0.6143 0.5155
v -78.926041 31.398979 -500.749451 0.7444 0.6143 0.5155
v -126.926071 31.398979 -500.749451 0.7444 0.6143 0.5155
v -126.926071 223.399078 -500.749451 0.7444 0.6143 0.5155
v -126.926071 255.399109 -500.749451 0.7444 0.6143 0.5155
v -142.926086 223.399078 -516.749451 0.7444 0.6143 0.5155
v -142.926086 255.399109 -516.749451 0.7444 0.6143 0.5155
v -126.926071 63.398994 -500.749451 0.7444 0.6143 0.5155
v -142.926086 31.398979 -516.749451 0.7444 0.6143 0.5155
v -142.926086 63.398994 -516.749451 0.7444 0.6143 0.5155
v -78.926041 -80.601059 -484.749420 0.7444 0.6143 0.5155
v -78.926041 -96.601067 -500.749420 0.7444 0.6143 0.5155
v -78.926041 -80.601059 -500.749420 0.7444 0.6143 0.5155
v -62.926041 -96.601067 -468.749420 0.7444 0.6143 0.5155
v -78.926041 -96.601067 -484.749420 0.7444 0.6143 0.5155
v -62.926041 -80.600998 43.250824 0.7444 0.6143 0.5155
v 129.074051 31.398979 -468.749451 0.7444 0.6143 0.5155
v 129.074051 63.398994 -468.749451 0.7444 0.6143 0.5155
v 257.074036 31.398979 -468.749451 0.7444 0.6143 0.5155
v 257.074036 31.398994 -340.749390 0.7444 0.6143 0.5155
v 257.074036 63.399010 -340.749390 0.7444 0.6143 0.5155
v 257.074036 63.398994 -468.749451 0.7444 0.6143 0.5155
v 513.074158 63.399010 -340.749390 0.7444 0.6143 0.5155
v 513.074158 31.398994 -340.749390 0.7444 0.6143 0.5155
v 513.074158 31.398979 -468.749451 0.7444 0.6143 0.5155
v 513.074158 31.399010 -276.749359 0.7444 0.6143 0.5155
v 513.074158 63.399025 -276.749359 0.7444 0.6143 0.5155
v 513.074158 63.399040 -196.749298 0.7444 0.6143 0.5155
v 513.074158 31.399040 27.250803 0.7444 0.6143 0.5155
v 513.074158 31.399025 -196.749298 0.7444 0.6143 0.5155
v 513.074158 63.399040 -180.749298 0.7444 0.6143 0.5155
v 513.074158 63.399055 27.250799 0.7444 0.6143 0.5155
v 513.074158 31.399071 251.250885 0.7444 0.6143 0.5155
v 513.074158 63.399071 43.250801 0.7444 0.6143 0.5155
v 513.074158 63.399086 251.250885 0.7444 0.6143 0.5155
v 529.074158 255.399139 -196.749329 0.7444 0.6143 0.5155
v 513.074158 223.399109 -196.749329 0.7444 0.6143 0.5155
v 513.074158 223.399139 27.250780 0.7444 0.6143 0.5155
v 513.074158 223.399109 -180.749329 0.7444 0.6143 0.5155
v 529.074158 255.399170 27.250776 0.7444 0.6143 0.5155
v 529.074158 255.399200 235.250885 0.7444 0.6143 0.5155
v 513.074158 223.399170 251.250885 0.7444 0.6143 0.5155
v 513.074158 223.399139 43.250786 0.7444 0.6143 0.5155
v 513.074158 223.399109 -276.749359 0.7444 0.6143 0.5155
v 529.074158 255.399139 -292.749359 0.7444 0.6143 0.5155
v 513.074158 255.399139 -292.749359 0.7444 0.6143 0.5155
v 481.074158 223.399109 -276.749359 0.7444 0.6143 0.5155
v 481.074158 255.399139 -292.749359 0.7444 0.6143 0.5155
v 257.074036 63.399025 -276.749359 0.7444 0.6143 0.5155
v 257.074036 31.399010 -276.749359 0.7444 0.6143 0.5155
v 193.074081 63.399025 -276.749359 0.7444 0.6143 0.5155
v 193.074081 31.399010 -276.749359 0.7444 0.6143 0.5155
v 129.074051 31.398994 -340.749390 0.7444 0.6143 0.5155
v 129.074051 63.399010 -340.749390 0.7444 0.6143 0.5155
v 257.074036 223.399109 -276.749359 0.7444 0.6143 0.5155
v 209.074081 255.399139 -292.749359 0.7444 0.6143 0.5155
v 257.074036 255.399139 -292.749359 0.7444 0.6143 0.5155
v 129.074051 223.399109 -340.749390 0.7444 0.6143 0.5155
v 145.074051 255.399139 -356.749390 0.7444 0.6143 0.5155
v 193.074081 223.399109 -276.749359 0.7444 0.6143 0.5155
v -638.926331 223.399139 -20.749243 0.7444 0.6143 0.5155
v -638.926331 255.399170 -20.749247 0.7444 0.6143 0.5155
v -238.926117 31.399010 -292.749359 0.7444 0.6143 0.5155
v -238.926117 31.399010 -276.749359 0.7444 0.6143 0.5155
v -238.926117 223.399109 -292.749359 0.7444 0.6143 0.5155
v -238.926117 223.399109 -276.749359 0.7444 0.6143 0.5155
v -238.926117 63.399025 -276.749359 0.7444 0.6143 0.5155
v -190.926102 31.399010 -276.749359 0.7444 0.6143 0.5155
v -190.926102 63.399025 -276.749359 0.7444 0.6143 0.5155
v -110.926056 255.399170 -36.749252 0.7444 0.6143 0.5155
v -126.926071 63.399025 -212.749313 0.7444 0.6143 0.5155
v -126.926071 31.399010 -212.749313 0.7444 0.6143 0.5155
v -126.926071 31.399040 -36.749229 0.7444 0.6143 0.5155
v -126.926071 63.399055 -36.749229 0.7444 0.6143 0.5155
v -206.926117 255.399139 -260.749359 0.7444 0.6143 0.5155
v -238.926117 255.399139 -260.749359 0.7444 0.6143 0.5155
v -190.926102 223.399109 -276.749359 0.7444 0.6143 0.5155
v -142.926086 223.399109 -228.749344 0.7444 0.6143 0.5155
v -142.926086 255.399139 -196.749329 0.7444 0.6143 0.5155
v -126.926071 223.399109 -212.749344 0.7444 0.6143 0.5155
v -126.926071 223.399139 -36.749252 0.7444 0.6143 0.5155
v -142.926086 255.399170 -36.749252 0.7444 0.6143 0.5155
v -174.926086 223.399109 -260.749359 0.7444 0.6143 0.5155
v -110.926056 63.399055 -36.749229 0.7444 0.6143 0.5155
v -110.926056 31.399040 -36.749229 0.7444 0.6143 0.5155
v -110.926056 223.399139 -36.749252 0.7444 0.6143 0.5155
v -94.926056 223.399139 -20.749243 0.7444 0.6143 0.5155
v -94.926056 255.399170 -20.749247 0.7444 0.6143 0.5155
v -526.926270 31.399010 -276.749359 0.7444 0.6143 0.5155
v -526.926270 63.399025 -292.749359 0.7444 0.6143 0.5155
v -254.926132 223.399109 -308.749359 0.7444 0.6143 0.5155
v -286.926147 223.399109 -308.749359 0.7444 0.6143 0.5155
v -286.926147 255.399139 -308.749359 0.7444 0.6143 0.5155
v -286.926147 31.399010 -308.749359 0.7444 0.6143 0.5155
v -254.926132 31.399010 -308.749359 0.7444 0.6143 0.5155
v -510.926270 31.399010 -308.749359 0.7444 0.6143 0.5155
v -286.926147 63.399025 -308.749359 0.7444 0.6143 0.5155
v -254.926132 255.399139 -308.749359 0.7444 0.6143 0.5155
v -238.926117 255.399139 -292.749359 0.7444 0.6143 0.5155
v -254.926132 63.399025 -308.749359 0.7444 0.6143 0.5155
v -238.926117 63.399025 -292.749359 0.7444 0.6143 0.5155
v -526.926270 31.399010 -292.749359 0.7444 0.6143 0.5155
v -510.926270 63.399025 -308.749359 0.7444 0.6143 0.5155
v -526.926270 255.399139 -292.749359 0.7444 0.6143 0.5155
v -526.926270 223.399109 -292.749359 0.7444 0.6143 0.5155
v -510.926270 223.399109 -308.749359 0.7444 0.6143 0.5155
v -510.926270 255.399139 -308.749359 0.7444 0.6143 0.5155
v -526.926270 63.399025 -276.749359 0.7444 0.6143 0.5155
v -574.926270 31.399010 -276.749359 0.7444 0.6143 0.5155
v -638.926331 63.399025 -212.749313 0.7444 0.6143 0.5155
v -574.926270 63.399025 -276.749359 0.7444 0.6143 0.5155
v -526.926270 223.399109 -276.749359 0.7444 0.6143 0.5155
v -526.926270 255.399139 -260.749359 0.7444 0.6143 0.5155
v -574.926270 223.399109 -276.749359 0.7444 0.6143 0.5155
v -558.926270 255.399139 -260.749359 0.7444 0.6143 0.5155
v -622.926331 223.399109 -228.749344 0.7444 0.6143 0.5155
v -590.926270 223.399109 -260.749359 0.7444 0.6143 0.5155
v -638.926331 223.399109 -212.749344 0.7444 0.6143 0.5155
v -622.926331 255.399139 -196.749329 0.7444 0.6143 0.5155
v -622.926331 255.399170 -20.749247 0.7444 0.6143 0.5155
v -94.926056 31.399071 235.250885 0.7444 0.6143 0.5155
v -94.926056 223.399170 235.250885 0.7444 0.6143 0.5155
v -110.926056 223.399170 251.250885 0.7444 0.6143 0.5155
v -94.926056 223.399139 11.250772 0.7444 0.6143 0.5155
v -94.926056 255.399200 235.250885 0.7444 0.6143 0.5155
v -94.926056 255.399170 11.250769 0.7444 0.6143 0.5155
v -94.926056 63.399055 -20.749224 0.7444 0.6143 0.5155
v -94.926056 31.399040 -20.749220 0.7444 0.6143 0.5155
v -94.926056 31.399040 11.250795 0.7444 0.6143 0.5155
v -94.926056 31.399040 27.250803 0.7444 0.6143 0.5155
v -94.926056 31.399055 59.250816 0.7444 0.6143 0.5155
v -94.926056 31.399055 87.250832 0.7444 0.6143 0.5155
v -94.926056 31.399055 107.250839 0.7444 0.6143 0.5155
v -94.926056 31.399055 127.250854 0.7444 0.6143 0.5155
v -94.926056 31.399055 155.250870 0.7444 0.6143 0.5155
v -94.926056 31.399071 187.250885 0.7444 0.6143 0.5155
v -94.926056 63.399086 235.250885 0.7444 0.6143 0.5155
v -94.926056 63.399055 11.250792 0.7444 0.6143 0.5155
v -94.926056 -96.600983 187.250900 0.7444 0.6143 0.5155
v -94.926056 -80.600975 187.250900 0.7444 0.6143 0.5155
v -78.926041 -80.600998 27.250814 0.7444 0.6143 0.5155
v -94.926056 -80.600998 27.250814 0.7444 0.6143 0.5155
v -94.926056 -96.601006 27.250818 0.7444 0.6143 0.5155
v -62.926041 -80.600983 171.250885 0.7444 0.6143 0.5155
v -62.926041 -96.600990 171.250885 0.7444 0.6143 0.5155
v -78.926041 -96.600983 187.250900 0.7444 0.6143 0.5155
v -78.926041 -80.600975 187.250900 0.7444 0.6143 0.5155
v -78.926041 -96.601006 27.250818 0.7444 0.6143 0.5155
v -62.926041 -96.601006 43.250824 0.7444 0.6143 0.5155
v -382.926208 63.399178 1003.251282 0.7444 0.6143 0.5155
v -414.926208 63.399178 1003.251282 0.7444 0.6143 0.5155
v -638.926331 63.399178 1003.251282 0.7444 0.6143 0.5155
v -414.926208 31.399162 1003.251282 0.7444 0.6143 0.5155
v 129.074051 63.399132 619.251099 0.7444 0.6143 0.5155
v 129.074051 31.399117 619.251099 0.7444 0.6143 0.5155
v 129.074051 31.399101 427.250977 0.7444 0.6143 0.5155
v 129.074051 63.399117 427.250977 0.7444 0.6143 0.5155
v 145.074051 255.399231 443.250977 0.7444 0.6143 0.5155
v 129.074051 223.399200 427.250977 0.7444 0.6143 0.5155
v 513.074158 31.399086 363.250946 0.7444 0.6143 0.5155
v 513.074158 63.399101 299.250916 0.7444 0.6143 0.5155
v 513.074158 63.399101 363.250946 0.7444 0.6143 0.5155
v 529.074158 255.399200 251.250885 0.7444 0.6143 0.5155
v 529.074158 255.399231 379.250946 0.7444 0.6143 0.5155
v 513.074158 223.399170 299.250916 0.7444 0.6143 0.5155
v 513.074158 223.399200 363.250946 0.7444 0.6143 0.5155
v 193.074081 63.399101 363.250946 0.7444 0.6143 0.5155
v 193.074081 31.399086 363.250946 0.7444 0.6143 0.5155
v 257.074036 31.399086 363.250946 0.7444 0.6143 0.5155
v 257.074036 63.399101 363.250946 0.7444 0.6143 0.5155
v 513.074158 255.399231 379.250946 0.7444 0.6143 0.5155
v 417.074097 255.399231 379.250946 0.7444 0.6143 0.5155
v 209.074081 255.399231 379.250946 0.7444 0.6143 0.5155
v 193.074081 223.399200 363.250946 0.7444 0.6143 0.5155
v 417.074097 223.399200 363.250946 0.7444 0.6143 0.5155
v 129.074051 31.399147 875.251221 0.7444 0.6143 0.5155
v 129.074051 63.399162 875.251221 0.7444 0.6143 0.5155
v 129.074051 223.399231 651.251038 0.7444 0.6143 0.5155
v 129.074051 223.399231 619.251038 0.7444 0.6143 0.5155
v 145.074051 255.399261 619.251038 0.7444 0.6143 0.5155
v 145.074051 255.399261 651.251038 0.7444 0.6143 0.5155
v 145.074051 255.399292 875.251160 0.7444 0.6143 0.5155
v 113.074051 223.399261 875.251160 0.7444 0.6143 0.5155
v 129.074051 223.399261 875.251160 0.7444 0.6143 0.5155
v 145.074051 255.399292 891.251160 0.7444 0.6143 0.5155
v 113.074051 255.399292 891.251160 0.7444 0.6143 0.5155
v -414.926208 -24.600906 619.251099 0.7444 0.6143 0.5155
v -429.124664 -53.051300 619.251099 0.7444 0.6143 0.5155
v -478.926239 -40.600906 619.251099 0.7444 0.6143 0.5155
v -638.926331 -0.600899 619.251099 0.7444 0.6143 0.5155
v -638.926331 31.399117 619.251099 0.7444 0.6143 0.5155
v -421.614319 -22.928879 619.251099 0.7444 0.6143 0.5155
v -126.926071 31.399101 427.250977 0.7444 0.6143 0.5155
v -126.926071 31.399071 251.250885 0.7444 0.6143 0.5155
v -190.926102 63.399117 491.251007 0.7444 0.6143 0.5155
v -350.926178 31.399101 491.251007 0.7444 0.6143 0.5155
v -350.926178 63.399117 491.251007 0.7444 0.6143 0.5155
v -574.926270 31.399101 491.251007 0.7444 0.6143 0.5155
v -574.926270 63.399117 491.251007 0.7444 0.6143 0.5155
v -638.926331 31.399101 427.250977 0.7444 0.6143 0.5155
v -638.926331 63.399117 427.250977 0.7444 0.6143 0.5155
v -126.926071 63.399117 427.250977 0.7444 0.6143 0.5155
v -190.926102 31.399101 491.251007 0.7444 0.6143 0.5155
v -126.926071 223.399200 427.250977 0.7444 0.6143 0.5155
v -142.926086 255.399231 411.250977 0.7444 0.6143 0.5155
v -142.926086 255.399200 251.250885 0.7444 0.6143 0.5155
v -126.926071 223.399170 251.250885 0.7444 0.6143 0.5155
v -222.926117 223.399200 491.250946 0.7444 0.6143 0.5155
v -190.926102 223.399200 491.250946 0.7444 0.6143 0.5155
v -142.926086 223.399200 443.250977 0.7444 0.6143 0.5155
v -638.926331 223.399200 427.250977 0.7444 0.6143 0.5155
v -638.926331 255.399231 427.250977 0.7444 0.6143 0.5155
v -590.926270 223.399200 475.251007 0.7444 0.6143 0.5155
v -606.926270 255.399231 427.250977 0.7444 0.6143 0.5155
v -206.926117 255.399231 475.251007 0.7444 0.6143 0.5155
v -350.926178 223.399200 491.250946 0.7444 0.6143 0.5155
v -350.926178 255.399231 475.251007 0.7444 0.6143 0.5155
v -574.926270 223.399200 491.250946 0.7444 0.6143 0.5155
v -558.926270 255.399231 475.251007 0.7444 0.6143 0.5155
v -254.926132 -64.600922 587.251099 0.7444 0.6143 0.5155
v -254.926132 -96.600937 587.251099 0.7444 0.6143 0.5155
v -254.926132 -96.600937 619.251099 0.7444 0.6143 0.5155
v -254.926132 -64.600922 619.251099 0.7444 0.6143 0.5155
v -429.124664 -53.051304 587.251099 0.7444 0.6143 0.5155
v -414.926208 -56.600918 587.251099 0.7444 0.6143 0.5155
v -414.926208 -24.600906 587.251099 0.7444 0.6143 0.5155
v -421.614319 -22.928879 587.251099 0.7444 0.6143 0.5155
v -638.926331 -0.600899 587.251099 0.7444 0.6143 0.5155
v -638.926331 31.399117 587.251099 0.7444 0.6143 0.5155
v 113.074051 31.399147 875.251221 0.7444 0.6143 0.5155
v 113.074051 63.399162 875.251221 0.7444 0.6143 0.5155
v 1.073990 63.399162 875.251221 0.7444 0.6143 0.5155
v -30.926025 63.399162 875.251221 0.7444 0.6143 0.5155
v -94.926056 63.399162 875.251221 0.7444 0.6143 0.5155
v -254.926132 63.399162 875.251221 0.7444 0.6143 0.5155
v -318.926147 31.399147 875.251221 0.7444 0.6143 0.5155
v -94.926056 31.399147 875.251221 0.7444 0.6143 0.5155
v -382.926208 63.399178 939.251282 0.7444 0.6143 0.5155
v -318.926147 63.399162 875.251221 0.7444 0.6143 0.5155
v -382.926208 31.399162 1003.251282 0.7444 0.6143 0.5155
v -382.926208 31.399162 939.251282 0.7444 0.6143 0.5155
v -30.926025 223.399261 875.251160 0.7444 0.6143 0.5155
v 1.073990 223.399261 875.251160 0.7444 0.6143 0.5155
v -302.926147 255.399292 891.251160 0.7444 0.6143 0.5155
v -318.926147 223.399261 875.251160 0.7444 0.6143 0.5155
v -254.926132 223.399261 875.251160 0.7444 0.6143 0.5155
v -94.926056 223.399261 875.251160 0.7444 0.6143 0.5155
v -94.926056 255.399292 891.251160 0.7444 0.6143 0.5155
v -334.926178 223.399261 891.251160 0.7444 0.6143 0.5155
v -366.926178 223.399261 923.251160 0.7444 0.6143 0.5155
v -382.926208 223.399261 939.251221 0.7444 0.6143 0.5155
v -366.926178 255.399292 955.251221 0.7444 0.6143 0.5155
v -366.926178 255.399292 1003.251282 0.7444 0.6143 0.5155
v -382.926208 223.399261 1003.251282 0.7444 0.6143 0.5155
v -414.926208 223.399261 1003.251282 0.7444 0.6143 0.5155
v -414.926208 255.399292 1019.251282 0.7444 0.6143 0.5155
v -366.926178 255.399292 1019.251282 0.7444 0.6143 0.5155
v -1854.926880 15.398918 -948.749634 0.7444 0.6143 0.5155
v -1854.926880 -64.601105 -948.749634 0.7444 0.6143 0.5155
v -1854.926880 -64.601105 -980.749695 0.7444 0.6143 0.5155
v -1854.926880 15.398918 -980.749695 0.7444 0.6143 0.5155
v -1854.926880 -64.601074 -724.749573 0.7444 0.6143 0.5155
v -1854.926880 -64.601082 -756.749573 0.7444 0.6143 0.5155
v -1854.926880 15.398941 -756.749573 0.7444 0.6143 0.5155
v -814.926453 255.399078 -788.749634 0.7444 0.6143 0.5155
v -878.926514 287.399078 -772.749634 0.7444 0.6143 0.5155
v -894.926514 255.399078 -788.749634 0.7444 0.6143 0.5155
v -846.926514 287.399078 -676.749573 0.7444 0.6143 0.5155
v -766.926392 255.399078 -660.749573 0.7444 0.6143 0.5155
v -830.926453 255.399078 -660.749573 0.7444 0.6143 0.5155
v -846.926514 255.399078 -660.749573 0.7444 0.6143 0.5155
v -894.926514 255.399078 -660.749573 0.7444 0.6143 0.5155
v -878.926514 287.399078 -676.749573 0.7444 0.6143 0.5155
v -782.926453 287.399078 -676.749573 0.7444 0.6143 0.5155
v -782.926453 287.399078 -772.749634 0.7444 0.6143 0.5155
v -766.926392 255.399078 -788.749634 0.7444 0.6143 0.5155
v -830.926453 159.399017 -660.749573 0.7444 0.6143 0.5155
v -830.926453 127.399010 -660.749512 0.7444 0.6143 0.5155
v -830.926453 127.399010 -596.749451 0.7444 0.6143 0.5155
v -830.926453 127.399025 -500.749451 0.7444 0.6143 0.5155
v -830.926453 159.399048 -500.749451 0.7444 0.6143 0.5155
v -830.926453 31.398964 -660.749512 0.7444 0.6143 0.5155
v -830.926453 63.398979 -596.749451 0.7444 0.6143 0.5155
v -766.926392 63.398979 -660.749512 0.7444 0.6143 0.5155
v -830.926453 63.398979 -660.749512 0.7444 0.6143 0.5155
v -766.926392 31.398903 -1108.749756 0.7444 0.6143 0.5155
v -766.926392 63.398918 -1108.749756 0.7444 0.6143 0.5155
v -766.926392 63.398918 -1172.749756 0.7444 0.6143 0.5155
v -766.926392 31.398918 -1012.749695 0.7444 0.6143 0.5155
v -766.926392 31.398933 -884.749634 0.7444 0.6143 0.5155
v -766.926392 63.398949 -884.749634 0.7444 0.6143 0.5155
v -766.926392 63.398933 -1012.749695 0.7444 0.6143 0.5155
v -766.926392 31.398949 -788.749573 0.7444 0.6143 0.5155
v -766.926392 31.398964 -660.749512 0.7444 0.6143 0.5155
v -766.926392 63.398964 -788.749573 0.7444 0.6143 0.5155
v -798.926453 223.398987 -1172.749756 0.7444 0.6143 0.5155
v -798.926453 223.399017 -1012.749756 0.7444 0.6143 0.5155
v -814.926453 255.399048 -1012.749756 0.7444 0.6143 0.5155
v -814.926453 255.399017 -1172.749756 0.7444 0.6143 0.5155
v -798.926453 223.399048 -788.749634 0.7444 0.6143 0.5155
v -830.926453 223.399048 -660.749573 0.7444 0.6143 0.5155
v -830.926453 31.398964 -596.749451 0.7444 0.6143 0.5155
v -894.926514 63.398994 -532.749390 0.7444 0.6143 0.5155
v -894.926514 31.398979 -532.749390 0.7444 0.6143 0.5155
v -1022.926575 31.398979 -532.749390 0.7444 0.6143 0.5155
v -1022.926575 63.398994 -532.749390 0.7444 0.6143 0.5155
v -1662.926880 223.399078 -532.749451 0.7444 0.6143 0.5155
v -1662.926880 223.399048 -724.749634 0.7444 0.6143 0.5155
v -1662.926880 223.399078 -500.749451 0.7444 0.6143 0.5155
v -1854.926880 255.399078 -740.749634 0.7444 0.6143 0.5155
v -1646.926758 255.399078 -740.749634 0.7444 0.6143 0.5155
v -1790.926880 -64.601105 -980.749695 0.7444 0.6143 0.5155
v -1822.926880 -32.601105 -980.749695 0.7444 0.6143 0.5155
v -1822.926880 -64.601105 -980.749695 0.7444 0.6143 0.5155
v -1854.926880 95.398949 -980.749695 0.7444 0.6143 0.5155
v -1854.926880 79.398949 -980.749695 0.7444 0.6143 0.5155
v -1854.926880 41.398918 -980.749695 0.7444 0.6143 0.5155
v -1822.926880 95.398949 -980.749695 0.7444 0.6143 0.5155
v -1790.926880 -32.601112 -1044.749756 0.7444 0.6143 0.5155
v -1790.926880 -32.601105 -980.749695 0.7444 0.6143 0.5155
v -1502.926758 -64.601120 -1044.749756 0.7444 0.6143 0.5155
v -1470.926758 -64.601120 -1044.749756 0.7444 0.6143 0.5155
v -1534.926758 -32.601112 -1044.749756 0.7444 0.6143 0.5155
v -1566.926758 -32.601112 -1044.749756 0.7444 0.6143 0.5155
v -1790.926880 -64.601120 -1044.749756 0.7444 0.6143 0.5155
v -1726.926880 -64.601120 -1044.749756 0.7444 0.6143 0.5155
v -1566.926758 -64.601120 -1044.749756 0.7444 0.6143 0.5155
v -1374.926636 -32.601112 -1060.749756 0.7444 0.6143 0.5155
v -1422.926758 -32.601112 -1044.749756 0.7444 0.6143 0.5155
v -1422.926758 -64.601120 -1044.749756 0.7444 0.6143 0.5155
v -1284.260010 -64.601135 -1172.749756 0.7444 0.6143 0.5155
v -1326.926636 -32.601120 -1092.749756 0.7444 0.6143 0.5155
v -1374.926636 -64.601120 -1060.749756 0.7444 0.6143 0.5155
v -1326.926636 -64.601120 -1092.749756 0.7444 0.6143 0.5155
v -1294.926636 -64.601128 -1140.749756 0.7444 0.6143 0.5155
v -1294.926636 -32.601128 -1140.749756 0.7444 0.6143 0.5155
v -1470.926758 -80.601135 -1172.749756 0.7444 0.6143 0.5155
v -1470.926758 -96.601151 -1172.749756 0.7444 0.6143 0.5155
v -1470.926758 -96.601135 -1044.749756 0.7444 0.6143 0.5155
v -1470.926758 -80.601120 -1044.749756 0.7444 0.6143 0.5155
v -1406.926636 -128.601166 -1172.749756 0.7444 0.6143 0.5155
v -1406.926636 -144.601166 -1172.749756 0.7444 0.6143 0.5155
v -1326.926636 -144.601166 -1092.749756 0.7444 0.6143 0.5155
v -1326.926636 -128.601151 -1092.749756 0.7444 0.6143 0.5155
v -1369.593262 -160.601181 -1172.749756 0.7444 0.6143 0.5155
v -1294.926636 -160.601166 -1140.749756 0.7444 0.6143 0.5155
v -1294.926636 -144.601166 -1140.749756 0.7444 0.6143 0.5155
v -1438.926758 -96.601151 -1172.749756 0.7444 0.6143 0.5155
v -1438.926758 -112.601158 -1172.749756 0.7444 0.6143 0.5155
v -1422.926758 -112.601143 -1044.749756 0.7444 0.6143 0.5155
v -1422.926758 -96.601135 -1044.749756 0.7444 0.6143 0.5155
v -1422.926758 -112.601158 -1172.749756 0.7444 0.6143 0.5155
v -1422.926758 -128.601166 -1172.749756 0.7444 0.6143 0.5155
v -1374.926636 -128.601151 -1060.749756 0.7444 0.6143 0.5155
v -1374.926636 -112.601143 -1060.749756 0.7444 0.6143 0.5155
v -1502.926758 -80.601135 -1172.749756 0.7444 0.6143 0.5155
v -1502.926758 -80.601120 -1044.749756 0.7444 0.6143 0.5155
v -1662.926880 -64.601059 -532.749390 0.7444 0.6143 0.5155
v -1662.926880 -96.601074 -532.749390 0.7444 0.6143 0.5155
v -1790.926880 -96.601074 -532.749390 0.7444 0.6143 0.5155
v -1854.926880 -96.601074 -532.749390 0.7444 0.6143 0.5155
v -1854.926880 -64.601059 -564.749451 0.7444 0.6143 0.5155
v -1822.926880 -64.601059 -564.749451 0.7444 0.6143 0.5155
v -1790.926880 -64.601059 -532.749390 0.7444 0.6143 0.5155
v -1790.926880 -80.601059 -532.749390 0.7444 0.6143 0.5155
v -1822.926880 -80.601067 -564.749451 0.7444 0.6143 0.5155
v -1262.926636 223.399170 235.250885 0.7444 0.6143 0.5155
v -1262.926636 57.399086 251.250885 0.7444 0.6143 0.5155
v -1262.926636 59.399086 235.250885 0.7444 0.6143 0.5155
v -846.926514 255.399139 -148.749313 0.7444 0.6143 0.5155
v -830.926453 255.399139 -148.749313 0.7444 0.6143 0.5155
v -766.926392 255.399139 -148.749313 0.7444 0.6143 0.5155
v -846.926514 287.399170 -132.749298 0.7444 0.6143 0.5155
v -878.926514 287.399170 -132.749298 0.7444 0.6143 0.5155
v -894.926514 255.399139 -148.749313 0.7444 0.6143 0.5155
v -766.926392 255.399170 -20.749247 0.7444 0.6143 0.5155
v -782.926453 287.399170 -132.749298 0.7444 0.6143 0.5155
v -782.926453 287.399170 -36.749260 0.7444 0.6143 0.5155
v -894.926514 255.399170 -20.749247 0.7444 0.6143 0.5155
v -878.926514 287.399170 -36.749260 0.7444 0.6143 0.5155
v -766.926392 31.399040 11.250795 0.7444 0.6143 0.5155
v -766.926392 31.399055 43.250809 0.7444 0.6143 0.5155
v -766.926392 31.399055 59.250816 0.7444 0.6143 0.5155
v -766.926392 31.399055 123.250854 0.7444 0.6143 0.5155
v -766.926392 31.399071 171.250870 0.7444 0.6143 0.5155
v -766.926392 31.399071 251.250885 0.7444 0.6143 0.5155
v -766.926392 63.399086 251.250885 0.7444 0.6143 0.5155
v -766.926392 63.399055 11.250792 0.7444 0.6143 0.5155
v -766.926392 63.399055 -20.749224 0.7444 0.6143 0.5155
v -766.926392 223.399139 -20.749243 0.7444 0.6143 0.5155
v -766.926392 31.399040 -20.749220 0.7444 0.6143 0.5155
v -638.926331 63.399055 11.250792 0.7444 0.6143 0.5155
v -766.926392 31.399025 -148.749283 0.7444 0.6143 0.5155
v -766.926392 63.399040 -148.749283 0.7444 0.6143 0.5155
v -830.926453 63.399040 -148.749283 0.7444 0.6143 0.5155
v -830.926453 127.399040 -372.749390 0.7444 0.6143 0.5155
v -830.926453 159.399078 -372.749390 0.7444 0.6143 0.5155
v -830.926453 127.399055 -276.749359 0.7444 0.6143 0.5155
v -830.926453 127.399055 -212.749329 0.7444 0.6143 0.5155
v -830.926453 127.399071 -148.749298 0.7444 0.6143 0.5155
v -830.926453 159.399078 -148.749298 0.7444 0.6143 0.5155
v -830.926453 223.399078 -500.749451 0.7444 0.6143 0.5155
v -846.926514 255.399109 -500.749451 0.7444 0.6143 0.5155
v -830.926453 223.399109 -372.749390 0.7444 0.6143 0.5155
v -830.926453 223.399109 -148.749313 0.7444 0.6143 0.5155
v -846.926514 255.399139 -372.749390 0.7444 0.6143 0.5155
v -1022.926575 31.399010 -276.749359 0.7444 0.6143 0.5155
v -894.926514 63.399025 -276.749359 0.7444 0.6143 0.5155
v -1022.926575 63.399025 -276.749359 0.7444 0.6143 0.5155
v -830.926453 31.399010 -212.749313 0.7444 0.6143 0.5155
v -830.926453 31.399025 -148.749283 0.7444 0.6143 0.5155
v -894.926514 31.399010 -276.749359 0.7444 0.6143 0.5155
v -830.926453 63.399025 -212.749313 0.7444 0.6143 0.5155
v -1198.926636 255.399200 251.250885 0.7444 0.6143 0.5155
v -1198.926636 255.399200 219.250870 0.7444 0.6143 0.5155
v -1214.926636 223.399170 235.250885 0.7444 0.6143 0.5155
v -1262.926636 255.399200 219.250870 0.7444 0.6143 0.5155
v -1262.926636 63.399086 235.250885 0.7444 0.6143 0.5155
v -1214.926636 61.399086 251.250885 0.7444 0.6143 0.5155
v -1214.926636 63.399086 235.250885 0.7444 0.6143 0.5155
v -1214.926636 63.399086 251.250885 0.7444 0.6143 0.5155
v -1678.926880 255.399139 -164.749313 0.7444 0.6143 0.5155
v -1678.926880 223.399109 -164.749313 0.7444 0.6143 0.5155
v -1662.926880 223.399109 -164.749313 0.7444 0.6143 0.5155
v -1646.926758 255.399139 -164.749313 0.7444 0.6143 0.5155
v -1646.926758 255.399109 -500.749451 0.7444 0.6143 0.5155
v -1646.926758 255.399139 -388.749420 0.7444 0.6143 0.5155
v -1662.926880 223.399109 -276.749359 0.7444 0.6143 0.5155
v -1662.926880 223.399109 -388.749420 0.7444 0.6143 0.5155
v -1694.926880 223.399139 -116.749290 0.7444 0.6143 0.5155
v -1694.926880 255.399139 -148.749313 0.7444 0.6143 0.5155
v -1694.926880 255.399170 -116.749298 0.7444 0.6143 0.5155
v -1694.926880 223.399109 -148.749313 0.7444 0.6143 0.5155
v -1678.926880 255.399200 123.250824 0.7444 0.6143 0.5155
v -1678.926880 223.399170 123.250824 0.7444 0.6143 0.5155
v -1694.926880 223.399170 107.250809 0.7444 0.6143 0.5155
v -1694.926880 255.399200 107.250809 0.7444 0.6143 0.5155
v -1550.926758 223.399170 235.250885 0.7444 0.6143 0.5155
v -1614.926758 255.399200 219.250870 0.7444 0.6143 0.5155
v -1630.926758 223.399170 235.250885 0.7444 0.6143 0.5155
v -1550.926758 255.399200 219.250870 0.7444 0.6143 0.5155
v -1662.926880 223.399170 123.250824 0.7444 0.6143 0.5155
v -1646.926758 255.399200 123.250824 0.7444 0.6143 0.5155
v -1662.926880 223.399170 203.250854 0.7444 0.6143 0.5155
v -1646.926758 223.399170 219.250870 0.7444 0.6143 0.5155
v -1646.926758 255.399200 187.250854 0.7444 0.6143 0.5155
v -1790.926880 31.399055 107.250839 0.7444 0.6143 0.5155
v -1694.926880 63.399071 107.250839 0.7444 0.6143 0.5155
v -1854.926880 31.399055 107.250839 0.7444 0.6143 0.5155
v -1678.926880 31.399025 -164.749283 0.7444 0.6143 0.5155
v -1662.926880 31.399025 -164.749283 0.7444 0.6143 0.5155
v -1662.926880 63.399040 -164.749283 0.7444 0.6143 0.5155
v -1694.926880 31.399025 -116.749268 0.7444 0.6143 0.5155
v -1694.926880 31.399025 -148.749283 0.7444 0.6143 0.5155
v -1694.926880 63.399040 -148.749283 0.7444 0.6143 0.5155
v -1694.926880 31.399055 107.250839 0.7444 0.6143 0.5155
v -1694.926880 31.399025 -84.749252 0.7444 0.6143 0.5155
v -1694.926880 63.399040 -116.749275 0.7444 0.6143 0.5155
v -1678.926880 63.399040 -164.749283 0.7444 0.6143 0.5155
v -1550.926758 63.399086 251.250885 0.7444 0.6143 0.5155
v -1550.926758 35.399071 235.250885 0.7444 0.6143 0.5155
v -1662.926880 31.399055 123.250854 0.7444 0.6143 0.5155
v -1598.926758 31.399071 235.250885 0.7444 0.6143 0.5155
v -1550.926758 63.399086 235.250885 0.7444 0.6143 0.5155
v -1630.926758 63.399086 235.250885 0.7444 0.6143 0.5155
v -1630.926758 31.399071 235.250885 0.7444 0.6143 0.5155
v -1662.926880 31.399071 203.250885 0.7444 0.6143 0.5155
v -1662.926880 63.399086 203.250885 0.7444 0.6143 0.5155
v -1678.926880 63.399071 123.250854 0.7444 0.6143 0.5155
v -1662.926880 63.399071 123.250854 0.7444 0.6143 0.5155
v -1742.926880 31.399055 123.250854 0.7444 0.6143 0.5155
v -1854.926880 31.399055 123.250854 0.7444 0.6143 0.5155
v -2046.927002 -80.601059 -532.749390 0.7444 0.6143 0.5155
v -1854.926880 -80.601059 -532.749390 0.7444 0.6143 0.5155
v -2046.927002 -64.601059 -532.749390 0.7444 0.6143 0.5155
v -2046.927002 -96.601074 -532.749390 0.7444 0.6143 0.5155
v -2078.927002 -64.601059 -532.749390 0.7444 0.6143 0.5155
v -2078.927002 -96.601074 -532.749390 0.7444 0.6143 0.5155
v -2302.927246 -96.601074 -532.749390 0.7444 0.6143 0.5155
v -2302.927246 -64.601059 -532.749390 0.7444 0.6143 0.5155
v -2238.927246 -64.601059 -532.749390 0.7444 0.6143 0.5155
v -2014.927002 95.398949 -980.749695 0.7444 0.6143 0.5155
v -2014.927002 -64.601105 -980.749695 0.7444 0.6143 0.5155
v -1982.927002 41.398918 -980.749695 0.7444 0.6143 0.5155
v -1982.927002 79.398949 -980.749695 0.7444 0.6143 0.5155
v -1982.927002 95.398949 -980.749695 0.7444 0.6143 0.5155
v -2014.927002 -32.601105 -980.749695 0.7444 0.6143 0.5155
v -2046.927002 -64.601105 -980.749695 0.7444 0.6143 0.5155
v -2046.927002 -32.601105 -980.749695 0.7444 0.6143 0.5155
v -2046.927002 -32.601120 -1108.749756 0.7444 0.6143 0.5155
v -2046.927002 -64.601120 -1108.749756 0.7444 0.6143 0.5155
v -2110.927002 -32.601128 -1172.749756 0.7444 0.6143 0.5155
v -2078.927002 -32.601128 -1163.749756 0.7444 0.6143 0.5155
v -2078.927002 -64.601135 -1163.749756 0.7444 0.6143 0.5155
v -2055.927002 -64.601128 -1140.749756 0.7444 0.6143 0.5155
v -2055.927002 -32.601128 -1140.749756 0.7444 0.6143 0.5155
v -2366.927246 287.399109 -596.749512 0.7444 0.6143 0.5155
v -2366.927246 287.399109 -564.749512 0.7444 0.6143 0.5155
v -2366.927246 319.399139 -564.749512 0.7444 0.6143 0.5155
v -2366.927246 319.399109 -660.749573 0.7444 0.6143 0.5155
v -2366.927246 287.399078 -660.749573 0.7444 0.6143 0.5155
v -2334.927246 319.399139 -564.749512 0.7444 0.6143 0.5155
v -2302.927246 287.399109 -532.749451 0.7444 0.6143 0.5155
v -2302.927246 319.399139 -532.749451 0.7444 0.6143 0.5155
v -2014.927002 -64.601059 -564.749451 0.7444 0.6143 0.5155
v -2014.927002 -80.601067 -564.749451 0.7444 0.6143 0.5155
v -1854.926880 -80.601067 -564.749451 0.7444 0.6143 0.5155
v -2302.927246 63.398979 -660.749512 0.7444 0.6143 0.5155
v -2302.927246 31.398964 -660.749512 0.7444 0.6143 0.5155
v -2302.927246 31.398979 -564.749451 0.7444 0.6143 0.5155
v -2302.927246 31.398979 -532.749390 0.7444 0.6143 0.5155
v -2110.927002 319.399109 -660.749573 0.7444 0.6143 0.5155
v -2238.927246 287.399078 -660.749573 0.7444 0.6143 0.5155
v -2270.927246 287.399078 -660.749573 0.7444 0.6143 0.5155
v -2302.927246 287.399078 -660.749573 0.7444 0.6143 0.5155
v -2094.927002 287.399078 -884.749695 0.7444 0.6143 0.5155
v -2094.927002 287.399078 -756.749634 0.7444 0.6143 0.5155
v -2094.927002 287.399078 -724.749634 0.7444 0.6143 0.5155
v -2094.927002 319.399109 -884.749695 0.7444 0.6143 0.5155
v -2094.927002 223.399048 -724.749634 0.7444 0.6143 0.5155
v -2094.927002 255.399078 -740.749634 0.7444 0.6143 0.5155
v -2046.927002 255.399078 -740.749634 0.7444 0.6143 0.5155
v -1854.926880 223.399048 -724.749634 0.7444 0.6143 0.5155
v -1982.927002 15.398918 -980.749695 0.7444 0.6143 0.5155
v -1982.927002 -64.601105 -980.749695 0.7444 0.6143 0.5155
v -1982.927002 -64.601105 -948.749634 0.7444 0.6143 0.5155
v -1859.926880 39.398933 -948.749634 0.7444 0.6143 0.5155
v -1982.927002 15.398918 -948.749634 0.7444 0.6143 0.5155
v -1859.926880 39.398918 -980.749695 0.7444 0.6143 0.5155
v -1977.927002 39.398918 -980.749695 0.7444 0.6143 0.5155
v -1977.927002 39.398933 -948.749634 0.7444 0.6143 0.5155
v -1963.927002 60.398949 -948.749634 0.7444 0.6143 0.5155
v -1894.926880 74.398933 -980.749695 0.7444 0.6143 0.5155
v -1873.926880 60.398949 -948.749634 0.7444 0.6143 0.5155
v -1873.926880 60.398933 -980.749695 0.7444 0.6143 0.5155
v -1963.927002 60.398933 -980.749695 0.7444 0.6143 0.5155
v -1942.927002 74.398949 -948.749634 0.7444 0.6143 0.5155
v -1918.926880 79.398964 -948.749634 0.7444 0.6143 0.5155
v -1894.926880 74.398949 -948.749634 0.7444 0.6143 0.5155
v -1942.927002 74.398933 -980.749695 0.7444 0.6143 0.5155
v -1918.926880 79.398949 -980.749695 0.7444 0.6143 0.5155
v -1982.927002 15.398941 -756.749573 0.7444 0.6143 0.5155
v -1982.927002 -64.601082 -756.749573 0.7444 0.6143 0.5155
v -1982.927002 -64.601074 -724.749573 0.7444 0.6143 0.5155
v -1982.927002 15.398949 -724.749573 0.7444 0.6143 0.5155
v -1977.927002 39.398949 -724.749573 0.7444 0.6143 0.5155
v -1854.926880 15.398949 -724.749573 0.7444 0.6143 0.5155
v -1859.926880 39.398949 -724.749573 0.7444 0.6143 0.5155
v -1977.927002 39.398949 -756.749573 0.7444 0.6143 0.5155
v -1963.927002 60.398964 -756.749573 0.7444 0.6143 0.5155
v -1859.926880 39.398949 -756.749573 0.7444 0.6143 0.5155
v -1873.926880 60.398964 -756.749573 0.7444 0.6143 0.5155
v -1963.927002 60.398964 -724.749573 0.7444 0.6143 0.5155
v -1942.927002 74.398964 -724.749573 0.7444 0.6143 0.5155
v -1942.927002 74.398964 -756.749573 0.7444 0.6143 0.5155
v -1894.926880 74.398964 -756.749573 0.7444 0.6143 0.5155
v -1894.926880 74.398964 -724.749573 0.7444 0.6143 0.5155
v -1873.926880 60.398964 -724.749573 0.7444 0.6143 0.5155
v -1918.926880 79.398979 -724.749573 0.7444 0.6143 0.5155
v -1918.926880 79.398979 -756.749573 0.7444 0.6143 0.5155
v -2094.927002 287.399078 -676.749573 0.7444 0.6143 0.5155
v -2094.927002 319.399109 -724.749634 0.7444 0.6143 0.5155
v -2094.927002 319.399109 -676.749573 0.7444 0.6143 0.5155
v -2110.927002 287.399078 -660.749573 0.7444 0.6143 0.5155
v -2302.927246 287.399078 -660.749573 0.7444 0.6143 0.5155
v -2366.927246 319.399109 -660.749573 0.7444 0.6143 0.5155
v -2302.927246 319.399109 -660.749573 0.7444 0.6143 0.5155
v -2366.927246 287.399109 -564.749512 0.7444 0.6143 0.5155
v -2334.927246 287.399109 -564.749512 0.7444 0.6143 0.5155
v -2334.927246 319.399139 -564.749512 0.7444 0.6143 0.5155
v -2302.927246 287.399109 -500.749481 0.7444 0.6143 0.5155
v -2302.927246 319.399170 -276.749390 0.7444 0.6143 0.5155
v -2302.927246 319.399139 -500.749481 0.7444 0.6143 0.5155
v -2302.927246 63.399010 -420.749420 0.7444 0.6143 0.5155
v -2302.927246 63.398994 -500.749451 0.7444 0.6143 0.5155
v -2302.927246 63.398994 -532.749390 0.7444 0.6143 0.5155
v -2302.927246 63.399040 -196.749298 0.7444 0.6143 0.5155
v -2302.927246 63.399025 -244.749329 0.7444 0.6143 0.5155
v -2302.927246 63.399025 -276.749359 0.7444 0.6143 0.5155
v -2302.927246 63.399010 -420.749420 0.7444 0.6143 0.5155
v -2302.927246 31.398994 -420.749420 0.7444 0.6143 0.5155
v -2302.927246 31.399025 -196.749298 0.7444 0.6143 0.5155
v -2302.927246 63.399055 27.250799 0.7444 0.6143 0.5155
v -2302.927246 63.399055 11.250792 0.7444 0.6143 0.5155
v -2302.927246 63.399055 -20.749224 0.7444 0.6143 0.5155
v -2302.927246 63.399040 -196.749298 0.7444 0.6143 0.5155
v -2302.927246 31.399025 -196.749298 0.7444 0.6143 0.5155
v -2302.927246 31.399040 27.250803 0.7444 0.6143 0.5155
v -2302.927246 63.399086 251.250885 0.7444 0.6143 0.5155
v -2302.927246 63.399086 235.250885 0.7444 0.6143 0.5155
v -2302.927246 63.399055 27.250799 0.7444 0.6143 0.5155
v -2302.927246 31.399040 27.250803 0.7444 0.6143 0.5155
v -2302.927246 31.399071 251.250885 0.7444 0.6143 0.5155
v -2302.927246 319.399200 -20.749254 0.7444 0.6143 0.5155
v -2302.927246 287.399170 -20.749250 0.7444 0.6143 0.5155
v -2302.927246 319.399200 11.250761 0.7444 0.6143 0.5155
v -2302.927246 287.399170 11.250765 0.7444 0.6143 0.5155
v -2302.927246 287.399200 235.250854 0.7444 0.6143 0.5155
v -2302.927246 319.399231 235.250854 0.7444 0.6143 0.5155
v -1854.926880 63.399071 107.250839 0.7444 0.6143 0.5155
v -2030.927002 63.399071 107.250839 0.7444 0.6143 0.5155
v -2046.927002 31.399055 107.250839 0.7444 0.6143 0.5155
v -2046.927002 63.399071 107.250839 0.7444 0.6143 0.5155
v -1902.926880 31.399055 123.250854 0.7444 0.6143 0.5155
v -1902.926880 63.399071 123.250854 0.7444 0.6143 0.5155
v -1854.926880 63.399071 123.250854 0.7444 0.6143 0.5155
v -2302.927246 319.399231 235.250854 0.7444 0.6143 0.5155
v -2318.927246 287.399200 251.250854 0.7444 0.6143 0.5155
v -2318.927246 319.399231 251.250854 0.7444 0.6143 0.5155
v -2366.927246 287.399139 -212.749344 0.7444 0.6143 0.5155
v -2366.927246 287.399170 -84.749283 0.7444 0.6143 0.5155
v -2366.927246 287.399170 -52.749268 0.7444 0.6143 0.5155
v -2366.927246 319.399200 -52.749268 0.7444 0.6143 0.5155
v -2366.927246 319.399170 -244.749359 0.7444 0.6143 0.5155
v -2366.927246 287.399139 -244.749359 0.7444 0.6143 0.5155
v -2334.927246 287.399170 -52.749268 0.7444 0.6143 0.5155
v -2302.927246 287.399170 -20.749250 0.7444 0.6143 0.5155
v -2302.927246 319.399200 -20.749254 0.7444 0.6143 0.5155
v -2302.927246 319.399170 -276.749390 0.7444 0.6143 0.5155
v -2302.927246 287.399139 -276.749390 0.7444 0.6143 0.5155
v -2334.927246 319.399170 -244.749359 0.7444 0.6143 0.5155
v -2334.927246 287.399139 -244.749359 0.7444 0.6143 0.5155
v -2366.927246 287.399139 -244.749359 0.7444 0.6143 0.5155
v -2334.927246 287.399170 -52.749268 0.7444 0.6143 0.5155
v -2334.927246 319.399200 -52.749268 0.7444 0.6143 0.5155
v -2366.927246 319.399200 -52.749268 0.7444 0.6143 0.5155
v -1902.926880 63.399178 1003.251282 0.7444 0.6143 0.5155
v -1902.926880 255.399292 1003.251282 0.7444 0.6143 0.5155
v -1406.926636 55.399178 971.251282 0.7444 0.6143 0.5155
v -1662.926880 55.399178 971.251282 0.7444 0.6143 0.5155
v -1454.926758 55.399178 971.251282 0.7444 0.6143 0.5155
v -1438.926758 55.399178 971.251282 0.7444 0.6143 0.5155
v -1438.926758 63.399178 971.251282 0.7444 0.6143 0.5155
v -1406.926636 255.399292 971.251221 0.7444 0.6143 0.5155
v -1406.926636 287.399292 971.251221 0.7444 0.6143 0.5155
v -1438.926758 287.399292 971.251221 0.7444 0.6143 0.5155
v -1662.926880 287.399292 971.251221 0.7444 0.6143 0.5155
v -1662.926880 255.399292 971.251221 0.7444 0.6143 0.5155
v -1438.926758 255.399292 971.251221 0.7444 0.6143 0.5155
v -782.926453 287.399231 603.251038 0.7444 0.6143 0.5155
v -766.926392 255.399261 619.251038 0.7444 0.6143 0.5155
v -894.926514 255.399261 619.251038 0.7444 0.6143 0.5155
v -814.926453 255.399231 491.250946 0.7444 0.6143 0.5155
v -798.926453 255.399231 491.250946 0.7444 0.6143 0.5155
v -766.926392 255.399231 491.250946 0.7444 0.6143 0.5155
v -782.926453 287.399231 507.250946 0.7444 0.6143 0.5155
v -814.926453 287.399231 507.250946 0.7444 0.6143 0.5155
v -878.926514 287.399231 507.250946 0.7444 0.6143 0.5155
v -894.926514 255.399231 587.251038 0.7444 0.6143 0.5155
v -894.926514 255.399231 571.251038 0.7444 0.6143 0.5155
v -894.926514 255.399231 491.250946 0.7444 0.6143 0.5155
v -878.926514 287.399231 603.251038 0.7444 0.6143 0.5155
v -1150.926636 31.399117 651.251099 0.7444 0.6143 0.5155
v -1150.926636 63.399132 651.251099 0.7444 0.6143 0.5155
v -1150.926636 63.399132 619.251099 0.7444 0.6143 0.5155
v -1150.926636 31.399117 619.251099 0.7444 0.6143 0.5155
v -1150.926636 31.399147 875.251221 0.7444 0.6143 0.5155
v -1150.926636 55.399178 971.251282 0.7444 0.6143 0.5155
v -1150.926636 63.399162 843.251221 0.7444 0.6143 0.5155
v -1150.926636 31.399147 843.251221 0.7444 0.6143 0.5155
v -1150.926636 223.399231 619.251038 0.7444 0.6143 0.5155
v -1150.926636 255.399261 747.251099 0.7444 0.6143 0.5155
v -1150.926636 223.399231 747.251099 0.7444 0.6143 0.5155
v -1150.926636 223.399231 843.251160 0.7444 0.6143 0.5155
v -1150.926636 223.399261 971.251221 0.7444 0.6143 0.5155
v -766.926392 31.399117 619.251099 0.7444 0.6143 0.5155
v -766.926392 63.399132 619.251099 0.7444 0.6143 0.5155
v -894.926514 63.399132 619.251099 0.7444 0.6143 0.5155
v -926.926514 31.399117 619.251099 0.7444 0.6143 0.5155
v -990.926575 31.399117 619.251099 0.7444 0.6143 0.5155
v -926.926514 63.399132 619.251099 0.7444 0.6143 0.5155
v -798.926453 223.399200 427.250977 0.7444 0.6143 0.5155
v -798.926453 223.399200 491.250946 0.7444 0.6143 0.5155
v -814.926453 255.399231 427.250977 0.7444 0.6143 0.5155
v -766.926392 63.399132 587.251099 0.7444 0.6143 0.5155
v -766.926392 63.399117 491.251007 0.7444 0.6143 0.5155
v -766.926392 31.399101 427.250977 0.7444 0.6143 0.5155
v -766.926392 31.399117 587.251099 0.7444 0.6143 0.5155
v -766.926392 31.399086 363.250946 0.7444 0.6143 0.5155
v -766.926392 63.399101 395.250977 0.7444 0.6143 0.5155
v -766.926392 63.399117 427.250977 0.7444 0.6143 0.5155
v -766.926392 31.399086 395.250977 0.7444 0.6143 0.5155
v -894.926514 223.399200 587.251038 0.7444 0.6143 0.5155
v -926.926514 223.399200 587.251038 0.7444 0.6143 0.5155
v -926.926514 255.399231 571.251038 0.7444 0.6143 0.5155
v -1150.926636 223.399200 587.251038 0.7444 0.6143 0.5155
v -1150.926636 255.399231 571.251038 0.7444 0.6143 0.5155
v -1262.926636 63.399086 251.250885 0.7444 0.6143 0.5155
v -1278.926636 63.399086 267.250916 0.7444 0.6143 0.5155
v -1262.926636 255.399200 251.250885 0.7444 0.6143 0.5155
v -1262.926636 223.399170 251.250885 0.7444 0.6143 0.5155
v -1214.926636 39.399101 427.250977 0.7444 0.6143 0.5155
v -1214.926636 63.399117 427.250977 0.7444 0.6143 0.5155
v -1214.926636 223.399200 395.250977 0.7444 0.6143 0.5155
v -1214.926636 223.399170 251.250885 0.7444 0.6143 0.5155
v -1214.926636 223.399200 427.250977 0.7444 0.6143 0.5155
v -1198.926636 255.399231 395.250977 0.7444 0.6143 0.5155
v -1198.926636 255.399261 619.251038 0.7444 0.6143 0.5155
v -1214.926636 223.399231 651.251038 0.7444 0.6143 0.5155
v -1214.926636 223.399231 619.251038 0.7444 0.6143 0.5155
v -1214.926636 223.399261 875.251160 0.7444 0.6143 0.5155
v -1214.926636 223.399231 747.251099 0.7444 0.6143 0.5155
v -1198.926636 255.399261 747.251099 0.7444 0.6143 0.5155
v -1230.926636 63.399162 843.251221 0.7444 0.6143 0.5155
v -1230.926636 63.399132 651.251099 0.7444 0.6143 0.5155
v -1214.926636 31.399117 619.251099 0.7444 0.6143 0.5155
v -1214.926636 63.399132 619.251099 0.7444 0.6143 0.5155
v -1230.926636 31.399117 651.251099 0.7444 0.6143 0.5155
v -1214.926636 63.399162 875.251221 0.7444 0.6143 0.5155
v -1230.926636 31.399147 843.251221 0.7444 0.6143 0.5155
v -1214.926636 31.399147 875.251221 0.7444 0.6143 0.5155
v -1278.926636 255.399200 267.250916 0.7444 0.6143 0.5155
v -1278.926636 223.399170 267.250916 0.7444 0.6143 0.5155
v -1534.926758 223.399170 267.250916 0.7444 0.6143 0.5155
v -1310.926636 255.399200 267.250916 0.7444 0.6143 0.5155
v -1310.926636 223.399170 267.250916 0.7444 0.6143 0.5155
v -1310.926636 63.399086 267.250916 0.7444 0.6143 0.5155
v -1278.926636 54.063179 267.250916 0.7444 0.6143 0.5155
v -1534.926758 63.399086 267.250916 0.7444 0.6143 0.5155
v -1310.926636 51.401588 267.250916 0.7444 0.6143 0.5155
v -1534.926758 255.399200 267.250916 0.7444 0.6143 0.5155
v -1550.926758 223.399170 251.250885 0.7444 0.6143 0.5155
v -1550.926758 255.399200 251.250885 0.7444 0.6143 0.5155
v -1534.926758 32.729073 267.250916 0.7444 0.6143 0.5155
v -1550.926758 33.399071 251.250885 0.7444 0.6143 0.5155
v -1214.926636 63.399178 971.251282 0.7444 0.6143 0.5155
v -1214.926636 63.399178 1003.251282 0.7444 0.6143 0.5155
v -1214.926636 55.399178 971.251282 0.7444 0.6143 0.5155
v -1150.926636 223.399261 1003.251282 0.7444 0.6143 0.5155
v -1150.926636 255.399292 1019.251282 0.7444 0.6143 0.5155
v -1150.926636 255.399292 971.251221 0.7444 0.6143 0.5155
v -638.926331 255.399292 1019.251282 0.7444 0.6143 0.5155
v -702.926331 255.399292 1019.251282 0.7444 0.6143 0.5155
v -638.926331 223.399261 1003.251282 0.7444 0.6143 0.5155
v -926.926514 255.399292 1019.251282 0.7444 0.6143 0.5155
v -702.926331 223.399261 1003.251282 0.7444 0.6143 0.5155
v -926.926514 223.399261 1003.251282 0.7444 0.6143 0.5155
v -1214.926636 223.399261 1003.251282 0.7444 0.6143 0.5155
v -1198.926636 255.399292 1019.251282 0.7444 0.6143 0.5155
v -1214.926636 255.399292 1019.251282 0.7444 0.6143 0.5155
v -1214.926636 223.399261 971.251221 0.7444 0.6143 0.5155
v -1198.926636 255.399292 971.251221 0.7444 0.6143 0.5155
v -1150.926636 63.399178 1003.251282 0.7444 0.6143 0.5155
v -1150.926636 63.399178 971.251282 0.7444 0.6143 0.5155
v -702.926331 63.399178 1003.251282 0.7444 0.6143 0.5155
v -766.926392 63.399178 1003.251282 0.7444 0.6143 0.5155
v -638.926331 31.399162 1003.251282 0.7444 0.6143 0.5155
v -1678.926880 255.399323 1131.251221 0.7444 0.6143 0.5155
v -1678.926880 255.399292 1003.251282 0.7444 0.6143 0.5155
v -1678.926880 287.399292 987.251221 0.7444 0.6143 0.5155
v -1454.926758 255.399323 1131.251221 0.7444 0.6143 0.5155
v -1678.926880 287.399323 1131.251221 0.7444 0.6143 0.5155
v -1454.926758 287.399323 1131.251221 0.7444 0.6143 0.5155
v -1390.926636 287.399292 987.251221 0.7444 0.6143 0.5155
v -1390.926636 255.399292 1003.251282 0.7444 0.6143 0.5155
v -1390.926636 255.399323 1131.251221 0.7444 0.6143 0.5155
v -1390.926636 287.399323 1131.251221 0.7444 0.6143 0.5155
v -1390.926636 255.399292 987.251221 0.7444 0.6143 0.5155
v -1678.926880 255.399292 987.251221 0.7444 0.6143 0.5155
v -1790.926880 287.399353 1515.251465 0.7444 0.6143 0.5155
v -1806.926880 319.399384 1515.251465 0.7444 0.6143 0.5155
v -1790.926880 287.399353 1451.251465 0.7444 0.6143 0.5155
v -1902.926880 287.399353 1451.251465 0.7444 0.6143 0.5155
v -1806.926880 287.399353 1451.251465 0.7444 0.6143 0.5155
v -1806.926880 319.399384 1467.251465 0.7444 0.6143 0.5155
v -1902.926880 319.399384 1467.251465 0.7444 0.6143 0.5155
v -1678.926880 59.399178 987.251282 0.7444 0.6143 0.5155
v -1678.926880 63.399178 1003.251282 0.7444 0.6143 0.5155
v -1390.926636 63.399178 987.251282 0.7444 0.6143 0.5155
v -1390.926636 59.399178 987.251282 0.7444 0.6143 0.5155
v -1390.926636 63.399178 1003.251282 0.7444 0.6143 0.5155
v -1406.926636 63.399178 971.251282 0.7444 0.6143 0.5155
v -1678.926880 63.399178 987.251282 0.7444 0.6143 0.5155
v -1662.926880 63.399178 971.251282 0.7444 0.6143 0.5155
v -1390.926636 255.399292 1019.251282 0.7444 0.6143 0.5155
v -1390.926636 223.399261 1003.251282 0.7444 0.6143 0.5155
v -1902.926880 255.399292 1019.251282 0.7444 0.6143 0.5155
v -1902.926880 223.399261 1003.251282 0.7444 0.6143 0.5155
v -1678.926880 223.399261 1003.251282 0.7444 0.6143 0.5155
v -1678.926880 255.399292 1019.251282 0.7444 0.6143 0.5155
v -1950.927002 63.399178 971.251282 0.7444 0.6143 0.5155
v -2174.927246 55.399178 971.251282 0.7444 0.6143 0.5155
v -2046.927002 55.399178 971.251282 0.7444 0.6143 0.5155
v -1950.927002 55.399178 971.251282 0.7444 0.6143 0.5155
v -1918.926880 287.399292 971.251221 0.7444 0.6143 0.5155
v -1950.927002 255.399292 971.251221 0.7444 0.6143 0.5155
v -1950.927002 287.399292 971.251221 0.7444 0.6143 0.5155
v -2174.927246 287.399292 971.251221 0.7444 0.6143 0.5155
v -2174.927246 255.399292 971.251221 0.7444 0.6143 0.5155
v -2494.927246 31.399147 875.251221 0.7444 0.6143 0.5155
v -2494.927246 55.399178 971.251282 0.7444 0.6143 0.5155
v -2494.927246 63.399132 619.251099 0.7444 0.6143 0.5155
v -2494.927246 63.399117 491.251007 0.7444 0.6143 0.5155
v -2302.927246 63.399132 619.251099 0.7444 0.6143 0.5155
v -2302.927246 31.399117 619.251099 0.7444 0.6143 0.5155
v -2318.927246 31.399117 619.251099 0.7444 0.6143 0.5155
v -2030.927002 31.399117 619.251099 0.7444 0.6143 0.5155
v -2046.927002 31.399117 619.251099 0.7444 0.6143 0.5155
v -2302.927246 63.399101 395.250977 0.7444 0.6143 0.5155
v -2302.927246 63.399086 267.250916 0.7444 0.6143 0.5155
v -2302.927246 63.399086 251.250885 0.7444 0.6143 0.5155
v -2302.927246 31.399071 251.250885 0.7444 0.6143 0.5155
v -2302.927246 31.399086 395.250977 0.7444 0.6143 0.5155
v -2302.927246 31.399117 619.251099 0.7444 0.6143 0.5155
v -2302.927246 63.399132 619.251099 0.7444 0.6143 0.5155
v -2302.927246 63.399117 459.251007 0.7444 0.6143 0.5155
v -2302.927246 63.399117 427.250977 0.7444 0.6143 0.5155
v -2302.927246 63.399101 395.250977 0.7444 0.6143 0.5155
v -2302.927246 31.399086 395.250977 0.7444 0.6143 0.5155
v -2046.927002 31.399071 251.250885 0.7444 0.6143 0.5155
v -2046.927002 63.399086 251.250885 0.7444 0.6143 0.5155
v -2046.927002 63.399101 395.250977 0.7444 0.6143 0.5155
v -2046.927002 63.399117 475.251007 0.7444 0.6143 0.5155
v -2046.927002 63.399132 619.251099 0.7444 0.6143 0.5155
v -2046.927002 31.399086 395.250977 0.7444 0.6143 0.5155
v -2030.927002 31.399086 315.250916 0.7444 0.6143 0.5155
v -2030.927002 31.399086 395.250977 0.7444 0.6143 0.5155
v -2030.927002 63.399101 395.250977 0.7444 0.6143 0.5155
v -2030.927002 63.399101 315.250916 0.7444 0.6143 0.5155
v -2030.927002 31.399101 539.251038 0.7444 0.6143 0.5155
v -2030.927002 63.399132 619.251099 0.7444 0.6143 0.5155
v -2030.927002 63.399117 475.251007 0.7444 0.6143 0.5155
v -2366.927246 287.399200 267.250885 0.7444 0.6143 0.5155
v -2366.927246 319.399231 267.250885 0.7444 0.6143 0.5155
v -2318.927246 287.399200 251.250854 0.7444 0.6143 0.5155
v -2334.927246 287.399200 267.250885 0.7444 0.6143 0.5155
v -2334.927246 319.399231 267.250885 0.7444 0.6143 0.5155
v -2318.927246 319.399231 251.250854 0.7444 0.6143 0.5155
v -2398.927246 319.399261 427.250946 0.7444 0.6143 0.5155
v -2494.927246 287.399231 427.250946 0.7444 0.6143 0.5155
v -2494.927246 319.399261 427.250946 0.7444 0.6143 0.5155
v -2366.927246 287.399231 395.250946 0.7444 0.6143 0.5155
v -2366.927246 287.399200 267.250885 0.7444 0.6143 0.5155
v -2366.927246 319.399261 395.250946 0.7444 0.6143 0.5155
v -2398.927246 287.399231 427.250946 0.7444 0.6143 0.5155
v -2398.927246 319.399261 427.250946 0.7444 0.6143 0.5155
v -2318.927246 31.399101 475.251007 0.7444 0.6143 0.5155
v -2334.927246 31.399101 491.251007 0.7444 0.6143 0.5155
v -2318.927246 63.399117 475.251007 0.7444 0.6143 0.5155
v -2334.927246 63.399117 491.251007 0.7444 0.6143 0.5155
v -2334.927246 31.399101 491.251007 0.7444 0.6143 0.5155
v -2494.927246 31.399101 491.251007 0.7444 0.6143 0.5155
v -2318.927246 63.399132 619.251099 0.7444 0.6143 0.5155
v -2318.927246 31.399117 619.251099 0.7444 0.6143 0.5155
v -2318.927246 31.399101 475.251007 0.7444 0.6143 0.5155
v -2318.927246 63.399117 475.251007 0.7444 0.6143 0.5155
v -2494.927246 31.399147 875.251221 0.7444 0.6143 0.5155
v -2494.927246 63.399162 875.251221 0.7444 0.6143 0.5155
v -2478.927246 63.399132 651.251099 0.7444 0.6143 0.5155
v -2494.927246 63.399132 619.251099 0.7444 0.6143 0.5155
v -2494.927246 31.399117 619.251099 0.7444 0.6143 0.5155
v -2478.927246 31.399147 843.251221 0.7444 0.6143 0.5155
v -2478.927246 63.399162 843.251221 0.7444 0.6143 0.5155
v -2494.927246 63.399162 843.251221 0.7444 0.6143 0.5155
v -2494.927246 31.399147 843.251221 0.7444 0.6143 0.5155
v -2494.927246 63.399132 651.251099 0.7444 0.6143 0.5155
v -2478.927246 63.399132 651.251099 0.7444 0.6143 0.5155
v -2478.927246 31.399117 651.251099 0.7444 0.6143 0.5155
v -2494.927246 31.399117 651.251099 0.7444 0.6143 0.5155
v -2494.927246 287.399231 427.250946 0.7444 0.6143 0.5155
v -2510.927246 319.399261 427.250946 0.7444 0.6143 0.5155
v -2494.927246 287.399231 427.250946 0.7444 0.6143 0.5155
v -2510.927246 319.399261 523.250977 0.7444 0.6143 0.5155
v -2494.927246 287.399231 523.250977 0.7444 0.6143 0.5155
v -2494.927246 287.399261 651.251038 0.7444 0.6143 0.5155
v -2510.927246 319.399292 747.251099 0.7444 0.6143 0.5155
v -2494.927246 287.399261 747.251099 0.7444 0.6143 0.5155
v -2494.927246 287.399292 875.251160 0.7444 0.6143 0.5155
v -2494.927246 287.399292 971.251221 0.7444 0.6143 0.5155
v -2510.927246 319.399323 971.251221 0.7444 0.6143 0.5155
v -2510.927246 319.399292 747.251099 0.7444 0.6143 0.5155
v -2494.927246 63.399162 843.251221 0.7444 0.6143 0.5155
v -2510.927246 63.399162 843.251221 0.7444 0.6143 0.5155
v -2510.927246 31.399147 843.251221 0.7444 0.6143 0.5155
v -2494.927246 31.399147 843.251221 0.7444 0.6143 0.5155
v -2510.927246 63.399132 651.251099 0.7444 0.6143 0.5155
v -2494.927246 63.399132 651.251099 0.7444 0.6143 0.5155
v -2494.927246 31.399117 651.251099 0.7444 0.6143 0.5155
v -2510.927246 31.399117 651.251099 0.7444 0.6143 0.5155
v -2494.927246 63.399178 1003.251282 0.7444 0.6143 0.5155
v -2494.927246 63.399178 971.251282 0.7444 0.6143 0.5155
v -2190.927246 287.399323 1131.251221 0.7444 0.6143 0.5155
v -2190.927246 255.399323 1131.251221 0.7444 0.6143 0.5155
v -2190.927246 255.399292 1003.251282 0.7444 0.6143 0.5155
v -2190.927246 287.399292 987.251221 0.7444 0.6143 0.5155
v -1902.926880 287.399323 1131.251221 0.7444 0.6143 0.5155
v -1902.926880 255.399323 1131.251221 0.7444 0.6143 0.5155
v -1966.927002 255.399323 1131.251221 0.7444 0.6143 0.5155
v -1966.927002 287.399323 1131.251221 0.7444 0.6143 0.5155
v -2190.927246 255.399292 987.251221 0.7444 0.6143 0.5155
v -1918.926880 255.399292 971.251221 0.7444 0.6143 0.5155
v -1902.926880 255.399292 987.251221 0.7444 0.6143 0.5155
v -1902.926880 287.399292 987.251221 0.7444 0.6143 0.5155
v -2046.927002 287.399353 1451.251465 0.7444 0.6143 0.5155
v -2046.927002 319.399384 1467.251465 0.7444 0.6143 0.5155
v -2270.927246 319.399384 1467.251465 0.7444 0.6143 0.5155
v -2494.927246 287.399353 1451.251465 0.7444 0.6143 0.5155
v -2270.927246 287.399353 1451.251465 0.7444 0.6143 0.5155
v -2494.927246 319.399384 1467.251465 0.7444 0.6143 0.5155
v -2190.927246 59.399178 987.251282 0.7444 0.6143 0.5155
v -2190.927246 63.399178 987.251282 0.7444 0.6143 0.5155
v -2190.927246 63.399178 1003.251282 0.7444 0.6143 0.5155
v -2174.927246 63.399178 971.251282 0.7444 0.6143 0.5155
v -1918.926880 63.399178 971.251282 0.7444 0.6143 0.5155
v -1918.926880 55.399178 971.251282 0.7444 0.6143 0.5155
v -1902.926880 59.399178 987.251282 0.7444 0.6143 0.5155
v -1902.926880 63.399178 987.251282 0.7444 0.6143 0.5155
v -2270.927246 223.399261 1003.251282 0.7444 0.6143 0.5155
v -2190.927246 223.399261 1003.251282 0.7444 0.6143 0.5155
v -2190.927246 255.399292 1019.251282 0.7444 0.6143 0.5155
v -2270.927246 255.399292 1019.251282 0.7444 0.6143 0.5155
v -2494.927246 255.399292 1019.251282 0.7444 0.6143 0.5155
v -2494.927246 223.399261 1003.251282 0.7444 0.6143 0.5155
v -2494.927246 287.399292 971.251221 0.7444 0.6143 0.5155
v -2494.927246 287.399292 1019.251282 0.7444 0.6143 0.5155
v -2510.927246 319.399323 1019.251282 0.7444 0.6143 0.5155
v -2494.927246 287.399292 1035.251221 0.7444 0.6143 0.5155
v -2494.927246 287.399323 1243.251343 0.7444 0.6143 0.5155
v -2510.927246 319.399353 1243.251343 0.7444 0.6143 0.5155
v -2494.927246 287.399323 1243.251343 0.7444 0.6143 0.5155
v -2510.927246 319.399384 1467.251465 0.7444 0.6143 0.5155
v -2510.927246 319.399353 1243.251343 0.7444 0.6143 0.5155
v -2494.927246 287.399353 1451.251465 0.7444 0.6143 0.5155
v -2510.927246 319.399384 1467.251465 0.7444 0.6143 0.5155
v 257.074036 -96.601196 -1588.750000 0.7882 0.5804 0.3961
v 257.074036 -96.601196 -1556.750000 0.7882 0.5804 0.3961
v 257.074036 -96.601189 -1524.750000 0.7882 0.5804 0.3961
v 1.073990 -96.601196 -1556.750000 0.7882 0.5804 0.3961
v 1.073990 -96.601196 -1588.750000 0.7882 0.5804 0.3961
v 1.073990 -96.601204 -1620.750000 0.7882 0.5804 0.3961
v 225.074112 -96.601189 -1524.750000 0.7882 0.5804 0.3961
v 161.074081 -96.601189 -1524.750000 0.7882 0.5804 0.3961
v 1.073990 -96.601189 -1524.750000 0.7882 0.5804 0.3961
v 145.074051 -96.601204 -1668.750000 0.7882 0.5804 0.3961
v 1.073990 -96.601204 -1652.750000 0.7882 0.5804 0.3961
v 129.074051 -96.601204 -1652.750000 0.7882 0.5804 0.3961
v 257.074036 -96.601204 -1620.750000 0.7882 0.5804 0.3961
v 225.074112 -96.601204 -1620.750000 0.7882 0.5804 0.3961
v 97.074051 -96.601204 -1620.750000 0.7882 0.5804 0.3961
v 145.074051 -96.601227 -1812.750122 0.7882 0.5804 0.3961
v 257.074036 -96.601227 -1812.750122 0.7882 0.5804 0.3961
v 257.074036 -96.601212 -1684.750000 0.7882 0.5804 0.3961
v 161.074081 -96.601212 -1684.750000 0.7882 0.5804 0.3961
v 145.074051 -96.601212 -1684.750000 0.7882 0.5804 0.3961
v 1.073990 -96.601212 -1716.750122 0.7882 0.5804 0.3961
v 1.073990 -96.601219 -1748.750122 0.7882 0.5804 0.3961
v 1.073990 -96.601219 -1780.750122 0.7882 0.5804 0.3961
v 1.073990 -96.601227 -1812.750122 0.7882 0.5804 0.3961
v 129.074051 -96.601227 -1812.750122 0.7882 0.5804 0.3961
v 129.074051 -96.601219 -1780.750122 0.7882 0.5804 0.3961
v 129.074051 -96.601219 -1748.750122 0.7882 0.5804 0.3961
v 129.074051 -96.601212 -1716.750122 0.7882 0.5804 0.3961
v 161.074081 -96.601181 -1428.750000 0.7882 0.5804 0.3961
v 1.073990 -96.601181 -1428.750000 0.7882 0.5804 0.3961
v -254.926132 -96.601181 -1428.750000 0.7882 0.5804 0.3961
v -254.926132 -96.601196 -1556.750000 0.7882 0.5804 0.3961
v -190.926102 -96.601196 -1556.750000 0.7882 0.5804 0.3961
v -30.926025 -96.601181 -1428.750000 0.7882 0.5804 0.3961
v -190.926102 -96.601196 -1588.750000 0.7882 0.5804 0.3961
v -30.926025 -96.601196 -1556.750000 0.7882 0.5804 0.3961
v -494.926239 -96.601151 -1172.749756 0.7882 0.5804 0.3961
v -446.926208 -96.601166 -1300.749878 0.7882 0.5804 0.3961
v -382.926208 -96.601151 -1172.749756 0.7882 0.5804 0.3961
v -318.926147 -96.601181 -1428.750000 0.7882 0.5804 0.3961
v -254.926132 -96.601189 -1492.750000 0.7882 0.5804 0.3961
v -382.926208 -96.601166 -1300.749878 0.7882 0.5804 0.3961
v -382.926208 -96.601173 -1364.749878 0.7882 0.5804 0.3961
v -494.926239 -96.601166 -1300.749878 0.7882 0.5804 0.3961
v -494.926239 -96.601173 -1396.749878 0.7882 0.5804 0.3961
v -350.926178 -96.601173 -1396.749878 0.7882 0.5804 0.3961
v -494.926239 -96.601181 -1428.750000 0.7882 0.5804 0.3961
v -302.926147 -96.601204 -1620.750000 0.7882 0.5804 0.3961
v -254.926132 -96.601204 -1620.750000 0.7882 0.5804 0.3961
v -494.926239 -96.601204 -1620.750000 0.7882 0.5804 0.3961
v -478.926239 -96.601196 -1604.750000 0.7882 0.5804 0.3961
v -462.926208 -96.601196 -1588.750000 0.7882 0.5804 0.3961
v -478.926239 -96.601204 -1620.750000 0.7882 0.5804 0.3961
v -334.926178 -96.601196 -1588.750000 0.7882 0.5804 0.3961
v -398.926208 -96.601189 -1524.750000 0.7882 0.5804 0.3961
v -318.926147 -96.601204 -1620.750000 0.7882 0.5804 0.3961
v -318.926147 -96.601196 -1604.750000 0.7882 0.5804 0.3961
v 65.074020 -96.601067 -468.749420 0.7882 0.5804 0.3961
v 81.074020 -96.601067 -484.749420 0.7882 0.5804 0.3961
v 129.074051 -96.601067 -500.749420 0.7882 0.5804 0.3961
v 81.074020 -96.601067 -500.749420 0.7882 0.5804 0.3961
v 97.074051 -96.601067 -500.749420 0.7882 0.5804 0.3961
v -510.926270 -96.601074 -532.749390 0.7882 0.5804 0.3961
v -510.926270 -96.601074 -564.749451 0.7882 0.5804 0.3961
v -510.926270 -96.601097 -724.749573 0.7882 0.5804 0.3961
v -382.926208 -96.601105 -820.749573 0.7882 0.5804 0.3961
v -382.926208 -96.601105 -788.749573 0.7882 0.5804 0.3961
v -494.926239 -96.601105 -788.749573 0.7882 0.5804 0.3961
v -494.926239 -96.601120 -948.749634 0.7882 0.5804 0.3961
v -494.926239 -96.601128 -1012.749695 0.7882 0.5804 0.3961
v -382.926208 -96.601135 -1044.749756 0.7882 0.5804 0.3961
v -382.926208 -96.601120 -948.749634 0.7882 0.5804 0.3961
v -382.926208 -96.601082 -596.749451 0.7882 0.5804 0.3961
v -510.926270 -96.601105 -788.749573 0.7882 0.5804 0.3961
v -94.926056 -96.601067 -468.749420 0.7882 0.5804 0.3961
v -254.926132 -96.601067 -468.749420 0.7882 0.5804 0.3961
v -510.926270 -96.601067 -468.749420 0.7882 0.5804 0.3961
v -318.926147 -96.601074 -532.749390 0.7882 0.5804 0.3961
v -286.926147 -96.601074 -532.749390 0.7882 0.5804 0.3961
v -126.926071 -96.601067 -500.749420 0.7882 0.5804 0.3961
v -94.926056 -96.601067 -500.749420 0.7882 0.5804 0.3961
v -78.926041 -96.601067 -484.749420 0.7882 0.5804 0.3961
v -62.926041 -96.601067 -468.749420 0.7882 0.5804 0.3961
v -78.926041 -96.601067 -500.749420 0.7882 0.5804 0.3961
v -158.926086 -96.601074 -532.749390 0.7882 0.5804 0.3961
v -142.926086 -96.601074 -532.749390 0.7882 0.5804 0.3961
v -142.926086 -96.601067 -516.749451 0.7882 0.5804 0.3961
v 33.074020 -96.601059 -436.749390 0.7882 0.5804 0.3961
v 129.074051 -96.601067 -468.749420 0.7882 0.5804 0.3961
v -14.926010 -96.601051 -388.749390 0.7882 0.5804 0.3961
v -62.926041 -96.601059 -436.749390 0.7882 0.5804 0.3961
v 97.074051 -96.601044 -276.749329 0.7882 0.5804 0.3961
v 129.074051 -96.601051 -340.749359 0.7882 0.5804 0.3961
v 193.074081 -96.600998 107.250854 0.7882 0.5804 0.3961
v 1.073990 -96.600998 107.250854 0.7882 0.5804 0.3961
v 161.074081 -96.600998 107.250854 0.7882 0.5804 0.3961
v 257.074036 -96.601006 43.250824 0.7882 0.5804 0.3961
v 161.074081 -96.601013 -52.749222 0.7882 0.5804 0.3961
v 161.074081 -96.601044 -276.749329 0.7882 0.5804 0.3961
v 193.074081 -96.601044 -276.749329 0.7882 0.5804 0.3961
v 257.074036 -96.601044 -276.749329 0.7882 0.5804 0.3961
v 257.074036 -96.601013 -52.749222 0.7882 0.5804 0.3961
v -62.926041 -96.601006 43.250824 0.7882 0.5804 0.3961
v -62.926041 -96.601028 -148.749268 0.7882 0.5804 0.3961
v 161.074081 -96.600990 139.250870 0.7882 0.5804 0.3961
v 257.074036 -96.600990 171.250885 0.7882 0.5804 0.3961
v 257.074036 -96.600975 251.250916 0.7882 0.5804 0.3961
v 49.074020 -96.600975 251.250916 0.7882 0.5804 0.3961
v -254.926132 -96.601044 -308.749329 0.7882 0.5804 0.3961
v -286.926147 -96.601044 -308.749329 0.7882 0.5804 0.3961
v -510.926270 -96.601044 -308.749329 0.7882 0.5804 0.3961
v -286.926147 -96.601067 -468.749420 0.7882 0.5804 0.3961
v -190.926102 -96.601044 -276.749329 0.7882 0.5804 0.3961
v -238.926117 -96.601044 -292.749329 0.7882 0.5804 0.3961
v -222.926117 -96.601044 -276.749329 0.7882 0.5804 0.3961
v -238.926117 -96.601044 -276.749329 0.7882 0.5804 0.3961
v -94.926056 -96.600983 203.250900 0.7882 0.5804 0.3961
v -62.926041 -96.600990 171.250885 0.7882 0.5804 0.3961
v -78.926041 -96.600983 187.250900 0.7882 0.5804 0.3961
v -94.926056 -96.600983 187.250900 0.7882 0.5804 0.3961
v -94.926056 -96.600983 235.250916 0.7882 0.5804 0.3961
v -62.926041 -96.600983 203.250900 0.7882 0.5804 0.3961
v -62.926041 -96.601044 -276.749329 0.7882 0.5804 0.3961
v -126.926071 -96.601036 -212.749298 0.7882 0.5804 0.3961
v -62.926041 -96.601013 -52.749222 0.7882 0.5804 0.3961
v -62.926041 -96.601006 11.250811 0.7882 0.5804 0.3961
v -110.926056 -96.601013 -36.749214 0.7882 0.5804 0.3961
v -126.926071 -96.601013 -52.749222 0.7882 0.5804 0.3961
v -94.926056 -96.601006 11.250811 0.7882 0.5804 0.3961
v -94.926056 -96.601013 -20.749205 0.7882 0.5804 0.3961
v -94.926056 -96.601006 27.250818 0.7882 0.5804 0.3961
v -78.926041 -96.601006 27.250818 0.7882 0.5804 0.3961
v -126.926071 -96.601013 -36.749214 0.7882 0.5804 0.3961
v -638.926331 -96.601044 -276.749329 0.7882 0.5804 0.3961
v -590.926270 -96.601044 -276.749329 0.7882 0.5804 0.3961
v -574.926270 -96.601044 -276.749329 0.7882 0.5804 0.3961
v 113.074051 -96.600967 315.250946 0.7882 0.5804 0.3961
v 257.074036 -96.600967 363.250977 0.7882 0.5804 0.3961
v 193.074081 -96.600967 363.250977 0.7882 0.5804 0.3961
v 129.074051 -96.600975 299.250946 0.7882 0.5804 0.3961
v 177.074081 -96.600975 251.250916 0.7882 0.5804 0.3961
v 129.074051 -96.600960 427.251007 0.7882 0.5804 0.3961
v 129.074051 -96.600937 619.251099 0.7882 0.5804 0.3961
v 113.074051 -96.600937 619.251099 0.7882 0.5804 0.3961
v 113.074051 -96.600960 411.251007 0.7882 0.5804 0.3961
v -254.926132 -96.600945 555.251038 0.7882 0.5804 0.3961
v -254.926132 -96.600952 491.251007 0.7882 0.5804 0.3961
v -190.926102 -96.600952 491.251007 0.7882 0.5804 0.3961
v -126.926071 -96.600975 251.250916 0.7882 0.5804 0.3961
v -110.926056 -96.600975 251.250916 0.7882 0.5804 0.3961
v -62.926041 -96.600975 251.250916 0.7882 0.5804 0.3961
v 1.073990 -96.600975 299.250946 0.7882 0.5804 0.3961
v -126.926071 -96.600960 427.251007 0.7882 0.5804 0.3961
v 113.074051 -96.600975 251.250916 0.7882 0.5804 0.3961
v -30.926025 -96.600937 619.251099 0.7882 0.5804 0.3961
v -30.926025 -96.600945 555.251038 0.7882 0.5804 0.3961
v 113.074051 -96.600945 523.251038 0.7882 0.5804 0.3961
v -30.926025 -96.600967 331.250977 0.7882 0.5804 0.3961
v 65.074020 -96.600967 363.250977 0.7882 0.5804 0.3961
v -110.926056 -96.600937 619.251099 0.7882 0.5804 0.3961
v -254.926132 -96.600937 619.251099 0.7882 0.5804 0.3961
v -254.926132 -96.600937 587.251099 0.7882 0.5804 0.3961
v -30.926025 -96.600945 523.251038 0.7882 0.5804 0.3961
v -350.926178 -96.600937 587.251099 0.7882 0.5804 0.3961
v -414.926208 -96.600937 587.251099 0.7882 0.5804 0.3961
v -478.926239 -96.600937 587.251099 0.7882 0.5804 0.3961
v -574.926270 -96.600952 491.251007 0.7882 0.5804 0.3961
v -350.926178 -96.600952 491.251007 0.7882 0.5804 0.3961
v -638.926331 -96.600960 427.251007 0.7882 0.5804 0.3961
v -318.926147 -80.600891 875.251221 0.7882 0.5804 0.3961
v -382.926208 -48.600872 939.251282 0.7882 0.5804 0.3961
v -446.926208 -16.600861 1003.251282 0.7882 0.5804 0.3961
v -638.926331 31.399162 1003.251282 0.7882 0.5804 0.3961
v -638.926331 -0.600868 875.251221 0.7882 0.5804 0.3961
v -478.926239 -40.600876 875.251221 0.7882 0.5804 0.3961
v -414.926208 -56.600883 875.251221 0.7882 0.5804 0.3961
v -382.926208 -32.600868 1003.251282 0.7882 0.5804 0.3961
v -414.926208 -24.600861 1003.251282 0.7882 0.5804 0.3961
v -414.926208 -32.600868 971.251282 0.7882 0.5804 0.3961
v -830.926453 -96.601082 -596.749451 0.7882 0.5804 0.3961
v -766.926392 -96.601082 -596.749451 0.7882 0.5804 0.3961
v -766.926392 -96.601074 -564.749451 0.7882 0.5804 0.3961
v -766.926392 -96.601074 -532.749390 0.7882 0.5804 0.3961
v -894.926514 -96.601074 -532.749390 0.7882 0.5804 0.3961
v -638.926331 -96.601013 -52.749222 0.7882 0.5804 0.3961
v -638.926331 -96.601013 -20.749205 0.7882 0.5804 0.3961
v -638.926331 -96.601006 43.250824 0.7882 0.5804 0.3961
v -766.926392 -96.601006 43.250824 0.7882 0.5804 0.3961
v -766.926392 -96.601013 -52.749222 0.7882 0.5804 0.3961
v -766.926392 -96.601028 -148.749268 0.7882 0.5804 0.3961
v -766.926392 -96.601036 -212.749298 0.7882 0.5804 0.3961
v -766.926392 -96.601044 -276.749329 0.7882 0.5804 0.3961
v -638.926331 -96.601036 -212.749298 0.7882 0.5804 0.3961
v -702.926331 -96.601006 43.250824 0.7882 0.5804 0.3961
v -766.926392 -96.600975 251.250916 0.7882 0.5804 0.3961
v -766.926392 -96.600990 171.250885 0.7882 0.5804 0.3961
v -702.926331 -96.600990 171.250885 0.7882 0.5804 0.3961
v -638.926331 -96.600990 171.250885 0.7882 0.5804 0.3961
v -638.926331 -96.600983 203.250900 0.7882 0.5804 0.3961
v -638.926331 -96.600975 251.250916 0.7882 0.5804 0.3961
v -894.926514 -96.601044 -276.749329 0.7882 0.5804 0.3961
v -830.926453 -96.601036 -212.749298 0.7882 0.5804 0.3961
v -1246.926636 60.729088 235.250885 0.7882 0.5804 0.3961
v -1214.926636 63.399086 235.250885 0.7882 0.5804 0.3961
v -1214.926636 61.399086 251.250885 0.7882 0.5804 0.3961
v -1262.926636 59.399086 235.250885 0.7882 0.5804 0.3961
v -1790.926880 -96.601044 -276.749329 0.7882 0.5804 0.3961
v -1662.926880 -96.601044 -276.749329 0.7882 0.5804 0.3961
v -1662.926880 -96.601028 -180.749283 0.7882 0.5804 0.3961
v -1678.926880 -96.601028 -164.749268 0.7882 0.5804 0.3961
v -1694.926880 -96.601028 -148.749268 0.7882 0.5804 0.3961
v -1694.926880 -96.601021 -84.749237 0.7882 0.5804 0.3961
v -1758.926880 -96.601021 -84.749237 0.7882 0.5804 0.3961
v -1662.926880 -96.601028 -164.749268 0.7882 0.5804 0.3961
v -1790.926880 -80.600998 11.250807 0.7882 0.5804 0.3961
v -1790.926880 -64.600983 107.250854 0.7882 0.5804 0.3961
v -1854.926880 -72.600983 107.250854 0.7882 0.5804 0.3961
v -1854.926880 -96.601013 -36.749214 0.7882 0.5804 0.3961
v -1790.926880 -96.601021 -84.749237 0.7882 0.5804 0.3961
v -1630.926758 31.399071 235.250885 0.7882 0.5804 0.3961
v -1614.926758 31.399071 251.250885 0.7882 0.5804 0.3961
v -1662.926880 31.399071 203.250885 0.7882 0.5804 0.3961
v -1742.926880 31.399055 123.250854 0.7882 0.5804 0.3961
v -1662.926880 31.399055 123.250854 0.7882 0.5804 0.3961
v -1550.926758 33.399071 251.250885 0.7882 0.5804 0.3961
v -1598.926758 31.399071 235.250885 0.7882 0.5804 0.3961
v -1550.926758 35.399071 235.250885 0.7882 0.5804 0.3961
v -1902.926880 31.399055 123.250854 0.7882 0.5804 0.3961
v -1854.926880 31.399055 123.250854 0.7882 0.5804 0.3961
v -1854.926880 31.399071 251.250885 0.7882 0.5804 0.3961
v -1902.926880 31.399071 251.250885 0.7882 0.5804 0.3961
v -1854.926880 -96.601013 -52.749222 0.7882 0.5804 0.3961
v -2046.927002 -96.601013 -52.749222 0.7882 0.5804 0.3961
v -2046.927002 -96.601021 -84.749237 0.7882 0.5804 0.3961
v -2046.927002 -96.601044 -276.749329 0.7882 0.5804 0.3961
v -1854.926880 -96.601044 -276.749329 0.7882 0.5804 0.3961
v -2046.927002 -96.600998 107.250854 0.7882 0.5804 0.3961
v -638.926331 -96.600952 475.251038 0.7882 0.5804 0.3961
v -638.926331 -96.600937 587.251099 0.7882 0.5804 0.3961
v -766.926392 -96.600937 587.251099 0.7882 0.5804 0.3961
v -766.926392 -96.600952 475.251038 0.7882 0.5804 0.3961
v -766.926392 -96.600967 363.250977 0.7882 0.5804 0.3961
v -926.926514 31.399147 875.251221 0.7882 0.5804 0.3961
v -766.926392 31.399147 875.251221 0.7882 0.5804 0.3961
v -1150.926636 55.399178 971.251282 0.7882 0.5804 0.3961
v -1150.926636 31.399147 875.251221 0.7882 0.5804 0.3961
v -990.926575 31.399147 875.251221 0.7882 0.5804 0.3961
v -926.926514 55.399178 971.251282 0.7882 0.5804 0.3961
v -1214.926636 31.399147 875.251221 0.7882 0.5804 0.3961
v -1278.926636 54.063179 267.250916 0.7882 0.5804 0.3961
v -1262.926636 57.399086 251.250885 0.7882 0.5804 0.3961
v -1214.926636 39.399101 427.250977 0.7882 0.5804 0.3961
v -1342.926636 31.399101 523.251038 0.7882 0.5804 0.3961
v -1390.926636 31.399086 373.915436 0.7882 0.5804 0.3961
v -1278.926636 31.399101 491.251007 0.7882 0.5804 0.3961
v -1342.926636 31.399101 491.251007 0.7882 0.5804 0.3961
v -1374.926636 31.399101 491.251007 0.7882 0.5804 0.3961
v -1390.926636 31.399101 475.251007 0.7882 0.5804 0.3961
v -1342.926636 31.399117 619.251099 0.7882 0.5804 0.3961
v -1454.926758 31.399086 411.250977 0.7882 0.5804 0.3961
v -1454.926758 31.399117 619.251099 0.7882 0.5804 0.3961
v -1502.926758 31.399117 619.251099 0.7882 0.5804 0.3961
v -1678.926880 31.399117 619.251099 0.7882 0.5804 0.3961
v -1678.926880 31.399101 475.251007 0.7882 0.5804 0.3961
v -1678.926880 31.399071 251.250885 0.7882 0.5804 0.3961
v -1454.926758 31.399101 475.251007 0.7882 0.5804 0.3961
v -1726.926880 31.399117 619.251099 0.7882 0.5804 0.3961
v -1550.926758 31.399071 267.250916 0.7882 0.5804 0.3961
v -1574.926758 31.399071 251.250885 0.7882 0.5804 0.3961
v -1534.926758 32.729073 267.250916 0.7882 0.5804 0.3961
v -1326.926636 50.068504 267.250916 0.7882 0.5804 0.3961
v -1326.926636 44.067619 315.250916 0.7882 0.5804 0.3961
v -1387.726685 31.399086 376.050934 0.7882 0.5804 0.3961
v -1278.926636 31.399101 448.580963 0.7882 0.5804 0.3961
v -1310.926636 31.399101 427.250977 0.7882 0.5804 0.3961
v -1278.926636 34.069099 427.250977 0.7882 0.5804 0.3961
v -1278.926636 31.399147 875.251221 0.7882 0.5804 0.3961
v -1406.926636 55.399178 971.251282 0.7882 0.5804 0.3961
v -1438.926758 55.399178 971.251282 0.7882 0.5804 0.3961
v -1454.926758 55.399178 971.251282 0.7882 0.5804 0.3961
v -1502.926758 31.399147 875.251221 0.7882 0.5804 0.3961
v -1454.926758 31.399147 875.251221 0.7882 0.5804 0.3961
v -1726.926880 31.399147 875.251221 0.7882 0.5804 0.3961
v -1678.926880 31.399147 875.251221 0.7882 0.5804 0.3961
v -1678.926880 55.399178 971.251282 0.7882 0.5804 0.3961
v -766.926392 63.399178 1003.251282 0.7882 0.5804 0.3961
v -926.926514 63.399178 1003.251282 0.7882 0.5804 0.3961
v -766.926392 55.399178 971.251282 0.7882 0.5804 0.3961
v -1150.926636 63.399178 1003.251282 0.7882 0.5804 0.3961
v -638.926331 23.399162 971.251282 0.7882 0.5804 0.3961
v -1214.926636 63.399178 1003.251282 0.7882 0.5804 0.3961
v -1278.926636 55.399178 971.251282 0.7882 0.5804 0.3961
v -1214.926636 55.399178 971.251282 0.7882 0.5804 0.3961
v -1374.926636 63.399178 1003.251282 0.7882 0.5804 0.3961
v -1390.926636 63.399178 1003.251282 0.7882 0.5804 0.3961
v -1390.926636 59.399178 987.251282 0.7882 0.5804 0.3961
v -1678.926880 63.399178 1003.251282 0.7882 0.5804 0.3961
v -1694.926880 63.399178 1003.251282 0.7882 0.5804 0.3961
v -1678.926880 59.399178 987.251282 0.7882 0.5804 0.3961
v -1902.926880 55.399178 971.251282 0.7882 0.5804 0.3961
v -1662.926880 55.399178 971.251282 0.7882 0.5804 0.3961
v -1902.926880 63.399178 1003.251282 0.7882 0.5804 0.3961
v -2494.927246 31.399117 619.251099 0.7882 0.5804 0.3961
v -2494.927246 31.399101 491.251007 0.7882 0.5804 0.3961
v -2334.927246 31.399101 491.251007 0.7882 0.5804 0.3961
v -2318.927246 31.399117 619.251099 0.7882 0.5804 0.3961
v -2366.927246 31.399117 619.251099 0.7882 0.5804 0.3961
v -2462.927246 31.399117 619.251099 0.7882 0.5804 0.3961
v -2318.927246 31.399101 475.251007 0.7882 0.5804 0.3961
v -1902.926880 31.399117 619.251099 0.7882 0.5804 0.3961
v -2030.927002 31.399117 619.251099 0.7882 0.5804 0.3961
v -2030.927002 31.399101 539.251038 0.7882 0.5804 0.3961
v -1902.926880 31.399101 539.251038 0.7882 0.5804 0.3961
v -2030.927002 31.399086 395.250977 0.7882 0.5804 0.3961
v -2030.927002 31.399086 315.250916 0.7882 0.5804 0.3961
v -1966.927002 31.399086 315.250916 0.7882 0.5804 0.3961
v -1902.926880 31.399101 475.251007 0.7882 0.5804 0.3961
v -1966.927002 31.399071 251.250885 0.7882 0.5804 0.3961
v -1902.926880 31.399086 315.250916 0.7882 0.5804 0.3961
v -2046.927002 31.399147 875.251221 0.7882 0.5804 0.3961
v -1902.926880 31.399147 875.251221 0.7882 0.5804 0.3961
v -1950.927002 55.399178 971.251282 0.7882 0.5804 0.3961
v -2270.927246 31.399147 875.251221 0.7882 0.5804 0.3961
v -2126.927002 31.399147 875.251221 0.7882 0.5804 0.3961
v -2046.927002 55.399178 971.251282 0.7882 0.5804 0.3961
v -2494.927246 55.399178 971.251282 0.7882 0.5804 0.3961
v -2494.927246 31.399147 875.251221 0.7882 0.5804 0.3961
v -2302.927246 31.399147 875.251221 0.7882 0.5804 0.3961
v -1902.926880 59.399178 987.251282 0.7882 0.5804 0.3961
v -1918.926880 55.399178 971.251282 0.7882 0.5804 0.3961
v -2190.927246 63.399178 1003.251282 0.7882 0.5804 0.3961
v -2206.927246 63.399178 1003.251282 0.7882 0.5804 0.3961
v -2190.927246 59.399178 987.251282 0.7882 0.5804 0.3961
v -2270.927246 63.399178 1003.251282 0.7882 0.5804 0.3961
v -2174.927246 55.399178 971.251282 0.7882 0.5804 0.3961
v -2494.927246 63.399178 1003.251282 0.7882 0.5804 0.3961
v -2270.927246 55.399178 971.251282 0.7882 0.5804 0.3961
v 1345.074585 47.398888 -2836.750732 0.7882 0.5804 0.3961
v 1281.074585 31.398872 -2836.750732 0.7882 0.5804 0.3961
v 1281.074585 31.398872 -2868.750732 0.7882 0.5804 0.3961
v 1345.074585 47.398888 -2868.750732 0.7882 0.5804 0.3961
v 1281.074585 31.398872 -2868.750732 0.7882 0.5804 0.3961
v 1281.074585 31.398842 -3092.750732 0.7882 0.5804 0.3961
v 1345.074585 47.398857 -3092.750732 0.7882 0.5804 0.3961
v 1345.074585 47.398857 -3060.750732 0.7882 0.5804 0.3961
v 1345.074585 47.398888 -2868.750732 0.7882 0.5804 0.3961
v 1345.074585 -8.601120 -2612.750488 0.7882 0.5804 0.3961
v 1345.074585 -16.601120 -2580.750488 0.7882 0.5804 0.3961
v 1281.074585 -32.601128 -2580.750488 0.7882 0.5804 0.3961
v 1345.074585 15.398880 -2708.750488 0.7882 0.5804 0.3961
v 1345.074585 -0.601120 -2644.750488 0.7882 0.5804 0.3961
v 1281.074585 -24.601128 -2612.750488 0.7882 0.5804 0.3961
v 1025.074463 31.398872 -2836.750732 0.7882 0.5804 0.3961
v 1009.074402 31.398872 -2836.750732 0.7882 0.5804 0.3961
v 977.074402 31.398872 -2836.750732 0.7882 0.5804 0.3961
v 786.134338 31.398872 -2836.750732 0.7882 0.5804 0.3961
v 1025.074463 31.398872 -2868.750732 0.7882 0.5804 0.3961
v 794.393005 31.398872 -2868.750732 0.7882 0.5804 0.3961
v 852.204285 31.398842 -3092.750732 0.7882 0.5804 0.3961
v 993.074402 31.398842 -3092.750732 0.7882 0.5804 0.3961
v 1025.074463 31.398842 -3092.750732 0.7882 0.5804 0.3961
v 1025.074463 31.398872 -2868.750732 0.7882 0.5804 0.3961
v 769.074280 31.398842 -3060.750732 0.7882 0.5804 0.3961
v 769.074280 31.398842 -3092.750732 0.7882 0.5804 0.3961
v 786.074280 31.398842 -3092.750732 0.7882 0.5804 0.3961
v 848.074280 31.398842 -3076.750732 0.7882 0.5804 0.3961
v 769.074280 31.398872 -2836.750732 0.7882 0.5804 0.3961
v 769.074280 31.398857 -3026.880615 0.7882 0.5804 0.3961
v 770.074280 31.398842 -3030.750732 0.7882 0.5804 0.3961
v 832.074280 31.398857 -3014.750732 0.7882 0.5804 0.3961
v 1409.074585 -64.601097 -2324.750244 0.7882 0.5804 0.3961
v 1345.074585 -80.601105 -2324.750244 0.7882 0.5804 0.3961
v 1537.074707 -32.601051 -1908.750122 0.7882 0.5804 0.3961
v 1441.074707 -56.601044 -1908.750122 0.7882 0.5804 0.3961
v 1345.074585 -80.601105 -2324.750244 0.7882 0.5804 0.3961
v 1537.074707 -32.601097 -2324.750244 0.7882 0.5804 0.3961
v 1537.074707 -32.601074 -2100.750244 0.7882 0.5804 0.3961
v 1345.074585 -80.601074 -2100.750244 0.7882 0.5804 0.3961
v 1345.074585 -72.601105 -2356.750488 0.7882 0.5804 0.3961
v 1281.074585 -88.601112 -2356.750488 0.7882 0.5804 0.3961
v 1345.074585 -48.601105 -2452.750488 0.7882 0.5804 0.3961
v 1345.074585 -64.601105 -2388.750488 0.7882 0.5804 0.3961
v 769.074280 -96.601112 -2324.750244 0.7882 0.5804 0.3961
v 641.074219 -116.601135 -2420.750488 0.7882 0.5804 0.3961
v 769.074280 -84.601120 -2420.750488 0.7882 0.5804 0.3961
v 1281.074585 -96.601067 -1908.750122 0.7882 0.5804 0.3961
v 1281.074585 -96.601074 -1972.750244 0.7882 0.5804 0.3961
v 1345.074585 -80.601059 -1908.750122 0.7882 0.5804 0.3961
v 1281.074585 -96.601089 -2100.750244 0.7882 0.5804 0.3961
v 1281.074585 -96.601097 -2196.750244 0.7882 0.5804 0.3961
v 1281.074585 -96.601112 -2324.750244 0.7882 0.5804 0.3961
v 1345.074585 -80.601105 -2324.750244 0.7882 0.5804 0.3961
v 1345.074585 -80.601074 -2100.750244 0.7882 0.5804 0.3961
v 1441.074707 -56.601032 -1812.750122 0.7882 0.5804 0.3961
v 1345.074585 -80.601044 -1812.750122 0.7882 0.5804 0.3961
v 1409.074585 -64.601036 -1812.750122 0.7882 0.5804 0.3961
v 1345.074585 -80.601036 -1748.750122 0.7882 0.5804 0.3961
v 1345.074585 -80.600975 -1236.749878 0.7882 0.5804 0.3961
v 1281.074585 -96.600983 -1236.749878 0.7882 0.5804 0.3961
v 1281.074585 -96.601013 -1460.750000 0.7882 0.5804 0.3961
v 1345.074585 -80.601028 -1684.750000 0.7882 0.5804 0.3961
v 1345.074585 -80.600998 -1460.750000 0.7882 0.5804 0.3961
v 1281.074585 -96.601036 -1684.750000 0.7882 0.5804 0.3961
v 929.074402 -96.600975 -1172.749756 0.7882 0.5804 0.3961
v 1025.074463 -96.600983 -1204.749878 0.7882 0.5804 0.3961
v 1025.074463 -96.600975 -1172.749756 0.7882 0.5804 0.3961
v 705.074280 -96.600983 -1236.749878 0.7882 0.5804 0.3961
v 929.074402 -96.600983 -1236.749878 0.7882 0.5804 0.3961
v 929.074402 -96.600983 -1204.749878 0.7882 0.5804 0.3961
v 865.074280 -96.600975 -1172.749756 0.7882 0.5804 0.3961
v 705.074280 -96.600975 -1172.749756 0.7882 0.5804 0.3961
v 257.074036 -224.601227 -2548.750488 0.7882 0.5804 0.3961
v 257.074036 -224.601196 -2324.750244 0.7882 0.5804 0.3961
v 225.074142 -224.601196 -2324.750244 0.7882 0.5804 0.3961
v 225.074142 -224.601227 -2548.750488 0.7882 0.5804 0.3961
v 225.074142 -224.601196 -2324.750244 0.7882 0.5804 0.3961
v 33.074051 -224.601196 -2324.750244 0.7882 0.5804 0.3961
v 1.074020 -224.601196 -2324.750244 0.7882 0.5804 0.3961
v 1.074020 -224.601227 -2548.750488 0.7882 0.5804 0.3961
v 641.074219 -128.601135 -2324.750244 0.7882 0.5804 0.3961
v 481.074158 -168.601166 -2324.750244 0.7882 0.5804 0.3961
v 481.074158 -156.601151 -2420.750488 0.7882 0.5804 0.3961
v -158.926056 -224.601196 -2324.750244 0.7882 0.5804 0.3961
v -222.926086 -224.601196 -2388.750488 0.7882 0.5804 0.3961
v -190.926071 -224.601196 -2420.750488 0.7882 0.5804 0.3961
v -62.926010 -224.601227 -2548.750488 0.7882 0.5804 0.3961
v -126.926041 -224.601227 -2548.750488 0.7882 0.5804 0.3961
v -190.926071 -224.601227 -2548.750488 0.7882 0.5804 0.3961
v -478.926208 -224.601151 -2004.750244 0.7882 0.5804 0.3961
v -510.926208 -224.601151 -2004.750244 0.7882 0.5804 0.3961
v -510.926208 -224.601166 -2068.750244 0.7882 0.5804 0.3961
v -446.926208 -224.601166 -2068.750244 0.7882 0.5804 0.3961
v -398.926147 -224.601166 -2068.750244 0.7882 0.5804 0.3961
v -398.926147 -224.601151 -2004.750244 0.7882 0.5804 0.3961
v -254.926102 -224.601151 -2004.750244 0.7882 0.5804 0.3961
v -334.926147 -224.601151 -2004.750244 0.7882 0.5804 0.3961
v -334.926147 -224.601166 -2068.750244 0.7882 0.5804 0.3961
v -222.926086 -224.601166 -2068.750244 0.7882 0.5804 0.3961
v -158.926056 -224.601166 -2068.750244 0.7882 0.5804 0.3961
v -446.926208 -200.601196 -2516.750488 0.7882 0.5804 0.3961
v -382.926147 -200.601196 -2516.750488 0.7882 0.5804 0.3961
v -382.926147 -208.601196 -2452.750488 0.7882 0.5804 0.3961
v -446.926208 -208.601196 -2452.750488 0.7882 0.5804 0.3961
v -510.926208 -200.601196 -2516.750488 0.7882 0.5804 0.3961
v -510.926208 -224.601196 -2324.750244 0.7882 0.5804 0.3961
v 257.074036 -96.600975 -1172.749756 0.7882 0.5804 0.3961
v 257.074036 -96.600983 -1236.749878 0.7882 0.5804 0.3961
v 353.074097 -96.600983 -1236.749878 0.7882 0.5804 0.3961
v 321.074036 -96.600975 -1172.749756 0.7882 0.5804 0.3961
v 385.074097 -96.600983 -1236.749878 0.7882 0.5804 0.3961
v 513.074158 -96.600983 -1236.749878 0.7882 0.5804 0.3961
v -1054.926514 -174.934113 -2636.750488 0.7882 0.5804 0.3961
v -1022.926575 -192.601196 -2580.750488 0.7882 0.5804 0.3961
v -1278.926636 -107.264481 -2580.750488 0.7882 0.5804 0.3961
v -1054.926514 -174.934113 -2636.750488 0.7882 0.5804 0.3961
v -1054.926514 -181.934113 -2580.750488 0.7882 0.5804 0.3961
v -1035.906494 -171.871216 -2712.000488 0.7882 0.5804 0.3961
v -1022.926575 -176.601212 -2708.750488 0.7882 0.5804 0.3961
v -1082.866455 -154.751190 -2723.740479 0.7882 0.5804 0.3961
v -1278.926636 -105.647934 -2593.693848 0.7882 0.5804 0.3961
v -1220.276611 -124.981155 -2595.410400 0.7882 0.5804 0.3961
v -1278.916626 -107.266243 -2580.750488 0.7882 0.5804 0.3961
v -1214.926636 -124.231155 -2615.750488 0.7882 0.5804 0.3961
v -1240.526611 -118.311157 -2594.820557 0.7882 0.5804 0.3961
v -1278.926636 -105.647934 -2593.693848 0.7882 0.5804 0.3961
v -1022.926575 -184.601196 -2644.750488 0.7882 0.5804 0.3961
v -1406.926636 -61.401131 -2606.310547 0.7882 0.5804 0.3961
v -1364.706665 -76.671135 -2596.750488 0.7882 0.5804 0.3961
v -1438.926758 -62.601131 -2596.750488 0.7882 0.5804 0.3961
v -1534.926758 -62.601131 -2596.750488 0.7882 0.5804 0.3961
v -1534.926758 -61.681133 -2604.130371 0.7882 0.5804 0.3961
v -1406.926636 -62.601131 -2596.750488 0.7882 0.5804 0.3961
v -1390.926636 -67.931129 -2596.750488 0.7882 0.5804 0.3961
v -1294.063965 -102.217216 -2580.750488 0.7882 0.5804 0.3961
v -1342.926636 -84.551140 -2591.820557 0.7882 0.5804 0.3961
v -1278.926636 -105.647934 -2593.693848 0.7882 0.5804 0.3961
v -1293.926636 -100.701149 -2593.250488 0.7882 0.5804 0.3961
v -1306.376587 -96.601143 -2592.890381 0.7882 0.5804 0.3961
v -1296.466675 -99.591148 -2595.370605 0.7882 0.5804 0.3961
v -1278.926636 -104.891441 -2599.754395 0.7882 0.5804 0.3961
v -1278.926636 -105.647934 -2593.693848 0.7882 0.5804 0.3961
v -1694.926880 -96.601143 -2580.750488 0.7882 0.5804 0.3961
v -1726.926880 -96.601158 -2676.750488 0.7882 0.5804 0.3961
v -1694.926880 -96.601181 -2900.750732 0.7882 0.5804 0.3961
v -1694.926880 -96.601158 -2676.750488 0.7882 0.5804 0.3961
v -1726.926880 -96.601158 -2676.750488 0.7882 0.5804 0.3961
v -1726.926880 -96.601181 -2900.750732 0.7882 0.5804 0.3961
v -1598.926758 -82.891151 -2676.750488 0.7882 0.5804 0.3961
v -1598.926758 -82.891144 -2644.750488 0.7882 0.5804 0.3961
v -1598.926758 -82.891136 -2580.750488 0.7882 0.5804 0.3961
v -1598.926758 -82.891167 -2804.750488 0.7882 0.5804 0.3961
v -1598.926758 -82.891159 -2740.750488 0.7882 0.5804 0.3961
v -1982.927002 -96.601212 -3167.420654 0.7882 0.5804 0.3961
v -1982.927002 -96.601189 -2980.750732 0.7882 0.5804 0.3961
v -1998.927002 -96.601189 -2972.750732 0.7882 0.5804 0.3961
v -1998.927002 -96.601219 -3180.750732 0.7882 0.5804 0.3961
v -766.926331 -224.601166 -2068.750244 0.7882 0.5804 0.3961
v -766.926331 -224.601151 -1972.750244 0.7882 0.5804 0.3961
v -862.926514 -224.601166 -2068.750244 0.7882 0.5804 0.3961
v -638.926270 -224.601196 -2324.750244 0.7882 0.5804 0.3961
v -798.926453 -220.601196 -2356.750488 0.7882 0.5804 0.3961
v -798.926453 -199.496796 -2525.585693 0.7882 0.5804 0.3961
v -638.926270 -215.850769 -2394.753662 0.7882 0.5804 0.3961
v -798.926453 -224.601196 -2324.750244 0.7882 0.5804 0.3961
v -862.926514 -224.601196 -2324.750244 0.7882 0.5804 0.3961
v -1022.926575 -224.601196 -2324.750244 0.7882 0.5804 0.3961
v -798.926453 -220.601196 -2356.750488 0.7882 0.5804 0.3961
v -1022.926575 -220.601196 -2356.750488 0.7882 0.5804 0.3961
v -866.389771 -192.601196 -2580.750488 0.7882 0.5804 0.3961
v -1150.926636 -160.601166 -2495.420410 0.7882 0.5804 0.3961
v -1150.926636 -161.931183 -2484.750488 0.7882 0.5804 0.3961
v -1154.926636 -160.601166 -2484.750488 0.7882 0.5804 0.3961
v -1150.926636 -165.931183 -2452.750488 0.7882 0.5804 0.3961
v -1150.926636 -181.931168 -2324.750244 0.7882 0.5804 0.3961
v -1214.926636 -160.601135 -2324.750244 0.7882 0.5804 0.3961
v -1086.926514 -203.271179 -2324.750244 0.7882 0.5804 0.3961
v -1150.926636 -181.931168 -2324.750244 0.7882 0.5804 0.3961
v -1150.926636 -165.931183 -2452.750488 0.7882 0.5804 0.3961
v -1086.926514 -187.271179 -2452.750488 0.7882 0.5804 0.3961
v -1086.926514 -199.271179 -2356.750488 0.7882 0.5804 0.3961
v -1086.926514 -187.271179 -2452.750488 0.7882 0.5804 0.3961
v -1086.926514 -179.271179 -2516.750488 0.7882 0.5804 0.3961
v -1086.926514 -171.271194 -2580.750488 0.7882 0.5804 0.3961
v -1022.926575 -220.601196 -2356.750488 0.7882 0.5804 0.3961
v -1150.926636 -149.931168 -2580.750488 0.7882 0.5804 0.3961
v -1150.926636 -153.931168 -2548.750488 0.7882 0.5804 0.3961
v -793.526428 -200.051193 -2521.170410 0.7882 0.5804 0.3961
v -638.926270 -200.352081 -2518.752441 0.7882 0.5804 0.3961
v -830.926453 -196.231201 -2551.750488 0.7882 0.5804 0.3961
v -702.926331 -200.231201 -2519.750488 0.7882 0.5804 0.3961
v -1214.926636 -132.601151 -2548.750488 0.7882 0.5804 0.3961
v -1214.926636 -138.601151 -2500.750488 0.7882 0.5804 0.3961
v -1390.926636 -79.931122 -2500.750488 0.7882 0.5804 0.3961
v -1214.926636 -132.601151 -2548.750488 0.7882 0.5804 0.3961
v -1390.926636 -73.931129 -2548.750488 0.7882 0.5804 0.3961
v -1390.926636 -73.431129 -2552.750488 0.7882 0.5804 0.3961
v -1214.926636 -128.597824 -2580.750488 0.7882 0.5804 0.3961
v -1390.926636 -69.931129 -2580.750488 0.7882 0.5804 0.3961
v -1286.116577 -105.091148 -2578.950439 0.7882 0.5804 0.3961
v -1294.063965 -102.217216 -2580.750488 0.7882 0.5804 0.3961
v -1278.926636 -107.264481 -2580.750488 0.7882 0.5804 0.3961
v -1214.926636 -140.601151 -2484.750488 0.7882 0.5804 0.3961
v -1406.926636 -96.601112 -2324.750244 0.7882 0.5804 0.3961
v -1406.926636 -74.601120 -2500.750488 0.7882 0.5804 0.3961
v -1214.926636 -138.601151 -2500.750488 0.7882 0.5804 0.3961
v -1726.926880 -96.601112 -2324.750244 0.7882 0.5804 0.3961
v -1726.926880 -96.601120 -2356.750488 0.7882 0.5804 0.3961
v -1726.926880 -96.601128 -2452.750488 0.7882 0.5804 0.3961
v -1598.926758 -96.601120 -2356.750488 0.7882 0.5804 0.3961
v -1598.926758 -96.601112 -2324.750244 0.7882 0.5804 0.3961
v -1694.926880 -96.601143 -2580.750488 0.7882 0.5804 0.3961
v -1726.926880 -96.601143 -2580.750488 0.7882 0.5804 0.3961
v -1694.926880 -96.601128 -2452.750488 0.7882 0.5804 0.3961
v -1598.926758 -82.891136 -2562.460449 0.7882 0.5804 0.3961
v -1598.926758 -96.601128 -2452.750488 0.7882 0.5804 0.3961
v -1406.926636 -96.601112 -2324.750244 0.7882 0.5804 0.3961
v -1438.926758 -96.601112 -2324.750244 0.7882 0.5804 0.3961
v -1438.926758 -96.601112 -2324.750244 0.7882 0.5804 0.3961
v -1534.926758 -96.601112 -2324.750244 0.7882 0.5804 0.3961
v -1534.926758 -74.601120 -2500.750488 0.7882 0.5804 0.3961
v -1438.926758 -74.601120 -2500.750488 0.7882 0.5804 0.3961
v -1694.926880 -96.601143 -2580.750488 0.7882 0.5804 0.3961
v -1598.926758 -96.601059 -1876.750122 0.7882 0.5804 0.3961
v -1630.926758 -96.601059 -1876.750122 0.7882 0.5804 0.3961
v -1630.926758 -96.601082 -2068.750244 0.7882 0.5804 0.3961
v -1598.926758 -96.601082 -2068.750244 0.7882 0.5804 0.3961
v -1662.926880 -96.601059 -1876.750122 0.7882 0.5804 0.3961
v -1854.926880 -96.601082 -2068.750244 0.7882 0.5804 0.3961
v -1822.926880 -96.601082 -2068.750244 0.7882 0.5804 0.3961
v -1814.926880 -96.601044 -1724.750122 0.7882 0.5804 0.3961
v -1854.926880 -96.601044 -1764.750122 0.7882 0.5804 0.3961
v -1854.926880 -96.601059 -1876.750122 0.7882 0.5804 0.3961
v -1982.927002 -96.601128 -2452.750488 0.7882 0.5804 0.3961
v -1982.927002 -96.601120 -2356.750488 0.7882 0.5804 0.3961
v -1982.927002 -96.601112 -2324.750244 0.7882 0.5804 0.3961
v -1998.927002 -96.601112 -2324.750244 0.7882 0.5804 0.3961
v -1998.927002 -96.601120 -2356.750488 0.7882 0.5804 0.3961
v -1998.927002 -96.601128 -2452.750488 0.7882 0.5804 0.3961
v -2078.927002 -96.601112 -2324.750244 0.7882 0.5804 0.3961
v -2110.927002 -96.601112 -2324.750244 0.7882 0.5804 0.3961
v -2110.927002 -96.601120 -2356.750488 0.7882 0.5804 0.3961
v -1998.927002 -96.601128 -2452.750488 0.7882 0.5804 0.3961
v -2014.927002 -96.601120 -2356.750488 0.7882 0.5804 0.3961
v -2014.927002 -96.601128 -2452.750488 0.7882 0.5804 0.3961
v -2238.927246 -96.601128 -2452.750488 0.7882 0.5804 0.3961
v -2238.927246 -96.601112 -2324.750244 0.7882 0.5804 0.3961
v -2366.927246 -96.601112 -2324.750244 0.7882 0.5804 0.3961
v -2366.927246 -96.601128 -2452.750488 0.7882 0.5804 0.3961
v -2110.927002 -96.601128 -2420.750488 0.7882 0.5804 0.3961
v -2238.927246 -96.601128 -2420.750488 0.7882 0.5804 0.3961
v -1922.296997 -96.601082 -2068.750244 0.7882 0.5804 0.3961
v -1922.296997 -96.601059 -1876.750122 0.7882 0.5804 0.3961
v -2078.927002 -96.601082 -2068.750244 0.7882 0.5804 0.3961
v -2146.297119 -96.601059 -1876.750122 0.7882 0.5804 0.3961
v -2190.927246 -96.601059 -1876.750122 0.7882 0.5804 0.3961
v -2370.297363 -96.601074 -2001.380249 0.7882 0.5804 0.3961
v -2366.927246 -96.601074 -2004.750244 0.7882 0.5804 0.3961
v -2302.927246 -96.601082 -2068.750244 0.7882 0.5804 0.3961
v -2146.297119 -96.601082 -2068.750244 0.7882 0.5804 0.3961
v -2366.927246 -96.601082 -2068.750244 0.7882 0.5804 0.3961
v -2302.927246 -96.601082 -2068.750244 0.7882 0.5804 0.3961
v -2366.927246 -96.601074 -2004.750244 0.7882 0.5804 0.3961
v -2345.706299 -96.601059 -1876.750122 0.7882 0.5804 0.3961
v -2383.047363 -96.601074 -1988.630249 0.7882 0.5804 0.3961
v -2335.087158 -96.601067 -1941.030273 0.7882 0.5804 0.3961
v -2297.598633 -96.601059 -1876.750122 0.7882 0.5804 0.3961
v -2046.927002 -96.601051 -1812.750122 0.7882 0.5804 0.3961
v -2030.927002 -96.601051 -1812.750122 0.7882 0.5804 0.3961
v -1982.927002 -96.601028 -1620.750000 0.7882 0.5804 0.3961
v -1854.926880 -96.601028 -1620.750000 0.7882 0.5804 0.3961
v -1854.926880 -96.601036 -1684.750000 0.7882 0.5804 0.3961
v -1854.926880 -96.601028 -1636.750000 0.7882 0.5804 0.3961
v -1982.927002 -96.601044 -1764.750122 0.7882 0.5804 0.3961
v -2046.927002 -96.601051 -1828.750122 0.7882 0.5804 0.3961
v -2046.927002 -96.601059 -1876.750122 0.7882 0.5804 0.3961
v -1894.926880 -96.601044 -1724.750122 0.7882 0.5804 0.3961
v -1918.926880 -96.601036 -1700.750122 0.7882 0.5804 0.3961
v -2318.927246 -96.601059 -1844.750122 0.7882 0.5804 0.3961
v -2330.997314 -96.601059 -1832.680176 0.7882 0.5804 0.3961
v -2126.927002 -96.601051 -1812.750122 0.7882 0.5804 0.3961
v -2142.927002 -96.601051 -1812.750122 0.7882 0.5804 0.3961
v -2142.927002 -96.601051 -1828.750122 0.7882 0.5804 0.3961
v -2158.927002 -96.601059 -1844.750122 0.7882 0.5804 0.3961
v -2278.927246 -96.601059 -1844.750122 0.7882 0.5804 0.3961
v -2293.667236 -96.601059 -1870.010132 0.7882 0.5804 0.3961
v -2110.927002 -96.601051 -1812.750122 0.7882 0.5804 0.3961
v -2110.927002 -96.601059 -1876.750122 0.7882 0.5804 0.3961
v 1313.074585 -88.600937 -852.749573 0.7882 0.5804 0.3961
v 1345.074585 -80.600929 -852.749573 0.7882 0.5804 0.3961
v 1281.074585 -96.600929 -788.749573 0.7882 0.5804 0.3961
v 1281.074585 -96.600937 -852.749573 0.7882 0.5804 0.3961
v 1345.074585 -80.600960 -1108.749756 0.7882 0.5804 0.3961
v 1345.074585 -80.600945 -980.749695 0.7882 0.5804 0.3961
v 1313.074585 -88.600952 -980.749695 0.7882 0.5804 0.3961
v 1281.074585 -96.600952 -980.749695 0.7882 0.5804 0.3961
v 1281.074585 -96.600975 -1172.749756 0.7882 0.5804 0.3961
v 1345.074585 -80.600967 -1172.749756 0.7882 0.5804 0.3961
v 1345.074585 -164.599945 -564.749451 0.7882 0.5804 0.3961
v 1345.074585 -212.600952 -436.749359 0.7882 0.5804 0.3961
v 1345.074585 -80.600922 -788.749573 0.7882 0.5804 0.3961
v 1345.074585 -128.599762 -660.749512 0.7882 0.5804 0.3961
v 1281.074585 -180.600952 -564.749451 0.7882 0.5804 0.3961
v 1025.074463 -96.600960 -1044.749756 0.7882 0.5804 0.3961
v 929.074402 -96.600960 -1044.749756 0.7882 0.5804 0.3961
v 865.074280 -96.600960 -1044.749756 0.7882 0.5804 0.3961
v 705.074280 -96.600960 -1044.749756 0.7882 0.5804 0.3961
v 641.074219 -96.600960 -1044.749756 0.7882 0.5804 0.3961
v 641.074219 -96.600967 -1108.749756 0.7882 0.5804 0.3961
v 641.074219 -96.600975 -1172.749756 0.7882 0.5804 0.3961
v 929.074402 -96.600891 -436.749359 0.7882 0.5804 0.3961
v 993.074402 -96.600929 -788.749573 0.7882 0.5804 0.3961
v 993.074402 -96.600914 -660.749512 0.7882 0.5804 0.3961
v 993.074402 -96.600906 -564.749451 0.7882 0.5804 0.3961
v 929.074402 -96.600906 -564.749451 0.7882 0.5804 0.3961
v 897.074280 -96.600891 -436.749359 0.7882 0.5804 0.3961
v 705.074280 -96.600891 -436.749359 0.7882 0.5804 0.3961
v 705.074280 -96.600906 -564.749451 0.7882 0.5804 0.3961
v 705.074280 -96.600914 -660.749512 0.7882 0.5804 0.3961
v 705.074280 -96.600922 -740.749573 0.7882 0.5804 0.3961
v 833.074280 -96.600929 -788.749573 0.7882 0.5804 0.3961
v 929.074402 -96.600929 -788.749573 0.7882 0.5804 0.3961
v 657.074219 -96.600929 -788.749573 0.7882 0.5804 0.3961
v 705.074280 -96.600929 -788.749573 0.7882 0.5804 0.3961
v 1345.074585 -272.600952 -276.749268 0.7882 0.5804 0.3961
v 1281.074585 -288.600983 -276.749268 0.7882 0.5804 0.3961
v 1281.074585 -228.600952 -436.749329 0.7882 0.5804 0.3961
v 1281.074585 -288.600952 -52.749168 0.7882 0.5804 0.3961
v 1281.074585 -288.600952 -148.749207 0.7882 0.5804 0.3961
v 1345.074585 -272.600952 -148.749207 0.7882 0.5804 0.3961
v 1345.074585 -272.600922 -52.749168 0.7882 0.5804 0.3961
v 993.074402 -96.600891 -436.749359 0.7882 0.5804 0.3961
v 993.074402 -96.600883 -372.749329 0.7882 0.5804 0.3961
v 897.074280 -96.600868 -276.749298 0.7882 0.5804 0.3961
v 732.794250 -96.600868 -276.749298 0.7882 0.5804 0.3961
v 897.074280 -96.600883 -420.629364 0.7882 0.5804 0.3961
v 705.074280 -96.600883 -369.019318 0.7882 0.5804 0.3961
v 897.074280 -96.600876 -320.909332 0.7882 0.5804 0.3961
v 822.074280 -96.600876 -300.749298 0.7882 0.5804 0.3961
v 797.074280 -96.600883 -393.749359 0.7882 0.5804 0.3961
v 728.804260 -96.600868 -276.749298 0.7882 0.5804 0.3961
v 705.074280 -96.600868 -276.749298 0.7882 0.5804 0.3961
v 705.074280 -96.600883 -365.029327 0.7882 0.5804 0.3961
v 833.074280 -96.600861 -212.749268 0.7882 0.5804 0.3961
v 833.074280 -96.600868 -276.749298 0.7882 0.5804 0.3961
v 897.074280 -96.600861 -212.749268 0.7882 0.5804 0.3961
v 961.074402 -96.600876 -340.749329 0.7882 0.5804 0.3961
v 993.074402 -96.600876 -340.749329 0.7882 0.5804 0.3961
v 385.074097 -96.600975 -1172.749756 0.7882 0.5804 0.3961
v 513.074158 -96.600975 -1172.749756 0.7882 0.5804 0.3961
v 609.074219 -96.600960 -1044.749756 0.7882 0.5804 0.3961
v 417.074097 -96.600960 -1044.749756 0.7882 0.5804 0.3961
v 513.074158 -96.600967 -1108.749756 0.7882 0.5804 0.3961
v 609.074219 -96.600967 -1108.749756 0.7882 0.5804 0.3961
v 385.074097 -96.600967 -1108.749756 0.7882 0.5804 0.3961
v 385.074097 -96.600960 -1044.749756 0.7882 0.5804 0.3961
v 257.074036 -96.600960 -1044.749756 0.7882 0.5804 0.3961
v 257.074036 -96.600967 -1108.749756 0.7882 0.5804 0.3961
v 257.074036 -96.600975 -1140.749756 0.7882 0.5804 0.3961
v 289.074036 -96.600975 -1172.749756 0.7882 0.5804 0.3961
v 1249.074585 31.399040 -2868.750732 0.7882 0.5804 0.3961
v 1281.074585 31.399040 -2868.750732 0.7882 0.5804 0.3961
v 1249.074585 31.399040 -2868.750732 0.7882 0.5804 0.3961
v 1249.074585 31.399010 -3076.750732 0.7882 0.5804 0.3961
v 1281.074585 31.399010 -3092.750732 0.7882 0.5804 0.3961
v 1281.074585 31.399040 -2868.750732 0.7882 0.5804 0.3961
v 1281.074585 -24.600960 -2612.750488 0.7882 0.5804 0.3961
v 1281.074585 -32.600960 -2580.750488 0.7882 0.5804 0.3961
v 1249.074585 -24.600960 -2612.750488 0.7882 0.5804 0.3961
v 1281.074585 31.399040 -2836.750732 0.7882 0.5804 0.3961
v 1057.074463 31.399010 -3108.750732 0.7882 0.5804 0.3961
v 1249.074585 31.399010 -3108.750732 0.7882 0.5804 0.3961
v 1249.074585 31.399040 -2836.750732 0.7882 0.5804 0.3961
v 1025.074463 31.399040 -2868.750732 0.7882 0.5804 0.3961
v 1249.074585 31.399040 -2868.750732 0.7882 0.5804 0.3961
v 1025.074463 31.399040 -2868.750732 0.7882 0.5804 0.3961
v 1025.074463 31.399010 -3092.750732 0.7882 0.5804 0.3961
v 1057.074463 31.399010 -3076.750732 0.7882 0.5804 0.3961
v 1249.074585 31.399025 -2980.750732 0.7882 0.5804 0.3961
v 1025.074463 -24.600960 -2612.750488 0.7882 0.5804 0.3961
v 1249.074585 -32.600960 -2580.750488 0.7882 0.5804 0.3961
v 1025.074463 -0.600960 -2708.750488 0.7882 0.5804 0.3961
v 1025.074463 23.399040 -2804.750488 0.7882 0.5804 0.3961
v 1025.074463 31.399040 -2836.750732 0.7882 0.5804 0.3961
v 1249.074585 31.399040 -2836.750732 0.7882 0.5804 0.3961
v 1249.074585 -96.600945 -2324.750244 0.7882 0.5804 0.3961
v 1281.074585 -88.600945 -2356.750488 0.7882 0.5804 0.3961
v 1249.074585 -88.600945 -2356.750488 0.7882 0.5804 0.3961
v 1249.074585 -32.600960 -2580.750488 0.7882 0.5804 0.3961
v 1281.074585 -88.600945 -2356.750488 0.7882 0.5804 0.3961
v 1249.074585 -96.600945 -2324.750244 0.7882 0.5804 0.3961
v 1057.074463 -96.600945 -2324.750244 0.7882 0.5804 0.3961
v 1025.074463 -88.600945 -2356.750488 0.7882 0.5804 0.3961
v 1025.074463 -40.600941 -2548.750488 0.7882 0.5804 0.3961
v 1025.074463 -32.600960 -2580.750488 0.7882 0.5804 0.3961
v 1249.074585 -32.600960 -2580.750488 0.7882 0.5804 0.3961
v 1281.074585 -96.600899 -1972.750244 0.7882 0.5804 0.3961
v 1057.074463 -96.600899 -1972.750244 0.7882 0.5804 0.3961
v 1057.074463 -96.600914 -2100.750244 0.7882 0.5804 0.3961
v 1281.074585 -96.600914 -2100.750244 0.7882 0.5804 0.3961
v 1057.074463 -96.600937 -2292.750244 0.7882 0.5804 0.3961
v 1153.074585 -96.600929 -2196.750244 0.7882 0.5804 0.3961
v 1281.074585 -96.600929 -2196.750244 0.7882 0.5804 0.3961
v 1057.074463 -96.600937 -2292.750244 0.7882 0.5804 0.3961
v 1249.074585 -96.600945 -2324.750244 0.7882 0.5804 0.3961
v 1281.074585 -96.600945 -2324.750244 0.7882 0.5804 0.3961
v 993.074402 -96.600945 -2324.750244 0.7882 0.5804 0.3961
v 1025.074463 -96.600945 -2324.750244 0.7882 0.5804 0.3961
v 1057.074463 -96.600937 -2292.750244 0.7882 0.5804 0.3961
v 929.074402 -96.600945 -2324.750244 0.7882 0.5804 0.3961
v 1057.074463 -96.600937 -2292.750244 0.7882 0.5804 0.3961
v 1025.074463 -96.600945 -2324.750244 0.7882 0.5804 0.3961
v 929.074402 -96.600914 -2068.750244 0.7882 0.5804 0.3961
v 769.074280 -96.600914 -2100.750244 0.7882 0.5804 0.3961
v 929.074402 -96.600914 -2100.750244 0.7882 0.5804 0.3961
v 929.074402 -96.600914 -2100.750244 0.7882 0.5804 0.3961
v 769.074280 -96.600914 -2068.750244 0.7882 0.5804 0.3961
v 641.074219 -128.600922 -2100.750244 0.7882 0.5804 0.3961
v 769.074280 -96.600914 -2100.750244 0.7882 0.5804 0.3961
v 641.074219 -128.600922 -2100.750244 0.7882 0.5804 0.3961
v 641.074219 -128.600952 -2324.750244 0.7882 0.5804 0.3961
v 769.074280 -96.600945 -2324.750244 0.7882 0.5804 0.3961
v 1025.074463 -96.600899 -1972.750244 0.7882 0.5804 0.3961
v 1057.074463 -96.600891 -1908.750122 0.7882 0.5804 0.3961
v 1057.074463 -96.600807 -1172.749756 0.7882 0.5804 0.3961
v 1057.074463 -96.600807 -1204.749878 0.7882 0.5804 0.3961
v 1281.074585 -96.600815 -1236.749878 0.7882 0.5804 0.3961
v 1281.074585 -96.600807 -1172.749756 0.7882 0.5804 0.3961
v 1057.074463 -96.600815 -1236.749878 0.7882 0.5804 0.3961
v 1281.074585 -96.600838 -1460.750000 0.7882 0.5804 0.3961
v 1281.074585 -96.600868 -1684.750000 0.7882 0.5804 0.3961
v 1281.074585 -96.600891 -1908.750122 0.7882 0.5804 0.3961
v 1057.074463 -96.600822 -1332.749878 0.7882 0.5804 0.3961
v 1025.074463 -96.600822 -1332.749878 0.7882 0.5804 0.3961
v 1025.074463 -96.600838 -1460.750000 0.7882 0.5804 0.3961
v 1057.074463 -96.600838 -1460.750000 0.7882 0.5804 0.3961
v 1025.074463 -96.600853 -1556.750000 0.7882 0.5804 0.3961
v 1057.074463 -96.600868 -1684.750000 0.7882 0.5804 0.3961
v 1025.074463 -96.600868 -1684.750000 0.7882 0.5804 0.3961
v 1025.074463 -96.600876 -1780.750122 0.7882 0.5804 0.3961
v 1025.074463 -96.600891 -1908.750122 0.7882 0.5804 0.3961
v 1025.074463 -96.600807 -1204.749878 0.7882 0.5804 0.3961
v 1.074051 -224.600998 -2100.750244 0.7882 0.5804 0.3961
v 33.074081 -224.600998 -2100.750244 0.7882 0.5804 0.3961
v 225.074173 -224.600983 -2068.750244 0.7882 0.5804 0.3961
v 33.074081 -224.600983 -2068.750244 0.7882 0.5804 0.3961
v 1.074051 -224.601013 -2324.750244 0.7882 0.5804 0.3961
v 33.074081 -224.601013 -2324.750244 0.7882 0.5804 0.3961
v 225.074173 -224.601013 -2324.750244 0.7882 0.5804 0.3961
v 257.074036 -224.601013 -2324.750244 0.7882 0.5804 0.3961
v 257.074036 -224.600998 -2100.750244 0.7882 0.5804 0.3961
v 33.074081 -224.600998 -2100.750244 0.7882 0.5804 0.3961
v 417.074097 -184.600967 -2068.750244 0.7882 0.5804 0.3961
v 289.074036 -216.600983 -2068.750244 0.7882 0.5804 0.3961
v 257.074036 -224.600983 -2068.750244 0.7882 0.5804 0.3961
v 641.074219 -128.600922 -2068.750244 0.7882 0.5804 0.3961
v 513.074158 -160.600937 -2068.750244 0.7882 0.5804 0.3961
v 417.074097 -184.600983 -2100.750244 0.7882 0.5804 0.3961
v 257.074036 -224.601013 -2324.750244 0.7882 0.5804 0.3961
v 289.074036 -216.601013 -2324.750244 0.7882 0.5804 0.3961
v 385.074097 -192.601013 -2324.750244 0.7882 0.5804 0.3961
v 417.074097 -184.600998 -2324.750244 0.7882 0.5804 0.3961
v 417.074097 -184.600983 -2100.750244 0.7882 0.5804 0.3961
v 481.074158 -168.600983 -2324.750244 0.7882 0.5804 0.3961
v 417.074097 -184.600983 -2100.750244 0.7882 0.5804 0.3961
v -478.926178 -224.601013 -2324.750244 0.7882 0.5804 0.3961
v -286.926086 -224.601013 -2324.750244 0.7882 0.5804 0.3961
v -254.926071 -224.601013 -2228.750244 0.7882 0.5804 0.3961
v -382.926147 -224.601013 -2228.750244 0.7882 0.5804 0.3961
v -382.926147 -224.601013 -2324.750244 0.7882 0.5804 0.3961
v -222.926056 -224.601013 -2228.750244 0.7882 0.5804 0.3961
v -222.926056 -224.601013 -2260.750244 0.7882 0.5804 0.3961
v -158.926025 -224.601013 -2324.750244 0.7882 0.5804 0.3961
v 1.074051 -224.601013 -2228.750244 0.7882 0.5804 0.3961
v -510.926208 -224.600998 -2100.750244 0.7882 0.5804 0.3961
v -510.926208 -224.601013 -2228.750244 0.7882 0.5804 0.3961
v -478.926178 -224.601013 -2228.750244 0.7882 0.5804 0.3961
v -446.926147 -224.601013 -2228.750244 0.7882 0.5804 0.3961
v -382.926147 -224.601013 -2228.750244 0.7882 0.5804 0.3961
v -334.926117 -224.600983 -2068.750244 0.7882 0.5804 0.3961
v -398.926147 -224.600983 -2068.750244 0.7882 0.5804 0.3961
v -446.926147 -224.600983 -2068.750244 0.7882 0.5804 0.3961
v -222.926056 -224.601013 -2228.750244 0.7882 0.5804 0.3961
v 1.074051 -224.601013 -2228.750244 0.7882 0.5804 0.3961
v 1.074051 -224.600998 -2100.750244 0.7882 0.5804 0.3961
v 1.074051 -224.600983 -2068.750244 0.7882 0.5804 0.3961
v -126.926010 -224.600983 -2068.750244 0.7882 0.5804 0.3961
v -158.926025 -224.600983 -2068.750244 0.7882 0.5804 0.3961
v -222.926056 -224.600983 -2068.750244 0.7882 0.5804 0.3961
v -510.926208 -224.600983 -2068.750244 0.7882 0.5804 0.3961
v -510.926208 -224.600983 -2004.750244 0.7882 0.5804 0.3961
v -510.926208 -224.600983 -1972.750244 0.7882 0.5804 0.3961
v -510.926208 -224.600983 -2068.750244 0.7882 0.5804 0.3961
v -542.926208 -224.600998 -2100.750244 0.7882 0.5804 0.3961
v -510.926208 -224.601013 -2324.750244 0.7882 0.5804 0.3961
v -510.926208 -224.601013 -2228.750244 0.7882 0.5804 0.3961
v -606.926208 -224.600891 -1300.749878 0.7882 0.5804 0.3961
v -606.926208 -224.600922 -1492.750000 0.7882 0.5804 0.3961
v -606.926208 -224.600922 -1396.749878 0.7882 0.5804 0.3961
v -606.926208 -224.600906 -1348.749878 0.7882 0.5804 0.3961
v -606.926208 -224.600922 -1572.750000 0.7882 0.5804 0.3961
v -542.926208 -224.600937 -1604.750000 0.7882 0.5804 0.3961
v -510.926208 -224.600937 -1620.750000 0.7882 0.5804 0.3961
v -510.926208 -224.600922 -1492.750000 0.7882 0.5804 0.3961
v -510.926208 -224.600922 -1396.749878 0.7882 0.5804 0.3961
v -542.926208 -224.600952 -1657.750000 0.7882 0.5804 0.3961
v -627.926270 -224.600952 -1697.750122 0.7882 0.5804 0.3961
v -542.926208 -224.600937 -1649.750000 0.7882 0.5804 0.3961
v -620.926270 -224.600952 -1686.090088 0.7882 0.5804 0.3961
v -630.926270 -224.600952 -1690.750122 0.7882 0.5804 0.3961
v -510.926208 -224.600967 -1876.750122 0.7882 0.5804 0.3961
v -510.926208 -224.600952 -1684.750000 0.7882 0.5804 0.3961
v -542.926208 -224.600952 -1700.750122 0.7882 0.5804 0.3961
v -611.866272 -224.600952 -1735.220093 0.7882 0.5804 0.3961
v -638.926270 -224.600952 -1748.750122 0.7882 0.5804 0.3961
v -510.926208 -224.600891 -1300.749878 0.7882 0.5804 0.3961
v -638.926270 -192.600861 -1172.749756 0.7882 0.5804 0.3961
v -1758.926880 -96.601021 -2980.750732 0.7882 0.5804 0.3961
v -1758.926880 -96.601021 -2964.750732 0.7882 0.5804 0.3961
v -1790.926880 -96.601021 -2980.750732 0.7882 0.5804 0.3961
v -1918.926880 -96.601028 -3044.750732 0.7882 0.5804 0.3961
v -1790.926880 -96.601021 -2964.750732 0.7882 0.5804 0.3961
v -1790.926880 -96.601013 -2884.750732 0.7882 0.5804 0.3961
v -1758.926880 -96.601013 -2900.750732 0.7882 0.5804 0.3961
v -1726.926880 -96.601013 -2900.750732 0.7882 0.5804 0.3961
v -1726.926880 -96.601006 -2836.750732 0.7882 0.5804 0.3961
v -1886.926880 -96.601006 -2836.750732 0.7882 0.5804 0.3961
v -1790.926880 -96.601013 -2916.750732 0.7882 0.5804 0.3961
v -1918.926880 -96.601006 -2836.750732 0.7882 0.5804 0.3961
v -1982.927002 -96.601006 -2836.750732 0.7882 0.5804 0.3961
v -1982.927002 -96.601013 -2884.750732 0.7882 0.5804 0.3961
v -1982.927002 -96.601013 -2916.750732 0.7882 0.5804 0.3961
v -1918.926880 -96.601013 -2916.750732 0.7882 0.5804 0.3961
v -1918.926880 -96.601028 -3044.750732 0.7882 0.5804 0.3961
v -1918.926880 -96.601021 -2964.750732 0.7882 0.5804 0.3961
v -1982.927002 -96.601021 -2964.750732 0.7882 0.5804 0.3961
v -1982.927002 -96.601021 -2980.750732 0.7882 0.5804 0.3961
v -1982.927002 -96.601044 -3167.420654 0.7882 0.5804 0.3961
v -1918.926880 -96.601036 -3114.086426 0.7882 0.5804 0.3961
v -638.926270 -224.600983 -1972.750244 0.7882 0.5804 0.3961
v -638.926270 -224.600967 -1876.750122 0.7882 0.5804 0.3961
v -766.926331 -224.600983 -1940.750244 0.7882 0.5804 0.3961
v -734.926270 -224.600998 -2100.750244 0.7882 0.5804 0.3961
v -766.926331 -224.600983 -1972.750244 0.7882 0.5804 0.3961
v -958.926575 -224.600983 -2068.750244 0.7882 0.5804 0.3961
v -990.926575 -224.600983 -2068.750244 0.7882 0.5804 0.3961
v -1022.926575 -224.600983 -2068.750244 0.7882 0.5804 0.3961
v -1022.926575 -224.600998 -2100.750244 0.7882 0.5804 0.3961
v -958.926575 -224.600998 -2100.750244 0.7882 0.5804 0.3961
v -862.926514 -224.600998 -2100.750244 0.7882 0.5804 0.3961
v -766.926331 -224.600983 -2068.750244 0.7882 0.5804 0.3961
v -862.926514 -224.600983 -2068.750244 0.7882 0.5804 0.3961
v -958.926575 -224.600998 -2100.750244 0.7882 0.5804 0.3961
v -958.926575 -224.600998 -2100.750244 0.7882 0.5804 0.3961
v -1022.926575 -224.600998 -2100.750244 0.7882 0.5804 0.3961
v -1022.926575 -224.601013 -2324.750244 0.7882 0.5804 0.3961
v -862.926514 -224.601013 -2324.750244 0.7882 0.5804 0.3961
v -798.926453 -224.601013 -2324.750244 0.7882 0.5804 0.3961
v -638.926270 -224.601013 -2324.750244 0.7882 0.5804 0.3961
v -638.926270 -224.601013 -2196.750244 0.7882 0.5804 0.3961
v -734.926270 -224.600998 -2100.750244 0.7882 0.5804 0.3961
v -1118.926636 -192.600983 -2068.750244 0.7882 0.5804 0.3961
v -1214.926636 -160.600937 -2068.750244 0.7882 0.5804 0.3961
v -1022.926575 -224.600998 -2100.750244 0.7882 0.5804 0.3961
v -1214.926636 -160.600967 -2324.750244 0.7882 0.5804 0.3961
v -1022.926575 -224.601013 -2324.750244 0.7882 0.5804 0.3961
v -1406.926636 -96.600922 -2164.750244 0.7882 0.5804 0.3961
v -1214.926636 -160.600952 -2164.750244 0.7882 0.5804 0.3961
v -1214.926636 -160.600952 -2100.750244 0.7882 0.5804 0.3961
v -1315.726685 -127.000923 -2068.750244 0.7882 0.5804 0.3961
v -1315.726685 -127.000938 -2164.750244 0.7882 0.5804 0.3961
v -1214.926636 -160.600952 -2164.750244 0.7882 0.5804 0.3961
v -1534.926758 -96.600945 -2324.750244 0.7882 0.5804 0.3961
v -1438.926758 -96.600945 -2324.750244 0.7882 0.5804 0.3961
v -1406.926636 -96.600945 -2324.750244 0.7882 0.5804 0.3961
v -1470.926758 -96.600929 -2196.750244 0.7882 0.5804 0.3961
v -1726.926880 -96.600945 -2324.750244 0.7882 0.5804 0.3961
v -1598.926758 -96.600945 -2324.750244 0.7882 0.5804 0.3961
v -1662.926880 -96.600929 -2196.750244 0.7882 0.5804 0.3961
v -1614.926758 -96.600937 -2292.750244 0.7882 0.5804 0.3961
v -1571.926758 -96.600937 -2292.750244 0.7882 0.5804 0.3961
v -1518.926758 -96.600937 -2292.750244 0.7882 0.5804 0.3961
v -1470.926758 -96.600929 -2196.750244 0.7882 0.5804 0.3961
v -1522.926758 -96.600929 -2185.750244 0.7882 0.5804 0.3961
v -1562.926758 -96.600937 -2292.750244 0.7882 0.5804 0.3961
v -1536.026733 -96.600922 -2175.650146 0.7882 0.5804 0.3961
v -1603.926758 -96.600929 -2204.750244 0.7882 0.5804 0.3961
v -1597.826782 -96.600929 -2217.850342 0.7882 0.5804 0.3961
v -1529.926758 -96.600929 -2188.750244 0.7882 0.5804 0.3961
v -1570.926758 -96.600914 -2100.750244 0.7882 0.5804 0.3961
v -1614.926758 -96.600914 -2100.750244 0.7882 0.5804 0.3961
v -1662.926880 -96.600929 -2196.750244 0.7882 0.5804 0.3961
v -1649.216797 -96.600929 -2224.160156 0.7882 0.5804 0.3961
v -1610.926758 -96.600929 -2207.750244 0.7882 0.5804 0.3961
v -1518.926758 -96.600914 -2100.750244 0.7882 0.5804 0.3961
v -1561.926758 -96.600914 -2100.750244 0.7882 0.5804 0.3961
v -1484.636719 -96.600922 -2169.340332 0.7882 0.5804 0.3961
v -1454.926758 -96.600914 -2068.750244 0.7882 0.5804 0.3961
v -1534.926758 -96.600914 -2068.750244 0.7882 0.5804 0.3961
v -1510.926758 -96.600922 -2116.750244 0.7882 0.5804 0.3961
v -1406.926636 -96.600945 -2324.750244 0.7882 0.5804 0.3961
v -1406.926636 -96.600922 -2116.750244 0.7882 0.5804 0.3961
v -1454.926758 -96.600922 -2116.750244 0.7882 0.5804 0.3961
v -1854.926880 -96.600914 -2068.750244 0.7882 0.5804 0.3961
v -1822.926880 -96.600914 -2100.750244 0.7882 0.5804 0.3961
v -1598.926758 -96.600914 -2068.750244 0.7882 0.5804 0.3961
v -1630.926758 -96.600914 -2068.750244 0.7882 0.5804 0.3961
v -1822.926880 -96.600914 -2068.750244 0.7882 0.5804 0.3961
v -1854.926880 -96.600914 -2100.750244 0.7882 0.5804 0.3961
v -1854.926880 -96.600929 -2196.750244 0.7882 0.5804 0.3961
v -1614.926758 -96.600914 -2100.750244 0.7882 0.5804 0.3961
v -1726.926880 -96.600945 -2356.750488 0.7882 0.5804 0.3961
v -1854.926880 -96.600945 -2356.750488 0.7882 0.5804 0.3961
v -1854.926880 -96.600975 -2580.750488 0.7882 0.5804 0.3961
v -1726.926880 -96.600975 -2580.750488 0.7882 0.5804 0.3961
v -1726.926880 -96.600960 -2452.750488 0.7882 0.5804 0.3961
v -1726.926880 -96.600945 -2356.750488 0.7882 0.5804 0.3961
v -1854.926880 -96.600945 -2356.750488 0.7882 0.5804 0.3961
v -638.926270 -224.600906 -1348.749878 0.7882 0.5804 0.3961
v -638.926270 -224.600891 -1300.749878 0.7882 0.5804 0.3961
v -766.926331 -224.600906 -1364.749878 0.7882 0.5804 0.3961
v -638.926270 -224.600922 -1396.749878 0.7882 0.5804 0.3961
v -766.926331 -224.600922 -1396.749878 0.7882 0.5804 0.3961
v -766.926331 -224.600922 -1492.750000 0.7882 0.5804 0.3961
v -766.926331 -224.600937 -1620.750000 0.7882 0.5804 0.3961
v -638.926270 -224.600922 -1556.750000 0.7882 0.5804 0.3961
v -664.606262 -224.600922 -1569.589966 0.7882 0.5804 0.3961
v -660.026245 -224.600937 -1622.849976 0.7882 0.5804 0.3961
v -638.926270 -224.600952 -1672.083374 0.7882 0.5804 0.3961
v -638.926270 -224.600937 -1638.081787 0.7882 0.5804 0.3961
v -646.926270 -224.600937 -1616.750000 0.7882 0.5804 0.3961
v -734.926270 -224.600952 -1657.750000 0.7882 0.5804 0.3961
v -734.926270 -224.600937 -1604.750000 0.7882 0.5804 0.3961
v -734.926270 -224.600937 -1648.750000 0.7882 0.5804 0.3961
v -649.926270 -224.600937 -1608.750000 0.7882 0.5804 0.3961
v -734.926270 -224.600952 -1700.750122 0.7882 0.5804 0.3961
v -766.926331 -224.600952 -1684.750000 0.7882 0.5804 0.3961
v -766.926331 -224.600967 -1876.750122 0.7882 0.5804 0.3961
v -766.926331 -224.600891 -1300.749878 0.7882 0.5804 0.3961
v -1982.927002 -96.600945 -2324.750244 0.7882 0.5804 0.3961
v -1982.927002 -96.600945 -2356.750488 0.7882 0.5804 0.3961
v -1982.927002 -96.600945 -2356.750488 0.7882 0.5804 0.3961
v -1982.927002 -96.600960 -2452.750488 0.7882 0.5804 0.3961
v -1982.927002 -96.600975 -2580.750488 0.7882 0.5804 0.3961
v -1918.926880 -96.600975 -2580.750488 0.7882 0.5804 0.3961
v -1854.926880 -96.600945 -2356.750488 0.7882 0.5804 0.3961
v -2302.927246 -96.600914 -2068.750244 0.7882 0.5804 0.3961
v -2366.927246 -96.600914 -2068.750244 0.7882 0.5804 0.3961
v -2350.927246 -96.600914 -2100.750244 0.7882 0.5804 0.3961
v -2302.927246 -96.600914 -2100.750244 0.7882 0.5804 0.3961
v -2078.927002 -96.600914 -2068.750244 0.7882 0.5804 0.3961
v -2146.297119 -96.600914 -2068.750244 0.7882 0.5804 0.3961
v -2302.927246 -96.600914 -2068.750244 0.7882 0.5804 0.3961
v -2302.927246 -96.600914 -2100.750244 0.7882 0.5804 0.3961
v -2078.927002 -96.600914 -2100.750244 0.7882 0.5804 0.3961
v -1922.296997 -96.600914 -2068.750244 0.7882 0.5804 0.3961
v -2078.927002 -96.600914 -2100.750244 0.7882 0.5804 0.3961
v -2302.927246 -96.600914 -2100.750244 0.7882 0.5804 0.3961
v -2350.927246 -96.600914 -2100.750244 0.7882 0.5804 0.3961
v -2078.927002 -96.600914 -2100.750244 0.7882 0.5804 0.3961
v -2302.927246 -96.600914 -2100.750244 0.7882 0.5804 0.3961
v -2302.927246 -96.600929 -2196.750244 0.7882 0.5804 0.3961
v -2110.927002 -96.600945 -2324.750244 0.7882 0.5804 0.3961
v -1998.927002 -96.600945 -2324.750244 0.7882 0.5804 0.3961
v -2078.927002 -96.600914 -2100.750244 0.7882 0.5804 0.3961
v -2078.927002 -96.600945 -2324.750244 0.7882 0.5804 0.3961
v -2382.927246 -96.600937 -2292.750244 0.7882 0.5804 0.3961
v -2350.927246 -96.600937 -2292.750244 0.7882 0.5804 0.3961
v -2302.927246 -96.600929 -2196.750244 0.7882 0.5804 0.3961
v -2350.927246 -96.600914 -2100.750244 0.7882 0.5804 0.3961
v -2382.927246 -96.600914 -2100.750244 0.7882 0.5804 0.3961
v -2350.927246 -96.600937 -2292.750244 0.7882 0.5804 0.3961
v -2366.927246 -96.600945 -2324.750244 0.7882 0.5804 0.3961
v -2238.927246 -96.600945 -2324.750244 0.7882 0.5804 0.3961
v -2302.927246 -96.600929 -2196.750244 0.7882 0.5804 0.3961
v 1281.074585 -96.600777 -948.749634 0.7882 0.5804 0.3961
v 1281.074585 -96.600777 -916.749634 0.7882 0.5804 0.3961
v 1249.074585 -96.600807 -1172.749756 0.7882 0.5804 0.3961
v 1281.074585 -96.600784 -980.749695 0.7882 0.5804 0.3961
v 1249.074585 -96.600777 -948.749634 0.7882 0.5804 0.3961
v 1121.074463 -96.600777 -948.749634 0.7882 0.5804 0.3961
v 1025.074463 -96.600792 -1044.749756 0.7882 0.5804 0.3961
v 1025.074463 -96.600807 -1172.749756 0.7882 0.5804 0.3961
v 1281.074585 -96.600769 -852.749573 0.7882 0.5804 0.3961
v 1281.074585 -96.600761 -788.749573 0.7882 0.5804 0.3961
v 1249.074585 -96.600777 -916.749634 0.7882 0.5804 0.3961
v 1249.074585 -96.600761 -788.749573 0.7882 0.5804 0.3961
v 1025.074463 -96.600761 -788.749573 0.7882 0.5804 0.3961
v 705.074280 -96.600761 -788.749573 0.7882 0.5804 0.3961
v 657.074219 -96.600761 -788.749573 0.7882 0.5804 0.3961
v 641.074219 -96.600761 -788.749573 0.7882 0.5804 0.3961
v 929.074402 -96.600761 -820.749573 0.7882 0.5804 0.3961
v 1057.074463 -96.600761 -820.749573 0.7882 0.5804 0.3961
v 993.074402 -96.600761 -788.749573 0.7882 0.5804 0.3961
v 929.074402 -96.600761 -788.749573 0.7882 0.5804 0.3961
v 833.074280 -96.600761 -788.749573 0.7882 0.5804 0.3961
v 833.074280 -96.600761 -820.749573 0.7882 0.5804 0.3961
v 641.074219 -96.600761 -820.749573 0.7882 0.5804 0.3961
v 705.074280 -96.600792 -1044.749756 0.7882 0.5804 0.3961
v 865.074280 -96.600792 -1044.749756 0.7882 0.5804 0.3961
v 929.074402 -96.600792 -1044.749756 0.7882 0.5804 0.3961
v 705.074280 -96.600761 -820.749573 0.7882 0.5804 0.3961
v 1153.074585 -96.600777 -916.749634 0.7882 0.5804 0.3961
v 1281.074585 -180.600800 -564.749451 0.7882 0.5804 0.3961
v 1249.074585 -228.600800 -436.749298 0.7882 0.5804 0.3961
v 1249.074585 -180.600800 -564.749451 0.7882 0.5804 0.3961
v 1025.074463 -180.600800 -564.749451 0.7882 0.5804 0.3961
v 1025.074463 -144.600769 -660.749512 0.7882 0.5804 0.3961
v 1281.074585 -288.600800 -276.749237 0.7882 0.5804 0.3961
v 1281.074585 -288.600800 -148.749176 0.7882 0.5804 0.3961
v 1025.074463 -288.600800 -148.749176 0.7882 0.5804 0.3961
v 1025.074463 -288.600800 -276.749237 0.7882 0.5804 0.3961
v 1249.074585 -288.600800 -276.749237 0.7882 0.5804 0.3961
v 1089.074463 -288.600800 -148.749176 0.7882 0.5804 0.3961
v 1249.074585 -288.600800 -148.749176 0.7882 0.5804 0.3961
v 1281.074585 -288.600769 -52.749138 0.7882 0.5804 0.3961
v 1281.074585 -288.600769 -20.749121 0.7882 0.5804 0.3961
v 1089.074463 -288.600769 -20.749121 0.7882 0.5804 0.3961
v 1281.074585 -228.600800 -436.749298 0.7882 0.5804 0.3961
v 1025.074463 -228.600800 -436.749298 0.7882 0.5804 0.3961
v 257.074036 -96.600746 -692.749512 0.7882 0.5804 0.3961
v 257.074036 -96.600754 -724.749573 0.7882 0.5804 0.3961
v 417.074097 -96.600746 -644.749512 0.7882 0.5804 0.3961
v 289.074036 -96.600754 -708.749512 0.7882 0.5804 0.3961
v 417.074097 -96.600754 -708.749512 0.7882 0.5804 0.3961
v 513.074158 -96.600754 -724.749573 0.7882 0.5804 0.3961
v 513.074158 -96.600754 -708.749512 0.7882 0.5804 0.3961
v 481.074158 -96.600754 -708.749512 0.7882 0.5804 0.3961
v 513.074158 -96.600739 -612.749512 0.7882 0.5804 0.3961
v 257.074036 -96.600723 -468.749359 0.7882 0.5804 0.3961
v 257.074036 -96.600739 -612.749512 0.7882 0.5804 0.3961
v 417.074097 -96.600739 -612.749512 0.7882 0.5804 0.3961
v 481.074158 -96.600739 -612.749512 0.7882 0.5804 0.3961
v 417.074097 -96.600769 -884.749634 0.7882 0.5804 0.3961
v 257.074036 -96.600792 -1044.749756 0.7882 0.5804 0.3961
v 385.074097 -96.600792 -1044.749756 0.7882 0.5804 0.3961
v 481.074158 -96.600761 -820.749573 0.7882 0.5804 0.3961
v 417.074097 -96.600792 -1044.749756 0.7882 0.5804 0.3961
v 609.074219 -96.600792 -1044.749756 0.7882 0.5804 0.3961
v 641.074219 -96.600792 -1044.749756 0.7882 0.5804 0.3961
v 257.074036 -96.600761 -788.749573 0.7882 0.5804 0.3961
v 257.074036 -96.600784 -1012.749695 0.7882 0.5804 0.3961
v 427.744141 -96.600769 -874.079590 0.7882 0.5804 0.3961
v 321.077881 -96.600761 -820.749573 0.7882 0.5804 0.3961
v 257.074036 -96.600761 -820.749573 0.7882 0.5804 0.3961
v 289.074036 -96.600761 -804.749573 0.7882 0.5804 0.3961
v 385.074097 -96.600769 -852.749573 0.7882 0.5804 0.3961
v 481.074158 -96.600761 -804.749573 0.7882 0.5804 0.3961
v 513.074158 -96.600761 -788.749573 0.7882 0.5804 0.3961
v -638.926270 -96.600761 -788.749573 0.7882 0.5804 0.3961
v -510.926208 -192.600861 -1172.749756 0.7882 0.5804 0.3961
v -510.926208 -152.600815 -1012.749695 0.7882 0.5804 0.3961
v -510.926208 -136.600800 -948.749634 0.7882 0.5804 0.3961
v -510.926208 -96.600731 -532.749329 0.7882 0.5804 0.3961
v -510.926208 -96.600723 -468.749359 0.7882 0.5804 0.3961
v -526.926208 -96.600723 -468.749359 0.7882 0.5804 0.3961
v -510.926208 -96.600761 -788.749573 0.7882 0.5804 0.3961
v -510.926208 -96.600754 -724.749573 0.7882 0.5804 0.3961
v -510.926208 -96.600731 -564.749451 0.7882 0.5804 0.3961
v -638.926270 -96.600731 -564.749451 0.7882 0.5804 0.3961
v 481.074158 -96.600639 251.250977 0.7882 0.5804 0.3961
v 481.074158 -96.600647 171.250946 0.7882 0.5804 0.3961
v 289.074036 -96.600647 171.250946 0.7882 0.5804 0.3961
v 390.934082 -96.600700 -276.749268 0.7882 0.5804 0.3961
v 393.074097 -96.600700 -271.749268 0.7882 0.5804 0.3961
v 481.074158 -96.600700 -260.749237 0.7882 0.5804 0.3961
v 481.074158 -96.600670 -66.419167 0.7882 0.5804 0.3961
v 396.074097 -96.600700 -264.749268 0.7882 0.5804 0.3961
v 481.074158 -96.600700 -303.749268 0.7882 0.5804 0.3961
v 513.074158 -96.600647 171.250946 0.7882 0.5804 0.3961
v 513.074158 -96.600662 27.250879 0.7882 0.5804 0.3961
v 481.074158 -96.600670 -52.749161 0.7882 0.5804 0.3961
v 513.074158 -96.600700 -276.749268 0.7882 0.5804 0.3961
v 513.074158 -96.600693 -196.749222 0.7882 0.5804 0.3961
v 513.074158 -96.600670 -52.749161 0.7882 0.5804 0.3961
v 257.074036 -96.600639 251.250977 0.7882 0.5804 0.3961
v 257.074036 -96.600647 171.250946 0.7882 0.5804 0.3961
v 257.074036 -96.600662 43.250885 0.7882 0.5804 0.3961
v 257.074036 -96.600670 -52.749161 0.7882 0.5804 0.3961
v 289.074036 -96.600670 -52.749161 0.7882 0.5804 0.3961
v 257.074036 -96.600700 -276.749268 0.7882 0.5804 0.3961
v 289.074036 -96.600700 -260.749237 0.7882 0.5804 0.3961
v 481.074158 -96.600723 -452.749359 0.7882 0.5804 0.3961
v 513.074158 -96.600708 -340.749298 0.7882 0.5804 0.3961
v 377.074097 -96.600708 -345.749298 0.7882 0.5804 0.3961
v 385.074097 -96.600716 -404.749329 0.7882 0.5804 0.3961
v 481.074158 -96.600708 -356.749298 0.7882 0.5804 0.3961
v 481.074158 -96.600700 -312.749298 0.7882 0.5804 0.3961
v 363.974121 -96.600708 -339.649292 0.7882 0.5804 0.3961
v 406.174072 -96.600700 -277.849274 0.7882 0.5804 0.3961
v 403.804077 -96.600700 -276.749268 0.7882 0.5804 0.3961
v 289.074036 -96.600700 -276.749268 0.7882 0.5804 0.3961
v 289.074036 -96.600700 -304.749268 0.7882 0.5804 0.3961
v 289.074036 -96.600700 -313.749298 0.7882 0.5804 0.3961
v 289.074036 -96.600708 -356.749298 0.7882 0.5804 0.3961
v 357.664185 -96.600716 -391.039337 0.7882 0.5804 0.3961
v 374.074097 -96.600708 -352.749298 0.7882 0.5804 0.3961
v 513.074158 -96.600723 -468.749359 0.7882 0.5804 0.3961
v 257.074036 -96.600708 -340.749298 0.7882 0.5804 0.3961
v 481.074158 -96.600723 -468.749359 0.7882 0.5804 0.3961
v -574.926208 -96.600708 -340.749298 0.7882 0.5804 0.3961
v -590.926208 -96.600708 -356.749298 0.7882 0.5804 0.3961
v -638.926270 -96.600716 -404.749329 0.7882 0.5804 0.3961
v -510.926208 -96.600700 -308.749268 0.7882 0.5804 0.3961
v -526.926208 -96.600700 -292.749268 0.7882 0.5804 0.3961
v -526.926208 -96.600708 -340.749298 0.7882 0.5804 0.3961
v -590.926208 -96.600700 -276.749268 0.7882 0.5804 0.3961
v -638.926270 -96.600700 -276.749268 0.7882 0.5804 0.3961
v -590.926208 -96.600708 -340.749298 0.7882 0.5804 0.3961
v 257.074036 -96.600624 363.251038 0.7882 0.5804 0.3961
v 289.074036 -96.600639 251.250977 0.7882 0.5804 0.3961
v 289.074036 -96.600624 347.251038 0.7882 0.5804 0.3961
v 513.074158 -96.600639 251.250977 0.7882 0.5804 0.3961
v 513.074158 -96.600624 363.251038 0.7882 0.5804 0.3961
v 481.074158 -96.600624 347.251038 0.7882 0.5804 0.3961
v 481.074158 -96.600624 363.251038 0.7882 0.5804 0.3961
v 289.074036 -96.600624 363.251038 0.7882 0.5804 0.3961
v 113.074112 -96.600594 619.251099 0.7882 0.5804 0.3961
v 129.074112 -96.600594 619.251099 0.7882 0.5804 0.3961
v 113.074112 -96.600563 843.251221 0.7882 0.5804 0.3961
v 113.074112 -96.600586 651.251099 0.7882 0.5804 0.3961
v 129.074112 -96.600586 651.251099 0.7882 0.5804 0.3961
v 129.074112 -96.600563 843.251221 0.7882 0.5804 0.3961
v 129.074112 -96.600563 875.251221 0.7882 0.5804 0.3961
v 113.074112 -96.600563 875.251221 0.7882 0.5804 0.3961
v -94.925995 -96.600563 875.251221 0.7882 0.5804 0.3961
v -110.925995 -96.600563 875.251221 0.7882 0.5804 0.3961
v -254.926071 -96.600594 619.251099 0.7882 0.5804 0.3961
v -110.925995 -96.600594 619.251099 0.7882 0.5804 0.3961
v -30.925964 -96.600594 619.251099 0.7882 0.5804 0.3961
v -110.925995 -96.600563 843.251221 0.7882 0.5804 0.3961
v -478.926178 -40.600533 875.251221 0.7882 0.5804 0.3961
v -638.926270 -0.600533 875.251221 0.7882 0.5804 0.3961
v -478.926178 -40.600536 843.251221 0.7882 0.5804 0.3961
v -254.926071 -96.600563 875.251221 0.7882 0.5804 0.3961
v -318.926086 -80.600555 875.251221 0.7882 0.5804 0.3961
v -414.926147 -56.600540 875.251221 0.7882 0.5804 0.3961
v -638.926270 -0.600563 619.251099 0.7882 0.5804 0.3961
v -478.926178 -40.600563 619.251099 0.7882 0.5804 0.3961
v -429.124603 -53.050957 619.251099 0.7882 0.5804 0.3961
v -254.926071 -96.600563 843.251221 0.7882 0.5804 0.3961
v -766.926331 -96.600761 -788.749573 0.7882 0.5804 0.3961
v -766.926331 -136.600800 -948.749634 0.7882 0.5804 0.3961
v -766.926331 -152.600815 -1012.749695 0.7882 0.5804 0.3961
v -766.926331 -192.600861 -1172.749756 0.7882 0.5804 0.3961
v -638.926270 -136.600800 -948.749634 0.7882 0.5804 0.3961
v -766.926331 -96.600723 -500.749359 0.7882 0.5804 0.3961
v -734.926270 -96.600723 -500.749359 0.7882 0.5804 0.3961
v -766.926331 -96.600731 -564.749451 0.7882 0.5804 0.3961
v -766.926331 -96.600739 -596.749451 0.7882 0.5804 0.3961
v -766.926331 -96.600746 -660.749512 0.7882 0.5804 0.3961
v -1022.926575 -96.600731 -532.749329 0.7882 0.5804 0.3961
v -990.926575 -96.600731 -532.749329 0.7882 0.5804 0.3961
v -894.926514 -96.600731 -532.749329 0.7882 0.5804 0.3961
v -766.926331 -96.600731 -532.749329 0.7882 0.5804 0.3961
v -910.926514 -96.600723 -500.749359 0.7882 0.5804 0.3961
v -1790.926880 -96.600731 -532.749329 0.7882 0.5804 0.3961
v -1662.926880 -96.600731 -532.749329 0.7882 0.5804 0.3961
v -766.926331 -96.600700 -276.749268 0.7882 0.5804 0.3961
v -638.926270 -96.600723 -500.749359 0.7882 0.5804 0.3961
v -638.926270 -96.600723 -468.749359 0.7882 0.5804 0.3961
v -1022.926575 -96.600700 -276.749268 0.7882 0.5804 0.3961
v -990.926575 -96.600708 -340.749298 0.7882 0.5804 0.3961
v -894.926514 -96.600700 -276.749268 0.7882 0.5804 0.3961
v -990.926575 -96.600700 -276.749268 0.7882 0.5804 0.3961
v -1006.926575 -96.600700 -308.749268 0.7882 0.5804 0.3961
v -1022.926575 -96.600700 -308.749268 0.7882 0.5804 0.3961
v -1022.926575 -96.600723 -500.749359 0.7882 0.5804 0.3961
v -1006.926575 -96.600723 -500.749359 0.7882 0.5804 0.3961
v -990.926575 -96.600723 -500.749359 0.7882 0.5804 0.3961
v -1678.926880 -96.600723 -500.749359 0.7882 0.5804 0.3961
v -1662.926880 -96.600723 -500.749359 0.7882 0.5804 0.3961
v -1662.926880 -96.600700 -308.749268 0.7882 0.5804 0.3961
v -1678.926880 -96.600700 -308.749268 0.7882 0.5804 0.3961
v -1662.926880 -96.600700 -276.749268 0.7882 0.5804 0.3961
v -1790.926880 -96.600700 -276.749268 0.7882 0.5804 0.3961
v -1854.926880 -96.600700 -276.749268 0.7882 0.5804 0.3961
v -2302.927246 -96.600731 -532.749329 0.7882 0.5804 0.3961
v -2078.927002 -96.600731 -532.749329 0.7882 0.5804 0.3961
v -2046.927002 -96.600731 -532.749329 0.7882 0.5804 0.3961
v -1854.926880 -96.600731 -532.749329 0.7882 0.5804 0.3961
v -1854.926880 -96.600723 -500.749359 0.7882 0.5804 0.3961
v -1854.926880 -96.600700 -308.749268 0.7882 0.5804 0.3961
v -2046.927002 -96.600677 -84.749176 0.7882 0.5804 0.3961
v -2046.927002 -96.600670 -52.749161 0.7882 0.5804 0.3961
v -2078.927002 -96.600677 -84.749176 0.7882 0.5804 0.3961
v -2078.927002 -96.600700 -308.749268 0.7882 0.5804 0.3961
v -2046.927002 -96.600700 -276.749268 0.7882 0.5804 0.3961
v -2302.927246 -96.600655 107.250916 0.7882 0.5804 0.3961
v -2302.927246 -96.600662 27.250879 0.7882 0.5804 0.3961
v -2302.927246 -96.600677 -84.749176 0.7882 0.5804 0.3961
v -2302.927246 -96.600693 -196.749222 0.7882 0.5804 0.3961
v -2302.927246 -96.600716 -420.749329 0.7882 0.5804 0.3961
v -2302.927246 -96.600731 -532.749329 0.7882 0.5804 0.3961
v -2302.927246 -96.600700 -308.749268 0.7882 0.5804 0.3961
v -2078.927002 -96.600655 107.250916 0.7882 0.5804 0.3961
v -2046.927002 -96.600655 107.250916 0.7882 0.5804 0.3961
v -2046.927002 -60.600613 251.250977 0.7882 0.5804 0.3961
v -766.926331 31.399483 875.251221 0.7882 0.5804 0.3961
v -766.926331 31.399483 843.251221 0.7882 0.5804 0.3961
v -766.926331 31.399452 619.251099 0.7882 0.5804 0.3961
v -638.926270 -0.600533 843.251221 0.7882 0.5804 0.3961
v -990.926575 31.399483 875.251221 0.7882 0.5804 0.3961
v -1150.926636 31.399483 875.251221 0.7882 0.5804 0.3961
v -990.926575 31.399483 843.251221 0.7882 0.5804 0.3961
v -926.926514 31.399483 875.251221 0.7882 0.5804 0.3961
v -1150.926636 31.399452 619.251099 0.7882 0.5804 0.3961
v -990.926575 31.399452 619.251099 0.7882 0.5804 0.3961
v -926.926514 31.399452 619.251099 0.7882 0.5804 0.3961
v -1278.926636 31.399467 747.251160 0.7882 0.5804 0.3961
v -1214.926636 31.399483 875.251221 0.7882 0.5804 0.3961
v -1278.926636 31.399483 875.251221 0.7882 0.5804 0.3961
v -1230.926636 31.399483 843.251221 0.7882 0.5804 0.3961
v -1230.926636 31.399452 651.251099 0.7882 0.5804 0.3961
v -1150.926636 31.399452 651.251099 0.7882 0.5804 0.3961
v -1150.926636 31.399483 843.251221 0.7882 0.5804 0.3961
v -1214.926636 31.399452 619.251099 0.7882 0.5804 0.3961
v -1726.926880 31.399483 875.251221 0.7882 0.5804 0.3961
v -1902.926880 31.399483 875.251221 0.7882 0.5804 0.3961
v -1902.926880 31.399483 843.251221 0.7882 0.5804 0.3961
v -1726.926880 31.399483 843.251221 0.7882 0.5804 0.3961
v -1502.926758 31.399483 875.251221 0.7882 0.5804 0.3961
v -1678.926880 31.399483 875.251221 0.7882 0.5804 0.3961
v -1278.926636 31.399483 843.251221 0.7882 0.5804 0.3961
v -1454.926758 31.399483 875.251221 0.7882 0.5804 0.3961
v -1502.926758 31.399483 843.251221 0.7882 0.5804 0.3961
v -1726.926880 31.399452 619.251099 0.7882 0.5804 0.3961
v -1678.926880 31.399452 619.251099 0.7882 0.5804 0.3961
v -1454.926758 31.399452 619.251099 0.7882 0.5804 0.3961
v -1342.926636 31.399452 619.251099 0.7882 0.5804 0.3961
v -1278.926636 31.399452 619.251099 0.7882 0.5804 0.3961
v -1502.926758 31.399452 619.251099 0.7882 0.5804 0.3961
v -2494.927246 31.399452 619.251099 0.7882 0.5804 0.3961
v -2462.927246 31.399452 619.251099 0.7882 0.5804 0.3961
v -2366.927246 31.399452 619.251099 0.7882 0.5804 0.3961
v -2430.927246 31.399467 747.251160 0.7882 0.5804 0.3961
v -2478.927246 31.399452 651.251099 0.7882 0.5804 0.3961
v -2478.927246 31.399483 843.251221 0.7882 0.5804 0.3961
v -2494.927246 31.399483 843.251221 0.7882 0.5804 0.3961
v -2302.927246 31.399483 875.251221 0.7882 0.5804 0.3961
v -2494.927246 31.399483 875.251221 0.7882 0.5804 0.3961
v -2478.927246 31.399483 843.251221 0.7882 0.5804 0.3961
v -2398.927246 31.399483 843.251221 0.7882 0.5804 0.3961
v -2270.927246 31.399483 843.251221 0.7882 0.5804 0.3961
v -2430.927246 31.399467 747.251160 0.7882 0.5804 0.3961
v -2398.927246 31.399467 683.251160 0.7882 0.5804 0.3961
v -2398.927246 31.399483 843.251221 0.7882 0.5804 0.3961
v -2398.927246 31.399467 683.251160 0.7882 0.5804 0.3961
v -2366.927246 31.399452 619.251099 0.7882 0.5804 0.3961
v -2318.927246 31.399452 619.251099 0.7882 0.5804 0.3961
v -2302.927246 31.399452 619.251099 0.7882 0.5804 0.3961
v -2398.927246 31.399483 843.251221 0.7882 0.5804 0.3961
v -2270.927246 31.399483 875.251221 0.7882 0.5804 0.3961
v -2302.927246 31.399483 875.251221 0.7882 0.5804 0.3961
v -2046.927002 31.399483 875.251221 0.7882 0.5804 0.3961
v -2126.927002 31.399483 875.251221 0.7882 0.5804 0.3961
v -2174.927246 31.399467 747.251160 0.7882 0.5804 0.3961
v -2046.927002 31.399452 619.251099 0.7882 0.5804 0.3961
v -2030.927002 31.399452 619.251099 0.7882 0.5804 0.3961
v -1902.926880 31.399452 619.251099 0.7882 0.5804 0.3961
v -2126.927002 31.399483 843.251221 0.7882 0.5804 0.3961
v -2126.927002 31.399467 699.251160 0.7882 0.5804 0.3961
v -2078.927002 31.399452 651.251099 0.7882 0.5804 0.3961
v -2302.927246 31.399452 619.251099 0.7882 0.5804 0.3961
v -2078.927002 31.399452 619.251099 0.7882 0.5804 0.3961
v -2078.927002 -4.600578 475.251099 0.7882 0.5804 0.3961
v -2046.927002 -4.600578 475.251099 0.7882 0.5804 0.3961
v -2078.927002 -60.600613 251.250977 0.7882 0.5804 0.3961
v -2046.927002 -24.600594 395.251068 0.7882 0.5804 0.3961
v -2302.927246 -4.600578 475.251099 0.7882 0.5804 0.3961
v -2302.927246 -24.600594 395.251068 0.7882 0.5804 0.3961
v -2302.927246 -60.600613 251.250977 0.7882 0.5804 0.3961
v -2510.927246 31.399452 651.251099 0.7882 0.5804 0.3961
v -2494.927246 31.399452 651.251099 0.7882 0.5804 0.3961
v -2510.927246 31.399483 843.251221 0.7882 0.5804 0.3961
v -1854.926880 -96.601143 -2580.750488 0.7882 0.5804 0.3961
v -1726.926880 -96.601151 -2612.750488 0.7882 0.5804 0.3961
v -1918.926880 -96.601173 -2836.750732 0.7882 0.5804 0.3961
v -1886.926880 -96.601173 -2836.750732 0.7882 0.5804 0.3961
v -1726.926880 -96.601173 -2836.750732 0.7882 0.5804 0.3961
v -1726.926880 -96.601158 -2676.750488 0.7882 0.5804 0.3961
v -1918.926880 -96.601143 -2580.750488 0.7882 0.5804 0.3961
v -1982.927002 -96.601143 -2580.750488 0.7882 0.5804 0.3961
v -1982.927002 -96.601151 -2612.750488 0.7882 0.5804 0.3961
v -1982.927002 -96.601173 -2804.750488 0.7882 0.5804 0.3961
v -1982.927002 -96.601173 -2836.750732 0.7882 0.5804 0.3961
v -1918.926880 -96.601173 -2836.750732 0.7882 0.5804 0.3961
v -1918.926880 -96.601151 -2612.750488 0.7882 0.5804 0.3961
v 1009.074402 -0.601311 -2820.750488 0.9019 0.7333 0.5569
v 801.074280 -0.601288 -2644.750488 0.9019 0.7333 0.5569
v 945.074402 -0.601303 -2788.750488 0.9019 0.7333 0.5569
v 961.074402 -0.601311 -2804.750488 0.9019 0.7333 0.5569
v 977.074402 -0.601311 -2820.750488 0.9019 0.7333 0.5569
v 801.074280 -0.601288 -2644.750488 0.9019 0.7333 0.5569
v 801.074280 -0.601311 -2804.750488 0.9019 0.7333 0.5569
v 881.074280 -0.601295 -2724.750488 0.9019 0.7333 0.5569
v 961.074402 -0.601311 -2820.750488 0.9019 0.7333 0.5569
v 961.074402 -0.601311 -2804.750488 0.9019 0.7333 0.5569
v 817.074280 -0.601303 -2788.750488 0.9019 0.7333 0.5569
v 753.074280 -0.601311 -2820.750488 0.9019 0.7333 0.5569
v 801.074280 -0.601311 -2820.750488 0.9019 0.7333 0.5569
v 753.074280 -0.601280 -2580.750488 0.9019 0.7333 0.5569
v 529.074158 -0.601280 -2596.750488 0.9019 0.7333 0.5569
v 753.074280 -0.601280 -2580.750488 0.9019 0.7333 0.5569
v 641.074219 -0.601280 -2580.750488 0.9019 0.7333 0.5569
v 529.074158 -0.601280 -2580.750488 0.9019 0.7333 0.5569
v 705.074280 -0.601303 -2772.750488 0.9019 0.7333 0.5569
v 529.074158 -0.601303 -2756.750488 0.9019 0.7333 0.5569
v 529.074158 -0.601303 -2772.750488 0.9019 0.7333 0.5569
v 529.074158 -0.601280 -2580.750488 0.9019 0.7333 0.5569
v 497.074158 -0.601280 -2580.750488 0.9019 0.7333 0.5569
v 353.074097 -0.601280 -2580.750488 0.9019 0.7333 0.5569
v 513.074158 -0.601303 -2740.750488 0.9019 0.7333 0.5569
v 481.074158 -0.601303 -2740.750488 0.9019 0.7333 0.5569
v 273.074036 -0.601280 -2580.750488 0.9019 0.7333 0.5569
v 1.073990 -0.601280 -2596.750488 0.9019 0.7333 0.5569
v 1.073990 -0.601288 -2612.750488 0.9019 0.7333 0.5569
v 17.073990 -0.601280 -2596.750488 0.9019 0.7333 0.5569
v 241.074112 -0.601303 -2772.750488 0.9019 0.7333 0.5569
v 273.074036 -0.601303 -2740.750488 0.9019 0.7333 0.5569
v 257.074036 -0.601303 -2740.750488 0.9019 0.7333 0.5569
v 241.074112 -0.601303 -2756.750488 0.9019 0.7333 0.5569
v 257.074036 -0.601303 -2740.750488 0.9019 0.7333 0.5569
v 273.074036 -0.601295 -2724.750488 0.9019 0.7333 0.5569
v 273.074036 -0.601280 -2580.750488 0.9019 0.7333 0.5569
v 225.074112 -0.601280 -2580.750488 0.9019 0.7333 0.5569
v 225.074112 -0.601303 -2772.750488 0.9019 0.7333 0.5569
v 33.074020 -0.601280 -2580.750488 0.9019 0.7333 0.5569
v 1.073990 -0.601288 -2612.750488 0.9019 0.7333 0.5569
v 1.073990 -0.601303 -2772.750488 0.9019 0.7333 0.5569
v -430.926208 159.398804 -2751.750488 0.9019 0.7333 0.5569
v -430.926208 159.398773 -2792.750488 0.9019 0.7333 0.5569
v -382.926208 159.398773 -2804.750488 0.9019 0.7333 0.5569
v -382.926208 159.398804 -2751.750488 0.9019 0.7333 0.5569
v 1012.074402 191.398895 -1940.750244 0.9019 0.7333 0.5569
v 1009.074402 191.398895 -1940.750244 0.9019 0.7333 0.5569
v 1009.074402 191.398895 -1972.750244 0.9019 0.7333 0.5569
v 1012.074402 191.398895 -1972.750244 0.9019 0.7333 0.5569
v 801.074280 -0.601273 -2516.750488 0.9019 0.7333 0.5569
v 993.074402 -0.601250 -2340.750488 0.9019 0.7333 0.5569
v 993.074402 -0.601257 -2356.750488 0.9019 0.7333 0.5569
v 993.074402 -0.601273 -2516.750488 0.9019 0.7333 0.5569
v 993.074402 -0.601280 -2580.750488 0.9019 0.7333 0.5569
v 1009.074402 -0.601280 -2580.750488 0.9019 0.7333 0.5569
v 1009.074402 -0.601250 -2340.750488 0.9019 0.7333 0.5569
v 801.074280 -0.601257 -2356.750488 0.9019 0.7333 0.5569
v 785.074280 -0.601265 -2452.750488 0.9019 0.7333 0.5569
v 785.074280 -0.601265 -2436.750488 0.9019 0.7333 0.5569
v 641.074219 -0.601265 -2436.750488 0.9019 0.7333 0.5569
v 801.074280 -0.601250 -2340.750488 0.9019 0.7333 0.5569
v 785.074280 -0.601250 -2340.750488 0.9019 0.7333 0.5569
v 801.074280 -0.601273 -2516.750488 0.9019 0.7333 0.5569
v 801.074280 -0.601265 -2452.750488 0.9019 0.7333 0.5569
v 785.074280 -0.601265 -2452.750488 0.9019 0.7333 0.5569
v 641.074219 -0.601265 -2452.750488 0.9019 0.7333 0.5569
v 801.074280 -0.601280 -2580.750488 0.9019 0.7333 0.5569
v 529.074158 -0.601280 -2580.750488 0.9019 0.7333 0.5569
v 641.074219 -0.601280 -2580.750488 0.9019 0.7333 0.5569
v 641.074219 -0.601265 -2452.750488 0.9019 0.7333 0.5569
v 273.074036 -0.601280 -2580.750488 0.9019 0.7333 0.5569
v 353.074097 -0.601280 -2580.750488 0.9019 0.7333 0.5569
v 497.074158 -0.601280 -2580.750488 0.9019 0.7333 0.5569
v 497.074158 -0.601265 -2436.750488 0.9019 0.7333 0.5569
v 273.074036 -0.601250 -2324.750244 0.9019 0.7333 0.5569
v 225.074112 -0.601250 -2324.750244 0.9019 0.7333 0.5569
v 33.074020 -0.601250 -2324.750244 0.9019 0.7333 0.5569
v 33.074020 -0.601257 -2356.750488 0.9019 0.7333 0.5569
v 33.074020 -0.601280 -2548.750488 0.9019 0.7333 0.5569
v 225.074112 -0.601280 -2580.750488 0.9019 0.7333 0.5569
v 273.074036 -0.601265 -2436.750488 0.9019 0.7333 0.5569
v 273.074036 -0.601257 -2356.750488 0.9019 0.7333 0.5569
v 17.073990 -0.601250 -2308.750244 0.9019 0.7333 0.5569
v 1.073990 -0.601250 -2308.750244 0.9019 0.7333 0.5569
v 273.074036 -0.601219 -2068.750244 0.9019 0.7333 0.5569
v 257.074036 -0.601219 -2068.750244 0.9019 0.7333 0.5569
v 225.074112 -0.601250 -2324.750244 0.9019 0.7333 0.5569
v 273.074036 -0.601250 -2292.750244 0.9019 0.7333 0.5569
v 273.074036 -0.601227 -2100.750244 0.9019 0.7333 0.5569
v 225.074112 -0.601227 -2100.750244 0.9019 0.7333 0.5569
v 225.074112 -0.601219 -2068.750244 0.9019 0.7333 0.5569
v 1.073990 -0.601219 -2068.750244 0.9019 0.7333 0.5569
v 1.073990 -0.601227 -2100.750244 0.9019 0.7333 0.5569
v 1.073990 -0.601250 -2292.750244 0.9019 0.7333 0.5569
v 33.074020 -0.601250 -2324.750244 0.9019 0.7333 0.5569
v 225.074112 -0.601250 -2324.750244 0.9019 0.7333 0.5569
v 1.073990 -0.601227 -2100.750244 0.9019 0.7333 0.5569
v 257.074036 -32.601292 -2548.750488 0.9019 0.7333 0.5569
v 225.074112 -32.601265 -2324.750244 0.9019 0.7333 0.5569
v 225.074112 -32.601292 -2548.750488 0.9019 0.7333 0.5569
v 1.073990 -32.601265 -2324.750244 0.9019 0.7333 0.5569
v 225.074112 -32.601234 -2068.750244 0.9019 0.7333 0.5569
v 257.074036 -32.601234 -2068.750244 0.9019 0.7333 0.5569
v 257.074036 -32.601238 -2100.750244 0.9019 0.7333 0.5569
v 257.074036 -32.601261 -2292.750244 0.9019 0.7333 0.5569
v 257.074036 -32.601265 -2324.750244 0.9019 0.7333 0.5569
v 225.074112 -32.601265 -2324.750244 0.9019 0.7333 0.5569
v 225.074112 -32.601238 -2100.750244 0.9019 0.7333 0.5569
v 1.073990 -32.601234 -2068.750244 0.9019 0.7333 0.5569
v 1.073990 -32.601265 -2324.750244 0.9019 0.7333 0.5569
v 1.073990 -32.601238 -2100.750244 0.9019 0.7333 0.5569
v 257.074036 -0.601219 -2052.750244 0.9019 0.7333 0.5569
v 225.074112 -0.601219 -2052.750244 0.9019 0.7333 0.5569
v 1.073990 -0.601219 -2068.750244 0.9019 0.7333 0.5569
v 257.074036 -0.601212 -1988.750244 0.9019 0.7333 0.5569
v 257.074036 -0.601196 -1876.750122 0.9019 0.7333 0.5569
v 225.074112 -0.601196 -1876.750122 0.9019 0.7333 0.5569
v 225.074112 -0.601212 -1988.750244 0.9019 0.7333 0.5569
v 193.074081 -0.601212 -1988.750244 0.9019 0.7333 0.5569
v 1.073990 -0.601212 -1988.750244 0.9019 0.7333 0.5569
v 1.073990 -0.601219 -2052.750244 0.9019 0.7333 0.5569
v 193.074081 -0.601219 -2052.750244 0.9019 0.7333 0.5569
v -126.926071 -32.601234 -2068.750244 0.9019 0.7333 0.5569
v 1.073990 -32.601234 -2068.750244 0.9019 0.7333 0.5569
v 1.073990 -32.601238 -2100.750244 0.9019 0.7333 0.5569
v -126.926071 -32.601238 -2100.750244 0.9019 0.7333 0.5569
v -126.926071 -32.601265 -2324.750244 0.9019 0.7333 0.5569
v 1.073990 -32.601292 -2548.750488 0.9019 0.7333 0.5569
v -126.926071 -32.601292 -2548.750488 0.9019 0.7333 0.5569
v -126.926071 -32.601265 -2324.750244 0.9019 0.7333 0.5569
v -126.926071 -32.601284 -2484.750488 0.9019 0.7333 0.5569
v -126.926071 -32.601292 -2548.750488 0.9019 0.7333 0.5569
v -190.926102 -32.601292 -2548.750488 0.9019 0.7333 0.5569
v -190.926102 -32.601276 -2420.750488 0.9019 0.7333 0.5569
v -222.926117 -32.601273 -2388.750488 0.9019 0.7333 0.5569
v -158.926086 -32.601265 -2324.750244 0.9019 0.7333 0.5569
v -126.926071 -32.601265 -2324.750244 0.9019 0.7333 0.5569
v -254.926132 -32.601227 -2004.750244 0.9019 0.7333 0.5569
v -158.926086 -32.601234 -2068.750244 0.9019 0.7333 0.5569
v -254.926132 -32.601238 -2100.750244 0.9019 0.7333 0.5569
v -158.926086 -32.601238 -2100.750244 0.9019 0.7333 0.5569
v -254.926132 -32.601265 -2324.750244 0.9019 0.7333 0.5569
v -254.926132 -32.601238 -2100.750244 0.9019 0.7333 0.5569
v -478.926239 -32.601238 -2100.750244 0.9019 0.7333 0.5569
v -478.926239 -32.601227 -2004.750244 0.9019 0.7333 0.5569
v -398.926208 -32.601227 -2004.750244 0.9019 0.7333 0.5569
v -334.926178 -32.601227 -2004.750244 0.9019 0.7333 0.5569
v -254.926132 -32.601238 -2100.750244 0.9019 0.7333 0.5569
v -286.926147 -32.601265 -2324.750244 0.9019 0.7333 0.5569
v -382.926208 -32.601265 -2324.750244 0.9019 0.7333 0.5569
v -414.926208 -32.601265 -2324.750244 0.9019 0.7333 0.5569
v -478.926239 -32.601265 -2324.750244 0.9019 0.7333 0.5569
v -478.926239 -32.601254 -2228.750244 0.9019 0.7333 0.5569
v -254.926132 -32.601238 -2100.750244 0.9019 0.7333 0.5569
v -158.926086 -32.601238 -2100.750244 0.9019 0.7333 0.5569
v -158.926086 -32.601234 -2068.750244 0.9019 0.7333 0.5569
v -126.926071 -32.601234 -2068.750244 0.9019 0.7333 0.5569
v -126.926071 -32.601238 -2100.750244 0.9019 0.7333 0.5569
v -126.926071 -32.601238 -2100.750244 0.9019 0.7333 0.5569
v -382.926208 -32.601280 -2452.750488 0.9019 0.7333 0.5569
v -382.926208 -32.601288 -2516.750488 0.9019 0.7333 0.5569
v -446.926208 -32.601288 -2516.750488 0.9019 0.7333 0.5569
v -446.926208 -32.601280 -2452.750488 0.9019 0.7333 0.5569
v 257.074036 -0.601189 -1812.750122 0.9019 0.7333 0.5569
v 225.074112 -0.601189 -1812.750122 0.9019 0.7333 0.5569
v 145.074051 -0.601189 -1812.750122 0.9019 0.7333 0.5569
v 129.074051 -0.601189 -1812.750122 0.9019 0.7333 0.5569
v 1.073990 -0.601189 -1812.750122 0.9019 0.7333 0.5569
v 1.073990 -0.601196 -1876.750122 0.9019 0.7333 0.5569
v 129.074051 -64.601204 -1780.750122 0.9019 0.7333 0.5569
v 129.074051 -48.601196 -1780.750122 0.9019 0.7333 0.5569
v 1.073990 -48.601200 -1812.750122 0.9019 0.7333 0.5569
v 1.073990 -48.601196 -1780.750122 0.9019 0.7333 0.5569
v 129.074051 -48.601200 -1812.750122 0.9019 0.7333 0.5569
v 129.074051 -16.601196 -1780.750122 0.9019 0.7333 0.5569
v 1.073990 -16.601196 -1780.750122 0.9019 0.7333 0.5569
v 1.073990 -16.601196 -1812.750122 0.9019 0.7333 0.5569
v 129.074051 -16.601196 -1812.750122 0.9019 0.7333 0.5569
v 129.074051 -48.601189 -1716.750122 0.9019 0.7333 0.5569
v 1.073990 -48.601189 -1716.750122 0.9019 0.7333 0.5569
v 1.073990 -48.601192 -1748.750122 0.9019 0.7333 0.5569
v 129.074051 -48.601192 -1748.750122 0.9019 0.7333 0.5569
v 129.074051 -32.601196 -1748.750122 0.9019 0.7333 0.5569
v 1.073990 -32.601196 -1748.750122 0.9019 0.7333 0.5569
v 1.073990 -32.601200 -1780.750122 0.9019 0.7333 0.5569
v 129.074051 -32.601200 -1780.750122 0.9019 0.7333 0.5569
v 1.073990 -64.601196 -1748.750122 0.9019 0.7333 0.5569
v 129.074051 -80.601212 -1748.750122 0.9019 0.7333 0.5569
v 129.074051 -64.601196 -1748.750122 0.9019 0.7333 0.5569
v 1.073990 -64.601204 -1780.750122 0.9019 0.7333 0.5569
v 1.073990 -96.601212 -1716.750122 0.9019 0.7333 0.5569
v 129.074051 -96.601212 -1716.750122 0.9019 0.7333 0.5569
v 1.073990 -80.601212 -1748.750122 0.9019 0.7333 0.5569
v 1.073990 -80.601204 -1716.750122 0.9019 0.7333 0.5569
v 129.074051 -80.601204 -1716.750122 0.9019 0.7333 0.5569
v 129.074051 -64.601196 -1684.750000 0.9019 0.7333 0.5569
v 1.073990 -64.601196 -1684.750000 0.9019 0.7333 0.5569
v 1.073990 -64.601196 -1716.750122 0.9019 0.7333 0.5569
v 129.074051 -64.601196 -1716.750122 0.9019 0.7333 0.5569
v 129.074051 -80.601196 -1684.750000 0.9019 0.7333 0.5569
v 145.074051 -80.601196 -1684.750000 0.9019 0.7333 0.5569
v 145.074051 -80.601196 -1668.750000 0.9019 0.7333 0.5569
v 129.074051 -80.601196 -1652.750000 0.9019 0.7333 0.5569
v 1.073990 -80.601196 -1652.750000 0.9019 0.7333 0.5569
v 1.073990 -80.601196 -1684.750000 0.9019 0.7333 0.5569
v -446.926208 -80.601196 -1620.750000 0.9019 0.7333 0.5569
v -446.926208 -80.601196 -1636.750000 0.9019 0.7333 0.5569
v -350.926178 -80.601196 -1636.750000 0.9019 0.7333 0.5569
v -462.926208 -80.601189 -1588.750000 0.9019 0.7333 0.5569
v -478.926239 -80.601189 -1604.750000 0.9019 0.7333 0.5569
v -478.926239 -80.601196 -1620.750000 0.9019 0.7333 0.5569
v -350.926178 -80.601196 -1620.750000 0.9019 0.7333 0.5569
v -318.926147 -80.601196 -1620.750000 0.9019 0.7333 0.5569
v -318.926147 -80.601189 -1604.750000 0.9019 0.7333 0.5569
v -334.926178 -80.601189 -1588.750000 0.9019 0.7333 0.5569
v -1686.926880 159.398773 -2916.750732 0.9019 0.7333 0.5569
v -1726.926880 159.398773 -2916.750732 0.9019 0.7333 0.5569
v -1918.926880 159.398773 -2916.750732 0.9019 0.7333 0.5569
v -1582.926758 159.398773 -2860.750732 0.9019 0.7333 0.5569
v -1582.926758 159.398773 -2834.080566 0.9019 0.7333 0.5569
v -1662.926880 159.398773 -2900.750732 0.9019 0.7333 0.5569
v -1598.926758 159.398773 -2828.750488 0.9019 0.7333 0.5569
v -1670.926880 159.398773 -2900.750732 0.9019 0.7333 0.5569
v -1682.126831 159.398773 -2916.750732 0.9019 0.7333 0.5569
v -1582.926758 159.398773 -2812.750488 0.9019 0.7333 0.5569
v -1550.926758 159.398773 -2844.750732 0.9019 0.7333 0.5569
v -1550.926758 159.398773 -2836.750732 0.9019 0.7333 0.5569
v -1550.926758 159.398773 -2818.080566 0.9019 0.7333 0.5569
v -1550.926758 159.398773 -2772.750488 0.9019 0.7333 0.5569
v -2382.927246 159.398712 -3348.750732 0.9019 0.7333 0.5569
v -2382.927246 159.398712 -3284.750732 0.9019 0.7333 0.5569
v -2430.927246 159.398712 -3284.750732 0.9019 0.7333 0.5569
v -2510.927246 159.398712 -3284.750732 0.9019 0.7333 0.5569
v -2510.927246 159.398712 -3348.750732 0.9019 0.7333 0.5569
v -2510.927246 159.398712 -3460.750977 0.9019 0.7333 0.5569
v -2494.927246 159.398712 -3460.750977 0.9019 0.7333 0.5569
v -2126.927002 159.398712 -3508.750977 0.9019 0.7333 0.5569
v -2126.927002 159.398682 -3700.750977 0.9019 0.7333 0.5569
v -2126.927002 159.398682 -3716.750977 0.9019 0.7333 0.5569
v -2046.927002 159.398682 -3604.750977 0.9019 0.7333 0.5569
v -2046.927002 159.398712 -3348.750732 0.9019 0.7333 0.5569
v -2046.927002 159.398651 -3796.750977 0.9019 0.7333 0.5569
v -2046.927002 159.398682 -3716.750977 0.9019 0.7333 0.5569
v -2222.927246 159.398682 -3716.750977 0.9019 0.7333 0.5569
v -2222.927246 159.398651 -3796.750977 0.9019 0.7333 0.5569
v -2142.927002 -64.601410 -3476.750977 0.9019 0.7333 0.5569
v -2142.927002 -64.601379 -3284.750732 0.9019 0.7333 0.5569
v -2222.927246 -64.601410 -3476.750977 0.9019 0.7333 0.5569
v -2222.927246 -64.601433 -3700.750977 0.9019 0.7333 0.5569
v -2142.927002 -64.601433 -3700.750977 0.9019 0.7333 0.5569
v -2142.927002 -64.601410 -3508.750977 0.9019 0.7333 0.5569
v -2222.927246 -64.601410 -3476.750977 0.9019 0.7333 0.5569
v -2430.927246 -64.601410 -3476.750977 0.9019 0.7333 0.5569
v -2366.927246 -64.601410 -3540.750977 0.9019 0.7333 0.5569
v -2222.927246 -64.601433 -3684.750977 0.9019 0.7333 0.5569
v -2510.927246 -64.601433 -3684.750977 0.9019 0.7333 0.5569
v -2494.927246 -64.601425 -3668.750977 0.9019 0.7333 0.5569
v -2366.927246 -64.601410 -3540.750977 0.9019 0.7333 0.5569
v -2430.927246 -64.601410 -3476.750977 0.9019 0.7333 0.5569
v -2494.927246 -64.601410 -3476.750977 0.9019 0.7333 0.5569
v -2510.927246 -64.601410 -3476.750977 0.9019 0.7333 0.5569
v -2238.927246 -64.601425 -3668.750977 0.9019 0.7333 0.5569
v -2270.927246 -64.601425 -3636.750977 0.9019 0.7333 0.5569
v -2270.927246 -64.601425 -3636.750977 0.9019 0.7333 0.5569
v -2494.927246 -64.601425 -3668.750977 0.9019 0.7333 0.5569
v -2270.927246 -64.601425 -3668.750977 0.9019 0.7333 0.5569
v -2270.927246 -64.601410 -3476.750977 0.9019 0.7333 0.5569
v -2222.927246 -64.601410 -3476.750977 0.9019 0.7333 0.5569
v -2270.927246 -64.601395 -3348.750732 0.9019 0.7333 0.5569
v -2494.927246 -64.601410 -3476.750977 0.9019 0.7333 0.5569
v -2430.927246 -64.601410 -3476.750977 0.9019 0.7333 0.5569
v -2366.927246 -64.601395 -3348.750732 0.9019 0.7333 0.5569
v -2222.927246 -64.601379 -3284.750732 0.9019 0.7333 0.5569
v -2270.927246 -64.601379 -3284.750732 0.9019 0.7333 0.5569
v -2366.927246 -64.601379 -3284.750732 0.9019 0.7333 0.5569
v -2366.927246 -64.601395 -3348.750732 0.9019 0.7333 0.5569
v -2222.927246 -64.601395 -3348.750732 0.9019 0.7333 0.5569
v -2590.927490 159.398682 -3716.750977 0.9019 0.7333 0.5569
v -2814.927490 159.398682 -3716.750977 0.9019 0.7333 0.5569
v -2814.927490 159.398651 -3796.750977 0.9019 0.7333 0.5569
v -2510.927246 159.398651 -3796.750977 0.9019 0.7333 0.5569
v -2510.927246 159.398682 -3716.750977 0.9019 0.7333 0.5569
v -2686.927490 159.398712 -3348.750732 0.9019 0.7333 0.5569
v -2814.927490 159.398712 -3348.750732 0.9019 0.7333 0.5569
v -2814.927490 159.398712 -3460.750977 0.9019 0.7333 0.5569
v -2590.927490 159.398712 -3460.750977 0.9019 0.7333 0.5569
v -2510.927246 159.398712 -3460.750977 0.9019 0.7333 0.5569
v -2686.927490 159.398712 -3284.750732 0.9019 0.7333 0.5569
v -2686.927490 159.398712 -3348.750732 0.9019 0.7333 0.5569
v -2510.927246 159.398712 -3348.750732 0.9019 0.7333 0.5569
v -2510.927246 159.398712 -3284.750732 0.9019 0.7333 0.5569
v -2510.927246 -64.601433 -3700.750977 0.9019 0.7333 0.5569
v -2510.927246 -64.601410 -3476.750977 0.9019 0.7333 0.5569
v -2590.927490 -64.601410 -3476.750977 0.9019 0.7333 0.5569
v -2590.927490 -64.601433 -3700.750977 0.9019 0.7333 0.5569
v -2590.927490 -64.601410 -3476.750977 0.9019 0.7333 0.5569
v -2814.927490 -64.601410 -3476.750977 0.9019 0.7333 0.5569
v -2814.927490 -64.601433 -3700.750977 0.9019 0.7333 0.5569
v -2590.927490 -64.601433 -3700.750977 0.9019 0.7333 0.5569
v -2046.927002 159.398743 -3220.750732 0.9019 0.7333 0.5569
v -2126.927002 159.398712 -3284.750732 0.9019 0.7333 0.5569
v -2046.927002 159.398712 -3284.750732 0.9019 0.7333 0.5569
v -2430.927246 159.398743 -3156.750732 0.9019 0.7333 0.5569
v -2430.927246 159.398712 -3284.750732 0.9019 0.7333 0.5569
v -2382.927246 159.398712 -3284.750732 0.9019 0.7333 0.5569
v -2382.927246 159.398743 -3140.750732 0.9019 0.7333 0.5569
v -2382.927246 159.398773 -2916.750732 0.9019 0.7333 0.5569
v -2430.927246 159.398773 -2916.750732 0.9019 0.7333 0.5569
v -2062.927002 159.398773 -2916.750732 0.9019 0.7333 0.5569
v -2126.927002 159.398773 -2980.750732 0.9019 0.7333 0.5569
v -2126.927002 159.398743 -3188.750732 0.9019 0.7333 0.5569
v -2126.927002 159.398743 -3220.750732 0.9019 0.7333 0.5569
v -2046.927002 159.398743 -3220.750732 0.9019 0.7333 0.5569
v -1918.926880 159.398743 -3114.083984 0.9019 0.7333 0.5569
v -2382.927246 159.398804 -2628.750488 0.9019 0.7333 0.5569
v -2382.927246 159.398804 -2580.750488 0.9019 0.7333 0.5569
v -2430.927246 159.398804 -2580.750488 0.9019 0.7333 0.5569
v -1998.927002 -64.601349 -2972.750732 0.9019 0.7333 0.5569
v -1998.927002 -64.601349 -2996.750732 0.9019 0.7333 0.5569
v -1998.927002 -64.601364 -3124.750732 0.9019 0.7333 0.5569
v -1998.927002 -96.601387 -3180.750732 0.9019 0.7333 0.5569
v -1998.927002 -96.601364 -2972.750732 0.9019 0.7333 0.5569
v -1998.927002 -64.601372 -3180.750732 0.9019 0.7333 0.5569
v -1998.927002 -64.601364 -3124.750732 0.9019 0.7333 0.5569
v -2014.927002 -64.601364 -3124.750732 0.9019 0.7333 0.5569
v -2014.927002 -64.601372 -3194.080811 0.9019 0.7333 0.5569
v -2014.927002 -64.601349 -2996.750732 0.9019 0.7333 0.5569
v -2014.927002 -64.601349 -2964.750732 0.9019 0.7333 0.5569
v -2366.927246 -64.601349 -2964.750732 0.9019 0.7333 0.5569
v -2366.927246 -64.601364 -3124.750732 0.9019 0.7333 0.5569
v -2302.927246 -64.601372 -3188.750732 0.9019 0.7333 0.5569
v -2270.927246 -64.601372 -3188.750732 0.9019 0.7333 0.5569
v -2270.927246 -64.601364 -3156.750732 0.9019 0.7333 0.5569
v -2302.927246 -64.601364 -3156.750732 0.9019 0.7333 0.5569
v -2238.927246 -64.601357 -3060.750732 0.9019 0.7333 0.5569
v -2302.927246 -64.601364 -3124.750732 0.9019 0.7333 0.5569
v -2238.927246 -64.601364 -3156.750732 0.9019 0.7333 0.5569
v -2142.927002 -64.601357 -3060.750732 0.9019 0.7333 0.5569
v -2142.927002 -64.601349 -2964.750732 0.9019 0.7333 0.5569
v -1998.927002 -64.601311 -2660.750488 0.9019 0.7333 0.5569
v -1998.927002 -64.601303 -2580.750488 0.9019 0.7333 0.5569
v -1998.927002 -64.601326 -2820.750488 0.9019 0.7333 0.5569
v -1998.927002 -64.601326 -2804.750488 0.9019 0.7333 0.5569
v -2062.927002 -64.601311 -2660.750488 0.9019 0.7333 0.5569
v -2062.927002 -64.601318 -2740.750488 0.9019 0.7333 0.5569
v -2062.927002 -64.601303 -2628.750488 0.9019 0.7333 0.5569
v -2142.927002 -64.601349 -2964.750732 0.9019 0.7333 0.5569
v -2078.927002 -64.601334 -2900.750732 0.9019 0.7333 0.5569
v -2174.927246 -64.601318 -2740.750488 0.9019 0.7333 0.5569
v -2206.927246 -64.601318 -2772.750488 0.9019 0.7333 0.5569
v -2286.927246 -64.601334 -2852.750732 0.9019 0.7333 0.5569
v -2286.927246 -64.601334 -2900.750732 0.9019 0.7333 0.5569
v -1998.927002 -64.601334 -2892.750732 0.9019 0.7333 0.5569
v -2062.927002 -64.601334 -2884.750732 0.9019 0.7333 0.5569
v -2014.927002 -64.601334 -2900.750732 0.9019 0.7333 0.5569
v -2334.927246 -64.601334 -2900.750732 0.9019 0.7333 0.5569
v -2350.927246 -64.601341 -2916.750732 0.9019 0.7333 0.5569
v -2366.927246 -64.601341 -2932.750732 0.9019 0.7333 0.5569
v -2366.927246 -64.601349 -2964.750732 0.9019 0.7333 0.5569
v -2286.927246 -64.601349 -2964.750732 0.9019 0.7333 0.5569
v -2366.927246 -64.601341 -2916.750732 0.9019 0.7333 0.5569
v -2350.927246 -64.601341 -2916.750732 0.9019 0.7333 0.5569
v -2142.927002 -64.601318 -2708.750488 0.9019 0.7333 0.5569
v -2366.927246 -64.601303 -2580.750488 0.9019 0.7333 0.5569
v -2366.927246 -64.601303 -2612.750488 0.9019 0.7333 0.5569
v -2350.927246 -64.601303 -2628.750488 0.9019 0.7333 0.5569
v -2334.927246 -64.601303 -2644.750488 0.9019 0.7333 0.5569
v -2206.927246 -64.601318 -2772.750488 0.9019 0.7333 0.5569
v -2142.927002 -64.601318 -2708.750488 0.9019 0.7333 0.5569
v -2366.927246 -64.601303 -2628.750488 0.9019 0.7333 0.5569
v -2350.927246 -64.601303 -2628.750488 0.9019 0.7333 0.5569
v -2334.927246 -64.601334 -2852.750732 0.9019 0.7333 0.5569
v -2686.927490 159.398743 -3156.750732 0.9019 0.7333 0.5569
v -2686.927490 159.398712 -3284.750732 0.9019 0.7333 0.5569
v -2510.927246 159.398712 -3284.750732 0.9019 0.7333 0.5569
v -2430.927246 159.398712 -3284.750732 0.9019 0.7333 0.5569
v -2430.927246 159.398743 -3156.750732 0.9019 0.7333 0.5569
v -2430.927246 159.398773 -2916.750732 0.9019 0.7333 0.5569
v -2622.927490 159.398773 -2916.750732 0.9019 0.7333 0.5569
v -2622.927490 159.398743 -3156.750732 0.9019 0.7333 0.5569
v -2430.927246 159.398743 -3156.750732 0.9019 0.7333 0.5569
v -2686.927490 159.398804 -2628.750488 0.9019 0.7333 0.5569
v -2686.927490 159.398743 -3156.750732 0.9019 0.7333 0.5569
v -2622.927490 159.398743 -3156.750732 0.9019 0.7333 0.5569
v -2622.927490 159.398773 -2916.750732 0.9019 0.7333 0.5569
v -2622.927490 159.398773 -2852.750732 0.9019 0.7333 0.5569
v -2622.927490 159.398804 -2628.750488 0.9019 0.7333 0.5569
v -2622.927490 159.398804 -2628.750488 0.9019 0.7333 0.5569
v -2430.927246 159.398804 -2628.750488 0.9019 0.7333 0.5569
v -2446.927246 159.398804 -2580.750488 0.9019 0.7333 0.5569
v -2686.927490 159.398804 -2580.750488 0.9019 0.7333 0.5569
v -1550.926758 159.398804 -2564.750488 0.9019 0.7333 0.5569
v -1582.926758 159.398804 -2564.750488 0.9019 0.7333 0.5569
v -1582.926758 159.398804 -2580.750488 0.9019 0.7333 0.5569
v -1550.926758 159.398804 -2580.750488 0.9019 0.7333 0.5569
v -766.926392 -208.601257 -1492.750000 0.9019 0.7333 0.5569
v -766.926392 -208.601227 -1364.749878 0.9019 0.7333 0.5569
v -798.926453 -208.601227 -1364.749878 0.9019 0.7333 0.5569
v -798.926453 -64.601151 -1300.749878 0.9019 0.7333 0.5569
v -798.926453 -64.601151 -1332.749878 0.9019 0.7333 0.5569
v -830.926453 -64.601151 -1332.749878 0.9019 0.7333 0.5569
v -798.926453 -64.601151 -1364.749878 0.9019 0.7333 0.5569
v -798.926453 -64.601166 -1492.750000 0.9019 0.7333 0.5569
v -798.926453 -64.601181 -1556.750000 0.9019 0.7333 0.5569
v -1054.926514 -64.601151 -1332.749878 0.9019 0.7333 0.5569
v -830.926453 -64.601151 -1300.749878 0.9019 0.7333 0.5569
v -830.926453 -64.601181 -1556.750000 0.9019 0.7333 0.5569
v -1054.926514 -64.601181 -1556.750000 0.9019 0.7333 0.5569
v -1150.926636 -64.601151 -1300.749878 0.9019 0.7333 0.5569
v -1054.926514 -64.601151 -1300.749878 0.9019 0.7333 0.5569
v -1246.926636 -208.601242 -1396.749878 0.9019 0.7333 0.5569
v -1278.926636 -208.601257 -1492.750000 0.9019 0.7333 0.5569
v -1054.926514 -208.601242 -1396.749878 0.9019 0.7333 0.5569
v -1150.926636 -208.601242 -1396.749878 0.9019 0.7333 0.5569
v -1246.926636 -208.601257 -1556.750000 0.9019 0.7333 0.5569
v -1054.926514 -208.601257 -1556.750000 0.9019 0.7333 0.5569
v -1022.926575 -208.601257 -1556.750000 0.9019 0.7333 0.5569
v -798.926453 -208.601257 -1492.750000 0.9019 0.7333 0.5569
v -798.926453 -208.601242 -1396.749878 0.9019 0.7333 0.5569
v -830.926453 -208.601257 -1556.750000 0.9019 0.7333 0.5569
v -798.926453 -208.601257 -1556.750000 0.9019 0.7333 0.5569
v -1054.926514 -208.601227 -1300.749878 0.9019 0.7333 0.5569
v -798.926453 -208.601227 -1300.749878 0.9019 0.7333 0.5569
v -830.926453 -208.601227 -1300.749878 0.9019 0.7333 0.5569
v -1022.926575 -208.601227 -1300.749878 0.9019 0.7333 0.5569
v -1022.926575 -208.601242 -1396.749878 0.9019 0.7333 0.5569
v -1150.926636 -208.601227 -1300.749878 0.9019 0.7333 0.5569
v -1278.926636 -208.601242 -1396.749878 0.9019 0.7333 0.5569
v -1470.926758 -64.601151 -1332.749878 0.9019 0.7333 0.5569
v -1470.926758 -64.601151 -1300.749878 0.9019 0.7333 0.5569
v -1406.926636 -64.601151 -1300.749878 0.9019 0.7333 0.5569
v -1278.926636 -64.601151 -1300.749878 0.9019 0.7333 0.5569
v -1278.926636 -64.601151 -1332.749878 0.9019 0.7333 0.5569
v -1278.926636 -64.601181 -1556.750000 0.9019 0.7333 0.5569
v -1342.926636 -64.601181 -1556.750000 0.9019 0.7333 0.5569
v -1470.926758 -64.601181 -1556.750000 0.9019 0.7333 0.5569
v -1470.926758 -64.601166 -1492.750000 0.9019 0.7333 0.5569
v -1822.926880 -64.601151 -1300.749878 0.9019 0.7333 0.5569
v -1630.926758 -64.601151 -1300.749878 0.9019 0.7333 0.5569
v -1598.926758 -64.601151 -1300.749878 0.9019 0.7333 0.5569
v -1598.926758 -64.601135 -1236.749878 0.9019 0.7333 0.5569
v -1854.926880 -64.601135 -1172.749756 0.9019 0.7333 0.5569
v -1822.926880 -64.601135 -1236.749878 0.9019 0.7333 0.5569
v -1758.926880 -64.601135 -1236.749878 0.9019 0.7333 0.5569
v -1534.926758 -64.601135 -1236.749878 0.9019 0.7333 0.5569
v -1534.926758 -64.601135 -1172.749756 0.9019 0.7333 0.5569
v -1726.926880 -64.601135 -1172.749756 0.9019 0.7333 0.5569
v -1758.926880 -64.601135 -1172.749756 0.9019 0.7333 0.5569
v -1284.260010 95.398933 -1172.749756 0.9019 0.7333 0.5569
v -1278.926636 95.398933 -1188.749878 0.9019 0.7333 0.5569
v -1278.926636 95.398918 -1300.749878 0.9019 0.7333 0.5569
v -1310.926636 95.398918 -1300.749878 0.9019 0.7333 0.5569
v -1470.926758 95.398918 -1300.749878 0.9019 0.7333 0.5569
v -1534.926758 95.398918 -1300.749878 0.9019 0.7333 0.5569
v -1534.926758 95.398933 -1172.749756 0.9019 0.7333 0.5569
v -1470.926758 -48.601139 -1300.749878 0.9019 0.7333 0.5569
v -1406.926636 -48.601139 -1300.749878 0.9019 0.7333 0.5569
v -1470.926758 -48.601131 -1236.749878 0.9019 0.7333 0.5569
v -1406.926636 -48.601131 -1236.749878 0.9019 0.7333 0.5569
v -1406.926636 -48.601124 -1172.749756 0.9019 0.7333 0.5569
v -1534.926758 -48.601124 -1172.749756 0.9019 0.7333 0.5569
v -1534.926758 -48.601131 -1236.749878 0.9019 0.7333 0.5569
v -1566.926758 95.398918 -1300.749878 0.9019 0.7333 0.5569
v -1598.926758 95.398918 -1300.749878 0.9019 0.7333 0.5569
v -1758.926880 95.398918 -1300.749878 0.9019 0.7333 0.5569
v -1758.926880 95.398933 -1172.749756 0.9019 0.7333 0.5569
v -1790.926880 95.398918 -1300.749878 0.9019 0.7333 0.5569
v -1854.926880 95.398918 -1300.749878 0.9019 0.7333 0.5569
v -1854.926880 95.398933 -1172.749756 0.9019 0.7333 0.5569
v -1342.926636 -208.601257 -1556.750000 0.9019 0.7333 0.5569
v -1278.926636 -208.601257 -1556.750000 0.9019 0.7333 0.5569
v -1406.926636 -208.601227 -1300.749878 0.9019 0.7333 0.5569
v -1470.926758 -208.601227 -1300.749878 0.9019 0.7333 0.5569
v -1470.926758 -208.601257 -1492.750000 0.9019 0.7333 0.5569
v -1342.926636 -208.601257 -1492.750000 0.9019 0.7333 0.5569
v -1278.926636 -160.601181 -1188.749878 0.9019 0.7333 0.5569
v -1369.593262 -160.601181 -1172.749756 0.9019 0.7333 0.5569
v -1406.926636 -160.601181 -1188.749878 0.9019 0.7333 0.5569
v -1406.926636 -160.601181 -1204.749878 0.9019 0.7333 0.5569
v -1406.926636 -144.601166 -1172.749756 0.9019 0.7333 0.5569
v -1406.926636 -144.601166 -1188.749878 0.9019 0.7333 0.5569
v -1369.593262 -144.601166 -1172.749756 0.9019 0.7333 0.5569
v -1406.926636 -192.601227 -1268.749878 0.9019 0.7333 0.5569
v -1278.926636 -192.601227 -1268.749878 0.9019 0.7333 0.5569
v -1278.926636 -192.601212 -1236.749878 0.9019 0.7333 0.5569
v -1406.926636 -192.601212 -1236.749878 0.9019 0.7333 0.5569
v -1278.926636 -208.601227 -1300.749878 0.9019 0.7333 0.5569
v -1278.926636 -208.601227 -1268.749878 0.9019 0.7333 0.5569
v -1406.926636 -208.601227 -1268.749878 0.9019 0.7333 0.5569
v -1406.926636 -176.601196 -1204.749878 0.9019 0.7333 0.5569
v -1406.926636 -176.601196 -1236.749878 0.9019 0.7333 0.5569
v -1278.926636 -176.601196 -1236.749878 0.9019 0.7333 0.5569
v -1278.926636 -176.601196 -1188.749878 0.9019 0.7333 0.5569
v -2078.927002 -64.601295 -2532.750488 0.9019 0.7333 0.5569
v -2014.927002 -64.601303 -2580.750488 0.9019 0.7333 0.5569
v -1998.927002 -64.601303 -2580.750488 0.9019 0.7333 0.5569
v -2142.927002 -64.601295 -2532.750488 0.9019 0.7333 0.5569
v -2302.927246 -64.601295 -2532.750488 0.9019 0.7333 0.5569
v -2366.927246 -64.601295 -2532.750488 0.9019 0.7333 0.5569
v -2366.927246 -64.601303 -2580.750488 0.9019 0.7333 0.5569
v -2142.927002 -64.601303 -2580.750488 0.9019 0.7333 0.5569
v -2238.927246 -64.601288 -2452.750488 0.9019 0.7333 0.5569
v -2110.927002 -64.601288 -2452.750488 0.9019 0.7333 0.5569
v -1998.927002 -64.601295 -2532.750488 0.9019 0.7333 0.5569
v -1998.927002 -64.601288 -2468.750488 0.9019 0.7333 0.5569
v -2078.927002 -64.601288 -2468.750488 0.9019 0.7333 0.5569
v -2302.927246 -64.601295 -2532.750488 0.9019 0.7333 0.5569
v -2078.927002 -64.601295 -2532.750488 0.9019 0.7333 0.5569
v -2110.927002 -64.601288 -2468.750488 0.9019 0.7333 0.5569
v -2238.927246 -64.601288 -2468.750488 0.9019 0.7333 0.5569
v -2302.927246 -64.601288 -2468.750488 0.9019 0.7333 0.5569
v -2238.927246 -80.601288 -2420.750488 0.9019 0.7333 0.5569
v -2238.927246 -80.601288 -2452.750488 0.9019 0.7333 0.5569
v -2110.927002 -80.601288 -2452.750488 0.9019 0.7333 0.5569
v -2110.927002 -80.601288 -2420.750488 0.9019 0.7333 0.5569
v -2430.927246 159.398804 -2580.750488 0.9019 0.7333 0.5569
v -2382.927246 159.398804 -2452.750488 0.9019 0.7333 0.5569
v -2382.927246 159.398834 -2292.750244 0.9019 0.7333 0.5569
v -2382.927246 159.398865 -2068.750244 0.9019 0.7333 0.5569
v -2446.927246 159.398865 -2068.750244 0.9019 0.7333 0.5569
v -2446.927246 159.398804 -2580.750488 0.9019 0.7333 0.5569
v -2439.037354 159.398865 -1964.640259 0.9019 0.7333 0.5569
v -2446.927246 159.398865 -1988.285278 0.9019 0.7333 0.5569
v -2446.927246 159.398865 -2068.750244 0.9019 0.7333 0.5569
v -2382.927246 159.398865 -2068.750244 0.9019 0.7333 0.5569
v -2382.927246 159.398865 -2020.750244 0.9019 0.7333 0.5569
v -2446.927246 159.398865 -2068.750244 0.9019 0.7333 0.5569
v -2473.597168 159.398865 -2068.750244 0.9019 0.7333 0.5569
v -2686.927490 159.398834 -2434.460449 0.9019 0.7333 0.5569
v -2686.927490 159.398804 -2463.720459 0.9019 0.7333 0.5569
v -2686.927490 159.398804 -2580.750488 0.9019 0.7333 0.5569
v -2446.927246 159.398804 -2580.750488 0.9019 0.7333 0.5569
v -2446.927246 159.398865 -1988.285278 0.9019 0.7333 0.5569
v -2473.777344 159.398865 -2068.750244 0.9019 0.7333 0.5569
v -2473.597168 159.398865 -2068.750244 0.9019 0.7333 0.5569
v -2446.927246 159.398865 -2068.750244 0.9019 0.7333 0.5569
v -2334.927246 -80.601219 -1828.750122 0.9019 0.7333 0.5569
v -2318.927246 -80.601219 -1844.750122 0.9019 0.7333 0.5569
v -2158.927002 -80.601219 -1844.750122 0.9019 0.7333 0.5569
v -2142.927002 -80.601219 -1828.750122 0.9019 0.7333 0.5569
v -2142.927002 -80.601212 -1812.750122 0.9019 0.7333 0.5569
v -2334.927246 -80.601212 -1812.750122 0.9019 0.7333 0.5569
v -2302.927246 95.398888 -1556.750000 0.9019 0.7333 0.5569
v -2302.927246 95.398888 -1492.750000 0.9019 0.7333 0.5569
v -2302.927246 95.398903 -1460.750000 0.9019 0.7333 0.5569
v -2174.927246 95.398903 -1460.750000 0.9019 0.7333 0.5569
v -2174.927246 95.398888 -1556.750000 0.9019 0.7333 0.5569
v -2174.927246 95.398872 -1684.750000 0.9019 0.7333 0.5569
v -2174.927246 95.398857 -1780.750122 0.9019 0.7333 0.5569
v -2302.927246 95.398857 -1780.750122 0.9019 0.7333 0.5569
v -2302.927246 95.398872 -1620.750000 0.9019 0.7333 0.5569
v -2302.927246 95.398888 -1556.750000 0.9019 0.7333 0.5569
v -2174.927246 -64.601181 -1588.750000 0.9019 0.7333 0.5569
v -2174.927246 -64.601166 -1460.750000 0.9019 0.7333 0.5569
v -2302.927246 -64.601166 -1428.750000 0.9019 0.7333 0.5569
v -2302.927246 -64.601166 -1460.750000 0.9019 0.7333 0.5569
v -2302.927246 -64.601166 -1492.750000 0.9019 0.7333 0.5569
v -2302.927246 -64.601181 -1588.750000 0.9019 0.7333 0.5569
v -2302.927246 -64.601181 -1620.750000 0.9019 0.7333 0.5569
v -2302.927246 -64.601204 -1780.750122 0.9019 0.7333 0.5569
v -2302.927246 -64.601212 -1812.750122 0.9019 0.7333 0.5569
v -2174.927246 -64.601212 -1812.750122 0.9019 0.7333 0.5569
v -2174.927246 -64.601204 -1780.750122 0.9019 0.7333 0.5569
v -2174.927246 -64.601196 -1684.750000 0.9019 0.7333 0.5569
v -1854.926880 95.398918 -1277.749878 0.9019 0.7333 0.5569
v -1886.926880 95.398918 -1309.749878 0.9019 0.7333 0.5569
v -1909.926880 95.398918 -1332.749878 0.9019 0.7333 0.5569
v -1886.926880 95.398918 -1250.969849 0.9019 0.7333 0.5569
v -1918.926880 95.398903 -1364.749878 0.9019 0.7333 0.5569
v -1918.926880 95.398903 -1428.750000 0.9019 0.7333 0.5569
v -2110.927002 95.398903 -1364.749878 0.9019 0.7333 0.5569
v -2110.927002 95.398933 -1204.749878 0.9019 0.7333 0.5569
v -2206.927246 95.398933 -1172.749756 0.9019 0.7333 0.5569
v -2110.927002 95.398903 -1428.750000 0.9019 0.7333 0.5569
v -2142.927002 95.398903 -1428.750000 0.9019 0.7333 0.5569
v -2174.927246 95.398903 -1428.750000 0.9019 0.7333 0.5569
v -2430.927246 95.398933 -1172.749756 0.9019 0.7333 0.5569
v -2206.927246 95.398903 -1428.750000 0.9019 0.7333 0.5569
v -2302.927246 95.398903 -1428.750000 0.9019 0.7333 0.5569
v -2334.927246 95.398903 -1428.750000 0.9019 0.7333 0.5569
v -2430.927246 95.398903 -1428.750000 0.9019 0.7333 0.5569
v -2430.927246 95.398918 -1300.749878 0.9019 0.7333 0.5569
v -2430.927246 95.398933 -1204.749878 0.9019 0.7333 0.5569
v -2206.927246 95.398933 -1204.749878 0.9019 0.7333 0.5569
v -2430.927246 -64.601135 -1172.749756 0.9019 0.7333 0.5569
v -2430.927246 -64.601151 -1300.749878 0.9019 0.7333 0.5569
v -2302.927246 -64.601151 -1300.749878 0.9019 0.7333 0.5569
v -2206.927246 -64.601135 -1172.749756 0.9019 0.7333 0.5569
v -2302.927246 -64.601135 -1172.749756 0.9019 0.7333 0.5569
v -2302.927246 -64.601151 -1300.749878 0.9019 0.7333 0.5569
v -1854.926880 -64.601135 -1236.749878 0.9019 0.7333 0.5569
v -1854.926880 -64.601151 -1300.749878 0.9019 0.7333 0.5569
v -1877.926880 -64.601151 -1300.749878 0.9019 0.7333 0.5569
v -1886.926880 -64.601151 -1309.749878 0.9019 0.7333 0.5569
v -1900.926880 -64.601151 -1300.749878 0.9019 0.7333 0.5569
v -2302.927246 -64.601151 -1300.749878 0.9019 0.7333 0.5569
v -2302.927246 -64.601151 -1364.749878 0.9019 0.7333 0.5569
v -1909.926880 -64.601151 -1332.749878 0.9019 0.7333 0.5569
v -2078.927002 -64.601151 -1300.749878 0.9019 0.7333 0.5569
v -2124.927002 -64.601151 -1300.749878 0.9019 0.7333 0.5569
v -1918.926880 -64.601151 -1364.749878 0.9019 0.7333 0.5569
v -2302.927246 -64.601166 -1428.750000 0.9019 0.7333 0.5569
v -2174.927246 -64.601166 -1428.750000 0.9019 0.7333 0.5569
v -2142.927002 -64.601166 -1428.750000 0.9019 0.7333 0.5569
v -1918.926880 -64.601166 -1428.750000 0.9019 0.7333 0.5569
v -2124.927002 -64.601151 -1364.749878 0.9019 0.7333 0.5569
v -2142.927002 -64.601151 -1364.749878 0.9019 0.7333 0.5569
v 1377.074585 -32.601067 -628.749512 0.9019 0.7333 0.5569
v 1361.074585 -32.601044 -436.749390 0.9019 0.7333 0.5569
v 1361.074585 -32.601067 -660.749512 0.9019 0.7333 0.5569
v 1361.074585 -32.601089 -852.749573 0.9019 0.7333 0.5569
v 1361.074585 -32.601067 -628.749512 0.9019 0.7333 0.5569
v 1393.074585 -32.601067 -628.749512 0.9019 0.7333 0.5569
v 1537.074707 -32.601082 -788.749573 0.9019 0.7333 0.5569
v 1537.074707 -32.601067 -676.749512 0.9019 0.7333 0.5569
v 1521.074707 -32.601067 -660.749512 0.9019 0.7333 0.5569
v 1505.074707 -32.601067 -644.749512 0.9019 0.7333 0.5569
v 1377.074585 -32.601067 -644.749512 0.9019 0.7333 0.5569
v 1377.074585 -32.601089 -852.749573 0.9019 0.7333 0.5569
v 1377.074585 -32.601105 -980.749695 0.9019 0.7333 0.5569
v 1377.074585 -32.601120 -1076.749756 0.9019 0.7333 0.5569
v 1537.074707 -32.601089 -852.749573 0.9019 0.7333 0.5569
v 1537.074707 -32.601051 -500.749420 0.9019 0.7333 0.5569
v 1441.074707 -32.601059 -580.749451 0.9019 0.7333 0.5569
v 1489.074707 -32.601067 -628.749512 0.9019 0.7333 0.5569
v 1537.074707 -32.601067 -660.749512 0.9019 0.7333 0.5569
v 1505.074707 -32.601051 -516.749451 0.9019 0.7333 0.5569
v 1521.074707 -32.601051 -500.749420 0.9019 0.7333 0.5569
v 1537.074707 -32.601044 -484.749420 0.9019 0.7333 0.5569
v 1537.074707 -32.601044 -436.749390 0.9019 0.7333 0.5569
v 1537.074707 -32.601097 -916.749634 0.9019 0.7333 0.5569
v 1473.074707 -32.601105 -980.749695 0.9019 0.7333 0.5569
v 1537.074707 -32.601105 -980.749695 0.9019 0.7333 0.5569
v 1409.074585 -32.601112 -1044.749756 0.9019 0.7333 0.5569
v 1473.074707 -32.601112 -1044.749756 0.9019 0.7333 0.5569
v 1361.074585 -32.601105 -980.749695 0.9019 0.7333 0.5569
v 1361.074585 -32.601120 -1092.749756 0.9019 0.7333 0.5569
v 1537.074707 -16.601044 -532.749390 0.9019 0.7333 0.5569
v 1505.074707 -16.601044 -532.749390 0.9019 0.7333 0.5569
v 1537.074707 -16.601059 -628.749512 0.9019 0.7333 0.5569
v 1553.074707 -16.601059 -628.749512 0.9019 0.7333 0.5569
v 1553.074707 -16.601044 -532.749390 0.9019 0.7333 0.5569
v 1505.074707 -16.601059 -628.749512 0.9019 0.7333 0.5569
v 1505.074707 -16.601059 -644.749512 0.9019 0.7333 0.5569
v 1521.074707 -16.601059 -660.749512 0.9019 0.7333 0.5569
v 1537.074707 -16.601059 -660.749512 0.9019 0.7333 0.5569
v 1521.074707 -16.601044 -500.749420 0.9019 0.7333 0.5569
v 1505.074707 -16.601044 -516.749451 0.9019 0.7333 0.5569
v 1537.074707 -16.601044 -500.749420 0.9019 0.7333 0.5569
v 1377.074585 -48.601086 -852.749573 0.9019 0.7333 0.5569
v 1345.074585 -48.601086 -852.749573 0.9019 0.7333 0.5569
v 1345.074585 -48.601101 -980.749695 0.9019 0.7333 0.5569
v 1377.074585 -48.601101 -980.749695 0.9019 0.7333 0.5569
v 1345.074585 -64.601089 -852.749573 0.9019 0.7333 0.5569
v 1313.074585 -64.601089 -852.749573 0.9019 0.7333 0.5569
v 1313.074585 -64.601105 -980.749695 0.9019 0.7333 0.5569
v 1345.074585 -64.601105 -980.749695 0.9019 0.7333 0.5569
v 1313.074585 -80.601105 -852.749573 0.9019 0.7333 0.5569
v 1281.074585 -80.601105 -852.749573 0.9019 0.7333 0.5569
v 1281.074585 -80.601120 -980.749695 0.9019 0.7333 0.5569
v 1313.074585 -80.601120 -980.749695 0.9019 0.7333 0.5569
v 1345.074585 -96.601013 -52.749222 0.9019 0.7333 0.5569
v 1345.074585 -96.601021 -84.749237 0.9019 0.7333 0.5569
v 1345.074585 -96.601028 -148.749268 0.9019 0.7333 0.5569
v 1345.074585 -96.601028 -164.749268 0.9019 0.7333 0.5569
v 1345.074585 -96.601036 -228.749298 0.9019 0.7333 0.5569
v 1345.074585 -96.601044 -276.749329 0.9019 0.7333 0.5569
v 1345.074585 -96.601044 -308.749329 0.9019 0.7333 0.5569
v 1289.074585 -96.601044 -308.749329 0.9019 0.7333 0.5569
v 1281.074585 -96.601044 -308.749329 0.9019 0.7333 0.5569
v 1361.074585 -32.601028 -340.749359 0.9019 0.7333 0.5569
v 1377.074585 -32.601044 -436.749390 0.9019 0.7333 0.5569
v 1441.074707 -32.601044 -436.749390 0.9019 0.7333 0.5569
v 1441.074707 -32.601028 -340.749359 0.9019 0.7333 0.5569
v 1249.074585 -96.601021 -84.749237 0.9019 0.7333 0.5569
v 1281.074585 -96.601013 -52.749222 0.9019 0.7333 0.5569
v 1249.074585 -96.601044 -308.749329 0.9019 0.7333 0.5569
v 1281.074585 -96.601021 -84.749237 0.9019 0.7333 0.5569
v 1025.074463 -96.601021 -84.749237 0.9019 0.7333 0.5569
v 1025.074463 -96.601013 -52.749222 0.9019 0.7333 0.5569
v 1100.074463 -96.601013 -52.749222 0.9019 0.7333 0.5569
v 1153.074585 -96.601013 -52.749222 0.9019 0.7333 0.5569
v 1206.074585 -96.601013 -52.749222 0.9019 0.7333 0.5569
v 1249.074585 -96.601013 -52.749222 0.9019 0.7333 0.5569
v 1121.074463 -96.601044 -308.749329 0.9019 0.7333 0.5569
v 1081.074463 -96.601044 -308.749329 0.9019 0.7333 0.5569
v 1025.074463 -96.601044 -308.749329 0.9019 0.7333 0.5569
v 1025.074463 -96.601044 -276.749329 0.9019 0.7333 0.5569
v 1025.074463 -96.601028 -148.749268 0.9019 0.7333 0.5569
v 513.074158 95.398994 -692.749512 0.9019 0.7333 0.5569
v 513.074158 95.398979 -724.749573 0.9019 0.7333 0.5569
v 481.074158 95.398979 -724.749573 0.9019 0.7333 0.5569
v 513.074158 95.399010 -500.749451 0.9019 0.7333 0.5569
v 257.074036 95.399010 -500.749451 0.9019 0.7333 0.5569
v 257.074036 95.399010 -468.749451 0.9019 0.7333 0.5569
v 481.074158 95.399010 -500.749451 0.9019 0.7333 0.5569
v 257.074036 95.398979 -724.749573 0.9019 0.7333 0.5569
v 257.074036 95.398994 -692.749512 0.9019 0.7333 0.5569
v 49.074020 -80.601059 -516.749451 0.9019 0.7333 0.5569
v 49.074020 -80.601059 -500.749420 0.9019 0.7333 0.5569
v -46.926025 -80.601059 -516.749451 0.9019 0.7333 0.5569
v 81.074020 -80.601059 -484.749420 0.9019 0.7333 0.5569
v 65.074020 -80.601059 -468.749420 0.9019 0.7333 0.5569
v -46.926025 -80.601059 -500.749420 0.9019 0.7333 0.5569
v 81.074020 -80.601059 -500.749420 0.9019 0.7333 0.5569
v -46.926025 -80.601059 -468.749420 0.9019 0.7333 0.5569
v -62.926041 -80.601059 -468.749420 0.9019 0.7333 0.5569
v -78.926041 -80.601059 -484.749420 0.9019 0.7333 0.5569
v -78.926041 -80.601059 -500.749420 0.9019 0.7333 0.5569
v 513.074158 95.399025 -340.749390 0.9019 0.7333 0.5569
v 513.074158 95.399010 -468.749451 0.9019 0.7333 0.5569
v 257.074036 95.399025 -340.749390 0.9019 0.7333 0.5569
v 481.074158 95.399025 -340.749390 0.9019 0.7333 0.5569
v 481.074158 95.399010 -468.749451 0.9019 0.7333 0.5569
v -62.926041 -80.600983 171.250885 0.9019 0.7333 0.5569
v -78.926041 -80.600975 187.250900 0.9019 0.7333 0.5569
v -94.926056 -80.600975 187.250900 0.9019 0.7333 0.5569
v -94.926056 -80.600998 27.250814 0.9019 0.7333 0.5569
v -78.926041 -80.600998 27.250814 0.9019 0.7333 0.5569
v -62.926041 -80.600998 43.250824 0.9019 0.7333 0.5569
v -94.926056 -80.600983 155.250885 0.9019 0.7333 0.5569
v -110.926056 -80.600983 155.250885 0.9019 0.7333 0.5569
v -110.926056 -80.600990 59.250832 0.9019 0.7333 0.5569
v -94.926056 -80.600990 59.250832 0.9019 0.7333 0.5569
v -1022.926575 127.399025 -532.749390 0.9019 0.7333 0.5569
v -1022.926575 127.399025 -500.749451 0.9019 0.7333 0.5569
v -830.926453 127.399025 -500.749451 0.9019 0.7333 0.5569
v -830.926453 127.399010 -596.749451 0.9019 0.7333 0.5569
v -894.926514 127.399025 -532.749390 0.9019 0.7333 0.5569
v -926.926514 127.399025 -500.749451 0.9019 0.7333 0.5569
v -1790.926880 -64.601120 -1044.749756 0.9019 0.7333 0.5569
v -1854.926880 -64.601120 -1044.749756 0.9019 0.7333 0.5569
v -1854.926880 -64.601120 -1108.749756 0.9019 0.7333 0.5569
v -1502.926758 -64.601135 -1172.749756 0.9019 0.7333 0.5569
v -1502.926758 -64.601120 -1044.749756 0.9019 0.7333 0.5569
v -1566.926758 -64.601120 -1044.749756 0.9019 0.7333 0.5569
v -1726.926880 -64.601120 -1044.749756 0.9019 0.7333 0.5569
v -1790.926880 -64.601105 -980.749695 0.9019 0.7333 0.5569
v -1822.926880 -64.601105 -980.749695 0.9019 0.7333 0.5569
v -1822.926880 95.398949 -980.749695 0.9019 0.7333 0.5569
v -1790.926880 95.398949 -980.749695 0.9019 0.7333 0.5569
v -1790.926880 95.398949 -1044.749756 0.9019 0.7333 0.5569
v -1790.926880 95.398933 -1172.749756 0.9019 0.7333 0.5569
v -1758.926880 95.398949 -1044.749756 0.9019 0.7333 0.5569
v -1566.926758 95.398949 -1044.749756 0.9019 0.7333 0.5569
v -1566.926758 95.398933 -1172.749756 0.9019 0.7333 0.5569
v -1294.926636 95.398933 -1140.749756 0.9019 0.7333 0.5569
v -1310.926636 95.398933 -1172.749756 0.9019 0.7333 0.5569
v -1534.926758 95.398949 -1044.749756 0.9019 0.7333 0.5569
v -1422.926758 95.398949 -1044.749756 0.9019 0.7333 0.5569
v -1374.926636 95.398949 -1060.749756 0.9019 0.7333 0.5569
v -1326.926636 95.398949 -1092.749756 0.9019 0.7333 0.5569
v -1310.926636 95.398933 -1116.749756 0.9019 0.7333 0.5569
v -1284.260010 -160.601181 -1172.749756 0.9019 0.7333 0.5569
v -1294.926636 -160.601166 -1140.749756 0.9019 0.7333 0.5569
v -1294.926636 -144.601166 -1140.749756 0.9019 0.7333 0.5569
v -1326.926636 -144.601166 -1092.749756 0.9019 0.7333 0.5569
v -1326.926636 -128.601151 -1092.749756 0.9019 0.7333 0.5569
v -1374.926636 -128.601151 -1060.749756 0.9019 0.7333 0.5569
v -1422.926758 -128.601166 -1172.749756 0.9019 0.7333 0.5569
v -1406.926636 -128.601166 -1172.749756 0.9019 0.7333 0.5569
v -1374.926636 -112.601143 -1060.749756 0.9019 0.7333 0.5569
v -1422.926758 -112.601143 -1044.749756 0.9019 0.7333 0.5569
v -1438.926758 -112.601158 -1172.749756 0.9019 0.7333 0.5569
v -1422.926758 -112.601158 -1172.749756 0.9019 0.7333 0.5569
v -1422.926758 -96.601135 -1044.749756 0.9019 0.7333 0.5569
v -1470.926758 -96.601135 -1044.749756 0.9019 0.7333 0.5569
v -1470.926758 -96.601151 -1172.749756 0.9019 0.7333 0.5569
v -1438.926758 -96.601151 -1172.749756 0.9019 0.7333 0.5569
v -1470.926758 -80.601120 -1044.749756 0.9019 0.7333 0.5569
v -1502.926758 -80.601120 -1044.749756 0.9019 0.7333 0.5569
v -1502.926758 -80.601135 -1172.749756 0.9019 0.7333 0.5569
v -1470.926758 -80.601135 -1172.749756 0.9019 0.7333 0.5569
v -1662.926880 -64.601059 -532.749390 0.9019 0.7333 0.5569
v -1790.926880 -64.601074 -724.749573 0.9019 0.7333 0.5569
v -1662.926880 -64.601074 -724.749573 0.9019 0.7333 0.5569
v -1790.926880 -64.601059 -532.749390 0.9019 0.7333 0.5569
v -1822.926880 -64.601059 -564.749451 0.9019 0.7333 0.5569
v -1790.926880 -64.601059 -564.749451 0.9019 0.7333 0.5569
v -1790.926880 -80.601059 -532.749390 0.9019 0.7333 0.5569
v -1854.926880 -80.601059 -532.749390 0.9019 0.7333 0.5569
v -1854.926880 -80.601067 -564.749451 0.9019 0.7333 0.5569
v -1822.926880 -80.601067 -564.749451 0.9019 0.7333 0.5569
v -1198.926636 255.399200 219.250870 0.9019 0.7333 0.5569
v -1182.926636 255.399200 219.250870 0.9019 0.7333 0.5569
v -1182.926636 255.399200 251.250885 0.9019 0.7333 0.5569
v -638.926331 63.399086 171.250870 0.9019 0.7333 0.5569
v -638.926331 63.399055 11.250792 0.9019 0.7333 0.5569
v -766.926392 63.399055 11.250792 0.9019 0.7333 0.5569
v -766.926392 63.399086 251.250885 0.9019 0.7333 0.5569
v -1022.926575 127.399055 -276.749359 0.9019 0.7333 0.5569
v -894.926514 127.399055 -276.749359 0.9019 0.7333 0.5569
v -830.926453 127.399055 -212.749329 0.9019 0.7333 0.5569
v -1022.926575 127.399040 -404.749420 0.9019 0.7333 0.5569
v -830.926453 127.399055 -276.749359 0.9019 0.7333 0.5569
v -830.926453 127.399040 -372.749390 0.9019 0.7333 0.5569
v -2046.927002 -64.601120 -1108.749756 0.9019 0.7333 0.5569
v -2064.927002 -64.601135 -1172.749756 0.9019 0.7333 0.5569
v -2078.927002 -64.601135 -1172.749756 0.9019 0.7333 0.5569
v -2055.927002 -64.601128 -1140.749756 0.9019 0.7333 0.5569
v -2078.927002 -64.601135 -1163.749756 0.9019 0.7333 0.5569
v -2110.927002 -64.601135 -1172.749756 0.9019 0.7333 0.5569
v -2087.927002 -64.601135 -1172.749756 0.9019 0.7333 0.5569
v -1854.926880 -64.601105 -980.749695 0.9019 0.7333 0.5569
v -2014.927002 -64.601105 -980.749695 0.9019 0.7333 0.5569
v -2046.927002 -64.601105 -980.749695 0.9019 0.7333 0.5569
v -2087.927002 95.398933 -1172.749756 0.9019 0.7333 0.5569
v -2110.927002 95.398933 -1172.749756 0.9019 0.7333 0.5569
v -2078.927002 95.398933 -1163.749756 0.9019 0.7333 0.5569
v -2055.927002 95.398933 -1140.749756 0.9019 0.7333 0.5569
v -1864.927856 95.398933 -1172.749756 0.9019 0.7333 0.5569
v -1886.926880 95.398933 -1172.749756 0.9019 0.7333 0.5569
v -2064.927002 95.398933 -1172.749756 0.9019 0.7333 0.5569
v -2046.927002 95.398933 -1108.749756 0.9019 0.7333 0.5569
v -1854.926880 95.398933 -1108.749756 0.9019 0.7333 0.5569
v -2046.927002 95.398949 -980.749695 0.9019 0.7333 0.5569
v -2014.927002 95.398949 -980.749695 0.9019 0.7333 0.5569
v -1982.927002 95.398949 -980.749695 0.9019 0.7333 0.5569
v -1854.926880 95.398949 -980.749695 0.9019 0.7333 0.5569
v -1982.927002 -64.601059 -596.749451 0.9019 0.7333 0.5569
v -1854.926880 -64.601074 -724.749573 0.9019 0.7333 0.5569
v -1854.926880 -64.601059 -564.749451 0.9019 0.7333 0.5569
v -2046.927002 -80.601059 -532.749390 0.9019 0.7333 0.5569
v -2014.927002 -80.601067 -564.749451 0.9019 0.7333 0.5569
v -1982.927002 -64.601074 -724.749573 0.9019 0.7333 0.5569
v -1982.927002 -64.601082 -756.749573 0.9019 0.7333 0.5569
v -1854.926880 -64.601082 -756.749573 0.9019 0.7333 0.5569
v -1982.927002 -64.601105 -948.749634 0.9019 0.7333 0.5569
v -1982.927002 -64.601105 -980.749695 0.9019 0.7333 0.5569
v -1854.926880 -64.601105 -948.749634 0.9019 0.7333 0.5569
v -2094.927002 -64.601074 -724.749573 0.9019 0.7333 0.5569
v -2206.927246 -64.601074 -660.749512 0.9019 0.7333 0.5569
v -2206.927246 -64.601059 -564.749451 0.9019 0.7333 0.5569
v -2110.927002 -64.601074 -660.749512 0.9019 0.7333 0.5569
v -2094.927002 -64.601074 -676.749512 0.9019 0.7333 0.5569
v -2046.927002 -64.601074 -692.749512 0.9019 0.7333 0.5569
v -2062.927002 -64.601074 -708.749512 0.9019 0.7333 0.5569
v -2078.927002 -64.601074 -724.749573 0.9019 0.7333 0.5569
v -2046.927002 -64.601074 -724.749573 0.9019 0.7333 0.5569
v -2094.927002 255.399078 -788.749634 0.9019 0.7333 0.5569
v -2046.927002 255.399078 -788.749634 0.9019 0.7333 0.5569
v -2046.927002 255.399078 -740.749634 0.9019 0.7333 0.5569
v -2094.927002 255.399078 -740.749634 0.9019 0.7333 0.5569
v -1854.926880 95.398964 -948.749634 0.9019 0.7333 0.5569
v -1982.927002 95.398964 -948.749634 0.9019 0.7333 0.5569
v -1982.927002 95.398979 -788.749573 0.9019 0.7333 0.5569
v -1854.926880 95.398979 -788.749573 0.9019 0.7333 0.5569
v -2238.927246 -64.601059 -532.749390 0.9019 0.7333 0.5569
v -2302.927246 -64.601059 -532.749390 0.9019 0.7333 0.5569
v -2302.927246 -64.601059 -564.749451 0.9019 0.7333 0.5569
v -2238.927246 -64.601059 -564.749451 0.9019 0.7333 0.5569
v -2046.927002 -64.601059 -564.749451 0.9019 0.7333 0.5569
v -2014.927002 -64.601059 -564.749451 0.9019 0.7333 0.5569
v -2046.927002 -64.601059 -532.749390 0.9019 0.7333 0.5569
v -2078.927002 -64.601059 -532.749390 0.9019 0.7333 0.5569
v -1198.926636 255.399261 747.251099 0.9019 0.7333 0.5569
v -1198.926636 255.399261 619.251038 0.9019 0.7333 0.5569
v -1198.926636 255.399231 395.250977 0.9019 0.7333 0.5569
v -1198.926636 255.399200 251.250885 0.9019 0.7333 0.5569
v -1182.926636 255.399292 971.251221 0.9019 0.7333 0.5569
v -638.926331 63.399101 395.250977 0.9019 0.7333 0.5569
v -638.926331 63.399086 251.250885 0.9019 0.7333 0.5569
v -766.926392 63.399101 395.250977 0.9019 0.7333 0.5569
v -1198.926636 255.399292 1019.251282 0.9019 0.7333 0.5569
v -1198.926636 255.399292 971.251221 0.9019 0.7333 0.5569
v -1182.926636 255.399323 1131.251221 0.9019 0.7333 0.5569
v -1214.926636 255.399292 1019.251282 0.9019 0.7333 0.5569
v -1182.926636 255.399292 1019.251282 0.9019 0.7333 0.5569
v -1214.926636 255.399323 1131.251221 0.9019 0.7333 0.5569
v -1390.926636 255.399323 1131.251221 0.9019 0.7333 0.5569
v -1390.926636 255.399292 1019.251282 0.9019 0.7333 0.5569
v -1678.926880 255.399323 1131.251221 0.9019 0.7333 0.5569
v -1790.926880 255.399323 1131.251221 0.9019 0.7333 0.5569
v -1902.926880 255.399323 1131.251221 0.9019 0.7333 0.5569
v -1902.926880 255.399292 1019.251282 0.9019 0.7333 0.5569
v -1678.926880 255.399292 1019.251282 0.9019 0.7333 0.5569
v -2190.927246 255.399323 1131.251221 0.9019 0.7333 0.5569
v -2494.927246 255.399323 1131.251221 0.9019 0.7333 0.5569
v -2494.927246 255.399292 1019.251282 0.9019 0.7333 0.5569
v -2270.927246 255.399292 1019.251282 0.9019 0.7333 0.5569
v -2190.927246 255.399292 1019.251282 0.9019 0.7333 0.5569
v 993.074402 -0.601089 -2356.750488 0.9019 0.7333 0.5569
v 801.074280 -0.601089 -2356.750488 0.9019 0.7333 0.5569
v 801.074280 -0.601097 -2452.750488 0.9019 0.7333 0.5569
v 801.074280 -0.601105 -2516.750488 0.9019 0.7333 0.5569
v 993.074402 -0.601105 -2516.750488 0.9019 0.7333 0.5569
v -1598.926758 -32.601307 -2676.750488 0.4902 0.5059 0.4000
v -1598.926758 -32.601299 -2612.750488 0.4902 0.5059 0.4000
v -1726.926880 -32.601299 -2612.750488 0.4902 0.5059 0.4000
v -1726.926880 -96.601326 -2676.750488 0.4902 0.5059 0.4000
v -1726.926880 -32.601307 -2676.750488 0.4902 0.5059 0.4000
v -1726.926880 -32.601307 -2676.750488 0.4902 0.5059 0.4000
v -1598.926758 -32.601307 -2676.750488 0.4902 0.5059 0.4000
v -1598.926758 -96.601318 -2612.750488 0.4902 0.5059 0.4000
v -1726.926880 -96.601318 -2612.750488 0.4902 0.5059 0.4000
v -1662.926880 31.398712 -2740.750488 0.4902 0.5059 0.4000
v -1662.926880 31.398720 -2676.750488 0.4902 0.5059 0.4000
v -1662.926880 -96.601326 -2676.750488 0.4902 0.5059 0.4000
v -1662.926880 -96.601334 -2740.750488 0.4902 0.5059 0.4000
v -1662.926880 31.398720 -2676.750488 0.4902 0.5059 0.4000
v -1598.926758 31.398720 -2676.750488 0.4902 0.5059 0.4000
v -1598.926758 -96.601326 -2676.750488 0.4902 0.5059 0.4000
v -1662.926880 -96.601326 -2676.750488 0.4902 0.5059 0.4000
v -1598.926758 31.398712 -2740.750488 0.4902 0.5059 0.4000
v -1598.926758 -96.601326 -2676.750488 0.4902 0.5059 0.4000
v -1598.926758 -96.601334 -2740.750488 0.4902 0.5059 0.4000
v -1926.927002 -32.601322 -2819.750488 0.4902 0.5059 0.4000
v -1926.927002 -96.601341 -2819.750488 0.4902 0.5059 0.4000
v -1982.927002 -96.601349 -2851.750732 0.4902 0.5059 0.4000
v -1982.927002 -32.601326 -2851.750732 0.4902 0.5059 0.4000
v -1950.927002 -96.601357 -2907.750732 0.4902 0.5059 0.4000
v -1950.927002 -32.601334 -2907.750732 0.4902 0.5059 0.4000
v -1894.926880 -96.601349 -2875.750732 0.4902 0.5059 0.4000
v -1894.926880 -32.601330 -2875.750732 0.4902 0.5059 0.4000
v -1926.927002 -96.601341 -2819.750488 0.4902 0.5059 0.4000
v -1926.927002 -32.601322 -2819.750488 0.4902 0.5059 0.4000
v -1854.926880 31.398735 -2596.750488 0.4902 0.5059 0.4000
v -1854.926880 -96.601318 -2596.750488 0.4902 0.5059 0.4000
v -1854.926880 -96.601311 -2532.750488 0.4902 0.5059 0.4000
v -1854.926880 31.398743 -2532.750488 0.4902 0.5059 0.4000
v -1918.926880 -96.601311 -2532.750488 0.4902 0.5059 0.4000
v -1918.926880 31.398743 -2532.750488 0.4902 0.5059 0.4000
v -1918.926880 31.398743 -2532.750488 0.4902 0.5059 0.4000
v -1918.926880 -96.601311 -2532.750488 0.4902 0.5059 0.4000
v -1918.926880 31.398735 -2596.750488 0.4902 0.5059 0.4000
v -1918.926880 -96.601318 -2596.750488 0.4902 0.5059 0.4000
v 849.074280 127.398796 -2420.750488 0.4902 0.5059 0.4000
v 849.074280 63.398766 -2420.750488 0.4902 0.5059 0.4000
v 849.074280 63.398781 -2356.750488 0.4902 0.5059 0.4000
v 849.074280 127.398811 -2356.750488 0.4902 0.5059 0.4000
v 849.074280 127.398811 -2356.750488 0.4902 0.5059 0.4000
v 849.074280 63.398781 -2356.750488 0.4902 0.5059 0.4000
v 785.074280 63.398781 -2356.750488 0.4902 0.5059 0.4000
v 785.074280 127.398811 -2356.750488 0.4902 0.5059 0.4000
v 785.074280 127.398796 -2420.750488 0.4902 0.5059 0.4000
v 785.074280 63.398766 -2420.750488 0.4902 0.5059 0.4000
v 785.074280 63.398781 -2356.750488 0.4902 0.5059 0.4000
v 785.074280 63.398766 -2420.750488 0.4902 0.5059 0.4000
v 785.074280 127.398796 -2420.750488 0.4902 0.5059 0.4000
v 848.074280 63.398766 -2405.750488 0.4902 0.5059 0.4000
v 786.074280 -0.601265 -2421.750488 0.4902 0.5059 0.4000
v 786.074280 63.398766 -2421.750488 0.4902 0.5059 0.4000
v 786.074280 -0.601265 -2421.750488 0.4902 0.5059 0.4000
v 802.074280 -0.601265 -2483.750488 0.4902 0.5059 0.4000
v 802.074280 63.398766 -2483.750488 0.4902 0.5059 0.4000
v 864.074280 -0.601265 -2467.750488 0.4902 0.5059 0.4000
v 864.074280 63.398766 -2467.750488 0.4902 0.5059 0.4000
v 848.074280 -0.601257 -2405.750488 0.4902 0.5059 0.4000
v 849.074280 63.398766 -2404.750488 0.4902 0.5059 0.4000
v 849.074280 -0.601250 -2340.750488 0.4902 0.5059 0.4000
v 849.074280 63.398781 -2340.750488 0.4902 0.5059 0.4000
v 785.074280 63.398781 -2340.750488 0.4902 0.5059 0.4000
v 849.074280 -0.601257 -2404.750488 0.4902 0.5059 0.4000
v 785.074280 -0.601250 -2340.750488 0.4902 0.5059 0.4000
v 785.074280 -0.601257 -2404.750488 0.4902 0.5059 0.4000
v 785.074280 63.398766 -2404.750488 0.4902 0.5059 0.4000
v 1025.074463 -18.601265 -2374.750488 0.4902 0.5059 0.4000
v 1089.074463 -2.601265 -2436.750488 0.4902 0.5059 0.4000
v 1089.074463 -64.601288 -2452.750488 0.4902 0.5059 0.4000
v 1089.074463 -80.601288 -2390.750488 0.4902 0.5059 0.4000
v 1089.074463 -18.601265 -2374.750488 0.4902 0.5059 0.4000
v 1025.074463 -80.601288 -2390.750488 0.4902 0.5059 0.4000
v 1025.074463 -2.601265 -2436.750488 0.4902 0.5059 0.4000
v 1025.074463 -64.601288 -2452.750488 0.4902 0.5059 0.4000
v 1089.074463 -64.601288 -2452.750488 0.4902 0.5059 0.4000
v 945.074402 63.398766 -2500.750488 0.4902 0.5059 0.4000
v 945.074402 -0.601280 -2564.750488 0.4902 0.5059 0.4000
v 945.074402 63.398750 -2564.750488 0.4902 0.5059 0.4000
v 945.074402 -0.601280 -2564.750488 0.4902 0.5059 0.4000
v 1009.074402 -0.601280 -2564.750488 0.4902 0.5059 0.4000
v 1009.074402 63.398750 -2564.750488 0.4902 0.5059 0.4000
v 1009.074402 63.398766 -2500.750488 0.4902 0.5059 0.4000
v 1009.074402 -0.601273 -2500.750488 0.4902 0.5059 0.4000
v 945.074402 -0.601273 -2500.750488 0.4902 0.5059 0.4000
v 945.074402 63.398766 -2500.750488 0.4902 0.5059 0.4000
v -398.926147 -96.601082 -2068.750244 0.4902 0.5059 0.4000
v -334.926147 -96.601074 -2004.750244 0.4902 0.5059 0.4000
v -1150.926636 -96.601143 -2548.750488 0.4902 0.5059 0.4000
v -1150.926636 -96.601135 -2516.750488 0.4902 0.5059 0.4000
v -1150.926636 -120.601151 -2548.750488 0.4902 0.5059 0.4000
v -1086.926514 -120.601151 -2580.750488 0.4902 0.5059 0.4000
v -1086.926514 -120.601151 -2516.750488 0.4902 0.5059 0.4000
v -1150.926636 -128.601151 -2484.750488 0.4902 0.5059 0.4000
v -1150.926636 -128.601151 -2516.750488 0.4902 0.5059 0.4000
v -1086.926514 -128.601151 -2516.750488 0.4902 0.5059 0.4000
v -574.926270 -32.600853 -276.749298 0.4902 0.5059 0.4000
v -590.926270 -32.600853 -276.749298 0.4902 0.5059 0.4000
v -526.926208 -32.600861 -340.749329 0.4902 0.5059 0.4000
v -526.926208 -32.600853 -292.749298 0.4902 0.5059 0.4000
v -526.926208 -32.600853 -276.749298 0.4902 0.5059 0.4000
v -830.926453 31.399132 -596.749451 0.4902 0.5059 0.4000
v -830.926453 31.399132 -660.749512 0.4902 0.5059 0.4000
v -766.926331 31.399132 -660.749512 0.4902 0.5059 0.4000
v -1598.926758 -32.601135 -2612.750488 0.4902 0.5059 0.4000
v -1726.926880 -32.601135 -2612.750488 0.4902 0.5059 0.4000
v -1726.926880 -32.601143 -2676.750488 0.4902 0.5059 0.4000
v -1598.926758 -32.601143 -2676.750488 0.4902 0.5059 0.4000
v -1598.926758 -96.601158 -2676.750488 0.4902 0.5059 0.4000
v -1726.926880 -96.601158 -2676.750488 0.4902 0.5059 0.4000
v -1726.926880 -96.601151 -2612.750488 0.4902 0.5059 0.4000
v -1598.926758 -96.601151 -2612.750488 0.4902 0.5059 0.4000
v -1598.926758 31.398888 -2676.750488 0.4902 0.5059 0.4000
v -1662.926880 31.398888 -2676.750488 0.4902 0.5059 0.4000
v -1662.926880 31.398888 -2740.750488 0.4902 0.5059 0.4000
v -1598.926758 31.398888 -2740.750488 0.4902 0.5059 0.4000
v -1598.926758 -96.601166 -2740.750488 0.4902 0.5059 0.4000
v -1662.926880 -96.601166 -2740.750488 0.4902 0.5059 0.4000
v -1662.926880 -96.601158 -2676.750488 0.4902 0.5059 0.4000
v -1926.927002 -32.601158 -2819.750488 0.4902 0.5059 0.4000
v -1982.927002 -32.601158 -2851.750732 0.4902 0.5059 0.4000
v -1950.927002 -32.601166 -2907.750732 0.4902 0.5059 0.4000
v -1894.926880 -32.601166 -2875.750732 0.4902 0.5059 0.4000
v -1894.926880 -96.601181 -2875.750732 0.4902 0.5059 0.4000
v -1950.927002 -96.601181 -2907.750732 0.4902 0.5059 0.4000
v -1982.927002 -96.601173 -2851.750732 0.4902 0.5059 0.4000
v -1926.927002 -96.601173 -2819.750488 0.4902 0.5059 0.4000
v -1854.926880 31.398903 -2532.750488 0.4902 0.5059 0.4000
v -1918.926880 31.398903 -2532.750488 0.4902 0.5059 0.4000
v -1918.926880 31.398903 -2596.750488 0.4902 0.5059 0.4000
v -1854.926880 31.398903 -2596.750488 0.4902 0.5059 0.4000
v -1854.926880 -96.601143 -2596.750488 0.4902 0.5059 0.4000
v -1918.926880 -96.601143 -2596.750488 0.4902 0.5059 0.4000
v -1918.926880 -96.601135 -2532.750488 0.4902 0.5059 0.4000
v -1854.926880 -96.601135 -2532.750488 0.4902 0.5059 0.4000
v 849.074280 63.398933 -2420.750488 0.4902 0.5059 0.4000
v 785.074280 63.398933 -2420.750488 0.4902 0.5059 0.4000
v 785.074280 63.398949 -2356.750488 0.4902 0.5059 0.4000
v 849.074280 63.398949 -2356.750488 0.4902 0.5059 0.4000
v 849.074280 127.398979 -2356.750488 0.4902 0.5059 0.4000
v 785.074280 127.398979 -2356.750488 0.4902 0.5059 0.4000
v 785.074280 127.398964 -2420.750488 0.4902 0.5059 0.4000
v 849.074280 127.398964 -2420.750488 0.4902 0.5059 0.4000
v 848.074280 63.398933 -2405.750488 0.4902 0.5059 0.4000
v 786.074280 63.398933 -2421.750488 0.4902 0.5059 0.4000
v 802.074280 63.398933 -2483.750488 0.4902 0.5059 0.4000
v 864.074280 63.398933 -2467.750488 0.4902 0.5059 0.4000
v 864.074280 -0.601097 -2467.750488 0.4902 0.5059 0.4000
v 802.074280 -0.601097 -2483.750488 0.4902 0.5059 0.4000
v 786.074280 -0.601097 -2421.750488 0.4902 0.5059 0.4000
v 848.074280 -0.601089 -2405.750488 0.4902 0.5059 0.4000
v 785.074280 63.398949 -2340.750488 0.4902 0.5059 0.4000
v 785.074280 63.398933 -2404.750488 0.4902 0.5059 0.4000
v 849.074280 63.398933 -2404.750488 0.4902 0.5059 0.4000
v 849.074280 63.398949 -2340.750488 0.4902 0.5059 0.4000
v 785.074280 -0.601089 -2404.750488 0.4902 0.5059 0.4000
v 785.074280 -0.601082 -2340.750488 0.4902 0.5059 0.4000
v 849.074280 -0.601082 -2340.750488 0.4902 0.5059 0.4000
v 849.074280 -0.601089 -2404.750488 0.4902 0.5059 0.4000
v 1089.074463 -18.601097 -2374.750488 0.4902 0.5059 0.4000
v 1025.074463 -18.601097 -2374.750488 0.4902 0.5059 0.4000
v 1025.074463 -2.601097 -2436.750488 0.4902 0.5059 0.4000
v 1089.074463 -2.601097 -2436.750488 0.4902 0.5059 0.4000
v 1089.074463 -64.601112 -2452.750488 0.4902 0.5059 0.4000
v 1025.074463 -64.601112 -2452.750488 0.4902 0.5059 0.4000
v 1025.074463 -80.601112 -2390.750488 0.4902 0.5059 0.4000
v 1089.074463 -80.601112 -2390.750488 0.4902 0.5059 0.4000
v 1009.074402 63.398933 -2500.750488 0.4902 0.5059 0.4000
v 945.074402 63.398933 -2500.750488 0.4902 0.5059 0.4000
v 945.074402 63.398918 -2564.750488 0.4902 0.5059 0.4000
v 1009.074402 63.398918 -2564.750488 0.4902 0.5059 0.4000
v 1009.074402 -0.601112 -2564.750488 0.4902 0.5059 0.4000
v 945.074402 -0.601112 -2564.750488 0.4902 0.5059 0.4000
v 945.074402 -0.601105 -2500.750488 0.4902 0.5059 0.4000
v 1009.074402 -0.601105 -2500.750488 0.4902 0.5059 0.4000
v -334.926147 -96.601082 -2068.750244 0.4902 0.5059 0.4000
v -334.926147 -224.601166 -2068.750244 0.4902 0.5059 0.4000
v -334.926147 -224.601151 -2004.750244 0.4902 0.5059 0.4000
v -398.926147 -96.601082 -2068.750244 0.4902 0.5059 0.4000
v -398.926147 -224.601166 -2068.750244 0.4902 0.5059 0.4000
v -334.926147 -96.601082 -2068.750244 0.4902 0.5059 0.4000
v -398.926147 -96.601074 -2004.750244 0.4902 0.5059 0.4000
v -398.926147 -224.601151 -2004.750244 0.4902 0.5059 0.4000
v -398.926147 -224.601166 -2068.750244 0.4902 0.5059 0.4000
v -398.926147 -96.601082 -2068.750244 0.4902 0.5059 0.4000
v -1150.926636 -120.601151 -2580.750488 0.4902 0.5059 0.4000
v -1150.926636 -149.931168 -2580.750488 0.4902 0.5059 0.4000
v -1086.926514 -171.271194 -2580.750488 0.4902 0.5059 0.4000
v -1214.926636 -96.601135 -2484.750488 0.4902 0.5059 0.4000
v -1214.926636 -140.601151 -2484.750488 0.4902 0.5059 0.4000
v -1214.926636 -138.601151 -2500.750488 0.4902 0.5059 0.4000
v -1214.926636 -132.601151 -2548.750488 0.4902 0.5059 0.4000
v -1086.926514 -128.601135 -2452.750488 0.4902 0.5059 0.4000
v -1150.926636 -165.931183 -2452.750488 0.4902 0.5059 0.4000
v -1150.926636 -120.601151 -2548.750488 0.4902 0.5059 0.4000
v -1150.926636 -120.601151 -2516.750488 0.4902 0.5059 0.4000
v -1150.926636 -128.601151 -2484.750488 0.4902 0.5059 0.4000
v -1150.926636 -96.601135 -2516.750488 0.4902 0.5059 0.4000
v -1150.926636 -120.601151 -2516.750488 0.4902 0.5059 0.4000
v -1150.926636 -128.601151 -2516.750488 0.4902 0.5059 0.4000
v -1150.926636 -160.601166 -2495.420410 0.4902 0.5059 0.4000
v -1150.926636 -160.601166 -2484.750488 0.4902 0.5059 0.4000
v -1150.926636 -128.601135 -2452.750488 0.4902 0.5059 0.4000
v -1150.926636 -161.931183 -2484.750488 0.4902 0.5059 0.4000
v -1150.926636 -128.601151 -2484.750488 0.4902 0.5059 0.4000
v -1150.926636 -153.931168 -2548.750488 0.4902 0.5059 0.4000
v -1150.926636 -149.931168 -2580.750488 0.4902 0.5059 0.4000
v -1086.926514 -179.271179 -2516.750488 0.4902 0.5059 0.4000
v -1086.926514 -128.601151 -2516.750488 0.4902 0.5059 0.4000
v -1086.926514 -120.601151 -2516.750488 0.4902 0.5059 0.4000
v -1086.926514 -128.601151 -2516.750488 0.4902 0.5059 0.4000
v -1086.926514 -179.271179 -2516.750488 0.4902 0.5059 0.4000
v -1086.926514 -187.271179 -2452.750488 0.4902 0.5059 0.4000
v -1086.926514 -128.601135 -2452.750488 0.4902 0.5059 0.4000
v -1150.926636 -96.601135 -2484.750488 0.4902 0.5059 0.4000
v -1150.926636 -128.601151 -2484.750488 0.4902 0.5059 0.4000
v -1150.926636 -160.601166 -2484.750488 0.4902 0.5059 0.4000
v -1154.926636 -160.601166 -2484.750488 0.4902 0.5059 0.4000
v -1214.926636 -96.601135 -2484.750488 0.4902 0.5059 0.4000
v -1214.926636 -96.601143 -2548.750488 0.4902 0.5059 0.4000
v -1150.926636 -96.601143 -2548.750488 0.4902 0.5059 0.4000
v -574.926270 -96.600876 -340.749329 0.4902 0.5059 0.4000
v -526.926208 -96.600876 -340.749329 0.4902 0.5059 0.4000
v -526.926208 -96.600868 -292.749298 0.4902 0.5059 0.4000
v -574.926270 -96.600868 -276.749298 0.4902 0.5059 0.4000
v -590.926270 -96.600868 -276.749298 0.4902 0.5059 0.4000
v -590.926270 -96.600876 -340.749329 0.4902 0.5059 0.4000
v -590.926270 -32.600861 -340.749329 0.4902 0.5059 0.4000
v -766.926331 -96.600914 -660.749512 0.4902 0.5059 0.4000
v -766.926331 31.399132 -596.749451 0.4902 0.5059 0.4000
v -766.926331 -96.600906 -596.749451 0.4902 0.5059 0.4000
v -830.926453 -96.600906 -596.749451 0.4902 0.5059 0.4000
v -2236.927246 23.398903 -1178.749878 1.0000 1.0000 1.0000
v -2240.927246 23.398903 -1174.749878 1.0000 1.0000 1.0000
v -2236.927246 23.398903 -1174.749878 1.0000 1.0000 1.0000
v -2236.927246 69.398918 -1174.749878 1.0000 1.0000 1.0000
v -2236.927246 69.398918 -1178.749878 1.0000 1.0000 1.0000
v -2240.927246 69.398918 -1174.749878 1.0000 1.0000 1.0000
v -2240.927246 23.398903 -1178.749878 1.0000 1.0000 1.0000
v -2240.927246 69.398918 -1178.749878 1.0000 1.0000 1.0000
v -1330.926636 69.398933 -1093.749756 1.0000 1.0000 1.0000
v -1330.926636 23.398911 -1099.749756 1.0000 1.0000 1.0000
v -1330.926636 69.398933 -1099.749756 1.0000 1.0000 1.0000
v -1327.926636 23.398911 -1096.749756 1.0000 1.0000 1.0000
v -1327.926636 69.398933 -1096.749756 1.0000 1.0000 1.0000
v -1330.926636 23.398911 -1093.749756 1.0000 1.0000 1.0000
v -1333.926636 23.398911 -1096.749756 1.0000 1.0000 1.0000
v -1333.926636 69.398933 -1096.749756 1.0000 1.0000 1.0000
v -1188.926636 -90.601189 -1550.750000 1.0000 1.0000 1.0000
v -1192.926636 -90.601189 -1550.750000 1.0000 1.0000 1.0000
v -1192.926636 -90.601189 -1554.750000 1.0000 1.0000 1.0000
v -1188.926636 -90.601189 -1554.750000 1.0000 1.0000 1.0000
v -1188.926636 -136.601212 -1554.750000 1.0000 1.0000 1.0000
v -1188.926636 -136.601212 -1550.750000 1.0000 1.0000 1.0000
v -1192.926636 -136.601212 -1550.750000 1.0000 1.0000 1.0000
v -1192.926636 -136.601212 -1554.750000 1.0000 1.0000 1.0000
v 71.074020 -162.601349 -2546.750488 1.0000 1.0000 1.0000
v 67.074020 -162.601349 -2546.750488 1.0000 1.0000 1.0000
v 67.074020 -116.601318 -2542.750488 1.0000 1.0000 1.0000
v 67.074020 -116.601318 -2542.750488 1.0000 1.0000 1.0000
v 67.074020 -162.601349 -2542.750488 1.0000 1.0000 1.0000
v 67.074020 -162.601349 -2546.750488 1.0000 1.0000 1.0000
v 67.074020 -116.601318 -2546.750488 1.0000 1.0000 1.0000
v 71.074020 -116.601318 -2542.750488 1.0000 1.0000 1.0000
v 71.074020 -162.601349 -2542.750488 1.0000 1.0000 1.0000
v 71.074020 -116.601318 -2546.750488 1.0000 1.0000 1.0000
v 71.074020 -116.601318 -2542.750488 1.0000 1.0000 1.0000
v 67.074020 -116.601318 -2546.750488 1.0000 1.0000 1.0000
v 67.074020 -162.601349 -2546.750488 1.0000 1.0000 1.0000
v 71.074020 -162.601349 -2546.750488 1.0000 1.0000 1.0000
v 71.074020 -116.601318 -2546.750488 1.0000 1.0000 1.0000
v 259.074036 -34.601040 -534.749451 1.0000 1.0000 1.0000
v 259.074036 -34.601040 -530.749451 1.0000 1.0000 1.0000
v 259.074036 11.398972 -534.749451 1.0000 1.0000 1.0000
v 263.074036 11.398972 -534.749451 1.0000 1.0000 1.0000
v 263.074036 11.398972 -530.749451 1.0000 1.0000 1.0000
v 263.074036 -34.601040 -530.749451 1.0000 1.0000 1.0000
v 263.074036 -34.601040 -534.749451 1.0000 1.0000 1.0000
v 259.074036 11.398972 -530.749451 1.0000 1.0000 1.0000
v 1027.074463 -194.601074 -162.749252 1.0000 1.0000 1.0000
v 1031.074463 -194.601074 -166.749268 1.0000 1.0000 1.0000
v 1031.074463 -194.601074 -162.749252 1.0000 1.0000 1.0000
v 1031.074463 -148.601044 -162.749268 1.0000 1.0000 1.0000
v 1031.074463 -148.601044 -166.749283 1.0000 1.0000 1.0000
v 1027.074463 -148.601044 -162.749268 1.0000 1.0000 1.0000
v 1027.074463 -194.601074 -166.749268 1.0000 1.0000 1.0000
v 1027.074463 -148.601044 -166.749283 1.0000 1.0000 1.0000
s 0
f 18 2 1
f 6 4 9
f 3 8 10
f 13 29 11
f 1 16 15
f 34 15 17
f 22 19 18
f 20 22 21
f 17 104 23
f 26 24 132
f 30 28 31
f 124 31 32
f 17 35 34
f 38 36 39
f 42 35 40
f 44 35 41
f 47 46 45
f 143 48 49
f 59 51 50
f 59 141 58
f 56 54 53
f 61 59 58
f 66 64 63
f 71 69 67
f 97 98 72
f 72 136 75
f 75 78 74
f 78 77 76
f 80 93 101
f 90 215 96
f 82 81 84
f 85 84 83
f 71 86 88
f 89 88 87
f 91 80 92
f 95 93 96
f 99 98 97
f 105 103 102
f 108 107 106
f 112 110 109
f 117 115 114
f 121 120 119
f 120 123 122
f 277 130 125
f 129 128 127
f 133 131 130
f 66 130 134
f 139 137 46
f 167 142 141
f 175 145 144
f 149 150 148
f 137 152 150
f 152 155 154
f 160 158 161
f 162 161 163
f 164 190 87
f 165 67 166
f 172 143 167
f 170 183 169
f 184 169 171
f 175 173 172
f 180 155 179
f 187 177 173
f 182 176 183
f 186 185 184
f 188 187 186
f 192 190 189
f 196 195 194
f 200 198 197
f 204 202 201
f 204 208 205
f 197 206 208
f 211 209 200
f 212 198 215
f 214 217 95
f 216 198 199
f 243 219 218
f 223 221 224
f 222 225 221
f 228 227 226
f 229 226 219
f 229 230 239
f 233 232 236
f 140 233 247
f 227 232 237
f 239 245 240
f 243 242 241
f 246 250 244
f 248 244 249
f 138 249 152
f 251 156 252
f 253 258 254
f 256 253 159
f 259 257 260
f 263 261 264
f 41 266 265
f 262 267 269
f 273 271 270
f 275 274 135
f 278 277 276
f 281 279 293
f 285 284 283
f 288 287 286
f 290 295 289
f 293 296 292
f 297 295 294
f 300 299 298
f 312 302 301
f 305 303 306
f 309 307 310
f 313 311 339
f 319 317 315
f 323 322 327
f 327 307 325
f 331 329 328
f 335 334 333
f 338 337 336
f 367 347 339
f 345 340 342
f 313 347 346
f 349 342 348
f 292 356 360
f 355 353 352
f 360 358 357
f 364 363 362
f 294 366 365
f 322 368 367
f 372 370 376
f 372 373 371
f 373 377 375
f 377 370 375
f 374 376 377
f 371 375 370
f 379 378 380
f 385 378 384
f 381 380 378
f 382 385 383
f 382 379 380
f 383 384 379
f 388 393 386
f 388 387 389
f 387 391 392
f 391 393 392
f 390 386 391
f 389 392 393
f 397 401 400
f 399 395 398
f 395 401 396
f 398 396 397
f 399 397 400
f 394 400 401
f 404 402 407
f 408 406 405
f 408 402 403
f 406 404 407
f 409 403 404
f 405 407 402
f 413 417 410
f 415 411 414
f 411 417 412
f 414 412 413
f 415 413 410
f 416 410 417
f 421 418 420
f 425 421 424
f 425 423 422
f 418 423 420
f 424 420 423
f 419 422 418
f 429 426 432
f 427 426 428
f 431 428 429
f 433 427 431
f 430 432 426
f 433 429 432
f 439 441 434
f 435 439 436
f 435 437 438
f 441 437 434
f 436 434 437
f 440 438 441
f 443 442 444
f 447 445 448
f 458 457 450
f 453 451 454
f 448 455 457
f 446 452 453
f 461 459 468
f 469 462 473
f 464 467 461
f 466 465 467
f 470 468 471
f 474 472 475
f 478 476 479
f 481 480 489
f 492 490 483
f 485 484 486
f 489 487 490
f 493 491 476
f 499 494 498
f 501 499 500
f 501 497 496
f 497 494 496
f 500 498 497
f 495 496 494
f 507 505 509
f 503 508 502
f 503 505 504
f 502 509 505
f 506 504 507
f 508 507 509
f 515 517 514
f 513 515 512
f 513 511 516
f 511 517 516
f 512 514 511
f 510 516 517
f 519 521 522
f 525 519 523
f 525 524 520
f 524 521 520
f 523 522 524
f 518 520 521
f 533 532 530
f 528 526 531
f 528 532 529
f 531 530 532
f 527 529 533
f 526 533 530
f 536 541 534
f 540 541 535
f 538 540 535
f 538 536 539
f 539 534 540
f 537 535 541
f 545 542 544
f 548 546 545
f 551 549 552
f 555 553 557
f 557 556 558
f 564 559 560
f 563 561 564
f 568 566 565
f 573 571 583
f 576 574 577
f 574 579 578
f 583 581 584
f 592 585 587
f 596 588 586
f 593 591 594
f 599 597 595
f 603 601 604
f 608 605 607
f 612 610 609
f 616 614 613
f 622 625 618
f 621 619 624
f 624 623 625
f 629 627 626
f 632 630 604
f 635 633 636
f 633 638 637
f 641 645 646
f 645 644 642
f 648 651 652
f 651 649 652
f 656 653 655
f 658 656 655
f 662 660 659
f 668 666 665
f 673 672 670
f 675 674 676
f 678 677 679
f 679 676 680
f 685 683 682
f 691 689 687
f 694 693 687
f 706 697 699
f 699 703 701
f 709 708 713
f 714 713 711
f 718 716 729
f 721 719 726
f 725 723 722
f 728 718 729
f 731 747 732
f 734 737 738
f 737 735 738
f 740 743 744
f 743 741 744
f 747 745 732
f 749 755 750
f 754 752 751
f 759 757 756
f 764 762 761
f 767 771 768
f 771 769 768
f 775 774 772
f 779 777 780
f 784 782 781
f 789 786 788
f 792 790 789
f 795 793 796
f 798 795 796
f 801 799 802
f 800 805 803
f 807 811 808
f 811 809 808
f 815 812 814
f 817 815 814
f 818 3943 820
f 2751 818 820
f 829 822 821
f 825 2454 2455
f 826 828 827
f 823 830 822
f 833 832 942
f 837 835 915
f 840 838 855
f 841 840 842
f 846 844 843
f 845 849 848
f 853 851 854
f 857 856 855
f 911 859 858
f 861 860 865
f 866 864 863
f 869 867 868
f 874 871 870
f 877 903 910
f 880 879 883
f 884 882 881
f 887 835 889
f 891 889 888
f 893 892 888
f 895 939 894
f 898 897 896
f 902 900 899
f 903 934 904
f 907 906 905
f 910 939 908
f 913 912 918
f 916 914 917
f 920 918 921
f 924 922 925
f 928 926 929
f 932 930 933
f 935 929 938
f 937 936 930
f 939 938 940
f 942 941 834
f 941 872 873
f 947 945 948
f 953 951 949
f 956 968 957
f 957 958 956
f 958 961 959
f 964 833 965
f 959 966 962
f 971 969 968
f 974 971 975
f 976 980 1304
f 980 978 977
f 982 981 978
f 986 984 983
f 985 1003 988
f 988 1006 989
f 993 991 990
f 997 996 1001
f 1016 999 998
f 991 992 1000
f 1004 987 1005
f 1007 1003 1000
f 1010 1008 1015
f 1012 1014 1013
f 1019 1017 1020
f 1024 1022 1021
f 948 1029 1030
f 1029 1027 1026
f 1041 1032 1031
f 1036 1035 1034
f 1040 1038 1037
f 1043 1039 1040
f 1046 1043 1047
f 1050 1048 1052
f 1053 1051 1239
f 1058 1054 1057
f 1059 1057 1056
f 1062 1061 1063
f 1066 1064 1058
f 1071 1061 1069
f 1076 1075 1073
f 1073 1078 1077
f 1080 1079 1117
f 1111 1092 1110
f 1110 1083 1082
f 1087 2786 1085
f 1089 1091 1087
f 1093 1092 1091
f 1101 1095 1094
f 1098 1109 1100
f 1096 1109 1099
f 1105 1103 1102
f 1095 1107 1102
f 1108 1009 1010
f 1110 1097 1111
f 1084 1109 1110
f 1113 1124 1114
f 1124 1116 1115
f 1118 1120 1121
f 1121 1119 1122
f 1119 1123 1122
f 1128 1126 1125
f 1129 1131 1130
f 1134 1133 1132
f 1137 1135 1128
f 1140 1138 1141
f 1144 1142 1141
f 1072 1163 1071
f 1152 1148 1147
f 1156 1287 1154
f 1160 1158 1156
f 1165 1163 1161
f 1170 1169 1167
f 1176 1174 1173
f 1179 1178 1046
f 1183 1181 1180
f 1191 1156 1158
f 1189 1187 1186
f 1139 1193 1192
f 1193 1196 1198
f 1201 1200 1199
f 1204 1202 1205
f 1208 1213 1207
f 1202 1207 1206
f 1218 1234 1209
f 1226 1212 1147
f 1229 1218 1216
f 1222 1221 1220
f 1224 1223 1218
f 1227 1226 1225
f 1211 1225 1224
f 1232 1230 1229
f 1161 1234 1236
f 1239 1238 1244
f 1244 1242 1241
f 1250 1246 1229
f 1241 1249 1250
f 1270 1271 1251
f 1256 1255 1257
f 1302 1258 1257
f 1262 1260 1259
f 1266 1265 1264
f 1267 1263 1271
f 1270 1269 1268
f 1272 1271 1273
f 1277 1278 1274
f 1278 1284 1279
f 1278 1277 1280
f 1284 1282 1281
f 1283 1286 1285
f 1288 1154 1287
f 1292 1293 1290
f 1288 1292 1294
f 1297 1295 1298
f 1358 1300 1299
f 1309 1303 1308
f 1407 1304 1310
f 1309 1333 1305
f 1409 1331 1311
f 1314 1321 1426
f 1341 1315 1426
f 1318 1325 1316
f 1321 1324 1318
f 1321 1322 1320
f 1324 1325 1318
f 1323 1326 1325
f 1330 1328 1331
f 1327 1329 1328
f 1333 1330 1331
f 1333 1306 1332
f 1404 1342 1343
f 1336 1334 1337
f 1339 1334 978
f 978 1335 982
f 1344 1341 1340
f 1344 1342 1341
f 1348 1347 1346
f 1353 1351 1355
f 1356 1355 1346
f 1388 1301 1358
f 1367 1368 1359
f 1348 1349 1360
f 1348 1364 1347
f 1363 1361 1362
f 1364 1362 1347
f 1368 1367 1365
f 1371 1362 1361
f 1375 1373 1372
f 1380 1381 1377
f 1377 1378 1387
f 1384 1382 1381
f 1387 1386 1388
f 1366 1389 1365
f 1392 1384 1385
f 1395 1393 1396
f 1393 1397 1399
f 1400 1353 1401
f 1403 1315 1342
f 1407 1416 1405
f 1312 1408 1413
f 1412 1411 1410
f 1417 1415 1414
f 1419 1416 1418
f 1418 1413 1423
f 1423 1422 1424
f 1638 1426 1319
f 1341 1425 1428
f 1428 1429 1427
f 1429 1638 1430
f 1455 1442 1443
f 1432 1448 1453
f 1620 1435 1438
f 1449 1437 1438
f 1443 1441 1440
f 1447 1445 1448
f 1440 1450 1449
f 1454 1433 1452
f 1457 1455 1458
f 1461 1143 1144
f 1610 1459 1461
f 1465 1463 1510
f 1466 1512 1603
f 1472 1469 1470
f 1470 1468 1471
f 1490 1474 1473
f 1478 1476 1490
f 1290 1479 1480
f 1510 1463 1509
f 1485 1482 1481
f 1486 1484 1487
f 1482 1502 1488
f 1491 1490 1476
f 1493 1491 1492
f 1498 1496 1494
f 1501 1488 1502
f 1508 1504 1614
f 1508 1507 1505
f 1513 1510 1509
f 1602 1462 1513
f 3058 1522 1515
f 1517 1516 1518
f 1520 1519 1518
f 1515 1525 1523
f 1524 1523 1525
f 3060 1520 3062
f 1536 1528 1527
f 3178 1535 1530
f 1535 1534 1536
f 1538 1537 1597
f 1541 1540 1538
f 1584 1567 1543
f 1545 1543 1544
f 1560 1545 1544
f 1560 1592 1587
f 1594 1592 1546
f 1590 1546 1547
f 1549 1590 1547
f 1549 1550 1548
f 1553 1551 1557
f 1557 1549 1547
f 1559 1673 1649
f 1592 1560 1568
f 1563 1571 1561
f 1569 1543 1567
f 1571 1608 1572
f 1576 1575 1573
f 1578 1574 1608
f 1579 1556 1580
f 1581 1567 1582
f 1583 1567 1584
f 1579 1548 1550
f 1588 1584 1545
f 1590 1585 1589
f 1545 1586 1588
f 1594 1589 1593
f 1587 1591 1586
f 1592 1593 1591
f 1640 1597 1595
f 1537 1676 1596
f 1595 1537 1596
f 1600 1598 1601
f 1603 1512 1605
f 1605 1613 1606
f 1578 1608 1607
f 1607 1610 1609
f 1604 1599 1612
f 1615 1616 1617
f 1618 1616 1625
f 1621 1620 1622
f 1625 1623 1619
f 3200 1627 1626
f 1624 1629 1628
f 1631 1633 1632
f 1633 1649 1632
f 1635 1651 1634
f 1635 1672 1636
f 1672 1637 1636
f 1655 1659 1637
f 1538 1638 1542
f 1639 1538 1597
f 1642 1639 1641
f 1638 1642 1430
f 1645 1663 1648
f 1646 1648 1644
f 1647 1646 1644
f 1647 2316 1657
f 1528 1649 1648
f 1651 1635 1540
f 1656 1655 1654
f 1670 2316 2317
f 1661 1660 1659
f 1651 1662 1666
f 1664 1663 1665
f 1667 1651 1666
f 1645 1665 1663
f 1669 1634 1667
f 1646 1668 1645
f 1671 1657 1670
f 1672 1654 1655
f 1674 2263 1673
f 1539 1540 1675
f 1540 1637 1659
f 1647 1673 2315
f 1681 1679 1678
f 1680 1684 1685
f 1689 1687 1686
f 1689 1688 1690
f 1688 1705 1691
f 1694 1693 1705
f 1697 1696 1695
f 1702 1700 1699
f 1707 1691 1705
f 1687 1709 1710
f 1696 1711 1948
f 1715 1713 1716
f 1717 1696 1718
f 1721 1719 1722
f 1724 1694 1725
f 1742 1780 1726
f 1726 1727 1733
f 1779 1730 1729
f 1736 1735 1732
f 1739 1738 1779
f 1741 1730 1738
f 1745 1744 1743
f 1749 1748 1747
f 1752 1751 1750
f 1762 1755 1754
f 1758 1756 1759
f 1776 1761 1760
f 1763 2127 2128
f 1754 1764 1756
f 1769 1767 1766
f 1766 1771 1778
f 1778 1773 1772
f 1779 1774 1776
f 1726 1781 1778
f 1780 1776 1781
f 1787 1778 1783
f 1786 1784 1787
f 1791 1790 1788
f 1793 1804 1792
f 1740 1793 1794
f 1809 1795 1975
f 1796 1795 1813
f 1796 1797 1798
f 1800 1791 1798
f 1801 1790 1791
f 1795 1802 1804
f 1983 1803 1985
f 1806 1805 1807
f 1808 1790 1799
f 1811 1809 1810
f 1816 1799 1797
f 1813 1811 1814
f 1815 1814 1816
f 1856 1842 1817
f 1820 1818 1821
f 1827 1823 1822
f 1826 1825 1827
f 1828 1830 1827
f 1831 1829 1832
f 1834 1900 1831
f 1837 1835 1838
f 1842 1840 1839
f 1845 1826 1823
f 1847 1837 1848
f 1852 1850 1849
f 1856 1854 1857
f 1860 1858 1861
f 1864 1862 1868
f 1867 1865 1868
f 1872 1870 1869
f 1874 1882 1883
f 1853 1876 1878
f 1882 1881 1879
f 1888 1887 1885
f 1893 2021 1891
f 1896 1914 1897
f 1901 1899 1898
f 1906 1904 1903
f 1911 1909 1908
f 1909 1912 1913
f 1920 1926 1927
f 1923 1917 1916
f 1922 1920 1923
f 1926 1924 1927
f 1930 1926 1928
f 1932 1942 1944
f 1935 1933 1936
f 1938 1940 1929
f 1940 1958 1929
f 1943 1942 1941
f 1950 1942 1943
f 1947 1945 1948
f 1951 1949 1952
f 1955 1953 1933
f 1942 1957 1962
f 1962 1927 1963
f 1967 1965 1964
f 1967 1972 1969
f 1973 1971 1964
f 1976 1975 1974
f 1998 1981 1964
f 1978 1998 1964
f 1980 1979 1977
f 1982 1981 1975
f 1984 1983 1985
f 1993 2010 1986
f 1809 1989 1991
f 1977 1992 1997
f 1996 1994 1989
f 1998 1997 1994
f 2001 2000 1999
f 2003 1999 2002
f 2005 2495 2497
f 2012 2007 2006
f 2011 2009 2012
f 2005 2469 2011
f 2017 2014 2013
f 2018 2016 2019
f 1891 1889 2020
f 2026 2024 2023
f 2030 2028 2023
f 2033 2032 2031
f 2036 2035 2034
f 2039 2038 2651
f 2042 2040 2043
f 2045 2044 2046
f 2081 2047 2046
f 2257 2053 2258
f 2049 2052 2051
f 2274 2056 2275
f 2275 2055 2277
f 2058 2059 2057
f 2062 2060 2059
f 2066 2064 2061
f 2068 2072 2069
f 2073 2071 2070
f 2075 2068 2076
f 2078 2106 2104
f 2080 2048 2081
f 2084 2083 2082
f 2086 2085 2099
f 2087 2099 2113
f 2089 2087 2090
f 2089 2109 2088
f 2093 2092 2091
f 2095 2091 2094
f 2096 2095 2097
f 2179 2098 2195
f 2102 2100 2099
f 2132 2134 2105
f 2108 2121 2107
f 2112 2091 2109
f 2115 2122 2114
f 2118 2116 2170
f 2122 2120 2123
f 2125 2124 2126
f 2129 2128 2127
f 2170 2234 2169
f 2134 2132 2131
f 2134 2199 2152
f 2199 2135 2152
f 2139 2138 2137
f 2140 2138 2142
f 2151 2141 2143
f 2141 2145 2144
f 2147 2146 2145
f 2149 2148 2173
f 2153 2138 2151
f 2173 2155 2159
f 2159 2153 2157
f 2162 2160 2163
f 2164 2146 2165
f 2168 2121 2166
f 2173 2172 2171
f 2145 2177 2175
f 2167 2180 2179
f 2132 2182 2188
f 2184 2085 2185
f 2191 2165 2186
f 2194 2098 2163
f 2189 2132 2188
f 2190 2185 2085
f 2193 2187 2191
f 2197 2195 2194
f 2209 2131 2198
f 2087 2201 2200
f 2205 2203 2202
f 2218 2207 2206
f 2199 2222 2139
f 2212 2211 2210
f 2213 2109 2220
f 2224 2216 2214
f 2221 2219 2218
f 2223 2139 2222
f 2227 2109 2224
f 2229 2224 2138
f 2168 2231 2230
f 2169 2233 2231
f 2237 2236 2235
f 2041 2124 2101
f 2378 2241 2239
f 2467 2242 2239
f 2246 2245 2247
f 2251 2249 2248
f 2253 2250 2251
f 1675 2255 2254
f 2254 2257 2258
f 2252 2261 2262
f 1674 2261 2260
f 2264 2267 2265
f 2265 2266 2268
f 2273 2265 2269
f 3637 2273 2269
f 2271 2264 2273
f 3641 2271 2273
f 2276 2274 2275
f 2277 2318 2276
f 2280 2278 2285
f 2293 2294 2282
f 2288 2305 2287
f 2289 2287 2286
f 2297 2289 2286
f 2297 2298 2290
f 2291 2298 2299
f 2292 2299 2294
f 2293 2292 2294
f 2293 2284 2295
f 2298 2297 2296
f 2302 2300 2341
f 2305 2314 2303
f 2338 2339 2307
f 2338 2335 2337
f 2335 2308 2337
f 2332 2316 2308
f 2310 2309 2311
f 2328 2311 2312
f 2319 2328 2312
f 2319 1659 2313
f 2315 2337 2308
f 2260 2315 2263
f 2317 2316 2324
f 1659 2319 2318
f 2320 2256 1675
f 2321 2309 2329
f 2339 2322 2323
f 2325 2332 2333
f 1660 2327 2313
f 2313 2331 2328
f 2310 2329 2309
f 2328 2330 2310
f 2333 2335 2336
f 2336 2307 2334
f 2334 2339 2323
f 2341 2339 2338
f 2309 2343 2276
f 2365 2366 2344
f 2365 2346 2364
f 2346 2345 2364
f 2348 2347 2345
f 2351 2347 2349
f 2351 2350 2359
f 2350 2352 2359
f 2354 2353 2352
f 2347 2351 2360
f 2353 2356 2355
f 2365 2364 2361
f 2369 2362 2370
f 2373 2369 2370
f 2443 2371 2373
f 2375 2381 2376
f 2378 2376 2377
f 2380 2383 2384
f 2384 2382 2381
f 2427 2385 2390
f 2426 2390 2388
f 2386 2426 2388
f 2386 2389 2423
f 2389 2386 2387
f 2247 3702 3703
f 2395 2388 2390
f 2394 2392 2391
f 2431 2403 2435
f 2400 2385 2424
f 2399 2398 2397
f 2414 2402 2397
f 2761 2431 2432
f 2412 2413 2408
f 2413 2412 2411
f 2413 2437 2409
f 2437 2414 2409
f 2415 2435 2414
f 2416 2424 2425
f 2416 2417 2399
f 2417 2418 2399
f 2420 2419 2418
f 2398 2418 2419
f 3719 2419 2389
f 2419 2423 2389
f 2425 2385 2427
f 2420 2426 2423
f 2417 2427 2426
f 3726 2429 2412
f 2407 2430 2429
f 2432 2431 2436
f 2432 2434 2433
f 2434 2430 2433
f 2438 2429 2430
f 2436 2435 2415
f 2429 2411 2412
f 2434 2415 2437
f 2438 2437 2411
f 2442 2439 2441
f 2442 2441 2372
f 2446 2444 2447
f 2449 2444 2452
f 2452 2451 2450
f 2456 2454 2453
f 2458 2465 2457
f 2459 2460 2446
f 2464 2463 2462
f 2243 2466 2468
f 2471 2469 2497
f 2475 2473 2472
f 2478 2477 2479
f 2488 2481 2480
f 2486 2484 2483
f 2490 2488 2491
f 2495 2493 2492
f 2497 2508 2496
f 2499 2515 2477
f 2502 2500 2503
f 2506 2505 2507
f 2508 2500 2476
f 2511 2509 2512
f 2515 2512 2513
f 2519 2518 2517
f 2522 2548 2520
f 2525 2523 2526
f 2529 2528 2527
f 2532 2531 2530
f 2586 2530 2533
f 2537 2535 2533
f 2540 2539 2538
f 2544 2543 2541
f 2548 2547 2550
f 2480 2549 2550
f 2556 2555 2554
f 2562 2559 2558
f 2565 2564 2566
f 2569 2567 2570
f 2572 2571 2582
f 2575 2573 2576
f 2579 2577 2580
f 2589 2581 2583
f 2586 2584 2587
f 2590 2588 2591
f 2593 2592 2594
f 2596 2595 2597
f 2600 2598 2601
f 2599 2602 2603
f 2545 2562 2616
f 2607 2611 2606
f 2610 2609 2608
f 2613 2611 2607
f 2618 2616 2609
f 2624 2621 2623
f 2625 2623 2622
f 2622 2627 2626
f 2628 2629 2627
f 2632 2629 2631
f 2632 2630 2633
f 2630 2635 2633
f 2634 2636 2635
f 2629 2632 2637
f 2643 2641 2756
f 2646 2758 2644
f 2653 2651 2656
f 2656 2655 2648
f 2657 2675 2660
f 2659 2658 2657
f 2662 2659 2655
f 2669 2667 2664
f 2682 2676 2672
f 2681 2680 2678
f 2685 2684 2687
f 2685 2686 2682
f 2686 2689 2682
f 2688 2681 2689
f 2680 2681 2690
f 2680 2691 2679
f 2691 2692 2679
f 2695 2694 2693
f 2701 2698 2697
f 2748 2705 2703
f 2719 2717 2708
f 2712 2737 2710
f 2725 2723 2714
f 2718 2717 2719
f 2720 2719 2722
f 2723 2720 2722
f 2723 2725 2721
f 2727 2725 2724
f 2728 2724 2726
f 2730 2728 2726
f 2731 2699 2729
f 2742 2733 2707
f 2737 2736 2738
f 2737 2741 2739
f 2741 2734 2739
f 2740 2742 2734
f 2733 2742 2744
f 2733 2743 2732
f 2743 2745 2732
f 2746 2748 2747
f 2752 2751 2749
f 2756 2754 2643
f 2645 2757 2758
f 2760 2764 2757
f 2762 2761 2763
f 2759 2763 2764
f 3398 2765 3787
f 3400 2767 2771
f 2773 2770 2769
f 2778 2777 2776
f 2780 3408 3557
f 3559 2781 3558
f 2784 2782 2813
f 1086 2785 2808
f 2789 2788 2792
f 2789 2791 2790
f 2794 2796 2879
f 2922 2797 2796
f 2880 2806 2813
f 2801 2803 2804
f 2803 2816 2817
f 2816 2805 2808
f 2812 2881 2807
f 2809 2785 2815
f 2811 2819 2815
f 2815 2812 2807
f 2807 2814 2815
f 2817 2809 2822
f 2820 2809 2819
f 2823 2822 2820
f 2826 2835 2824
f 2858 2847 2829
f 2832 2830 2833
f 2835 2846 2838
f 2854 2842 2836
f 2840 2859 2839
f 2841 2839 2837
f 2842 2841 2837
f 2842 2854 2851
f 2844 2854 2843
f 2845 2843 2838
f 2846 2845 2838
f 2846 2831 2850
f 2848 2859 2840
f 2850 2832 2849
f 2852 2840 2841
f 2845 2849 2853
f 2841 2855 2852
f 2844 2853 2856
f 2851 2857 2855
f 2854 2856 2857
f 2863 2839 2859
f 2865 2860 2861
f 2871 2879 2867
f 2870 2868 2797
f 2873 2867 2796
f 2874 2871 2873
f 2868 2876 2875
f 2879 2872 2877
f 2882 2881 2880
f 2890 2884 2986
f 2889 2887 2886
f 2892 2891 3095
f 2893 2898 2894
f 2895 2893 2894
f 2899 2897 2896
f 2903 2901 2900
f 2900 3012 2902
f 2906 2904 2908
f 2908 2916 2907
f 2913 2920 2910
f 2912 2914 2919
f 2918 2916 2908
f 2920 2982 2911
f 2920 2869 2870
f 2919 2876 2869
f 2921 2870 2922
f 3048 2924 2923
f 2930 2944 2926
f 2929 2938 2928
f 2932 2950 2927
f 2934 2933 2939
f 2937 2935 2933
f 2938 2934 2939
f 2938 2929 2940
f 2943 2946 2944
f 3037 2941 2943
f 2946 2926 2944
f 2945 2927 2926
f 2954 2947 2930
f 2955 2951 2953
f 2953 2948 2954
f 2923 2957 2955
f 3004 2971 2972
f 2959 2990 2971
f 2962 2961 2959
f 2965 2963 2962
f 2967 2963 2964
f 2970 2968 2974
f 2972 2991 2970
f 2975 2981 2987
f 2976 2988 2977
f 2980 2978 2981
f 2911 2983 2984
f 2983 2975 2984
f 2884 2985 2986
f 2978 2969 2970
f 2961 2988 2987
f 3000 2992 2994
f 2997 2996 2992
f 3000 2994 2998
f 3007 3003 3001
f 3006 3004 3007
f 3008 3002 3003
f 3034 3014 3019
f 3012 3028 3033
f 3014 3027 3013
f 3016 3039 3015
f 3009 3018 3017
f 3024 3021 3026
f 3023 3022 3021
f 3027 3024 3026
f 3027 3014 3025
f 3031 3032 3028
f 3031 3030 3029
f 3032 3033 3028
f 3035 3034 3033
f 3037 3036 2942
f 2936 3038 2935
f 3041 3015 3039
f 3042 3039 3040
f 3044 3049 3043
f 3044 3042 3040
f 3048 3045 3047
f 3048 3046 3050
f 3053 3049 3052
f 3053 3051 3050
f 3054 3220 3055
f 3057 1514 3058
f 3056 3059 1524
f 3066 3060 3062
f 3068 3073 3072
f 3065 3061 3066
f 3071 3069 3067
f 3074 3072 3073
f 3075 3073 3134
f 3076 3075 3134
f 3076 3077 3140
f 3079 3077 3078
f 3142 3078 3132
f 3117 3142 3132
f 3117 3080 3137
f 3127 3082 3081
f 3083 3082 3240
f 3088 3086 3085
f 3124 3089 3092
f 3087 3093 3092
f 3095 3094 3133
f 3096 3098 3097
f 3099 3098 3069
f 3101 3119 3104
f 3103 3102 3101
f 3106 3105 3107
f 3107 3109 3108
f 3110 3121 3139
f 3110 3111 3120
f 3111 3112 3120
f 3113 3143 3112
f 3130 3143 3141
f 3130 3114 3129
f 3114 3115 3129
f 3138 3126 3115
f 3094 3080 3117
f 3121 3110 3106
f 3126 3136 3124
f 3128 3129 3127
f 3131 3143 3130
f 3098 3133 3132
f 3069 3078 3077
f 3135 3136 3080
f 3122 3072 3121
f 3139 3072 3074
f 3137 3136 3138
f 3111 3074 3075
f 3142 3138 3114
f 3113 3075 3140
f 3114 3079 3142
f 3143 3140 3077
f 3141 3077 3079
f 3146 3144 3147
f 3148 3234 3149
f 3219 3150 3166
f 3219 3152 3218
f 3152 3153 3218
f 3151 3154 3153
f 3155 3154 3177
f 3155 3172 3156
f 3172 3157 3156
f 3170 3159 3157
f 3160 3157 3159
f 3164 3162 3148
f 3165 3159 3168
f 3166 3054 3167
f 3169 3159 3170
f 3152 3167 3173
f 3171 3170 3172
f 3151 3173 3174
f 3172 3175 3171
f 3154 3174 3176
f 3177 3176 3175
f 3179 3178 1533
f 3182 3180 3179
f 3184 3193 3185
f 3189 3196 3187
f 3194 3183 3192
f 3206 3188 3197
f 3199 1600 1601
f 3205 3200 3201
f 3204 3203 3202
f 3207 3197 3203
f 3209 3195 3210
f 3213 3211 3214
f 3216 3211 3215
f 3190 3228 3189
f 3185 3231 3184
f 3221 3150 3219
f 3221 3224 3223
f 3227 3224 3228
f 3217 3229 3231
f 3234 3232 3149
f 3144 3235 3147
f 3108 3299 3236
f 3300 3237 3103
f 3240 3290 3084
f 3289 3088 3242
f 3245 3244 3243
f 3249 3247 3246
f 3254 3252 3256
f 3256 3255 3260
f 3257 3259 3258
f 3264 3312 3263
f 3264 3262 3265
f 3262 3266 3265
f 3268 3267 3266
f 3269 3267 3328
f 3269 3271 3270
f 3271 3297 3270
f 3315 3314 3297
f 3274 3244 3272
f 3338 3273 3274
f 3276 3288 3275
f 3276 3326 3285
f 3326 3277 3285
f 3278 3279 3277
f 3280 3279 3282
f 3280 3281 3298
f 3281 3283 3298
f 3311 3284 3283
f 3286 3290 3285
f 3287 3277 3279
f 3241 3288 3276
f 3312 3264 3339
f 3297 3314 3254
f 3300 3299 3283
f 3273 3270 3244
f 3292 3267 3269
f 3301 3314 3302
f 3288 3303 3313
f 3306 3284 3307
f 3312 3309 3308
f 3316 3284 3311
f 3263 3310 3318
f 3275 3313 3319
f 3321 3314 3315
f 3317 3311 3281
f 3262 3318 3323
f 3326 3319 3320
f 3322 3315 3271
f 3329 3281 3282
f 3268 3323 3324
f 3320 3278 3326
f 3271 3327 3322
f 3330 3282 3333
f 3337 3268 3324
f 3333 3279 3331
f 3328 3334 3327
f 3325 3337 3331
f 3335 3267 3337
f 3342 3292 3338
f 3340 3291 3344
f 3343 3341 3235
f 3233 3344 3232
f 3346 3345 3347
f 3349 3383 3351
f 3355 3350 3347
f 3361 3351 3360
f 3368 3366 3367
f 3353 3352 3364
f 3356 3354 3357
f 3363 3360 3359
f 3352 3362 3364
f 3357 3366 3365
f 3420 3368 3419
f 3371 3353 3372
f 3374 3373 3392
f 3375 3387 3394
f 3376 3379 3380
f 3379 3377 3380
f 3348 3381 3383
f 3385 3376 3345
f 3378 3387 3386
f 3390 3374 3391
f 3399 3373 3393
f 3403 3394 3395
f 3393 3398 3397
f 3395 3401 3400
f 3405 3404 2781
f 2779 3406 3408
f 3413 3425 3426
f 3413 3404 3410
f 3423 3431 3433
f 3417 3421 3419
f 3426 3425 3424
f 3426 3443 3409
f 3443 3427 3409
f 3429 3428 3427
f 3430 3428 3446
f 3430 3432 3416
f 3432 3431 3416
f 3442 3433 3431
f 3438 3434 3435
f 3436 3433 3437
f 3424 3438 3439
f 3440 3433 3442
f 3443 3439 3441
f 3444 3442 3432
f 3441 3429 3443
f 3445 3432 3446
f 3448 3428 3429
f 3447 3446 3428
f 3617 3449 3451
f 3451 3450 3452
f 3454 3458 3455
f 3455 3457 3456
f 3547 3546 3459
f 3550 3459 3460
f 3463 3550 3460
f 3463 3462 3461
f 3465 3462 3464
f 3466 3464 3538
f 3468 3466 3538
f 3468 3544 3467
f 3471 3469 3525
f 3475 3526 3532
f 3493 3475 3474
f 3479 3477 3491
f 3258 3500 3261
f 3482 3497 3481
f 3482 3521 3506
f 3521 3508 3506
f 3483 3507 3508
f 3485 3507 3484
f 3485 3517 3510
f 3517 3501 3510
f 3486 3512 3501
f 3504 3488 3487
f 3480 3509 3490
f 3490 3493 3476
f 3502 3494 3493
f 3500 3497 3482
f 3503 3502 3501
f 3509 3491 3506
f 3490 3508 3507
f 3497 3511 3515
f 3513 3512 3514
f 3516 3512 3486
f 3481 3515 3518
f 3520 3486 3517
f 3521 3518 3519
f 3522 3517 3484
f 3519 3483 3521
f 3523 3484 3507
f 3524 3507 3483
f 3525 3544 3468
f 3528 3601 3602
f 3530 3536 3529
f 3534 3532 3535
f 3536 3534 3535
f 3528 3537 3459
f 3535 3532 3538
f 3536 3464 3462
f 3540 3546 3541
f 3544 3542 3545
f 3548 3546 3547
f 3467 3545 3551
f 3549 3547 3550
f 3466 3551 3552
f 3550 3553 3549
f 3465 3552 3554
f 3461 3555 3553
f 3462 3554 3555
f 3557 3556 2780
f 3579 3558 3578
f 3562 3561 3560
f 3575 3561 3565
f 3569 3567 3580
f 3570 3569 3568
f 3572 3570 2777
f 3574 4124 3564
f 3576 3560 3556
f 3566 3578 3580
f 3584 3581 3583
f 3587 4134 3584
f 3589 3592 3593
f 3594 3592 3591
f 3529 3596 3531
f 3598 3612 3599
f 3602 3600 3603
f 3607 3605 3604
f 3604 3613 3614
f 3611 3616 3609
f 3453 3614 3613
f 3616 3615 3617
f 4002 3621 3620
f 3624 3623 3873
f 3625 3672 3816
f 3794 3626 3796
f 3648 3627 3647
f 3627 3628 3629
f 3644 3632 3643
f 3633 3638 3634
f 3636 3641 3637
f 3638 3635 3636
f 3635 3639 2272
f 3644 3642 3640
f 3626 3646 3645
f 3650 3647 3649
f 3651 3652 3650
f 3802 3651 3805
f 3802 3653 3652
f 3654 3653 3674
f 2281 3656 3655
f 3660 3658 3657
f 3662 3659 3663
f 3665 3664 3670
f 3669 3667 3670
f 3673 3672 3665
f 3677 3675 3679
f 3683 3687 3677
f 3680 3727 3728
f 3680 3681 3682
f 3681 3683 3682
f 3730 3687 3683
f 3727 3680 3684
f 3720 3688 3689
f 3688 3687 3710
f 3711 3708 3715
f 3690 3694 3691
f 3692 3696 3718
f 3694 3720 3721
f 3694 3695 3691
f 3695 3696 3691
f 3724 3718 3696
f 3698 3697 3699
f 3702 3700 3703
f 3704 3699 3705
f 3701 3705 3706
f 3709 3707 3712
f 3711 3710 3731
f 3711 3732 3708
f 3732 3707 3708
f 3729 3712 3707
f 3716 3717 3713
f 3722 3689 3714
f 3725 3714 3715
f 3717 3725 3715
f 3717 3716 3723
f 3718 2422 3719
f 3721 3689 3722
f 3723 3718 3724
f 3695 3722 3725
f 3725 3724 3695
f 3712 2428 3726
f 3728 3712 3729
f 3731 3687 3730
f 3681 3729 3732
f 3732 3730 3681
f 3747 3743 3733
f 2466 3740 3741
f 3740 3738 3737
f 3738 3745 3746
f 3745 3733 3743
f 3748 3747 3749
f 3751 3766 3750
f 3767 3753 3752
f 3751 3756 3981
f 3753 3966 3761
f 3755 3768 3762
f 3766 3624 3763
f 3768 3767 3854
f 3770 3843 3844
f 4136 3771 3783
f 3775 3781 3773
f 3781 3779 3782
f 3784 3771 3785
f 3787 3786 3788
f 3791 3790 3789
f 3793 3835 3798
f 3795 3794 3796
f 3789 3797 3795
f 3829 3803 3836
f 3828 3801 3800
f 3804 3803 3802
f 3807 3817 3806
f 3807 3810 3808
f 3810 3809 3808
f 3822 3826 3809
f 3812 3826 3811
f 3812 3813 3653
f 3818 3674 3653
f 3818 3672 3673
f 3803 3826 3812
f 3817 3814 3815
f 3819 3672 3818
f 3806 3815 3820
f 3821 3818 3813
f 3810 3820 3824
f 3825 3813 3811
f 3824 3822 3810
f 3827 3811 3826
f 3823 3826 3822
f 3817 3807 3829
f 3834 3832 3835
f 3833 3836 3832
f 3839 3838 3840
f 3843 3841 3844
f 3841 4159 3845
f 3849 3847 3846
f 3847 3887 3888
f 3851 3897 3868
f 3866 3852 3900
f 3763 3624 3874
f 3763 3878 3854
f 3878 3855 3854
f 3856 3884 3855
f 3869 3884 3857
f 3869 3859 3858
f 3859 3860 3858
f 3861 3870 3860
f 3768 3863 3862
f 3885 3865 3864
f 3851 3867 3885
f 3867 3855 3884
f 3872 3870 3876
f 3874 3873 3875
f 3877 3870 3861
f 3878 3875 3879
f 3881 3861 3859
f 3856 3879 3882
f 3859 3880 3881
f 3884 3882 3883
f 3857 3883 3880
f 3885 3860 3870
f 3890 3889 3887
f 3893 3899 3890
f 3896 3894 3897
f 3852 3898 3900
f 3903 3901 3904
f 3913 3909 3915
f 3908 3904 3907
f 3905 3907 3906
f 3916 3911 3910
f 3914 3913 3915
f 3916 3914 3917
f 3919 3918 3920
f 3921 3920 3932
f 3923 3921 3932
f 3923 3933 3922
f 3925 3933 3924
f 3926 3924 3929
f 3928 3926 3929
f 3928 3930 3927
f 3933 3923 3931
f 3936 3939 3940
f 3939 3937 3940
f 3938 3941 3937
f 3945 3942 3944
f 3946 3944 3941
f 3949 4043 3947
f 3951 4083 3952
f 3953 3956 3954
f 3957 3955 4039
f 3960 3963 3958
f 3960 3962 3961
f 3956 3964 3955
f 3966 4030 3965
f 3976 4032 3968
f 3972 3973 3975
f 3972 3977 3976
f 3977 3978 3976
f 3979 3987 3978
f 3986 3987 3980
f 3986 3983 3756
f 3983 3981 3756
f 3982 3984 3981
f 3987 3986 3985
f 3988 4032 3971
f 3989 4034 3990
f 3993 3989 3991
f 4003 4006 3995
f 3999 3998 4001
f 3999 4000 4002
f 4000 3996 4002
f 4004 4003 3996
f 4006 4003 4005
f 4006 4009 4007
f 4009 4008 4007
f 4011 4010 4008
f 4012 3995 4013
f 4020 4014 3621
f 4017 3619 4016
f 4018 4016 3620
f 4014 4018 3620
f 4014 4020 4019
f 4021 4020 4022
f 4023 4022 4024
f 4027 4023 4024
f 4027 4026 4025
f 4010 4026 4013
f 4036 4031 4030
f 3969 4033 4035
f 4035 4037 3958
f 4037 4036 4038
f 3957 4039 4042
f 4041 4043 3957
f 4045 4044 4043
f 4046 4041 4045
f 4051 4047 3911
f 4048 4050 4049
f 4055 4053 4056
f 4266 4057 4262
f 4061 4059 4058
f 4063 4062 4064
f 4067 4066 4065
f 4075 4071 4069
f 4076 4067 4073
f 4076 4075 4074
f 4078 4077 4059
f 4080 4079 4078
f 4084 4083 4081
f 4088 4087 4086
f 4092 4086 4090
f 4096 4094 4370
f 3850 4100 3849
f 4100 4099 4101
f 4214 4104 4102
f 4214 4439 4440
f 4106 4114 4105
f 4108 4174 4107
f 4108 4184 4119
f 4184 4109 4119
f 4110 4189 4109
f 4111 4189 4187
f 4111 4185 4117
f 4185 4116 4117
f 4183 4179 4116
f 4189 4111 4112
f 4179 4105 4114
f 4108 4119 4199
f 4146 4150 4120
f 4146 4122 4123
f 4133 4124 3573
f 4129 4125 4128
f 4129 4127 4126
f 4129 4133 4130
f 4132 4131 4133
f 4135 4134 3586
f 4138 4136 4139
f 4142 4140 4137
f 3590 4144 3595
f 4147 4146 4149
f 4106 4147 4149
f 4151 4121 4147
f 4148 4151 4147
f 4152 3770 4153
f 4168 4155 4154
f 4160 4159 4155
f 4177 4176 4180
f 4177 4161 4169
f 4161 4162 4169
f 4188 4164 4162
f 4165 4164 4163
f 4165 4186 4166
f 4186 4167 4166
f 4182 4181 4167
f 4170 4168 4169
f 4171 4162 4164
f 4173 4181 4174
f 4175 4179 4176
f 4157 4176 4177
f 4176 4183 4180
f 4107 4181 4182
f 4180 4185 4161
f 4184 4182 4186
f 4185 4188 4161
f 4110 4186 4163
f 4187 4164 4188
f 4189 4163 4164
f 4172 4195 4190
f 4191 4166 4167
f 3902 4193 3901
f 4190 4213 4196
f 4199 4197 4200
f 3452 4203 4204
f 4204 4202 4201
f 4201 4198 4205
f 4208 4207 4206
f 4210 4209 4211
f 4213 4212 4231
f 4216 4215 4214
f 4223 4216 4227
f 4231 4218 4222
f 4218 4220 4222
f 4225 4223 4226
f 4228 4217 4227
f 4231 4230 4229
f 4233 4232 4234
f 4237 4235 4238
f 4241 4239 4236
f 4245 4244 4243
f 4249 4247 4246
f 4252 4250 4256
f 4254 4253 4252
f 4259 4257 4279
f 4268 4261 4260
f 4056 4263 4262
f 4267 4262 4265
f 4273 4271 4269
f 4276 4275 4274
f 4282 4276 4274
f 4280 4278 4277
f 4285 4284 4283
f 4247 4286 4244
f 4290 4288 4287
f 4293 4292 4291
f 4296 4295 4294
f 4299 4297 4300
f 4303 4302 4301
f 4306 4305 4304
f 4309 4308 4307
f 4312 4310 4313
f 4317 4316 4314
f 4321 4320 4248
f 4324 4322 4323
f 4330 4327 4326
f 4334 4332 4335
f 4338 4336 4339
f 4342 4340 4343
f 4346 4344 4389
f 4349 4347 4350
f 4353 4351 4354
f 4357 4355 4358
f 4395 4359 4361
f 4402 4362 4364
f 4367 4365 4368
f 4371 4370 4369
f 4369 4372 4371
f 4101 4374 4377
f 4377 4376 4375
f 4380 4378 4381
f 4385 4338 4383
f 4386 4384 4387
f 4389 4381 4390
f 4392 4391 4393
f 4395 4390 4396
f 4401 4397 4357
f 4399 4404 4400
f 4403 4357 4402
f 4398 4402 4404
f 4406 4233 4407
f 4409 4415 4406
f 4414 4412 4418
f 4417 4416 4408
f 4420 4419 4421
f 4421 4424 4422
f 4422 4423 4425
f 4441 4427 4426
f 4426 4429 4431
f 4433 4428 4441
f 4435 4433 4436
f 4439 4437 4440
f 4442 4434 4441
f 4452 4455 4450
f 4444 4443 4448
f 4448 4445 4447
f 4449 4447 4452
f 4446 4455 4452
f 4450 4454 4453
f 4457 4447 4445
f 4459 4458 4466
f 4467 4461 4460
f 4467 4464 4463
f 4467 4465 4468
f 4468 4470 4469
f 4472 4475 4471
f 4476 4475 4474
f 4482 4478 4477
f 4481 4473 4479
f 4474 4480 4483
f 4480 4487 4473
f 4488 4471 4475
f 4492 4491 4490
f 4495 4494 4493
f 4497 4496 4493
f 4499 4498 4500
f 4501 4500 4492
f 4505 4504 4502
f 4509 4507 4512
f 4511 4510 4509
f 4511 4515 4514
f 4525 4518 4520
f 4524 4522 4521
f 4528 4526 4529
f 4532 4530 4533
f 4536 4534 4537
f 4540 4538 4541
f 4544 4542 4545
f 4549 4547 4546
f 4553 4551 4554
f 4592 4557 4556
f 4560 4558 4561
f 4564 4566 4562
f 4569 4567 4564
f 4574 4572 4571
f 4578 4576 4579
f 4582 4580 4583
f 4586 4585 4584
f 4586 4588 4587
f 4591 4589 4592
f 4595 4593 4596
f 4598 4591 4599
f 4620 4601 4600
f 4604 4602 4605
f 4609 4607 4606
f 4613 4611 4614
f 4617 4615 4618
f 4620 4600 4619
f 4623 4621 4624
f 4627 4625 4628
f 4631 4629 4632
f 4635 4633 4636
f 4639 4637 4640
f 4643 4641 4644
f 4648 4647 4645
f 4652 4650 4653
f 4656 4654 4657
f 4660 4658 4661
f 4664 4662 4665
f 4668 4666 4669
f 4672 4670 4673
f 4676 4674 4677
f 4680 4678 4681
f 4684 4682 4685
f 4688 4686 4689
f 4692 4693 4691
f 4687 4691 4686
f 4690 4689 4693
f 4683 4695 4694
f 4698 4697 4711
f 4701 4700 4702
f 4704 4703 4702
f 4708 4706 4709
f 4710 4716 4711
f 4715 4714 4712
f 4720 4718 4717
f 4717 4722 4728
f 4727 4725 4728
f 4730 4737 4731
f 4736 4733 4732
f 4729 4736 4737
f 5252 4749 4738
f 4740 5058 4741
f 4744 4743 4742
f 4747 4745 4748
f 4835 4742 4743
f 4752 4750 4749
f 4755 4753 4756
f 4759 4757 4760
f 4788 4761 4763
f 4790 4765 4769
f 4769 4767 4770
f 5265 4789 4774
f 4781 4772 4773
f 4775 4774 4776
f 4779 4778 4777
f 4783 4773 4782
f 4786 4784 4783
f 4771 4763 4789
f 4791 4766 4792
f 4794 4793 4795
f 4798 4796 4799
f 4802 4800 4803
f 4805 4812 4806
f 4810 4808 4807
f 4813 4820 4823
f 4815 4818 4813
f 4814 4816 4818
f 4818 4819 4820
f 4821 4813 4822
f 4824 4823 4825
f 4827 4839 4828
f 4829 4834 4844
f 4834 4832 4831
f 4838 4836 4839
f 4837 4840 4836
f 4844 4842 4829
f 4847 4845 4891
f 4850 4849 4851
f 4863 4852 4857
f 4852 4855 4854
f 4861 4859 4858
f 4859 4853 4863
f 4867 4872 4865
f 4872 4870 4869
f 4898 4890 4897
f 4876 4874 4877
f 4880 4878 4881
f 4884 4876 4882
f 4873 4888 4887
f 4845 4896 4891
f 4895 4893 4892
f 4901 4899 4897
f 4906 4903 4905
f 4907 4905 4908
f 4911 4909 4914
f 4915 4913 4916
f 4917 4916 4918
f 4919 4912 4920
f 4909 4922 4921
f 4914 4923 4913
f 4930 5171 4925
f 4929 5170 5171
f 4934 4931 4933
f 4935 4933 4936
f 4938 4958 4939
f 4955 4940 4942
f 4945 4943 4946
f 4944 4947 4943
f 4950 4948 4947
f 4953 4951 4954
f 4952 4942 4950
f 4937 4956 4958
f 4961 4959 5315
f 4964 4961 4962
f 4967 5206 4970
f 5223 4968 4969
f 4972 4967 4970
f 4981 4973 4975
f 4978 4976 4979
f 4982 4980 4983
f 4985 4983 4986
f 4685 4987 5145
f 4990 4995 4991
f 4989 4993 4992
f 4998 5002 4996
f 5003 5001 4999
f 5007 5005 5243
f 5010 5008 5011
f 5016 5014 5012
f 5014 5019 5017
f 5018 5022 5021
f 5026 5024 5027
f 5030 5028 5244
f 5033 5031 5034
f 5038 5036 5042
f 5035 5040 5042
f 5250 5045 5043
f 5048 5047 5251
f 5051 5049 5052
f 5053 5052 5047
f 4745 5056 5055
f 5061 5059 5253
f 5064 5079 5063
f 5069 4758 5067
f 5074 5070 5073
f 5070 5071 5256
f 5075 5073 5255
f 5077 5267 5078
f 5080 5063 5272
f 5083 5089 5082
f 5086 5085 4768
f 4790 5089 5087
f 5092 5078 5269
f 5095 5093 5275
f 5097 5279 5096
f 5098 5096 5099
f 5102 4838 5100
f 5280 5061 5104
f 5105 5103 5280
f 5107 5106 5108
f 5110 5107 5108
f 5115 5113 5112
f 5131 5116 5118
f 5120 5135 5121
f 5123 5120 5121
f 5124 5127 5126
f 5134 5132 5131
f 5139 5136 5289
f 5143 5140 5141
f 5298 4684 4685
f 5146 5147 5148
f 5148 5154 5291
f 5151 5149 5153
f 5147 5152 5154
f 5297 5161 5293
f 5157 5156 5155
f 5159 5293 5157
f 5161 5292 5293
f 5163 5294 5162
f 5167 5166 5295
f 5160 5295 5292
f 5170 5297 5171
f 5173 5172 5298
f 5043 5299 5046
f 5185 5176 5174
f 5181 5179 5178
f 5300 5180 5181
f 5179 5186 5177
f 5187 5200 5188
f 5303 5187 5188
f 5190 5187 5191
f 5192 5187 5304
f 5196 5194 5204
f 5204 5198 5197
f 5200 5202 5188
f 5188 5203 5303
f 5202 5196 5204
f 5199 5202 5204
f 5311 4969 5206
f 5206 5205 5228
f 5208 5207 5210
f 5210 5213 5214
f 5214 5212 5211
f 5217 5216 5221
f 5215 5219 5221
f 5224 4969 5222
f 5226 5312 5225
f 5205 5226 5225
f 5231 5229 5313
f 5317 5231 5314
f 4959 5318 5315
f 5233 5234 5317
f 4995 5235 4991
f 4708 5236 4704
f 4704 5239 5238
f 5242 4703 5007
f 5245 5244 5246
f 4727 5013 5017
f 5247 4726 5248
f 5042 5249 5039
f 4987 5046 5145
f 5251 5052 5049
f 5253 5282 5254
f 5256 5073 5257
f 5261 5260 5258
f 5263 5262 4778
f 4775 4771 5265
f 5066 4788 5266
f 5269 5267 5270
f 5272 5271 5273
f 5278 5276 5275
f 5279 5099 5096
f 5282 5280 5283
f 5106 5111 5108
f 5128 5124 5135
f 5288 5286 5285
f 5154 5290 5291
f 5165 5157 5292
f 5158 5159 4926
f 5046 5298 5145
f 5182 5177 5174
f 5302 5304 5301
f 5303 5301 5304
f 5303 5203 5199
f 5305 5214 5307
f 5214 5306 5307
f 5310 5308 5221
f 5312 5311 5228
f 5315 5313 5316
f 5318 5314 5315
f 5328 5324 5320
f 5339 5335 5331
f 5350 5346 5342
f 5360 5355 5356
f 5358 5356 5354
f 5364 5362 5352
f 5370 5368 5366
f 5377 5375 5383
f 5385 5380 5382
f 5391 5389 5387
f 5395 5413 5393
f 5400 5398 5404
f 5405 5403 5402
f 5411 5409 5407
f 5406 5414 5413
f 5417 5416 5415
f 5422 5420 5418
f 5433 5429 5425
f 5437 5439 5435
f 5445 5441 5439
f 5451 5458 5449
f 5456 5454 5468
f 5563 5458 5460
f 5465 5467 5462
f 5468 5467 5469
f 5479 5475 5471
f 5490 5486 5482
f 5501 5497 5493
f 5512 5508 5504
f 5519 5517 5515
f 5530 5526 5522
f 5541 5537 5533
f 5548 5546 5544
f 5561 5554 5551
f 5567 5565 5563
f 7575 5572 5573
f 5572 5571 6754
f 6561 5576 5575
f 5581 5607 5582
f 5585 5584 5583
f 5589 5588 5587
f 5592 5590 5589
f 5595 5691 5590
f 5597 5596 5599
f 5598 5614 5599
f 5600 5604 5601
f 5604 5603 5597
f 5586 5606 5600
f 5609 5607 5610
f 5613 5611 5614
f 5615 5644 5631
f 5618 5617 5616
f 5622 5732 5619
f 5628 5626 5624
f 5627 5631 5633
f 5635 5634 5742
f 5638 5636 5639
f 5645 5626 5640
f 5643 5641 5644
f 5646 5640 5647
f 5650 5648 5632
f 5651 5654 5653
f 5655 5652 5656
f 5658 5657 5682
f 5663 5661 5660
f 5664 5667 5665
f 5672 5671 5669
f 5674 5673 5672
f 5676 5675 5678
f 5675 5680 5678
f 5676 5581 5679
f 5681 5677 5673
f 5685 5682 5684
f 5910 5685 5909
f 5690 5688 5953
f 5693 5692 5691
f 5696 5694 5697
f 5694 5702 5698
f 5701 5700 5702
f 5705 5703 5711
f 5709 5707 5706
f 5716 5724 5712
f 5720 5717 5714
f 5717 5715 5714
f 5720 5719 5718
f 5713 5722 5721
f 5727 5726 5725
f 5730 5756 5728
f 5734 5732 5735
f 5738 5737 5736
f 5747 5739 5741
f 5744 5742 5750
f 5749 5748 5746
f 5754 5753 5740
f 5758 5755 5757
f 5896 5757 5759
f 5760 5777 5761
f 5764 5762 5765
f 5768 5766 5769
f 5721 5770 5772
f 5772 5774 5773
f 5777 5779 5780
f 5780 5778 5822
f 5785 5782 5781
f 5783 5785 5784
f 5786 5781 5831
f 5789 5788 5787
f 5790 5792 5791
f 5793 5794 6783
f 5799 5796 5798
f 5802 5800 5799
f 5805 5707 5708
f 5789 5801 5806
f 5808 5814 5843
f 5811 5813 5810
f 5807 5813 5812
f 5811 5815 5816
f 5815 5809 5816
f 5818 5840 5817
f 5827 5819 5820
f 5822 5821 5823
f 5824 5821 5828
f 5828 5820 5826
f 5830 5786 5831
f 5832 5829 5830
f 5812 5833 5832
f 5836 5835 5849
f 5839 5836 5837
f 5842 5841 5843
f 5847 5845 5844
f 5849 5848 5850
f 5853 5851 5857
f 5858 5856 5855
f 5862 5860 5864
f 5865 5863 6022
f 5870 5868 5871
f 5875 5873 5872
f 5881 5879 5878
f 5885 5883 5754
f 5888 5887 5884
f 5891 5889 5892
f 5895 5893 5890
f 5898 5896 5899
f 5892 5902 5901
f 5906 5905 5907
f 5910 5908 5912
f 5908 5911 5912
f 5914 5913 5915
f 5919 5917 5916
f 5920 5926 5921
f 5923 5931 5925
f 5927 5870 5924
f 5926 5925 5921
f 5938 5924 5928
f 5922 5929 5931
f 5934 5932 5935
f 5930 5936 5937
f 5928 5935 5938
f 5775 5939 5945
f 5944 5943 5941
f 5946 5941 5942
f 5949 6035 5947
f 5964 5955 5963
f 5953 5951 5954
f 5957 5955 5950
f 5961 5959 5958
f 6011 5963 5962
f 5966 5994 5995
f 5969 5967 5970
f 5973 5971 5974
f 5977 5975 5978
f 5980 5971 5984
f 5983 5981 5991
f 5992 5984 5986
f 5982 5977 5981
f 5989 5987 5978
f 5991 5996 5983
f 5988 5986 5993
f 5990 5994 5996
f 5999 5997 5957
f 5958 6010 6001
f 6007 6002 6004
f 6002 6005 6004
f 6009 6007 6010
f 6006 5999 6005
f 5962 6016 6011
f 6013 6185 6014
f 6015 6013 6016
f 5859 6020 6018
f 6020 6019 6018
f 6023 6021 6024
f 6021 6028 6027
f 6033 6031 6034
f 6034 6149 6150
f 6037 6038 6035
f 6043 6042 6039
f 6045 6057 6049
f 6046 6049 6047
f 6064 6058 6048
f 6050 6064 6065
f 6050 6068 6049
f 6058 6062 6063
f 6054 6052 6051
f 6071 6054 6055
f 6059 6058 6060
f 6062 6061 6063
f 6066 6064 6067
f 6069 6050 6070
f 6072 6071 6076
f 6074 6073 6075
f 6077 6076 6073
f 6080 6078 6081
f 6081 6083 6082
f 6980 6089 6085
f 6089 6088 6087
f 6087 6090 6089
f 6090 6088 6089
f 6095 5846 5847
f 6094 6092 6091
f 6981 6094 6096
f 6101 6097 6982
f 6100 6104 6105
f 6102 6101 6103
f 6986 6102 6103
f 6987 6104 6106
f 6110 6108 6107
f 6111 6110 6112
f 6116 6114 6113
f 6192 6121 6118
f 6184 6119 6122
f 6119 6120 6122
f 6124 6123 6126
f 6129 6128 6126
f 6136 6133 6132
f 6139 6137 7053
f 6084 6140 6142
f 6142 6141 6148
f 6145 6114 6115
f 6145 6146 6144
f 6147 6138 6148
f 6150 6152 6153
f 6152 6155 6153
f 6155 6151 6154
f 6155 6156 6158
f 7062 6158 6157
f 6156 6157 6158
f 6163 6162 6160
f 6166 6165 6163
f 6172 6177 6168
f 6170 6169 6171
f 6180 6168 6173
f 6175 6181 6176
f 6178 6167 6179
f 6174 6173 6181
f 6183 6182 6184
f 6185 6188 6014
f 6187 6183 6188
f 6191 6189 6135
f 6451 6192 6118
f 6194 6307 6308
f 6197 6196 6195
f 6203 6199 6198
f 6218 6204 6203
f 6208 6207 6205
f 6217 6213 6212
f 6221 6215 6214
f 6217 6201 6218
f 6323 6219 6221
f 6225 6224 6222
f 6239 6242 6227
f 6231 6240 6234
f 6233 6231 6234
f 6237 6235 6238
f 6230 6239 6240
f 6245 6242 6241
f 6244 6243 6245
f 6247 6245 6246
f 6248 6247 6246
f 6251 6249 6252
f 6255 6253 6256
f 6259 6257 6260
f 6262 6261 6263
f 6266 6264 6267
f 6270 6268 6271
f 6274 6272 6275
f 6279 6278 6277
f 6283 6281 6284
f 6288 6286 6285
f 6293 6292 6290
f 6298 6296 6299
f 6291 6300 6302
f 6307 6305 6304
f 6313 6311 6310
f 6316 6319 6314
f 6315 6322 6319
f 6322 6320 6220
f 6328 6326 6324
f 6331 6329 6328
f 6336 6334 6333
f 6341 6339 6338
f 6345 6343 6346
f 6348 6294 6349
f 6276 6350 6352
f 6355 6353 6356
f 6359 6357 6360
f 6364 6362 6361
f 6368 6545 6366
f 6370 6371 6381
f 6372 6370 6455
f 6377 6378 6373
f 6376 6374 6377
f 6380 6379 6378
f 6370 6380 6378
f 6384 6382 6385
f 6388 6408 6386
f 6391 6390 6395
f 6405 6393 6395
f 6398 6396 6401
f 6401 6399 6402
f 6404 6406 6407
f 6407 6405 6390
f 6410 6411 6408
f 6414 6413 6411
f 6421 6419 6418
f 6422 6424 6423
f 6425 6426 6437
f 6211 6429 6428
f 6431 6432 6434
f 6432 6435 6436
f 6437 6536 6532
f 6440 6438 6375
f 6443 6438 6439
f 6444 6442 6435
f 6446 6552 6556
f 6591 6529 6590
f 6454 6449 6451
f 6453 6391 6392
f 6450 6372 6455
f 6458 6456 6466
f 6463 6190 6191
f 6461 6459 6462
f 6463 6462 6459
f 6465 6467 6464
f 7371 6468 6467
f 6481 6471 6480
f 6475 6476 6473
f 6474 6479 6476
f 6482 6478 6477
f 6484 6482 6485
f 7382 6484 6485
f 6492 6487 6486
f 6493 6491 6490
f 6496 6495 6498
f 6501 6490 6497
f 6500 6498 6502
f 6505 6497 6504
f 6503 6502 6507
f 6506 6504 6508
f 6507 6512 6503
f 6510 6508 6509
f 6511 6509 6512
f 6515 6513 6517
f 6518 6513 6516
f 6521 6516 6519
f 6524 6522 6525
f 6528 6526 6524
f 6530 6448 6531
f 6648 6542 6647
f 6532 6536 6537
f 6534 6535 6533
f 6536 6534 6537
f 6541 6544 6538
f 6534 6540 6539
f 6538 6647 6542
f 6544 6543 6538
f 6546 6367 6547
f 6549 6548 6550
f 6553 6551 7414
f 6447 6554 6563
f 6554 6445 6555
f 6562 6560 6559
f 6565 6571 6566
f 6569 6568 6567
f 6573 6572 6574
f 6576 6582 6575
f 6577 6575 6578
f 6581 6579 6582
f 7428 6583 6585
f 6588 6586 6589
f 6580 6590 6579
f 6594 6592 6595
f 6601 6330 6331
f 6599 6597 6608
f 6603 6602 6601
f 6607 6605 6608
f 6613 6611 6610
f 6616 6615 6607
f 6619 6617 6615
f 6622 6621 6620
f 6626 6624 6622
f 6631 6629 6628
f 6631 6632 6634
f 6637 6720 6636
f 6643 6641 6640
f 6757 6645 6646
f 6649 6647 6651
f 6668 6652 6649
f 6655 6654 6652
f 6658 6657 6656
f 6660 6657 6659
f 6663 6661 6664
f 6667 6665 6668
f 6675 6669 6677
f 6673 6671 6672
f 6662 6673 6661
f 6666 6675 6665
f 6670 6683 6678
f 6682 6681 6679
f 6686 6685 6713
f 6689 6685 6690
f 6691 6697 6686
f 6687 6694 6693
f 6696 6695 6697
f 6698 6707 6695
f 6701 6699 6703
f 6704 6690 6685
f 6706 6705 6701
f 6710 6708 6711
f 6714 6712 6715
f 6718 6716 6719
f 6722 6720 6723
f 6724 6716 6725
f 6730 6726 6729
f 6727 6725 6728
f 6731 6729 6732
f 6728 6736 6727
f 6737 6732 6733
f 6735 6734 6736
f 6738 6733 6734
f 6741 6708 6740
f 6744 6720 6743
f 6742 6740 6746
f 6748 6743 6745
f 6750 6746 6749
f 6745 6747 6748
f 6751 6749 6752
f 6753 6752 6747
f 6756 6754 5570
f 6759 6757 6646
f 6759 6764 6758
f 6761 6568 6762
f 6763 6762 6764
f 7193 6765 6767
f 7475 6773 6774
f 6772 6770 6769
f 7290 6775 7289
f 7277 6776 6778
f 6781 6780 6779
f 6783 6782 6784
f 6796 6785 6787
f 6790 6788 6835
f 6789 6791 6792
f 6793 6891 6794
f 6796 6795 6797
f 6799 6803 6800
f 6803 6801 6800
f 6802 6804 6801
f 6813 6805 6807
f 6812 6810 6809
f 6814 6813 6807
f 6817 6818 6815
f 6819 6890 6818
f 6823 6826 6824
f 6822 6825 6826
f 6829 6827 6830
f 6811 6829 6810
f 6833 6831 6834
f 6788 6842 6837
f 6837 6779 6836
f 6843 6796 6787
f 6840 6838 6839
f 6843 6841 6844
f 6845 6846 6847
f 6848 6846 6849
f 6850 6848 6849
f 6853 6852 6851
f 6845 6853 6846
f 6854 7017 6855
f 6856 6858 6857
f 6857 6861 6862
f 6863 6861 6860
f 6864 6866 6867
f 6867 6865 6923
f 6869 6875 6873
f 6872 6870 6869
f 6854 6874 6876
f 6878 6877 6879
f 6882 6880 6883
f 6883 6912 6884
f 6885 6917 6892
f 6889 6887 6890
f 6794 6886 6892
f 6895 6893 6896
f 6898 6897 6899
f 6899 6896 6898
f 6897 6947 6901
f 6945 6956 6957
f 6904 6902 6905
f 6909 6904 6905
f 6908 6906 6909
f 6884 6911 6910
f 6916 6915 6914
f 6945 6917 6919
f 6920 6922 6918
f 6923 6921 6868
f 6859 6926 6924
f 6903 6928 6902
f 6931 6929 6932
f 6934 6871 6872
f 6939 6937 6936
f 6942 6940 6944
f 6944 6943 6942
f 6939 6944 6938
f 6947 6945 6901
f 6950 6948 6951
f 6955 6952 6954
f 6953 6951 6952
f 6956 6954 6957
f 6962 6958 6961
f 6960 6968 6969
f 6963 6961 6964
f 6967 6965 6968
f 6966 6972 6965
f 6969 6975 6960
f 6971 6970 6964
f 6974 6878 6975
f 7097 6977 6976
f 6980 6979 6086
f 6096 6996 6981
f 6982 6984 6985
f 6985 6983 6986
f 6989 6987 6106
f 6990 6989 6995
f 6995 6993 6992
f 6999 6997 6996
f 6999 7003 6998
f 6853 7002 7001
f 7005 7003 7006
f 7007 7006 7003
f 7011 7009 7008
f 7014 7013 7011
f 7017 7015 6855
f 7020 7018 7021
f 7105 7020 7021
f 7025 7022 7024
f 7026 7025 7024
f 7025 7027 7028
f 7029 7100 7101
f 7034 7033 7030
f 7038 7041 7039
f 7042 7040 6977
f 7047 7043 6111
f 7075 7045 7044
f 7049 7048 7050
f 7058 7050 7057
f 7052 6139 7053
f 7059 7054 7051
f 7058 7056 7055
f 7074 7060 7061
f 7061 7060 7068
f 7066 6159 7062
f 7065 7067 7063
f 7069 7060 7067
f 7071 7070 7083
f 7083 7072 7073
f 7074 7073 7072
f 7075 7081 7046
f 7077 7076 6166
f 7082 7080 7079
f 7083 7090 7071
f 7084 7093 7048
f 7030 7086 7085
f 7027 7087 7028
f 7089 7088 7090
f 7092 7091 7093
f 7095 7094 7096
f 7098 6978 7094
f 7228 7099 7227
f 7100 7137 7101
f 7023 7142 7022
f 7104 7102 7105
f 7107 7013 7108
f 7110 7113 7111
f 7114 7113 7112
f 7117 7112 7116
f 7119 7127 7120
f 7122 7123 7119
f 7126 7246 7124
f 7128 7129 7127
f 7131 7127 7129
f 7140 7130 7131
f 7135 7132 7134
f 7136 7134 7137
f 7139 7138 7140
f 7139 7141 7143
f 7145 7203 7144
f 7147 7184 7150
f 7149 7182 7159
f 7151 7150 7152
f 7167 7156 7157
f 7153 7164 7165
f 7155 7152 7154
f 7156 7154 7157
f 7149 7158 7160
f 7166 7160 7158
f 7162 7163 7161
f 7164 7162 7165
f 7162 7166 7158
f 7211 7167 7210
f 7170 7153 7171
f 7187 7195 7196
f 7173 7172 7191
f 7181 7175 7176
f 7175 7190 7176
f 7183 7177 7180
f 7177 7186 7180
f 7148 7181 7182
f 7146 7183 7184
f 7179 7173 7186
f 7189 7187 7190
f 7194 7172 7192
f 7192 7193 7194
f 7198 7195 7197
f 7200 7198 7197
f 7200 7202 7198
f 7199 7201 7202
f 7144 7202 7201
f 6777 7220 6776
f 7206 7208 6775
f 7207 7171 7209
f 7208 7207 7209
f 7212 7210 7221
f 7220 7216 7215
f 7222 7230 7223
f 7225 7231 7226
f 7229 7227 7230
f 7232 7224 7099
f 7234 7323 7236
f 7830 7234 7236
f 7239 7237 7240
f 7241 7262 7263
f 7242 7256 7257
f 7244 7116 7243
f 7248 7247 7246
f 7249 7254 7247
f 7252 7250 7253
f 7258 7254 7249
f 7258 7256 7255
f 7260 7313 7314
f 7263 7261 7264
f 7264 7267 7265
f 7265 7267 7268
f 7269 7267 7266
f 7271 7306 7270
f 7274 7272 7271
f 6778 7276 7277
f 7279 7278 7280
f 7282 7279 7280
f 7283 7282 7284
f 7286 7285 7278
f 7293 7287 7288
f 7290 7288 7287
f 7291 7292 7298
f 7293 7298 7292
f 7295 7294 7297
f 7297 7296 7302
f 7300 7291 7298
f 7302 7299 7300
f 7296 7301 7302
f 7305 7303 7306
f 7309 7304 7308
f 7310 7311 7312
f 7315 7313 7320
f 7320 7322 7318
f 7319 7321 7322
f 7321 7323 7233
f 7269 7326 7325
f 7330 7329 7327
f 7332 7327 7328
f 7333 7327 7332
f 7333 7334 7335
f 7337 7335 7334
f 7339 7337 7338
f 7817 7339 7338
f 7337 7340 7336
f 7343 7341 7344
f 7346 7630 7347
f 7349 7359 7348
f 7353 7352 7351
f 7358 7352 7359
f 7363 7362 7360
f 7385 7368 7366
f 7365 7367 7368
f 7370 6469 7371
f 7375 7373 7372
f 7378 7377 7376
f 7381 7379 7382
f 7348 7380 7381
f 7486 7384 7354
f 7387 7366 7386
f 7388 7386 7389
f 7509 7391 7390
f 7391 7393 7606
f 7396 7395 7397
f 7396 7400 7399
f 7403 7408 7395
f 7406 7405 7404
f 7409 7402 7407
f 7412 7416 7413
f 7418 6553 7414
f 7411 7417 7416
f 7418 7415 7419
f 7422 7420 7423
f 7426 7424 7427
f 7430 7428 6585
f 7433 7431 7434
f 7437 7435 7438
f 7440 5577 7404
f 7448 7442 7441
f 7444 7448 7557
f 7449 7445 7590
f 7449 7447 7446
f 7773 7450 7500
f 7452 7771 7451
f 7456 7454 7453
f 7460 7459 7455
f 7462 7461 7463
f 7470 7466 7465
f 7474 7477 7472
f 7145 7473 7459
f 6767 7474 7472
f 6765 7464 7474
f 7464 7475 7471
f 7477 7494 7478
f 7480 7363 7364
f 7484 7482 7481
f 7489 7485 7486
f 7453 7487 7489
f 7491 7490 7492
f 7494 7496 7478
f 7493 7491 7496
f 7497 7499 7778
f 7500 7499 7498
f 7503 7501 7452
f 7504 7503 7502
f 7517 7525 7526
f 7507 7505 7508
f 7512 7509 7392
f 7511 7508 7510
f 7514 7513 7515
f 7513 7520 7515
f 7506 7514 7505
f 7519 7517 7520
f 7521 7806 7524
f 7529 7528 7522
f 7528 7523 7522
f 7522 7521 7524
f 7529 7525 7527
f 7529 7527 7528
f 7683 7539 7530
f 7534 7542 7535
f 7538 7536 7541
f 7536 7540 7531
f 7533 7538 7542
f 7544 7543 7547
f 7545 7551 7553
f 7547 7549 7546
f 7550 7548 7551
f 7554 7553 7552
f 7556 7444 7557
f 7561 7556 7558
f 7564 7562 7561
f 7567 7607 7570
f 7572 7566 7571
f 7573 7571 7574
f 7574 7579 7573
f 7577 7575 7576
f 7578 7576 7579
f 7583 7581 7580
f 7586 7585 7587
f 7556 7588 7558
f 7445 7589 7590
f 7593 7591 7659
f 7597 7596 7595
f 7645 7600 7599
f 7393 7605 7603
f 7609 7607 7611
f 7612 7341 7610
f 7614 7607 7613
f 7618 7610 7617
f 7615 7613 7619
f 7617 7616 7618
f 7620 7619 7623
f 7622 7624 7616
f 7621 7623 7624
f 7627 7625 7628
f 7629 7625 7632
f 7634 7630 7631
f 7636 7632 7633
f 7635 7631 7641
f 7637 7633 7638
f 7641 7639 7635
f 7642 7638 7643
f 7640 7643 7639
f 7646 7601 7645
f 7647 7646 7595
f 7649 7648 7650
f 7653 7651 7582
f 7654 7587 7656
f 7655 7654 7656
f 7594 7658 7657
f 7664 7662 7661
f 7670 7668 7667
f 7675 7673 7672
f 7680 7677 7679
f 7682 7680 7679
f 7685 7684 7683
f 7686 7893 7894
f 7688 7555 7689
f 7691 7690 7692
f 7697 7695 7694
f 7700 7708 7701
f 7705 7702 7704
f 7706 7704 7697
f 7708 7695 7709
f 7710 7989 7990
f 7860 7711 7976
f 7855 7715 7716
f 7715 7714 7857
f 7719 7717 7722
f 7721 7719 7722
f 7725 7723 7735
f 7729 7724 7728
f 7730 7727 7726
f 7735 7734 7733
f 7738 7736 7739
f 7742 7741 7740
f 7744 7770 7745
f 7747 7745 7814
f 7274 7749 7273
f 7752 7750 7751
f 7738 7753 7752
f 7295 7755 7294
f 7726 7755 7757
f 7312 7761 7758
f 7761 7764 7759
f 7763 7762 7469
f 7760 7284 7764
f 6770 7765 7763
f 6771 7760 7765
f 7768 7766 7733
f 7770 7767 7768
f 7772 7451 7771
f 7796 7773 7795
f 7776 7502 7775
f 7497 7777 7780
f 7780 7779 7783
f 7781 7782 7785
f 7786 7784 7824
f 7787 7743 7793
f 7737 7791 7736
f 7788 7789 7791
f 7811 7792 7794
f 7792 7793 7794
f 7796 7798 7799
f 7798 7797 7799
f 7801 7800 7803
f 7803 7802 7807
f 7805 7804 7806
f 7808 7802 7543
f 7811 7810 7809
f 7814 7812 7748
f 7819 7815 7817
f 7820 7816 7819
f 7812 7818 7820
f 7823 7822 7821
f 7825 7821 7822
f 7827 7826 7741
f 7830 7828 7235
f 7832 7863 7835
f 7834 7840 7836
f 7835 7834 7836
f 7858 7838 7837
f 7841 7718 7837
f 7721 7833 7720
f 7848 7843 7845
f 7848 7845 7847
f 7848 7846 7849
f 7851 7856 7850
f 7854 7853 7852
f 7853 7855 7852
f 7857 7850 7856
f 7821 7858 7823
f 7862 7860 7863
f 7987 7867 7864
f 7867 7866 7986
f 7870 7974 7869
f 7872 7870 7869
f 7874 7931 7964
f 7875 7925 7876
f 7879 7877 7926
f 7881 7904 7897
f 7885 7883 7882
f 7890 7889 7887
f 7894 7898 7895
f 7898 7897 7896
f 7901 7899 7902
f 7905 7880 7903
f 7906 7910 7907
f 7910 7908 7911
f 7913 7912 7914
f 7907 7915 7916
f 7918 7917 7919
f 7923 7920 7922
f 7925 7923 7876
f 7928 7926 7929
f 7936 7930 7935
f 7933 7941 7934
f 7937 7935 7938
f 7941 7939 7942
f 7914 7944 7943
f 7947 7944 7946
f 7949 7948 7947
f 7953 7951 7950
f 7957 7955 7958
f 7961 7959 7962
f 7964 7963 7874
f 7967 7993 7965
f 7971 7969 7972
f 7965 7971 7972
f 7872 7968 7871
f 7975 7868 7976
f 7849 7977 7978
f 7978 7981 7979
f 7979 7980 7982
f 7985 7984 7983
f 7986 7983 7984
f 7989 7987 7990
f 7993 7991 7994
f 7991 7995 7994
f 7999 7997 7953
f 8002 8000 7998
f 8005 8006 8003
f 8007 7982 8006
f 8009 8008 8021
f 8015 8022 8012
f 8017 8026 8027
f 8018 8022 8019
f 8017 8019 8021
f 8026 8024 8023
f 8033 8030 8029
f 8016 8036 8015
f 8037 8016 8043
f 8040 8048 8038
f 8043 8012 8042
f 8049 8045 8044
f 8038 8048 8047
f 8050 8045 8049
f 8052 8045 8050
f 8039 8061 8052
f 8059 8058 8054
f 8058 8060 8057
f 8059 8062 8061
f 8064 8055 8063
f 8067 8066 8065
f 8066 8069 8068
f 8071 8085 8080
f 8076 8074 8073
f 8078 8044 8077
f 8075 8072 8080
f 8083 8094 8086
f 8086 8085 8084
f 8089 8087 8082
f 8091 8088 8089
f 8094 8093 8092
f 8065 8100 8096
f 8097 8095 8090
f 8130 8097 8098
f 8106 8100 8095
f 8112 8101 8103
f 8115 8103 8125
f 8110 8125 8102
f 8103 8104 8109
f 8109 8107 8106
f 8133 8102 8105
f 8105 8099 8111
f 8148 8113 8101
f 8117 8083 8119
f 8084 8117 8119
f 8082 8121 8130
f 8123 8122 8121
f 8126 8128 8129
f 8127 8124 8126
f 8128 8158 8129
f 8130 8131 8111
f 8137 8132 8131
f 8137 8139 8110
f 8139 8136 8138
f 8134 8135 8140
f 8200 8142 8141
f 8161 8147 8148
f 8147 8145 8114
f 8164 8150 8149
f 8155 8154 8153
f 8159 8157 8156
f 8115 8166 8144
f 8170 8163 8151
f 8166 8165 8170
f 8169 8167 8162
f 8170 8160 8153
f 8169 8153 8175
f 8175 8173 8172
f 8245 8173 8174
f 8178 8183 8186
f 8182 8297 8179
f 8186 8185 8184
f 8190 8189 8187
f 8201 8193 8192
f 8200 8198 8197
f 8205 8201 8204
f 8206 8204 8202
f 8209 8199 8208
f 8212 8210 8258
f 8258 8210 8213
f 8226 8243 8239
f 8217 8216 8214
f 8218 8220 8219
f 8217 8221 8216
f 8225 8223 8222
f 8272 8229 8236
f 8228 8233 8227
f 8231 8230 8229
f 8234 8276 8232
f 8237 8235 8238
f 8240 8225 8239
f 8239 8242 8241
f 8225 8244 8224
f 8247 8245 8248
f 8176 8202 8249
f 8297 8251 8295
f 8295 8250 8255
f 8250 8254 8252
f 8300 8284 8299
f 8259 8258 8257
f 8263 8264 8260
f 8263 8281 8261
f 8267 8261 8276
f 8273 8266 8264
f 8271 8269 8268
f 8267 8272 8271
f 8320 8274 8270
f 8237 8326 8324
f 8232 8275 8277
f 8279 8257 8278
f 8278 8280 8279
f 8257 8282 8283
f 8283 8282 8281
f 8285 8284 8289
f 8308 8289 8288
f 8291 8290 8307
f 8255 8293 8295
f 8252 8294 8255
f 8295 8180 8297
f 8299 8303 8298
f 8303 8302 8301
f 8306 8305 8304
f 8306 8292 8336
f 8311 8315 8312
f 8312 8314 8313
f 8319 8317 8320
f 8324 8323 8321
f 8326 8325 8323
f 8337 8328 8327
f 8342 8327 8331
f 8330 8335 8333
f 8307 8337 8336
f 8340 8339 8338
f 8344 8339 8340
f 8333 8341 8344
f 8347 8345 8348
f 8352 8350 8349
f 8359 8355 8354
f 8358 8345 8346
f 8365 8362 8361
f 8368 8367 8365
f 8372 8370 8375
f 8373 8366 8372
f 8376 8374 8363
f 8386 8378 8389
f 8395 8381 8384
f 8384 8378 8382
f 8387 8399 8386
f 8389 8355 8356
f 8391 8390 8392
f 8400 8394 8393
f 8399 8397 8396
f 8395 8403 8401
f 8404 8403 8402
f 8643 8405 8406
f 8406 8409 8407
f 8407 8408 8410
f 8404 8402 8393
f 8412 8411 8413
f 8417 8416 8414
f 8421 8419 8422
f 8426 8424 8423
f 8429 8427 8391
f 8432 8430 8425
f 8432 8434 8435
f 8439 8437 8436
f 8445 8443 8442
f 8449 8447 8450
f 8451 8507 8452
f 8706 8454 8453
f 8458 8456 8695
f 8460 8459 8463
f 8463 8462 8461
f 8471 8473 8464
f 8469 8467 8461
f 8471 8487 8472
f 8516 8473 8460
f 8475 8474 8479
f 8474 8477 8476
f 8545 8475 8480
f 8483 8547 8461
f 8487 8485 8484
f 9323 8489 8492
f 9326 8492 8491
f 8489 8496 8495
f 8495 8499 8491
f 8502 8500 8503
f 8506 8505 8504
f 8509 8508 8507
f 8531 8512 8511
f 8509 8460 8515
f 8519 8518 8517
f 8549 8521 8520
f 8525 8523 8527
f 8531 8523 8513
f 8460 8529 8528
f 8541 8532 8544
f 8535 8534 8510
f 8537 8536 8534
f 8540 8538 8542
f 8461 8542 8541
f 8543 8547 8545
f 8548 8546 8469
f 8551 8522 8549
f 8556 8560 8554
f 8555 8558 8559
f 8562 8561 8560
f 8568 8563 8551
f 8567 8565 8568
f 8569 8561 8497
f 8572 8570 8573
f 8576 8579 8574
f 8579 8577 8574
f 8584 8582 8581
f 8586 8584 8590
f 8590 8589 8591
f 8594 8597 8592
f 8593 8588 8596
f 8599 8575 8598
f 8600 8634 8622
f 8604 8602 8601
f 8609 8608 8607
f 8612 8611 8610
f 8615 8621 8614
f 8619 8624 8616
f 8618 8624 8619
f 8623 8599 8615
f 8613 8626 8625
f 8631 8632 8625
f 8629 8628 8627
f 8613 8631 8630
f 8601 8629 8633
f 8637 8636 8635
f 8643 8641 8639
f 8649 8646 8645
f 8645 8647 8637
f 8651 8413 8411
f 8418 8655 8653
f 8657 8660 8661
f 8660 8659 8668
f 8661 8663 8662
f 8667 8665 8664
f 8666 8670 8669
f 8673 8671 8646
f 8676 8674 8677
f 8684 8679 8657
f 8691 8684 8681
f 8663 8682 8662
f 8686 8684 8682
f 8689 8688 8687
f 8680 8690 8692
f 8694 8679 8693
f 8696 8701 8699
f 8700 8654 8655
f 8699 8702 8698
f 8456 8703 8701
f 8706 8453 8705
f 8707 8716 8708
f 8711 8725 8709
f 8742 8713 8715
f 8713 8731 8715
f 8717 8725 8710
f 8720 8719 8721
f 8725 8724 8722
f 8715 8741 8727
f 8731 8729 8728
f 8734 8752 8733
f 8714 8734 8736
f 8739 8738 8737
f 8742 8740 8739
f 8743 8770 8778
f 8746 8748 8744
f 8745 8748 8747
f 8751 8750 8749
f 8762 8755 8753
f 8738 8758 8757
f 8760 8759 8761
f 8756 8760 8762
f 8764 8763 8765
f 8768 8766 8760
f 8744 8787 8770
f 8773 8772 9024
f 8776 8779 8775
f 8777 8782 8776
f 8778 8784 8777
f 8781 8779 8782
f 8784 8783 8781
f 8770 8786 8785
f 8772 9029 8771
f 8789 8792 8790
f 8792 8791 8797
f 8798 8793 8820
f 8797 8795 8794
f 8797 8800 8799
f 8804 8803 8802
f 8807 8806 8797
f 8764 8810 8808
f 8812 8842 8823
f 8815 8818 8813
f 8818 8814 8817
f 8817 8793 8819
f 8823 8821 8836
f 8826 8814 8825
f 8833 8831 8829
f 8887 8838 8886
f 8837 8840 8906
f 8821 8840 8839
f 8842 8905 8840
f 8966 8846 8965
f 8844 8847 8968
f 8850 8848 8847
f 8846 8862 8851
f 8853 8859 8860
f 8976 8847 8854
f 8855 8975 8976
f 8975 8860 8861
f 8861 8859 8857
f 9097 8843 8966
f 8866 8864 8885
f 8881 8866 8867
f 8871 8869 8873
f 8874 8875 8873
f 8878 8877 8875
f 8883 8881 8880
f 8888 8887 8886
f 8886 8889 8897
f 8894 8892 8891
f 8898 8907 8896
f 8902 8900 8896
f 8896 8906 8904
f 8915 8908 8893
f 8912 8914 8915
f 8911 8913 8917
f 8917 8909 8915
f 8921 8920 8928
f 8926 8923 8925
f 8926 8940 8927
f 8934 8930 8929
f 8934 8932 8935
f 8933 8939 8937
f 8930 8941 8943
f 8946 8941 8944
f 8949 8913 8929
f 8951 8950 8954
f 8953 8937 8951
f 8938 8956 8951
f 8959 8923 8958
f 8963 8962 8960
f 8967 8966 8965
f 8970 8968 8973
f 8976 8973 8972
f 8976 8974 8977
f 8974 8861 8982
f 8981 8979 8973
f 8984 8982 8861
f 8966 9191 8863
f 8992 8986 8956
f 8991 8989 8988
f 8995 8993 8996
f 9000 8998 8997
f 8997 9002 8955
f 9008 9005 9004
f 9009 9008 9006
f 9011 8956 9010
f 9016 9014 9013
f 9020 9018 9021
f 9032 9022 9026
f 9022 9025 9024
f 9049 9026 9027
f 9026 8771 9028
f 9032 9031 9030
f 9049 9039 9033
f 9048 9036 9035
f 9040 9034 9038
f 9048 9086 9044
f 9043 9047 9046
f 9039 9027 9047
f 9051 9050 9052
f 9050 9033 9052
f 9052 9066 9051
f 9033 9054 9053
f 9056 9059 9061
f 9059 9057 9060
f 9062 9061 9060
f 9051 9055 9065
f 9066 9059 9051
f 9078 9070 9067
f 9071 9070 9069
f 9074 9073 9072
f 9146 9075 9079
f 9078 9076 9146
f 9044 9095 9037
f 9082 9080 9084
f 9085 9089 9083
f 9091 9087 9090
f 9090 9080 9088
f 9071 9094 9092
f 9094 9083 9089
f 9096 9099 9192
f 9099 9097 8863
f 9206 9102 9100
f 9105 9104 9096
f 9157 9108 9109
f 9109 9118 9126
f 9118 9110 9128
f 9111 9137 9110
f 9114 9112 9115
f 9107 9116 9108
f 9108 9117 9121
f 9113 9121 9120
f 9109 9122 9157
f 9126 9124 9123
f 9128 9125 9126
f 9144 9129 9133
f 9133 9142 9131
f 9110 9136 9135
f 9143 9141 9140
f 9146 9129 9144
f 9076 9141 9132
f 9148 9152 9102
f 9152 9150 9101
f 9153 9155 9149
f 9155 9147 9148
f 9158 9122 9156
f 9161 9159 9107
f 9158 9162 9161
f 9167 9165 9164
f 9168 9166 9169
f 9166 9171 9170
f 9187 9173 9177
f 9173 9172 9166
f 9174 9177 9175
f 9177 9167 9176
f 9248 9178 9180
f 9180 9183 9181
f 9185 9248 9180
f 9187 9186 9185
f 9192 9188 9096
f 8863 9190 9189
f 9194 9201 9193
f 9195 9194 9206
f 9096 9197 9196
f 9199 9215 9216
f 9202 9201 9200
f 9217 9203 9227
f 9149 9193 9205
f 9194 9207 9206
f 9212 9211 9209
f 9209 9210 9193
f 9215 9213 9209
f 9220 9218 9217
f 9229 9222 9221
f 9234 9229 9233
f 9225 9224 9233
f 9233 9228 9226
f 9242 9231 9230
f 9232 9234 9233
f 9236 9242 9232
f 9238 9232 9233
f 9233 9239 9241
f 9244 9242 9314
f 9242 9318 9314
f 9246 9179 9248
f 9184 9246 9248
f 9262 9249 9251
f 9251 9252 9245
f 9254 9261 9262
f 9246 9255 9254
f 9257 9259 9270
f 9261 9256 9259
f 9277 9260 9263
f 9266 9264 9267
f 9267 9269 9268
f 9268 9271 9270
f 9306 9267 9273
f 9274 9267 9272
f 9272 9256 9276
f 9294 9280 9283
f 9284 9283 9320
f 9289 9287 9286
f 9293 9291 9284
f 9290 9296 9294
f 9290 9299 9302
f 9302 9301 9266
f 9303 9307 9308
f 9307 9305 9309
f 9309 9304 9311
f 9311 9303 9308
f 9312 9304 9313
f 9315 9314 9312
f 9316 9311 9312
f 9314 9317 9316
f 9285 9319 9321
f 9334 9322 8559
f 9327 9325 9334
f 9330 9328 9334
f 9333 9331 9330
f 9342 9389 9335
f 9345 9340 9342
f 9344 9339 9343
f 9345 9342 9337
f 9340 9341 9346
f 9351 9346 9353
f 9354 9353 9355
f 9359 9357 9349
f 9370 9358 9360
f 9364 9363 9362
f 9365 9373 9368
f 9367 9370 9366
f 9371 9369 9373
f 9364 9372 9373
f 9380 9378 9377
f 9383 9381 9384
f 9402 9388 9389
f 9390 9388 9387
f 9396 9387 9392
f 9395 9393 9401
f 9394 9396 9392
f 9348 9400 9398
f 9405 9403 9408
f 9408 9407 9416
f 9412 9411 9417
f 9416 9415 9414
f 9419 9429 9418
f 9426 9421 9424
f 9424 9423 9422
f 9427 9425 9428
f 9425 9430 9418
f 9435 9441 9434
f 9436 9435 9434
f 9439 9437 9443
f 9442 9440 9439
f 9443 9444 9446
f 9445 9443 9446
f 9447 9426 9448
f 9426 9456 9457
f 9451 9453 9452
f 9453 9454 9504
f 9456 9454 9457
f 9460 9458 9461
f 9462 9446 9461
f 9466 9463 9445
f 9468 9466 9469
f 9477 9469 9466
f 9475 9474 9473
f 9477 9476 9478
f 9482 9481 9479
f 9489 9488 9485
f 9492 9490 9493
f 9494 9471 9472
f 9497 9495 9498
f 9452 9499 9451
f 9504 9502 9501
f 9505 9508 9506
f 9506 9507 9509
f 9512 9510 9513
f 9516 9514 9517
f 9520 9518 9521
f 9523 9522 9524
f 9524 9525 9505
f 9527 9529 9530
f 9530 9528 9523
f 9533 9531 9534
f 9539 9537 9535
f 9543 9541 9547
f 9549 9541 9545
f 9649 9552 9551
f 9556 9555 9554
f 9555 9551 9558
f 9562 9555 9560
f 9569 9567 9565
f 9575 9573 9572
f 9579 9574 9577
f 9612 9582 9581
f 9586 9584 9590
f 9599 9589 9602
f 9595 9593 9592
f 9601 9598 9597
f 9600 9599 9601
f 9612 9602 9604
f 9604 9606 9605
f 9604 9610 9609
f 9616 9614 9613
f 9621 9619 9618
f 9625 9623 9626
f 9629 9591 9627
f 9633 9631 9634
f 9636 9635 9637
f 9641 9639 9638
f 9648 9646 9644
f 9651 9724 9652
f 9656 9655 9654
f 9660 9658 9661
f 9653 9662 9663
f 9665 9695 9670
f 9668 9666 9669
f 9668 9671 9670
f 9674 9673 9670
f 9681 9676 9675
f 9678 9689 9680
f 9704 9679 9680
f 9687 9680 9683
f 9683 9689 9688
f 9695 9693 9692
f 9697 9693 9696
f 9836 9681 9698
f 9684 9701 9699
f 9706 9705 9700
f 9702 9686 9707
f 9710 9708 9719
f 9715 9713 9716
f 9720 9718 9717
f 9725 9724 9723
f 9729 9727 9730
f 9732 9753 9754
f 9736 9734 9741
f 9742 9738 9737
f 9741 9740 9736
f 9740 9742 9736
f 9745 9744 9768
f 9768 9743 9740
f 9806 9747 9746
f 9751 9749 9748
f 9755 9761 9753
f 9748 9760 9761
f 9759 9733 9754
f 9746 9822 9762
f 9767 9766 9764
f 9772 9770 9769
f 9778 9927 9926
f 9779 9775 9774
f 9778 9777 9783
f 9782 9780 9776
f 9787 9785 9784
f 9790 9788 9787
f 9794 9791 9793
f 9796 9794 9793
f 9801 9799 9798
f 9900 9802 10078
f 9747 9805 9810
f 9810 9807 9763
f 9813 10089 9811
f 9817 9816 9815
f 9820 9818 9821
f 9823 9807 9824
f 9827 9825 9828
f 9830 9832 9829
f 9835 9833 9832
f 9844 9837 9838
f 9840 9829 9841
f 9844 9832 9842
f 9849 9847 9850
f 9855 9852 9851
f 9860 9858 9857
f 9865 9863 9862
f 9870 9868 9871
f 9876 9874 9872
f 9881 9879 9878
f 9886 9884 9883
f 9891 9889 9888
f 9899 9898 9895
f 9901 9803 9900
f 9902 9901 9804
f 10147 9903 10146
f 10142 9906 9903
f 9906 9905 9904
f 9919 10143 9908
f 9911 9910 9906
f 9908 9918 9919
f 9917 9914 9913
f 9921 9924 9922
f 9935 10137 10138
f 10133 9926 9928
f 9929 9928 9927
f 9930 9929 9933
f 9942 9931 9935
f 9941 9934 9933
f 9942 9938 9937
f 9941 9940 9939
f 9944 9943 9947
f 9953 9946 9945
f 9948 9959 9960
f 9953 9951 9949
f 9957 9969 9955
f 9958 9963 9964
f 9960 9962 9952
f 9950 9951 9961
f 10008 9962 9948
f 9968 9967 9966
f 9970 9969 9967
f 9956 9971 9955
f 9975 9974 9973
f 9981 9979 9978
f 9973 9983 9982
f 9987 9985 9988
f 9991 9989 9992
f 9995 9993 9996
f 9997 10013 9998
f 10004 10000 9999
f 10008 10007 10006
f 10011 10010 10013
f 10010 10005 10013
f 10017 10016 10014
f 10023 10021 10020
f 10046 10031 10028
f 10031 10026 10025
f 10049 10029 10031
f 10029 10033 10027
f 10039 10034 10036
f 10035 10041 10037
f 10044 10042 10041
f 10046 10048 10049
f 10048 10030 10049
f 10054 10056 10051
f 10058 10056 10059
f 10060 10065 10061
f 10064 10062 10065
f 9783 10068 10066
f 10071 10069 9781
f 10067 10074 10073
f 10077 10075 10150
f 10080 9801 10081
f 10083 10082 10088
f 10087 10085 9790
f 9812 10090 10089
f 9817 10092 10091
f 10096 10094 10093
f 10100 10098 10097
f 10104 10102 10101
f 10107 10105 10108
f 10110 10114 10109
f 10114 10113 10112
f 10156 10113 10114
f 10118 10116 10115
f 10120 10194 10121
f 10124 10122 10197
f 10129 10127 10126
f 10130 10128 10127
f 10065 10131 10127
f 10133 10135 10068
f 10136 10133 10134
f 10136 10138 10137
f 10132 10164 10067
f 10143 10142 10144
f 10148 10144 10142
f 10150 10148 10147
f 10152 10149 10150
f 10157 10155 10188
f 10159 10116 10117
f 10160 10171 10188
f 10162 10160 10155
f 10165 10164 10163
f 10172 10166 10170
f 10168 10169 10167
f 10171 10170 10169
f 10174 10172 10171
f 10177 10175 10178
f 10181 10179 10182
f 10185 10183 10186
f 10190 10187 10168
f 10121 10192 10191
f 10125 10196 10198
f 10200 10203 10195
f 10199 10204 10201
f 10206 10204 10202
f 10210 10208 10207
f 10215 10213 10212
f 10220 10219 10217
f 10229 10222 10223
f 10225 10224 10226
f 10240 10227 10228
f 10230 10223 10224
f 10233 10231 10234
f 10237 10235 10238
f 10241 10236 10240
f 10234 10239 10241
f 10244 10242 10245
f 10246 10245 10247
f 10248 10247 10249
f 10250 10249 10251
f 10254 10252 10255
f 10256 10255 10257
f 10261 10258 10260
f 10253 10260 10252
f 10264 10262 10265
f 10268 10266 10269
f 10263 10270 10262
f 10273 10269 10274
f 10276 10275 10277
f 10279 10277 10280
f 10281 10280 10282
f 10283 10282 10275
f 10285 10284 10286
f 10289 10286 10287
f 10288 10291 10284
f 10290 10287 10291
f 10299 10292 10298
f 10295 10293 10296
f 10297 10296 10292
f 10300 10298 10293
f 10302 10301 10303
f 10305 10303 10306
f 10308 10306 10307
f 10309 10307 10310
f 10400 10406 10312
f 10314 10444 10413
f 10316 10315 10420
f 10320 10318 10427
f 10425 10426 10442
f 10324 10452 10321
f 10328 10326 10454
f 10331 10329 10332
f 10335 10333 10336
f 10339 10337 10340
f 10343 10341 10333
f 10346 10344 10347
f 10350 10348 10351
f 10354 10352 10355
f 10358 10356 10359
f 10362 10360 10363
f 10366 10364 10367
f 10370 10368 10371
f 10374 10372 10375
f 10378 10376 10379
f 10382 10380 10383
f 10386 10384 10387
f 10390 10388 10391
f 10394 10392 10395
f 10398 10396 10399
f 10402 10400 10312
f 10401 10403 10405
f 10408 10406 10409
f 10316 10411 10410
f 10416 10415 10413
f 10418 10417 10427
f 10420 10313 10422
f 10423 10439 10421
f 10426 10425 10428
f 10426 10418 10427
f 10315 10431 10430
f 10424 10434 10420
f 10433 10412 10316
f 10438 10436 10435
f 10414 10441 10440
f 10315 10416 10444
f 10447 10446 10452
f 10448 10323 10324
f 10322 10449 10321
f 10451 10322 10452
f 10455 10328 10454
f 10456 10454 10326
f 10458 10457 10459
f 10464 10460 10461
f 10459 10461 10460
f 10457 10464 10461
f 10463 10462 10464
f 10458 10460 10462
f 10470 10466 10468
f 10469 10472 10465
f 10466 10472 10467
f 10468 10467 10469
f 10470 10469 10465
f 10471 10465 10472
f 10475 10473 10476
f 10479 10477 10478
f 10480 10474 10475
f 10479 10473 10474
f 10478 10476 10473
f 10477 10475 10476
f 10485 10481 10489
f 10492 10488 10495
f 10486 10484 10487
f 10485 10488 10483
f 10489 10490 10491
f 10494 10492 10495
f 10501 10496 10502
f 10499 10503 10500
f 10497 10500 10503
f 10501 10499 10500
f 10502 10498 10499
f 10496 10503 10498
f 10506 10510 10505
f 10508 10509 10507
f 10504 10507 10509
f 10506 10508 10507
f 10505 10511 10508
f 10510 10509 10511
f 18 3 2
f 9 7 6
f 6 5 4
f 3 9 8
f 11 14 13
f 13 12 29
f 1 2 16
f 34 22 15
f 18 1 22
f 22 20 19
f 17 16 104
f 132 27 26
f 26 25 24
f 30 29 28
f 124 33 31
f 38 37 36
f 42 41 35
f 44 43 35
f 143 168 48
f 59 50 141
f 52 57 56
f 56 55 54
f 54 32 53
f 53 52 56
f 58 62 61
f 61 60 59
f 66 65 64
f 67 164 71
f 71 74 70
f 69 68 67
f 71 70 69
f 75 83 72
f 72 73 136
f 136 114 75
f 80 79 93
f 90 91 215
f 82 215 81
f 85 88 84
f 71 164 86
f 91 90 80
f 95 94 93
f 97 101 100
f 99 94 98
f 97 100 99
f 105 104 103
f 108 117 107
f 109 113 112
f 112 111 110
f 136 118 117
f 117 116 115
f 114 136 117
f 120 124 123
f 277 126 130
f 130 103 133
f 133 132 131
f 131 127 130
f 134 136 66
f 66 135 130
f 46 140 139
f 139 138 137
f 141 144 167
f 167 143 142
f 144 147 175
f 175 146 145
f 150 153 137
f 137 138 152
f 152 151 150
f 154 157 152
f 152 156 155
f 160 159 158
f 162 257 161
f 164 183 190
f 165 164 67
f 167 146 172
f 172 168 143
f 170 190 183
f 184 185 169
f 172 174 175
f 175 180 173
f 180 175 155
f 173 180 179
f 173 179 178
f 177 176 173
f 173 178 187
f 182 181 176
f 189 193 192
f 192 191 190
f 200 199 198
f 204 203 202
f 204 211 208
f 197 207 206
f 211 210 209
f 215 213 212
f 212 207 198
f 199 217 216
f 216 215 198
f 243 220 219
f 223 222 221
f 222 237 225
f 229 231 230
f 233 45 232
f 247 235 140
f 140 234 233
f 227 236 232
f 239 238 245
f 246 245 250
f 249 138 248
f 248 247 244
f 251 250 156
f 253 256 258
f 159 257 256
f 253 255 159
f 259 258 257
f 263 262 261
f 41 276 266
f 262 268 267
f 273 272 271
f 278 105 277
f 293 282 281
f 281 280 279
f 289 291 290
f 290 294 295
f 293 279 296
f 297 296 295
f 305 304 303
f 309 308 307
f 313 312 311
f 314 320 319
f 319 318 317
f 317 316 315
f 315 314 319
f 327 324 323
f 322 321 327
f 325 324 327
f 327 326 307
f 328 332 331
f 331 330 329
f 335 328 334
f 339 341 367
f 367 340 347
f 342 338 345
f 345 344 340
f 340 343 342
f 346 366 313
f 313 339 347
f 360 351 292
f 292 350 356
f 352 356 355
f 355 354 353
f 357 361 360
f 360 359 358
f 322 369 368
f 372 371 370
f 372 374 373
f 373 374 377
f 377 376 370
f 374 372 376
f 371 373 375
f 379 384 378
f 385 381 378
f 381 382 380
f 382 381 385
f 382 383 379
f 383 385 384
f 388 389 393
f 388 390 387
f 387 390 391
f 391 386 393
f 390 388 386
f 389 387 392
f 397 396 401
f 399 394 395
f 395 394 401
f 398 395 396
f 399 398 397
f 394 399 400
f 404 403 402
f 408 409 406
f 408 405 402
f 406 409 404
f 409 408 403
f 405 406 407
f 413 412 417
f 415 416 411
f 411 416 417
f 414 411 412
f 415 414 413
f 416 415 410
f 421 419 418
f 425 419 421
f 425 424 423
f 418 422 423
f 424 421 420
f 419 425 422
f 429 428 426
f 427 430 426
f 431 427 428
f 433 430 427
f 430 433 432
f 433 431 429
f 439 440 441
f 435 440 439
f 435 436 437
f 441 438 437
f 436 439 434
f 440 435 438
f 443 446 442
f 447 446 445
f 458 449 457
f 453 452 451
f 448 456 455
f 446 458 452
f 461 460 459
f 469 463 462
f 464 462 467
f 466 463 465
f 470 469 468
f 474 473 472
f 478 477 476
f 481 493 480
f 492 482 490
f 485 491 484
f 489 488 487
f 493 492 491
f 499 495 494
f 501 495 499
f 501 500 497
f 497 498 494
f 500 499 498
f 495 501 496
f 507 504 505
f 503 506 508
f 503 502 505
f 502 508 509
f 506 503 504
f 508 506 507
f 515 510 517
f 513 510 515
f 513 512 511
f 511 514 517
f 512 515 514
f 510 513 516
f 519 518 521
f 525 518 519
f 525 523 524
f 524 522 521
f 523 519 522
f 518 525 520
f 533 529 532
f 528 527 526
f 528 531 532
f 531 526 530
f 527 528 529
f 526 527 533
f 536 537 541
f 540 534 541
f 538 539 540
f 538 537 536
f 539 536 534
f 537 538 535
f 545 543 542
f 545 544 548
f 548 547 546
f 551 550 549
f 555 554 553
f 557 553 556
f 564 561 559
f 563 562 561
f 565 570 569
f 568 567 566
f 565 569 568
f 583 584 573
f 573 572 571
f 576 575 574
f 578 577 574
f 574 580 579
f 583 582 581
f 592 586 585
f 586 590 596
f 596 589 588
f 593 592 591
f 595 600 599
f 599 598 597
f 597 596 595
f 603 602 601
f 608 606 605
f 608 607 612
f 612 611 610
f 609 608 612
f 613 617 616
f 616 615 614
f 622 624 625
f 624 622 621
f 621 620 619
f 619 629 624
f 624 626 623
f 626 624 629
f 629 628 627
f 632 631 630
f 635 634 633
f 637 636 633
f 633 639 638
f 641 640 645
f 642 646 645
f 644 643 642
f 648 647 651
f 651 650 649
f 656 654 653
f 658 657 656
f 659 663 662
f 662 661 660
f 664 669 668
f 668 667 666
f 665 664 668
f 670 677 673
f 672 671 670
f 675 670 674
f 678 673 677
f 679 677 676
f 681 686 685
f 685 684 683
f 682 681 685
f 687 692 691
f 691 690 689
f 689 688 687
f 687 696 695
f 687 695 694
f 693 692 687
f 706 698 697
f 700 706 699
f 699 705 704
f 703 702 701
f 699 704 703
f 701 700 699
f 713 710 709
f 708 707 713
f 711 715 714
f 714 710 713
f 713 712 711
f 718 717 716
f 721 720 719
f 722 726 719
f 725 724 723
f 722 719 725
f 728 727 718
f 731 730 747
f 734 733 737
f 737 736 735
f 740 739 743
f 743 742 741
f 747 746 745
f 749 748 755
f 751 750 755
f 754 753 752
f 751 755 754
f 756 760 759
f 759 758 757
f 761 765 764
f 764 763 762
f 767 766 771
f 771 770 769
f 772 776 775
f 774 773 772
f 779 778 777
f 781 785 784
f 784 783 782
f 789 787 786
f 789 788 792
f 792 791 790
f 795 794 793
f 798 797 795
f 801 800 799
f 803 799 800
f 805 804 803
f 807 806 811
f 811 810 809
f 815 813 812
f 817 816 815
f 818 3942 3943
f 2751 819 818
f 821 828 829
f 829 823 822
f 2455 826 825
f 825 824 2454
f 827 825 826
f 826 829 828
f 823 831 830
f 942 834 833
f 833 963 832
f 837 836 835
f 840 839 838
f 841 839 840
f 841 847 846
f 846 845 844
f 843 841 846
f 848 844 845
f 845 850 849
f 853 852 851
f 855 858 888
f 855 888 857
f 856 836 855
f 861 1034 860
f 862 867 866
f 866 865 864
f 863 862 866
f 869 866 867
f 869 875 874
f 874 873 872
f 874 872 871
f 870 869 874
f 910 880 878
f 910 878 877
f 903 876 910
f 880 910 879
f 881 886 885
f 884 883 882
f 881 885 884
f 891 890 889
f 893 931 892
f 902 901 900
f 903 905 934
f 888 911 910
f 910 909 900
f 910 900 939
f 908 888 910
f 913 878 912
f 916 915 914
f 920 919 918
f 924 923 922
f 928 927 926
f 932 931 930
f 935 934 929
f 937 939 936
f 939 901 938
f 942 943 941
f 873 944 941
f 941 943 872
f 947 946 945
f 949 954 953
f 953 952 951
f 951 950 949
f 956 955 968
f 957 961 958
f 959 962 958
f 961 960 959
f 964 963 833
f 959 967 966
f 968 972 971
f 971 970 969
f 974 973 971
f 980 979 978
f 986 985 984
f 985 987 1003
f 988 1003 1006
f 990 995 994
f 993 992 991
f 990 994 993
f 1016 1013 999
f 1000 1002 1014
f 1000 1014 1001
f 992 1007 1000
f 1000 1001 991
f 1004 1003 987
f 1007 1006 1003
f 1015 1012 1011
f 1010 1009 1008
f 1015 1011 1010
f 1013 1016 1012
f 1012 1015 1014
f 1019 1018 1017
f 1021 1025 1024
f 1024 1023 1022
f 948 945 1029
f 1026 1030 1029
f 1029 1028 1027
f 1031 1036 1041
f 1041 1033 1032
f 1034 861 1036
f 1036 1031 1035
f 1037 1041 1040
f 1040 1039 1038
f 1040 1045 1044
f 1043 1042 1039
f 1040 1044 1043
f 1046 1178 1043
f 1050 1049 1048
f 1053 1052 1051
f 1058 1055 1054
f 1056 1060 1059
f 1059 1058 1057
f 1062 1069 1061
f 1058 1068 1067
f 1066 1065 1064
f 1058 1067 1066
f 1069 1072 1071
f 1071 1070 1061
f 1073 1080 1076
f 1075 1074 1073
f 1073 1074 1078
f 1117 1118 1080
f 1080 1073 1079
f 1111 1081 1092
f 1082 1084 1110
f 1110 1092 1083
f 1085 1090 1087
f 1087 2784 2786
f 2786 1086 1085
f 1087 1090 1089
f 1089 1088 1091
f 1091 1088 1093
f 1093 1083 1092
f 1092 1081 1091
f 1108 1096 1101
f 1101 1106 1107
f 1101 1107 1095
f 1094 1108 1101
f 1098 1097 1109
f 1099 1101 1096
f 1096 1100 1109
f 1102 1107 1106
f 1105 1104 1103
f 1102 1106 1105
f 1108 1094 1009
f 1110 1109 1097
f 1084 1099 1109
f 1113 1112 1124
f 1115 1123 1124
f 1124 1112 1116
f 1118 1117 1120
f 1121 1120 1119
f 1119 1124 1123
f 1125 1129 1128
f 1128 1127 1126
f 1129 1125 1131
f 1132 1135 1134
f 1134 1517 1133
f 1128 1129 1137
f 1137 1134 1135
f 1135 1136 1128
f 1140 1139 1138
f 1144 1143 1142
f 1072 1145 1163
f 1146 1153 1152
f 1152 1151 1150
f 1152 1150 1149
f 1147 1146 1152
f 1152 1149 1148
f 1154 1157 1156
f 1156 1155 1287
f 1160 1159 1158
f 1158 1166 1165
f 1165 1164 1163
f 1163 1162 1161
f 1161 1158 1165
f 1167 1176 1172
f 1167 1172 1171
f 1169 1168 1167
f 1167 1171 1170
f 1173 1177 1176
f 1176 1175 1174
f 1179 1180 1178
f 1180 1184 1183
f 1183 1182 1181
f 1191 1185 1156
f 1186 1191 1190
f 1189 1182 1188
f 1186 1190 1189
f 1189 1188 1187
f 1192 1195 1139
f 1139 1194 1193
f 1193 1197 1196
f 1204 1203 1202
f 1202 1208 1207
f 1218 1230 1234
f 1147 1215 1214
f 1147 1214 1213
f 1211 1210 1147
f 1212 1211 1147
f 1147 1213 1226
f 1216 1219 1229
f 1229 1230 1218
f 1218 1217 1216
f 1224 1222 1223
f 1224 1218 1211
f 1211 1228 1225
f 1229 1233 1232
f 1232 1231 1230
f 1161 1235 1234
f 1244 1240 1239
f 1239 1051 1238
f 1238 1237 1244
f 1241 1245 1244
f 1244 1243 1242
f 1219 1248 1250
f 1250 1247 1246
f 1229 1219 1250
f 1241 1242 1249
f 1251 1254 1253
f 1251 1253 1269
f 1271 1252 1251
f 1251 1269 1270
f 1256 1254 1255
f 1302 1299 1258
f 1259 1263 1262
f 1262 1261 1260
f 1267 1268 1263
f 1272 1252 1271
f 1272 1260 1261
f 1272 1261 1265
f 1276 1275 1274
f 1274 1272 1265
f 1274 1265 1277
f 1278 1276 1274
f 1278 1280 1284
f 1284 1283 1282
f 1287 1289 1288
f 1288 1294 1154
f 1290 1480 1292
f 1293 1291 1290
f 1288 1293 1292
f 1297 1296 1295
f 1299 1302 1358
f 1358 1301 1300
f 1310 1406 1407
f 1407 979 1304
f 1305 1410 1406
f 1406 1310 1309
f 1309 1308 1307
f 1309 1307 1306
f 1305 1406 1309
f 1309 1306 1333
f 1329 1312 1409
f 1409 1410 1331
f 1311 1329 1409
f 1313 1312 1329
f 1313 1329 1314
f 1318 1319 1426
f 1426 1313 1314
f 1321 1318 1426
f 1341 1342 1315
f 1541 1542 1319
f 1541 1319 1318
f 1326 1317 1316
f 1316 1541 1318
f 1325 1326 1316
f 1321 1320 1324
f 1324 1323 1325
f 1330 1327 1328
f 1333 1332 1330
f 1336 1335 1334
f 1339 1338 1334
f 978 1334 1335
f 1344 1343 1342
f 1345 1350 1349
f 1345 1349 1348
f 1370 1356 1346
f 1346 1345 1348
f 1347 1370 1346
f 1355 1354 1353
f 1353 1352 1351
f 1356 1354 1355
f 1388 1357 1301
f 1348 1360 1364
f 1364 1363 1362
f 1365 1369 1368
f 1367 1366 1365
f 1368 1369 1371
f 1371 1370 1347
f 1371 1347 1362
f 1361 1368 1371
f 1375 1374 1373
f 1380 1376 1381
f 1387 1380 1377
f 1377 1379 1378
f 1376 1385 1384
f 1384 1383 1382
f 1381 1376 1384
f 1387 1378 1386
f 1366 1390 1389
f 1385 1389 1392
f 1392 1391 1384
f 1395 1394 1393
f 1393 1398 1397
f 1400 1352 1353
f 1342 1404 1403
f 1403 1402 1315
f 1405 1336 1407
f 1407 1406 1416
f 1413 1409 1312
f 1312 1315 1408
f 1410 1409 1413
f 1412 1416 1411
f 1410 1413 1412
f 1417 1416 1415
f 1418 1420 1419
f 1419 1415 1416
f 1423 1420 1418
f 1413 1421 1423
f 1423 1402 1422
f 1319 1542 1638
f 1638 1425 1426
f 1428 1340 1341
f 1341 1426 1425
f 1428 1425 1429
f 1429 1425 1638
f 1443 1431 1455
f 1455 1456 1442
f 1453 1433 1432
f 1448 1445 1453
f 1438 1437 1620
f 1620 1436 1435
f 1435 1434 1438
f 1438 1439 1449
f 1449 1450 1437
f 1440 1444 1443
f 1443 1442 1441
f 1447 1446 1445
f 1449 1451 1440
f 1440 1441 1450
f 1452 1501 1454
f 1433 1453 1452
f 1457 1456 1455
f 1461 1459 1143
f 1610 1460 1459
f 1462 1466 1465
f 1465 1464 1463
f 1510 1462 1465
f 1466 1462 1512
f 1472 1467 1469
f 1470 1469 1468
f 1472 1470 1490
f 1490 1475 1474
f 1473 1472 1490
f 1490 1470 1471
f 1478 1479 1477
f 1490 1471 1478
f 1478 1477 1476
f 1290 1477 1479
f 1481 1484 1485
f 1485 1483 1482
f 1486 1485 1484
f 1488 1481 1482
f 1482 1489 1502
f 1476 1492 1491
f 1491 1475 1490
f 1494 1500 1499
f 1498 1497 1496
f 1494 1499 1498
f 1496 1495 1494
f 1501 1452 1488
f 1614 1615 1508
f 1504 1503 1614
f 1505 1504 1508
f 1507 1506 1505
f 1509 1511 1513
f 1513 1462 1510
f 1602 1512 1462
f 3058 1514 1522
f 1518 1133 1517
f 1516 1521 1518
f 1518 1521 1520
f 1520 1526 1519
f 1515 1522 1525
f 1524 3059 1523
f 3060 1526 1520
f 1527 1529 1536
f 1536 1534 1528
f 1530 1533 3178
f 3178 1532 1535
f 1535 1531 1530
f 1535 1532 1534
f 1538 1539 1537
f 1538 1542 1541
f 1541 1653 1540
f 1540 1539 1538
f 1545 1584 1543
f 1560 1587 1545
f 1590 1594 1546
f 1549 1548 1590
f 1557 1554 1559
f 1553 1552 1551
f 1557 1559 1553
f 1555 1554 1557
f 1557 1556 1550
f 1557 1550 1549
f 1547 1555 1557
f 1649 1553 1559
f 1559 1558 1673
f 1568 1555 1547
f 1568 1547 1546
f 1560 1544 1568
f 1568 1546 1592
f 1561 1569 1565
f 1565 1564 1563
f 1563 1562 1571
f 1571 1572 1561
f 1561 1565 1563
f 1566 1565 1569
f 1569 1568 1544
f 1569 1544 1543
f 1567 1566 1569
f 1571 1570 1608
f 1573 1577 1576
f 1575 1574 1573
f 1578 1573 1574
f 1579 1550 1556
f 1581 1566 1567
f 1583 1582 1567
f 1579 1585 1548
f 1588 1583 1584
f 1590 1548 1585
f 1545 1587 1586
f 1594 1590 1589
f 1587 1592 1591
f 1592 1594 1593
f 1595 1597 1537
f 1600 1599 1598
f 1605 1606 1603
f 1512 1602 1605
f 1605 1604 1613
f 1607 1609 1578
f 1608 1570 1607
f 1607 1460 1610
f 1611 1613 1604
f 1604 1598 1599
f 1612 1611 1604
f 1615 1614 1616
f 1625 1619 1618
f 1618 1617 1616
f 1621 1436 1620
f 1625 1624 1623
f 1626 3201 3200
f 3200 1628 1627
f 1628 1623 1624
f 1629 1627 1628
f 1631 1630 1633
f 1633 1553 1649
f 1635 1634 1672
f 1672 1655 1637
f 1538 1643 1638
f 1597 1640 1639
f 1639 1643 1538
f 1642 1643 1639
f 1638 1643 1642
f 1646 1645 1648
f 1647 1657 1646
f 1663 1650 1527
f 1663 1527 1528
f 1673 1644 1648
f 1648 1663 1528
f 1649 1673 1648
f 1540 1653 1652
f 1540 1652 1651
f 1635 1636 1540
f 1656 1661 1655
f 1660 1658 1670
f 1670 1657 2316
f 2317 1660 1670
f 1651 1652 1662
f 1664 1650 1663
f 1667 1634 1651
f 1645 1668 1665
f 1669 1672 1634
f 1646 1671 1668
f 1671 1646 1657
f 1672 1669 1654
f 1673 1558 1674
f 2263 2315 1673
f 1675 1677 1676
f 1675 1676 1537
f 1540 2320 1675
f 1675 1537 1539
f 1659 2320 1540
f 1540 1636 1637
f 2315 2316 1647
f 1647 1644 1673
f 1678 1683 1682
f 1681 1680 1679
f 1678 1682 1681
f 1680 1681 1684
f 1689 1715 1688
f 1688 1692 1705
f 1698 1703 1702
f 1702 1701 1700
f 1699 1698 1702
f 1704 1708 1707
f 1707 1706 1691
f 1705 1704 1707
f 1687 1701 1709
f 1696 1712 1711
f 1715 1714 1713
f 1717 1712 1696
f 1721 1720 1719
f 1724 1723 1694
f 1728 1784 1779
f 1779 1738 1730
f 1729 1728 1779
f 1731 1728 2235
f 1731 2235 1737
f 1734 1733 1732
f 1732 1731 1737
f 1732 1737 1736
f 1735 1734 1732
f 1780 1742 1741
f 1741 1740 1730
f 1738 1780 1741
f 1743 1746 1745
f 1745 1772 1744
f 1750 1753 1752
f 1752 1748 1751
f 1762 1776 1755
f 1758 1757 1756
f 1776 1762 1761
f 1754 1765 1764
f 1766 1770 1769
f 1769 1768 1767
f 1767 1764 1766
f 1779 1775 1774
f 1726 1777 1781
f 1780 1779 1776
f 1787 1782 1778
f 1786 1785 1784
f 1788 1804 1798
f 1788 1798 1791
f 1790 1789 1788
f 1792 1794 1793
f 1793 1803 1804
f 1804 1788 1792
f 1740 1741 1793
f 1796 1813 1797
f 1800 1799 1791
f 1804 1983 1975
f 1804 1975 1795
f 1802 1798 1804
f 1983 1804 1803
f 1806 1789 1805
f 1808 1807 1790
f 1811 1795 1809
f 1816 1808 1799
f 1813 1812 1811
f 1815 1813 1814
f 1856 1841 1842
f 1820 1819 1818
f 1827 1824 1823
f 1826 1844 1825
f 1828 1829 1830
f 1831 1830 1829
f 1831 1832 1834
f 1834 1833 1900
f 1900 1901 1831
f 1837 1836 1835
f 1839 1843 1842
f 1842 1841 1840
f 1823 1846 1845
f 1845 1844 1826
f 1847 1836 1837
f 1849 1877 1853
f 1852 1851 1850
f 1849 1853 1852
f 1856 1855 1854
f 1860 1859 1858
f 1864 1863 1862
f 1867 1866 1865
f 1869 2487 1872
f 1872 1871 1870
f 1873 1875 1874
f 1874 1876 1882
f 1883 1873 1874
f 1853 1877 1876
f 1879 1883 1882
f 1881 1880 1879
f 1884 1890 1889
f 1884 1889 1888
f 1887 1886 1885
f 1885 1884 1888
f 1891 1895 1894
f 1893 1892 2021
f 1891 1894 1893
f 1896 1926 1914
f 1898 1902 1901
f 1901 1900 1899
f 1903 1907 1906
f 1906 1905 1904
f 1908 1906 1911
f 1911 1910 1909
f 1909 1910 1912
f 1927 1961 1915
f 1920 1921 1914
f 1927 1915 1920
f 1920 1914 1926
f 1916 1919 1922
f 1923 1918 1917
f 1916 1922 1923
f 1922 1921 1920
f 1926 1925 1924
f 1928 1708 1930
f 1930 1929 1926
f 1932 1931 1942
f 1935 1934 1933
f 1938 1937 1940
f 1940 1939 1958
f 1950 1944 1942
f 1947 1946 1945
f 1951 1950 1949
f 1955 1954 1953
f 1962 1960 1959
f 1962 1959 1958
f 1957 1956 1962
f 1962 1958 1942
f 1962 1961 1927
f 1964 1968 1967
f 1967 1966 1965
f 1969 1970 1967
f 1967 1968 1972
f 1973 1972 1971
f 1976 1809 1975
f 1998 1996 1981
f 1978 1977 1998
f 1975 1983 1982
f 1982 1964 1981
f 1984 2013 1983
f 1986 1988 1993
f 2010 1987 1986
f 1809 1990 1989
f 1977 1993 1992
f 1996 1995 1994
f 1998 1977 1997
f 1999 2006 2001
f 2001 1970 2000
f 2494 2495 2003
f 2003 2006 1999
f 2002 2494 2003
f 2005 2004 2495
f 2003 2008 2012
f 2012 1993 2007
f 2006 2003 2012
f 2011 2010 2009
f 2011 2012 2005
f 2005 2497 2469
f 1984 2016 2017
f 2017 2015 2014
f 2013 1984 2017
f 2018 2017 2016
f 2020 2022 1891
f 1891 2021 1889
f 2023 2027 2026
f 2026 2025 2024
f 2030 2029 2028
f 2651 2652 2039
f 2038 2037 2651
f 2042 2041 2040
f 2045 2052 2044
f 2081 2048 2047
f 2257 2049 2053
f 2050 2053 2049
f 2049 2044 2052
f 2051 2050 2049
f 2274 2054 2056
f 2275 2056 2055
f 2059 2063 2062
f 2062 2061 2060
f 2066 2065 2064
f 2068 2067 2072
f 2070 2074 2073
f 2073 2072 2071
f 2075 2067 2068
f 2104 2079 2078
f 2078 2077 2106
f 2080 2082 2048
f 2082 2080 2105
f 2084 2158 2083
f 2082 2105 2084
f 2087 2190 2099
f 2089 2088 2087
f 2095 2219 2091
f 2096 2195 2095
f 2085 2103 2102
f 2102 2101 2100
f 2099 2085 2102
f 2104 2106 2183
f 2104 2183 2132
f 2152 2153 2105
f 2105 2104 2132
f 2134 2152 2105
f 2089 2113 2112
f 2112 2111 2110
f 2112 2110 2091
f 2109 2089 2112
f 2115 2121 2122
f 2115 2119 2118
f 2118 2117 2116
f 2170 2115 2118
f 2122 2121 2120
f 2125 2101 2124
f 1770 2155 2129
f 2129 2171 2128
f 2127 1770 2129
f 2170 2130 2234
f 2134 2133 2199
f 2199 2136 2135
f 2151 2142 2141
f 2141 2191 2145
f 2150 2154 2153
f 2153 2152 2135
f 2153 2135 2138
f 2151 2150 2153
f 2159 2157 2173
f 2173 2156 2155
f 2159 2158 2153
f 2162 2161 2160
f 2164 2176 2146
f 2166 2170 2169
f 2168 2167 2121
f 2166 2169 2168
f 2171 2174 2173
f 2173 2175 2172
f 2175 2173 2148
f 2175 2148 2145
f 2177 2176 2175
f 2178 2121 2167
f 2167 2181 2180
f 2179 2178 2167
f 2132 2183 2182
f 2184 2103 2085
f 2191 2187 2165
f 2194 2195 2098
f 2189 2131 2132
f 2190 2201 2185
f 2193 2192 2187
f 2197 2196 2195
f 2209 2199 2131
f 2087 2212 2201
f 2205 2204 2203
f 2218 2208 2207
f 2199 2209 2222
f 2212 2087 2211
f 2214 2138 2224
f 2224 2217 2216
f 2216 2215 2214
f 2221 2220 2219
f 2223 2229 2139
f 2224 2228 2227
f 2227 2226 2109
f 2109 2225 2224
f 2231 2168 2169
f 2169 2234 2233
f 2233 2232 2231
f 2101 2102 2238
f 2041 2042 2124
f 2101 2238 2041
f 2239 2242 2378
f 2378 2379 2241
f 2241 2240 2239
f 2239 2244 2467
f 2467 2243 2242
f 2246 2392 2245
f 2251 2250 2249
f 2253 2252 2250
f 2254 1677 1675
f 1675 2256 2255
f 2254 2255 2257
f 2252 2259 2261
f 2260 2263 1674
f 1674 2262 2261
f 2264 2270 2267
f 2265 2267 2266
f 2273 2264 2265
f 3637 3641 2273
f 2271 2270 2264
f 3641 2272 2271
f 2276 2342 2274
f 2276 2275 2277
f 2277 2256 2318
f 2285 2281 2280
f 2280 2279 2278
f 2282 2281 2285
f 2282 2285 2284
f 2294 2283 2282
f 2282 2284 2293
f 2289 2288 2287
f 2297 2290 2289
f 2292 2291 2299
f 2293 2295 2292
f 2296 2283 2294
f 2296 2294 2299
f 2286 2306 2296
f 2297 2286 2296
f 2296 2299 2298
f 2341 2304 2302
f 2302 2301 2300
f 2303 2306 2286
f 2303 2286 2287
f 2314 2260 2303
f 2304 2341 2314
f 2303 2287 2305
f 2305 2304 2314
f 2338 2307 2335
f 2335 2332 2308
f 2328 2310 2311
f 2319 2313 2328
f 2308 2316 2315
f 2315 2314 2337
f 2260 2314 2315
f 2318 2320 1659
f 2319 2312 2318
f 2320 2318 2256
f 2321 2343 2309
f 2339 2340 2322
f 2325 2324 2332
f 2313 1659 1660
f 1660 2317 2327
f 2327 2326 2313
f 2313 2326 2331
f 2310 2330 2329
f 2328 2331 2330
f 2333 2332 2335
f 2336 2335 2307
f 2334 2307 2339
f 2337 2314 2341
f 2341 2300 2340
f 2341 2340 2339
f 2338 2337 2341
f 2276 2318 2312
f 2276 2312 2311
f 2343 2342 2276
f 2276 2311 2309
f 2365 2344 2346
f 2346 2348 2345
f 2351 2349 2350
f 2350 2354 2352
f 2360 2363 2364
f 2360 2364 2345
f 2351 2359 2360
f 2360 2345 2347
f 2355 2360 2359
f 2355 2359 2352
f 2356 2380 2355
f 2358 2357 2356
f 2355 2352 2353
f 2353 2358 2356
f 2361 2368 2367
f 2361 2367 2366
f 2363 2362 2361
f 2364 2363 2361
f 2361 2366 2365
f 2369 2361 2362
f 2373 2371 2369
f 2443 2372 2371
f 2375 2374 2381
f 2377 2379 2378
f 2378 2375 2376
f 2380 2356 2383
f 2381 2374 2384
f 2384 2383 2382
f 2426 2427 2390
f 2386 2423 2426
f 2387 3693 3719
f 2387 3719 2389
f 2386 2388 2387
f 2247 2245 3702
f 2385 2394 2395
f 2395 2387 2388
f 2390 2385 2395
f 2391 2395 2394
f 2394 2393 2392
f 2392 2246 2391
f 2431 2405 2403
f 2400 2396 2385
f 2397 2400 2424
f 2397 2424 2416
f 2398 2404 2397
f 2397 2416 2399
f 2397 2404 2408
f 2397 2408 2409
f 2402 2401 2397
f 2435 2403 2402
f 2397 2409 2414
f 2414 2435 2402
f 2433 2407 2761
f 2761 2406 2405
f 2761 2405 2431
f 2432 2433 2761
f 2408 2410 3726
f 2408 3726 2412
f 2413 2409 2408
f 2413 2411 2437
f 2437 2415 2414
f 2416 2425 2417
f 2417 2420 2418
f 2422 2421 2398
f 2398 2399 2418
f 2419 2422 2398
f 3719 2422 2419
f 2419 2420 2423
f 2425 2424 2385
f 2420 2417 2426
f 2417 2425 2427
f 3726 2428 2429
f 2428 3685 2407
f 2407 2433 2430
f 2429 2428 2407
f 2432 2436 2434
f 2434 2438 2430
f 2436 2431 2435
f 2429 2438 2411
f 2434 2436 2415
f 2438 2434 2437
f 2442 2451 2439
f 2372 2443 2442
f 2441 2440 2372
f 2446 2445 2444
f 2452 2450 2449
f 2449 2447 2444
f 2444 2448 2452
f 2452 2439 2451
f 2453 2463 2456
f 2456 2455 2454
f 2457 2459 2458
f 2458 2464 2465
f 2446 2458 2459
f 2459 2461 2460
f 2460 2445 2446
f 2462 2465 2464
f 2464 2456 2463
f 2243 2467 2466
f 2471 2470 2469
f 2472 2476 2475
f 2475 2474 2473
f 2478 2499 2477
f 2480 2482 2488
f 2488 2489 2481
f 2483 2487 2486
f 2486 2485 2484
f 2490 2489 2488
f 2492 2508 2495
f 2495 2494 2493
f 2496 2498 2497
f 2497 2495 2508
f 2499 2510 2515
f 2502 2501 2500
f 2507 2508 2506
f 2505 2504 2507
f 2476 2472 2508
f 2508 2507 2500
f 2511 2510 2509
f 2513 2516 2515
f 2512 2514 2513
f 2522 2521 2548
f 2525 2524 2523
f 2586 2534 2530
f 2537 2536 2535
f 2541 2545 2574
f 2541 2574 2544
f 2543 2542 2541
f 2550 2549 2557
f 2550 2557 2548
f 2547 2546 2550
f 2550 2553 2552
f 2480 2551 2564
f 2550 2552 2480
f 2480 2564 2549
f 2557 2563 2562
f 2562 2561 2560
f 2562 2560 2559
f 2558 2557 2562
f 2565 2549 2564
f 2569 2568 2567
f 2572 2546 2571
f 2575 2574 2573
f 2579 2578 2577
f 2589 2582 2581
f 2586 2585 2584
f 2590 2589 2588
f 2593 2600 2592
f 2596 2590 2595
f 2600 2599 2598
f 2599 2596 2602
f 2616 2605 2545
f 2562 2604 2616
f 2608 2614 2610
f 2610 2620 2609
f 2607 2614 2613
f 2613 2612 2611
f 2609 2620 2619
f 2618 2617 2616
f 2609 2619 2618
f 2616 2615 2609
f 2622 2639 2625
f 2625 2624 2623
f 2622 2628 2627
f 2632 2631 2630
f 2630 2634 2635
f 2637 2640 2639
f 2637 2639 2627
f 2633 2638 2637
f 2632 2633 2637
f 2637 2627 2629
f 2643 2642 2641
f 2644 2647 2646
f 2646 2645 2758
f 2648 2654 2653
f 2653 2652 2651
f 2651 2650 2649
f 2656 2648 2653
f 2651 2649 2656
f 2656 2662 2655
f 2657 2674 2675
f 2657 2660 2659
f 2659 2661 2658
f 2662 2661 2659
f 2663 2671 2679
f 2663 2679 2670
f 2666 2665 2664
f 2664 2663 2670
f 2669 2668 2667
f 2664 2670 2669
f 2667 2666 2664
f 2672 2677 2684
f 2672 2684 2685
f 2674 2673 2672
f 2676 2675 2674
f 2682 2683 2676
f 2672 2685 2682
f 2676 2674 2672
f 2678 2683 2682
f 2678 2682 2689
f 2680 2679 2678
f 2678 2689 2681
f 2685 2687 2686
f 2686 2688 2689
f 2680 2690 2691
f 2691 2695 2692
f 2696 2702 2701
f 2701 2700 2699
f 2701 2699 2698
f 2697 2696 2701
f 2703 2707 2732
f 2703 2732 2706
f 2705 2704 2703
f 2703 2706 2748
f 2708 2713 2714
f 2708 2714 2722
f 2717 2709 2708
f 2708 2722 2719
f 2710 2713 2708
f 2712 2711 2736
f 2710 2708 2712
f 2739 2735 2710
f 2712 2736 2737
f 2737 2739 2710
f 2714 2716 2715
f 2714 2715 2724
f 2723 2722 2714
f 2714 2724 2725
f 2720 2718 2719
f 2723 2721 2720
f 2728 2727 2724
f 2730 2729 2728
f 2707 2735 2739
f 2707 2739 2734
f 2733 2732 2707
f 2707 2734 2742
f 2737 2738 2741
f 2741 2740 2734
f 2733 2744 2743
f 2743 2746 2745
f 2749 2753 2752
f 2752 819 2751
f 2751 2750 2749
f 2756 2755 2754
f 2645 2760 2757
f 2760 2759 2764
f 2762 2406 2761
f 2759 2762 2763
f 3398 2766 2765
f 2771 2772 3400
f 3400 3401 2767
f 2768 2775 2774
f 2773 2772 2771
f 2768 2774 2773
f 2769 2768 2773
f 2773 2771 2770
f 2776 2775 2768
f 2778 3572 2777
f 2776 2768 2778
f 2780 2779 3408
f 3559 3405 2781
f 2785 2786 2784
f 2784 2783 2782
f 2813 2785 2784
f 2805 2787 1086
f 1086 2786 2785
f 2808 2805 1086
f 2790 2928 2789
f 2789 2792 2791
f 2791 2932 2790
f 2793 2795 2794
f 2794 2798 2796
f 2796 2867 2879
f 2879 2793 2794
f 2796 2798 2922
f 2922 2870 2797
f 2813 2782 2799
f 2813 2799 2880
f 2806 2812 2813
f 2801 2800 2803
f 2817 2804 2803
f 2803 2802 2816
f 2816 2802 2805
f 2812 2806 2881
f 2815 2819 2809
f 2809 2816 2808
f 2785 2813 2815
f 2809 2808 2785
f 2815 2814 2811
f 2811 2810 2819
f 2815 2813 2812
f 2807 2881 2814
f 2822 2818 2817
f 2817 2816 2809
f 2810 2821 2820
f 2820 2822 2809
f 2819 2810 2820
f 2823 2818 2822
f 2824 2828 2827
f 2826 2825 2835
f 2824 2827 2826
f 2858 2859 2847
f 2832 2831 2830
f 2834 2824 2835
f 2835 2830 2831
f 2835 2831 2846
f 2838 2834 2835
f 2836 2834 2838
f 2836 2838 2843
f 2842 2837 2836
f 2836 2843 2854
f 2841 2840 2839
f 2842 2851 2841
f 2845 2844 2843
f 2846 2850 2845
f 2848 2847 2859
f 2850 2831 2832
f 2852 2848 2840
f 2845 2850 2849
f 2841 2851 2855
f 2844 2845 2853
f 2851 2854 2857
f 2854 2844 2856
f 2858 2860 2863
f 2863 2836 2837
f 2863 2837 2839
f 2859 2858 2863
f 2861 2866 2865
f 2865 2864 2863
f 2860 2862 2861
f 2865 2863 2860
f 2871 2872 2879
f 2870 2869 2868
f 2796 2797 2868
f 2873 2871 2867
f 2796 2868 2873
f 2874 2872 2871
f 2874 2873 2868
f 2868 2869 2876
f 2875 2874 2868
f 2877 2793 2879
f 2872 2878 2877
f 2880 2883 2882
f 2881 2806 2880
f 2890 2885 2884
f 2885 2890 2889
f 2889 2888 2887
f 2886 2885 2889
f 2892 2896 2891
f 2893 2897 2898
f 2895 2998 2893
f 2896 2892 2899
f 2899 2898 2897
f 2902 2903 2900
f 2900 3011 3012
f 3012 3010 2902
f 2908 2909 2906
f 2906 2905 2904
f 2907 2909 2908
f 2916 2910 2907
f 2910 2916 2917
f 2913 2912 2919
f 2910 2917 2913
f 2920 2911 2910
f 2913 2919 2920
f 2912 2915 2914
f 2908 2904 2918
f 2918 2917 2916
f 2920 2921 2982
f 2920 2919 2869
f 2919 2914 2876
f 2921 2920 2870
f 2923 2925 3045
f 3048 3050 2924
f 2923 3045 3048
f 2926 2927 2930
f 2930 2947 2944
f 2928 2790 2929
f 2938 2939 2928
f 2929 2790 2932
f 2932 2931 2950
f 2950 2930 2927
f 2927 2929 2932
f 2934 2937 2933
f 2937 2936 2935
f 2938 2940 2934
f 2943 2941 2946
f 3037 2942 2941
f 2946 2945 2926
f 2930 2950 2949
f 2954 2948 2947
f 2930 2949 2954
f 2953 2952 2955
f 2955 2956 2951
f 2953 2951 2948
f 2955 2958 2923
f 2923 2924 2957
f 2957 2956 2955
f 3004 3005 2971
f 2971 3005 2960
f 2959 2961 2990
f 2971 2960 2959
f 2962 2989 2961
f 2962 2959 2960
f 2965 2964 2963
f 2962 2960 2965
f 2967 2966 2963
f 2970 2969 2968
f 2970 2974 2973
f 2972 2971 2990
f 2970 2973 2972
f 2972 2990 2991
f 2987 2976 2975
f 2975 2985 2981
f 2981 2978 2987
f 2976 2987 2988
f 2980 2979 2978
f 2911 2982 2983
f 2983 2985 2975
f 2884 2981 2985
f 2970 2991 2987
f 2978 2979 2969
f 2970 2987 2978
f 2987 2991 2990
f 2961 2989 2988
f 2987 2990 2961
f 3000 2993 2992
f 2992 2993 3001
f 2992 3001 3002
f 2996 2995 2992
f 2992 3002 2997
f 2998 2895 3000
f 2994 2999 2998
f 3001 3006 3007
f 3003 3002 3001
f 3006 3005 3004
f 3008 2997 3002
f 3019 3010 3012
f 3019 3012 3034
f 3014 3009 3019
f 3033 3034 3012
f 3012 3011 3028
f 3013 3009 3014
f 3027 3026 3013
f 3015 3017 3018
f 3016 3040 3039
f 3015 3018 3016
f 3017 3020 3019
f 3009 3013 3018
f 3017 3019 3009
f 3024 3023 3021
f 3027 3025 3024
f 3031 3029 3032
f 3032 3035 3033
f 3042 3041 3039
f 3044 3043 3042
f 3048 3047 3046
f 3050 3046 3053
f 3053 3052 3051
f 3054 3150 3220
f 3057 3056 1514
f 3056 3057 3059
f 3066 3061 3060
f 3072 3064 3063
f 3068 3069 3134
f 3072 3063 3068
f 3068 3134 3073
f 3065 3067 3061
f 3067 3065 3071
f 3071 3070 3069
f 3069 3068 3067
f 3075 3074 3073
f 3076 3140 3075
f 3142 3079 3078
f 3117 3137 3142
f 3127 3123 3082
f 3240 3084 3083
f 3083 3081 3082
f 3085 3242 3088
f 3088 3087 3086
f 3092 3091 3124
f 3124 3090 3089
f 3092 3086 3087
f 3093 3091 3092
f 3133 3096 3095
f 3095 2891 3094
f 3096 3133 3098
f 3069 3070 3099
f 3099 3097 3098
f 3101 3100 3119
f 3101 3104 3103
f 3103 3237 3102
f 3106 3131 3105
f 3108 3236 3107
f 3107 3105 3109
f 3110 3139 3111
f 3111 3113 3112
f 3130 3141 3114
f 3114 3138 3115
f 3138 3116 3126
f 3132 3133 3094
f 3094 3118 3135
f 3094 3135 3080
f 3117 3132 3094
f 3119 3100 3122
f 3119 3122 3121
f 3120 3131 3106
f 3106 3119 3121
f 3110 3120 3106
f 3123 3127 3129
f 3123 3129 3115
f 3125 3090 3124
f 3124 3123 3115
f 3124 3115 3126
f 3136 3125 3124
f 3129 3128 3131
f 3131 3120 3112
f 3131 3112 3143
f 3130 3129 3131
f 3076 3134 3069
f 3069 3098 3132
f 3069 3132 3078
f 3077 3076 3069
f 3135 3125 3136
f 3122 3064 3072
f 3139 3121 3072
f 3137 3080 3136
f 3111 3139 3074
f 3142 3137 3138
f 3113 3111 3075
f 3114 3141 3079
f 3143 3113 3140
f 3141 3143 3077
f 3146 3145 3144
f 3148 3161 3234
f 3219 3166 3152
f 3152 3151 3153
f 3155 3177 3172
f 3172 3170 3157
f 3158 3164 3160
f 3160 3156 3157
f 3159 3158 3160
f 3148 3160 3164
f 3164 3163 3162
f 3162 3161 3148
f 3165 3158 3159
f 3166 3150 3054
f 3169 3168 3159
f 3152 3166 3167
f 3171 3169 3170
f 3151 3152 3173
f 3172 3177 3175
f 3154 3151 3174
f 3177 3154 3176
f 3179 3180 3178
f 3182 3181 3180
f 3184 3183 3193
f 3186 3190 3189
f 3189 3188 3196
f 3187 3186 3189
f 3191 3195 3194
f 3194 3193 3183
f 3192 3191 3194
f 3206 3196 3188
f 3199 3198 1600
f 3205 3202 3200
f 3202 3205 3204
f 3204 3208 3203
f 3203 3208 3207
f 3207 3206 3197
f 3209 3194 3195
f 3213 3212 3211
f 1630 1631 3216
f 3216 3214 3211
f 3215 1630 3216
f 3190 3227 3228
f 3185 3217 3231
f 3218 3222 3221
f 3221 3220 3150
f 3219 3218 3221
f 3223 3225 3221
f 3221 3222 3224
f 3224 3226 3223
f 3227 3226 3224
f 3217 3230 3229
f 3234 3233 3232
f 3144 3343 3235
f 3108 3287 3299
f 3300 3238 3237
f 3240 3239 3290
f 3289 3241 3088
f 3250 3251 3245
f 3245 3272 3244
f 3244 3295 3243
f 3243 3250 3245
f 3246 3251 3250
f 3249 3248 3247
f 3246 3250 3249
f 3254 3253 3252
f 3260 3257 3256
f 3256 3252 3255
f 3258 3261 3257
f 3257 3260 3259
f 3264 3263 3262
f 3262 3268 3266
f 3269 3328 3271
f 3271 3315 3297
f 3274 3273 3244
f 3338 3292 3273
f 3276 3275 3326
f 3326 3278 3277
f 3280 3282 3281
f 3281 3311 3283
f 3280 3298 3287
f 3287 3286 3285
f 3287 3285 3277
f 3279 3280 3287
f 3285 3290 3239
f 3241 3289 3304
f 3285 3239 3241
f 3276 3285 3241
f 3241 3304 3288
f 3291 3294 3293
f 3291 3293 3312
f 3265 3292 3339
f 3339 3291 3312
f 3264 3265 3339
f 3295 3244 3270
f 3295 3270 3297
f 3296 3253 3254
f 3254 3295 3297
f 3314 3296 3254
f 3284 3305 3238
f 3284 3238 3300
f 3287 3298 3283
f 3283 3284 3300
f 3299 3287 3283
f 3270 3273 3292
f 3292 3265 3266
f 3292 3266 3267
f 3269 3270 3292
f 3301 3296 3314
f 3288 3304 3303
f 3306 3305 3284
f 3308 3310 3312
f 3312 3293 3309
f 3316 3307 3284
f 3263 3312 3310
f 3275 3288 3313
f 3321 3302 3314
f 3317 3316 3311
f 3262 3263 3318
f 3326 3275 3319
f 3322 3321 3315
f 3329 3317 3281
f 3268 3262 3323
f 3320 3325 3278
f 3271 3328 3327
f 3330 3329 3282
f 3324 3332 3331
f 3337 3267 3268
f 3324 3331 3337
f 3328 3335 3334
f 3279 3278 3325
f 3325 3336 3337
f 3331 3279 3325
f 3338 3341 3342
f 3342 3339 3292
f 3340 3294 3291
f 3343 3342 3341
f 3233 3340 3344
f 3346 3385 3345
f 3349 3348 3383
f 3347 3354 3355
f 3350 3346 3347
f 3361 3349 3351
f 3368 3369 3366
f 3353 3370 3352
f 3356 3355 3354
f 3358 3362 3363
f 3363 3361 3360
f 3359 3358 3363
f 3352 3363 3362
f 3365 3356 3357
f 3357 3367 3366
f 3420 3369 3368
f 3371 3370 3353
f 3374 3389 3373
f 3375 3386 3387
f 3376 3384 3379
f 3379 3378 3377
f 3348 3382 3381
f 3385 3384 3376
f 3386 3377 3378
f 3378 3388 3387
f 3390 3389 3374
f 3399 3392 3373
f 3403 3375 3394
f 3396 3399 3393
f 3393 2766 3398
f 3397 3396 3393
f 3400 3403 3395
f 3395 3402 3401
f 3405 3411 3404
f 2779 3407 3406
f 3409 3412 3413
f 3413 3434 3425
f 3426 3409 3413
f 3410 3414 3413
f 3413 3412 3404
f 3404 3411 3410
f 3415 3417 3423
f 3423 3416 3431
f 3433 3415 3423
f 3418 3423 3417
f 3417 3422 3421
f 3421 3420 3419
f 3419 3418 3417
f 3426 3424 3443
f 3443 3429 3427
f 3430 3446 3432
f 3432 3442 3431
f 3438 3425 3434
f 3436 3415 3433
f 3424 3425 3438
f 3440 3437 3433
f 3443 3424 3439
f 3444 3440 3442
f 3441 3448 3429
f 3445 3444 3432
f 3448 3447 3428
f 3447 3445 3446
f 3617 3615 3449
f 3451 3449 3450
f 3454 3453 3458
f 3455 3458 3457
f 3550 3547 3459
f 3463 3461 3550
f 3466 3465 3464
f 3468 3467 3466
f 3525 3472 3471
f 3471 3470 3469
f 3533 3474 3475
f 3475 3473 3526
f 3532 3533 3475
f 3474 3476 3493
f 3493 3494 3475
f 3491 3480 3479
f 3479 3478 3477
f 3258 3499 3500
f 3482 3481 3521
f 3521 3483 3508
f 3485 3484 3517
f 3517 3486 3501
f 3487 3503 3504
f 3504 3489 3488
f 3490 3492 3480
f 3480 3491 3509
f 3476 3492 3490
f 3490 3496 3493
f 3493 3496 3502
f 3502 3495 3494
f 3506 3491 3477
f 3500 3499 3498
f 3506 3477 3500
f 3482 3506 3500
f 3500 3498 3497
f 3512 3505 3504
f 3512 3504 3503
f 3496 3510 3501
f 3501 3512 3503
f 3502 3496 3501
f 3485 3510 3496
f 3490 3509 3506
f 3485 3496 3490
f 3507 3485 3490
f 3490 3506 3508
f 3497 3498 3511
f 3513 3505 3512
f 3516 3514 3512
f 3481 3497 3515
f 3520 3516 3486
f 3521 3481 3518
f 3522 3520 3517
f 3519 3524 3483
f 3523 3522 3484
f 3524 3523 3507
f 3538 3532 3526
f 3525 3469 3543
f 3538 3526 3525
f 3468 3538 3525
f 3525 3543 3544
f 3528 3527 3601
f 3529 3531 3530
f 3536 3537 3529
f 3534 3533 3532
f 3536 3530 3534
f 3546 3539 3527
f 3546 3527 3528
f 3536 3460 3459
f 3459 3546 3528
f 3537 3536 3459
f 3463 3460 3536
f 3536 3535 3538
f 3536 3538 3464
f 3462 3463 3536
f 3540 3539 3546
f 3544 3543 3542
f 3548 3541 3546
f 3467 3544 3545
f 3549 3548 3547
f 3466 3467 3551
f 3550 3461 3553
f 3465 3466 3552
f 3461 3462 3555
f 3462 3465 3554
f 3557 3577 3556
f 3579 3559 3558
f 3560 3563 3562
f 3562 3565 3561
f 3575 3564 3561
f 3580 3568 3569
f 3567 3566 3580
f 3570 3571 3569
f 3572 3571 3570
f 3564 3575 3574
f 3574 3573 4124
f 3556 3577 3576
f 3576 3563 3560
f 3566 3579 3578
f 3584 3582 3581
f 3584 3583 3587
f 3587 3586 4134
f 4134 3585 3584
f 3589 3588 3592
f 3590 3595 3594
f 3594 3593 3592
f 3591 3590 3594
f 3529 3597 3596
f 3598 3611 3612
f 3602 3601 3600
f 3604 3603 3600
f 3607 3606 3605
f 3604 3600 3607
f 3604 3605 3613
f 3608 3612 3611
f 3611 3610 3616
f 3609 3608 3611
f 3453 3454 3614
f 3616 3610 3615
f 3618 3622 3998
f 3618 3998 3999
f 3619 3618 3999
f 4002 3997 4012
f 3619 3999 4002
f 4016 3619 4002
f 4002 4012 3621
f 3620 4016 4002
f 3624 3764 3623
f 3625 3671 3672
f 3794 3631 3626
f 3648 3628 3627
f 3629 3646 3626
f 3629 3626 3631
f 3628 3630 3629
f 3629 3631 3627
f 3644 3638 3632
f 3633 3632 3638
f 3636 3635 3641
f 3638 3644 3635
f 2272 3641 3635
f 3635 3640 3639
f 3640 3635 3644
f 3644 3643 3642
f 3650 3648 3647
f 3650 3649 3651
f 3652 3654 3650
f 3802 3652 3651
f 3674 3666 3654
f 3654 3652 3653
f 3655 3661 2281
f 2281 2282 3656
f 3657 3661 3655
f 3660 3659 3658
f 3657 3655 3660
f 3662 3658 3659
f 3670 3666 3665
f 3664 3669 3670
f 3669 3668 3667
f 3665 3666 3674
f 3665 3674 3673
f 3672 3671 3665
f 3677 3676 3675
f 3677 3679 3684
f 3677 3684 3682
f 3687 3678 3677
f 3677 3682 3683
f 3680 3728 3681
f 3681 3730 3683
f 3684 3685 2428
f 3684 2428 3727
f 3680 3682 3684
f 3720 3686 3688
f 3710 3689 3688
f 3688 3678 3687
f 3714 3689 3710
f 3714 3710 3711
f 3709 3713 3715
f 3715 3714 3711
f 3708 3709 3715
f 3692 3697 3690
f 3690 3686 3720
f 3690 3720 3694
f 3691 3692 3690
f 3719 3693 3692
f 3692 3691 3696
f 3718 3719 3692
f 3694 3721 3695
f 3695 3724 3696
f 3698 3690 3697
f 3702 3701 3700
f 3704 3698 3699
f 3706 3700 3701
f 3701 3704 3705
f 3726 2410 3709
f 3709 3708 3707
f 3712 3726 3709
f 3711 3731 3732
f 3732 3729 3707
f 3713 2421 2422
f 3713 2422 3716
f 3717 3715 3713
f 3725 3722 3714
f 3717 3723 3725
f 3718 3716 2422
f 3721 3720 3689
f 3723 3716 3718
f 3695 3721 3722
f 3725 3723 3724
f 3712 3727 2428
f 3728 3727 3712
f 3731 3710 3687
f 3681 3728 3729
f 3732 3731 3730
f 3733 3735 3747
f 3747 3734 3743
f 3741 2468 2466
f 2466 3736 3740
f 3737 3741 3740
f 3740 3739 3738
f 3746 3737 3738
f 3738 3742 3745
f 3743 3746 3745
f 3745 3744 3733
f 3748 3734 3747
f 3751 3758 3766
f 3751 3750 3767
f 3767 3755 3754
f 3767 3754 3753
f 3752 3751 3767
f 3984 3760 3759
f 3759 3758 3751
f 3751 3752 3757
f 3751 3757 3985
f 3984 3759 3751
f 3981 3984 3751
f 3751 3985 3756
f 3753 3754 3966
f 3755 3767 3768
f 3854 3767 3750
f 3766 3765 3764
f 3854 3750 3766
f 3763 3854 3766
f 3766 3764 3624
f 3770 3769 3843
f 3783 4139 4136
f 4136 3772 3771
f 3773 3778 3777
f 3773 3777 3776
f 3781 3774 3773
f 3775 3780 3781
f 3773 3776 3775
f 3781 3780 3779
f 3784 3783 3771
f 3787 2765 3786
f 3789 3790 3793
f 3793 3792 3834
f 3793 3834 3835
f 3798 3789 3793
f 3795 3797 3794
f 3789 3798 3797
f 3836 3837 3829
f 3803 3799 3836
f 3800 3831 3828
f 3828 3838 3801
f 3802 3805 3804
f 3804 3799 3803
f 3807 3806 3810
f 3810 3822 3809
f 3812 3811 3813
f 3653 3813 3818
f 3818 3673 3674
f 3653 3802 3803
f 3803 3808 3809
f 3803 3809 3826
f 3812 3653 3803
f 3817 3830 3814
f 3819 3816 3672
f 3806 3817 3815
f 3821 3819 3818
f 3810 3806 3820
f 3825 3821 3813
f 3824 3823 3822
f 3827 3825 3811
f 3823 3827 3826
f 3828 3831 3830
f 3828 3830 3817
f 3808 3803 3829
f 3829 3828 3817
f 3807 3808 3829
f 3834 3833 3832
f 3833 3837 3836
f 3839 3801 3838
f 3843 3842 3841
f 3841 3842 4159
f 3846 3850 3849
f 3849 3848 3847
f 3847 3848 3887
f 3851 3896 3897
f 3900 3853 3866
f 3866 3864 3852
f 3763 3874 3878
f 3878 3856 3855
f 3869 3857 3859
f 3859 3861 3860
f 3862 3762 3768
f 3768 3867 3863
f 3864 3866 3885
f 3885 3886 3865
f 3885 3866 3853
f 3851 3868 3863
f 3885 3853 3851
f 3851 3863 3867
f 3869 3858 3867
f 3867 3768 3854
f 3867 3854 3855
f 3884 3869 3867
f 3872 3871 3870
f 3874 3624 3873
f 3877 3876 3870
f 3878 3874 3875
f 3881 3877 3861
f 3856 3878 3879
f 3859 3857 3880
f 3884 3856 3882
f 3857 3884 3883
f 3870 3871 3886
f 3885 3867 3858
f 3870 3886 3885
f 3885 3858 3860
f 3887 3891 3890
f 3889 3888 3887
f 3890 3891 3893
f 3893 3898 3899
f 3899 3892 3890
f 3896 3895 3894
f 3852 3899 3898
f 3903 3902 3901
f 3913 3905 3909
f 3908 3903 3904
f 3906 3909 3905
f 3905 3908 3907
f 3916 3912 3911
f 3914 3910 3913
f 3916 3910 3914
f 3921 3919 3920
f 3923 3922 3921
f 3926 3925 3924
f 3928 3927 3926
f 3931 3934 3929
f 3931 3929 3924
f 3923 3932 3931
f 3931 3924 3933
f 3936 3935 3939
f 3939 3938 3937
f 3938 3946 3941
f 3945 3943 3942
f 3946 3945 3944
f 3949 3948 4043
f 3951 3950 4083
f 3953 3961 3956
f 3957 3956 3955
f 3958 4037 3960
f 3963 3959 3958
f 3961 3963 3960
f 3962 3956 3961
f 3956 3962 3964
f 3965 3761 3966
f 3966 3990 4030
f 3967 3974 3973
f 3967 3973 3972
f 3970 3969 3968
f 3968 3967 3972
f 3976 3971 4032
f 3968 3972 3976
f 4032 3970 3968
f 3972 3975 3977
f 3977 3979 3978
f 3986 3980 3983
f 3983 3982 3981
f 3985 3971 3976
f 3985 3976 3978
f 3986 3756 3985
f 3985 3978 3987
f 3971 3985 3757
f 3988 4031 4032
f 3971 3757 3988
f 3989 3992 4034
f 3991 3994 3993
f 3993 3992 3989
f 3995 3997 4002
f 3995 4002 3996
f 4006 4007 3995
f 3995 3996 4003
f 3999 4001 4000
f 4000 4004 3996
f 4006 4005 4009
f 4009 4011 4008
f 4012 3997 3995
f 3621 4015 4024
f 3621 4024 4022
f 4014 3620 3621
f 3621 4022 4020
f 4018 4017 4016
f 4014 4019 4018
f 4023 4021 4022
f 4027 4025 4023
f 4013 3995 4007
f 4013 4007 4008
f 4024 4015 4013
f 4027 4024 4013
f 4013 4008 4010
f 4010 4029 4028
f 4026 4027 4013
f 4010 4028 4026
f 3990 4034 4036
f 4036 4033 3970
f 4036 3970 4032
f 4030 3990 4036
f 4036 4032 4031
f 3969 3970 4033
f 4035 4033 4037
f 4037 4033 4036
f 3957 4042 4041
f 4043 4040 3957
f 3911 3912 4051
f 4051 4048 4047
f 4049 4052 4048
f 4048 4051 4050
f 4055 4054 4053
f 4061 4060 4059
f 4063 4065 4062
f 4068 4072 4075
f 4075 4079 4071
f 4071 4070 4069
f 4069 4068 4075
f 4081 4085 4084
f 4083 4082 4081
f 4086 4089 4088
f 4088 4085 4087
f 4090 4093 4092
f 4092 4091 4086
f 4370 4097 4096
f 4096 4095 4094
f 3850 4098 4100
f 4100 4098 4099
f 4440 4104 4214
f 4214 4103 4439
f 4105 4148 4106
f 4106 4113 4114
f 4108 4107 4184
f 4184 4110 4109
f 4111 4187 4185
f 4185 4183 4116
f 4112 4118 4119
f 4112 4119 4109
f 4114 4113 4112
f 4117 4114 4112
f 4112 4109 4189
f 4111 4117 4112
f 4114 4117 4116
f 4179 4115 4105
f 4114 4116 4179
f 4199 4200 4173
f 4199 4173 4174
f 4119 4118 4199
f 4199 4174 4108
f 4120 4122 4146
f 4146 4121 4150
f 3573 4130 4133
f 4133 4131 4124
f 4126 4132 4129
f 4129 4128 4127
f 4129 4132 4133
f 4132 4126 4131
f 4135 4141 4134
f 4138 4137 4136
f 4137 4138 4143
f 4142 4141 4135
f 4137 4143 4142
f 4142 4135 4140
f 3590 4145 4144
f 4147 4121 4146
f 4106 4148 4147
f 4151 4150 4121
f 4148 4105 4151
f 4152 3769 3770
f 4154 4157 4168
f 4168 4156 4155
f 4155 4156 4160
f 4160 3845 4159
f 4159 4158 4155
f 4177 4180 4161
f 4161 4188 4162
f 4165 4163 4186
f 4186 4182 4167
f 4165 4166 4172
f 4171 4170 4169
f 4165 4172 4171
f 4164 4165 4171
f 4171 4169 4162
f 4173 4192 4181
f 4175 4115 4179
f 4169 4168 4157
f 4157 4178 4175
f 4157 4175 4176
f 4177 4169 4157
f 4176 4179 4183
f 4107 4174 4181
f 4180 4183 4185
f 4184 4107 4182
f 4185 4187 4188
f 4110 4184 4186
f 4187 4189 4164
f 4189 4110 4163
f 4172 4191 4195
f 4181 4192 4191
f 4191 4172 4166
f 4167 4181 4191
f 3902 4194 4193
f 4190 4195 4213
f 4199 4198 4197
f 3452 3450 4203
f 4201 4205 4204
f 4204 4203 4202
f 4201 4197 4198
f 4206 4420 4208
f 4208 4209 4207
f 4210 4207 4209
f 4231 4196 4213
f 4212 4219 4231
f 4214 4227 4216
f 4215 4103 4214
f 4227 4217 4223
f 4223 4224 4216
f 4222 4230 4231
f 4231 4219 4218
f 4218 4221 4220
f 4225 4224 4223
f 4233 4318 4232
f 4237 4236 4235
f 4236 4242 4241
f 4241 4240 4239
f 4240 4241 4245
f 4245 4246 4244
f 4243 4240 4245
f 4249 4248 4247
f 4252 4251 4250
f 4252 4256 4255
f 4254 4052 4049
f 4252 4255 4254
f 4254 4049 4253
f 4259 4258 4257
f 4056 4264 4263
f 4267 4266 4262
f 4268 4274 4273
f 4273 4272 4271
f 4271 4270 4269
f 4269 4268 4273
f 4277 4282 4281
f 4280 4279 4278
f 4277 4281 4280
f 4247 4281 4286
f 4290 4289 4288
f 4299 4298 4297
f 4303 4306 4302
f 4312 4311 4310
f 4314 4318 4333
f 4314 4333 4317
f 4316 4315 4314
f 4248 4249 4322
f 4248 4322 4321
f 4320 4319 4248
f 4325 4331 4330
f 4330 4329 4328
f 4330 4328 4327
f 4326 4325 4330
f 4334 4333 4332
f 4338 4337 4336
f 4342 4341 4340
f 4346 4345 4344
f 4349 4348 4347
f 4353 4352 4351
f 4357 4356 4355
f 4395 4360 4359
f 4402 4363 4362
f 4367 4366 4365
f 4371 4097 4370
f 4369 4373 4372
f 4101 4099 4374
f 4377 4374 4376
f 4380 4379 4378
f 4385 4382 4338
f 4386 4385 4384
f 4389 4388 4381
f 4392 4386 4391
f 4395 4394 4390
f 4401 4392 4397
f 4399 4398 4404
f 4403 4401 4357
f 4398 4403 4402
f 4406 4405 4233
f 4406 4411 4410
f 4409 4408 4415
f 4406 4410 4409
f 4414 4413 4412
f 4408 4418 4417
f 4416 4415 4408
f 4420 4206 4419
f 4421 4419 4424
f 4422 4424 4423
f 4426 4431 4441
f 4441 4428 4427
f 4426 4430 4429
f 4441 4434 4433
f 4433 4432 4428
f 4435 4432 4433
f 4439 4438 4437
f 4448 4443 4445
f 4452 4450 4449
f 4449 4448 4447
f 4447 4446 4452
f 4446 4451 4455
f 4453 4449 4450
f 4450 4455 4454
f 4454 4445 4453
f 4457 4456 4447
f 4459 4469 4458
f 4467 4462 4461
f 4467 4466 4465
f 4471 4473 4472
f 4472 4474 4475
f 4479 4482 4481
f 4481 4480 4473
f 4483 4486 4474
f 4474 4485 4480
f 4480 4484 4483
f 4475 4489 4488
f 4488 4482 4471
f 4492 4500 4491
f 4495 4492 4494
f 4499 4493 4498
f 4502 4506 4505
f 4504 4503 4502
f 4509 4508 4507
f 4509 4512 4511
f 4511 4517 4510
f 4513 4517 4511
f 4511 4516 4515
f 4514 4513 4511
f 4525 4519 4518
f 4521 4525 4524
f 4524 4523 4522
f 4528 4527 4526
f 4532 4531 4530
f 4536 4535 4534
f 4540 4539 4538
f 4544 4543 4542
f 4546 4550 4549
f 4549 4548 4547
f 4553 4552 4551
f 4555 4598 4592
f 4592 4589 4557
f 4556 4555 4592
f 4560 4559 4558
f 4562 4565 4564
f 4566 4563 4562
f 4564 4570 4569
f 4569 4568 4567
f 4567 4566 4564
f 4571 4575 4574
f 4574 4573 4572
f 4578 4577 4576
f 4582 4581 4580
f 4591 4590 4589
f 4595 4594 4593
f 4598 4597 4591
f 4604 4603 4602
f 4606 4610 4609
f 4609 4608 4607
f 4613 4612 4611
f 4617 4616 4615
f 4623 4622 4621
f 4627 4626 4625
f 4631 4630 4629
f 4635 4634 4633
f 4639 4638 4637
f 4643 4642 4641
f 4645 4649 4648
f 4647 4646 4645
f 4652 4651 4650
f 4656 4655 4654
f 4660 4659 4658
f 4664 4663 4662
f 4668 4667 4666
f 4672 4671 4670
f 4676 4675 4674
f 4680 4679 4678
f 4684 4683 4682
f 4688 4687 4686
f 4692 4690 4693
f 4687 4692 4691
f 4690 4688 4689
f 4694 4682 4683
f 4683 4696 4695
f 4711 4699 4698
f 4697 4710 4711
f 4701 5242 4700
f 4702 4705 4704
f 4704 5010 4703
f 4708 4707 4706
f 4710 4715 4716
f 4712 4716 4715
f 4714 4713 4712
f 4717 4721 4720
f 4720 4719 4718
f 4718 5012 4717
f 4728 4724 4717
f 4717 4723 4722
f 4727 4726 4725
f 4730 4729 4737
f 4732 4735 4736
f 4736 4734 4733
f 4729 4734 4736
f 5252 5253 4749
f 4740 4739 5058
f 4744 4748 4743
f 4747 4746 4745
f 4835 4830 4742
f 4749 4739 4752
f 4752 4751 4750
f 4755 4754 4753
f 4759 4758 4757
f 4788 4762 4761
f 4769 4766 4790
f 4765 4764 4769
f 4769 4768 4767
f 5265 4771 4789
f 4781 4770 4772
f 4775 5265 4774
f 4777 4780 4779
f 4779 4767 4778
f 4783 4781 4773
f 4783 4787 4786
f 4786 4785 4784
f 4771 4788 4763
f 4791 4790 4766
f 4794 5276 4793
f 4798 4797 4796
f 4802 4801 4800
f 4805 4804 4812
f 4807 4812 4811
f 4810 4809 4808
f 4807 4811 4810
f 4813 4818 4820
f 4815 4814 4818
f 4814 4817 4816
f 4818 4816 4819
f 4821 4815 4813
f 4824 4813 4823
f 4827 4826 4839
f 4829 4833 4834
f 4830 4835 4834
f 4834 4833 4832
f 4831 4830 4834
f 4838 4837 4836
f 4837 4841 4840
f 4844 4843 4842
f 4891 4848 4847
f 4847 4846 4845
f 4850 4863 4849
f 4857 4849 4863
f 4863 4853 4852
f 4854 4857 4852
f 4852 4856 4855
f 4858 4862 4861
f 4861 4860 4859
f 4863 4858 4859
f 4859 4864 4853
f 4865 4868 4867
f 4867 4866 4872
f 4869 4865 4872
f 4872 4871 4870
f 4898 4873 4890
f 4876 4875 4874
f 4880 4879 4878
f 4882 4885 4884
f 4884 4883 4876
f 4886 4890 4873
f 4873 4889 4888
f 4887 4886 4873
f 4845 4895 4896
f 4892 4896 4895
f 4895 4894 4893
f 4897 4902 4901
f 4901 4900 4899
f 4899 4898 4897
f 4906 4904 4903
f 4907 4906 4905
f 4915 4912 4911
f 4911 4910 4909
f 4914 4915 4911
f 4915 4914 4913
f 4917 4915 4916
f 4919 4911 4912
f 4909 4910 4922
f 4914 4924 4923
f 4925 4927 4930
f 5171 4926 4925
f 5171 4930 4929
f 4929 4928 5170
f 4934 4932 4931
f 4935 4934 4933
f 4938 4937 4958
f 4955 4941 4940
f 4945 4944 4943
f 4944 4950 4947
f 4950 4949 4948
f 4953 4952 4951
f 4944 4951 4952
f 4952 4955 4942
f 4950 4944 4952
f 4937 4957 4956
f 5315 4962 4961
f 4961 4960 4959
f 4962 4965 4964
f 4964 4963 4961
f 4967 4966 5206
f 5223 4972 4968
f 4970 4968 4972
f 4972 4971 4967
f 4981 4974 4973
f 4978 4977 4976
f 4982 4981 4980
f 4985 4984 4983
f 4685 4988 4987
f 4990 4989 4995
f 4992 4995 4989
f 4989 4994 4993
f 4996 5239 4998
f 4998 4997 5002
f 4999 5004 5003
f 5003 5002 5001
f 5001 5000 4999
f 5007 5006 5005
f 5010 5009 5008
f 5012 4718 5016
f 5016 5015 5014
f 5014 5013 5012
f 5017 5020 5014
f 5019 5018 5017
f 5021 5017 5018
f 5018 5023 5022
f 5026 5025 5024
f 5030 5029 5028
f 5033 5032 5031
f 5042 5039 5038
f 5038 5037 5036
f 5036 5035 5042
f 5035 5041 5040
f 5043 5046 5250
f 5045 5044 5043
f 5048 5053 5047
f 5051 5050 5049
f 5053 5051 5052
f 5054 5058 4745
f 4745 5057 5056
f 5055 5054 4745
f 5253 5062 5061
f 5061 5060 5059
f 5063 5066 5065
f 5064 5069 5079
f 5063 5065 5064
f 5067 5079 5069
f 5069 5068 4758
f 5074 5072 5070
f 5070 5072 5071
f 5075 5074 5073
f 5077 5076 5267
f 5272 5274 5084
f 5272 5084 5081
f 5063 5079 5272
f 5272 5081 5080
f 5082 5084 5083
f 5083 5094 5089
f 4768 5090 5086
f 5086 5270 5085
f 5087 5090 4790
f 4790 5082 5089
f 5089 5088 5087
f 5092 5091 5078
f 5095 5094 5093
f 5097 5102 5279
f 5098 5097 5096
f 5100 5279 5102
f 4838 5101 5100
f 5280 5103 5061
f 5280 5281 5105
f 5105 4842 5103
f 5107 5115 5106
f 5108 5111 5110
f 5110 5109 5107
f 5112 5106 5115
f 5115 5114 5113
f 5131 5117 5116
f 5120 5119 5135
f 5121 5124 5123
f 5123 5122 5120
f 5125 5129 5124
f 5124 5128 5127
f 5126 5125 5124
f 5130 5135 5134
f 5134 5133 5132
f 5131 5130 5134
f 5289 5141 5140
f 5139 5138 5137
f 5289 5140 5139
f 5139 5137 5136
f 5141 5286 5143
f 5143 5142 5140
f 4685 5145 5298
f 5298 5144 4684
f 5146 5151 5147
f 5148 5147 5154
f 5153 5147 5151
f 5151 5150 5149
f 5147 5153 5152
f 5293 5158 5297
f 5297 5169 5161
f 5296 5159 5157
f 5157 5163 5156
f 5155 5296 5157
f 5159 5158 5293
f 5161 5160 5292
f 5162 5164 5163
f 5163 5157 5294
f 5295 5168 5167
f 5166 5165 5295
f 5160 5168 5295
f 5170 5169 5297
f 5298 5299 5173
f 5172 5144 5298
f 5043 5173 5299
f 5174 5177 5185
f 5176 5175 5174
f 5178 5182 5181
f 5181 5180 5179
f 5181 5184 5300
f 5300 5183 5180
f 5177 5178 5179
f 5186 5185 5177
f 5187 5189 5200
f 5303 5304 5187
f 5190 5189 5187
f 5304 5302 5193
f 5192 5191 5187
f 5304 5193 5192
f 5196 5195 5194
f 5301 5199 5204
f 5204 5194 5198
f 5197 5301 5204
f 5200 5201 5202
f 5188 5202 5203
f 5202 5201 5196
f 5199 5203 5202
f 5311 5222 4969
f 5228 5311 5206
f 5206 4966 5205
f 5210 5305 5208
f 5207 5209 5210
f 5210 5209 5213
f 5214 5213 5212
f 5221 5218 5217
f 5216 5215 5221
f 5215 5220 5219
f 5222 5312 5224
f 5224 5223 4969
f 5226 5224 5312
f 5225 5228 5205
f 5205 5227 5226
f 5313 5314 5231
f 5231 5230 5229
f 5317 5232 5231
f 4959 5233 5318
f 5317 5318 5233
f 5234 5232 5317
f 4995 4992 5235
f 4708 5237 5236
f 5238 5241 4704
f 4704 5240 5239
f 5007 5243 5242
f 4703 5008 5007
f 5245 5031 5244
f 5017 5021 4727
f 4727 5012 5013
f 5247 5022 4726
f 5042 5040 5249
f 4987 5250 5046
f 5251 5047 5052
f 5253 5252 5282
f 5256 5255 5073
f 5258 4791 5261
f 5260 5259 5258
f 5263 4768 5262
f 4775 5264 4771
f 5266 5264 5066
f 5066 5063 4788
f 5269 5268 5267
f 5272 5079 5271
f 5274 5272 5278
f 5278 5277 5276
f 5275 5274 5278
f 5279 5100 5099
f 5282 5281 5280
f 5106 5112 5111
f 5135 5284 5128
f 5124 5121 5135
f 5285 5289 5288
f 5288 5287 5286
f 5154 5152 5290
f 5292 5295 5165
f 5165 5294 5157
f 5157 5293 5292
f 4926 5171 5297
f 4926 5297 5158
f 5159 5296 4926
f 5046 5299 5298
f 5174 5300 5184
f 5182 5178 5177
f 5174 5184 5182
f 5303 5199 5301
f 5305 5210 5214
f 5214 5211 5306
f 5221 5219 5310
f 5310 5309 5308
f 5228 5225 5312
f 5312 5222 5311
f 5315 5314 5313
f 5318 5317 5314
f 5319 5329 5328
f 5328 5327 5326
f 5326 5325 5324
f 5324 5323 5322
f 5322 5321 5320
f 5320 5319 5328
f 5328 5326 5324
f 5324 5322 5320
f 5330 5340 5339
f 5339 5338 5337
f 5337 5336 5335
f 5335 5334 5333
f 5333 5332 5331
f 5331 5330 5339
f 5339 5337 5335
f 5335 5333 5331
f 5341 5351 5350
f 5350 5349 5348
f 5348 5347 5346
f 5346 5345 5344
f 5344 5343 5342
f 5342 5341 5350
f 5350 5348 5346
f 5346 5344 5342
f 5360 5352 5355
f 5353 5359 5358
f 5358 5357 5356
f 5356 5355 5354
f 5354 5353 5358
f 5360 5365 5364
f 5364 5363 5362
f 5362 5361 5352
f 5352 5360 5364
f 5366 5373 5372
f 5372 5371 5370
f 5370 5369 5368
f 5368 5367 5366
f 5366 5372 5370
f 5383 5380 5379
f 5379 5378 5377
f 5377 5376 5375
f 5375 5374 5383
f 5383 5379 5377
f 5381 5386 5385
f 5385 5384 5380
f 5380 5383 5382
f 5382 5381 5385
f 5367 5368 5391
f 5391 5390 5389
f 5389 5388 5387
f 5387 5367 5391
f 5392 5396 5395
f 5395 5394 5413
f 5413 5414 5393
f 5393 5392 5395
f 5405 5401 5400
f 5400 5399 5398
f 5398 5397 5404
f 5404 5405 5400
f 5405 5404 5403
f 5406 5412 5411
f 5411 5410 5409
f 5409 5408 5407
f 5407 5406 5411
f 5406 5407 5414
f 5417 5418 5416
f 5417 5423 5422
f 5422 5421 5420
f 5420 5419 5418
f 5418 5417 5422
f 5424 5434 5433
f 5433 5432 5431
f 5431 5430 5429
f 5429 5428 5427
f 5427 5426 5425
f 5425 5424 5433
f 5433 5431 5429
f 5429 5427 5425
f 5435 5438 5437
f 5437 5436 5439
f 5439 5436 5447
f 5447 5446 5445
f 5445 5444 5443
f 5443 5442 5441
f 5441 5440 5439
f 5439 5447 5445
f 5445 5443 5441
f 5448 5452 5451
f 5451 5450 5458
f 5458 5459 5449
f 5449 5448 5451
f 5469 5457 5456
f 5456 5455 5454
f 5454 5453 5468
f 5468 5469 5456
f 5563 5459 5458
f 5461 5466 5465
f 5465 5464 5467
f 5467 5463 5462
f 5462 5461 5465
f 5468 5463 5467
f 5470 5480 5479
f 5479 5478 5477
f 5477 5476 5475
f 5475 5474 5473
f 5473 5472 5471
f 5471 5470 5479
f 5479 5477 5475
f 5475 5473 5471
f 5481 5491 5490
f 5490 5489 5488
f 5488 5487 5486
f 5486 5485 5484
f 5484 5483 5482
f 5482 5481 5490
f 5490 5488 5486
f 5486 5484 5482
f 5492 5502 5501
f 5501 5500 5499
f 5499 5498 5497
f 5497 5496 5495
f 5495 5494 5493
f 5493 5492 5501
f 5501 5499 5497
f 5497 5495 5493
f 5503 5513 5512
f 5512 5511 5510
f 5510 5509 5508
f 5508 5507 5506
f 5506 5505 5504
f 5504 5503 5512
f 5512 5510 5508
f 5508 5506 5504
f 5514 5520 5519
f 5519 5518 5517
f 5517 5516 5515
f 5515 5514 5519
f 5521 5531 5530
f 5530 5529 5528
f 5528 5527 5526
f 5526 5525 5524
f 5524 5523 5522
f 5522 5521 5530
f 5530 5528 5526
f 5526 5524 5522
f 5532 5542 5541
f 5541 5540 5539
f 5539 5538 5537
f 5537 5536 5535
f 5535 5534 5533
f 5533 5532 5541
f 5541 5539 5537
f 5537 5535 5533
f 5543 5549 5548
f 5548 5547 5546
f 5546 5545 5544
f 5544 5543 5548
f 5550 5562 5561
f 5561 5560 5559
f 5559 5558 5557
f 5557 5556 5555
f 5554 5553 5552
f 5557 5555 5554
f 5561 5559 5557
f 5551 5550 5561
f 5554 5552 5551
f 5561 5557 5554
f 5460 5568 5567
f 5567 5566 5565
f 5565 5564 5563
f 5563 5460 5567
f 7575 5569 5572
f 6754 5573 5572
f 5571 5570 6754
f 5574 5579 6561
f 6561 5578 6549
f 6561 6549 5577
f 5575 5574 6561
f 6561 5577 5576
f 5581 5580 5607
f 5583 5586 5585
f 5585 5588 5584
f 5587 5593 5589
f 5589 5584 5588
f 5589 5593 5592
f 5592 5591 5590
f 5590 5591 5595
f 5595 5594 5691
f 5597 5602 5596
f 5598 5613 5614
f 5600 5606 5604
f 5597 5605 5604
f 5603 5602 5597
f 5586 5583 5606
f 5609 5608 5607
f 5613 5612 5611
f 5615 5643 5644
f 5619 5623 5622
f 5622 5621 5732
f 5732 5620 5619
f 5624 5630 5629
f 5628 5627 5626
f 5624 5629 5628
f 5626 5625 5624
f 5627 5632 5631
f 5742 5743 5635
f 5635 5629 5634
f 5638 5637 5636
f 5645 5625 5626
f 5643 5642 5641
f 5646 5645 5640
f 5632 5651 5650
f 5650 5649 5648
f 5651 5652 5654
f 5655 5654 5652
f 5682 5659 5670
f 5682 5670 5658
f 5657 5684 5682
f 5660 5664 5663
f 5663 5662 5661
f 5665 5668 5664
f 5667 5666 5665
f 5669 5674 5672
f 5671 5670 5669
f 5674 5681 5673
f 5676 5679 5675
f 5675 5677 5680
f 5676 5580 5581
f 5681 5680 5677
f 5685 5683 5682
f 5910 5686 5685
f 5953 5954 5690
f 5690 5689 5688
f 5688 5687 5953
f 5691 5594 5693
f 5693 5700 5692
f 5696 5695 5694
f 5698 5699 5694
f 5694 5701 5702
f 5701 5692 5700
f 5705 5704 5703
f 5706 5711 5710
f 5709 5708 5707
f 5706 5710 5709
f 5783 5715 5716
f 5716 5713 5724
f 5712 5783 5716
f 5717 5716 5715
f 5720 5722 5719
f 5721 5724 5713
f 5713 5723 5722
f 5725 5731 5727
f 5727 5737 5726
f 5728 5731 5730
f 5730 5729 5756
f 5734 5733 5732
f 5736 5734 5738
f 5738 5726 5737
f 5747 5740 5739
f 5750 5745 5744
f 5744 5743 5742
f 5746 5751 5750
f 5746 5750 5749
f 5748 5747 5746
f 5740 5886 5754
f 5753 5752 5740
f 5758 5756 5755
f 5896 5758 5757
f 5760 5776 5777
f 5764 5763 5762
f 5768 5767 5766
f 5721 5771 5770
f 5773 5775 5772
f 5772 5770 5774
f 5777 5776 5779
f 5780 5779 5778
f 5783 5782 5785
f 5786 5785 5781
f 5787 5790 5789
f 5789 5806 5788
f 5795 5793 5790
f 5790 5787 5792
f 5791 5795 5790
f 6783 6784 5793
f 5793 5795 5794
f 5799 5797 5796
f 5799 5798 5803
f 5802 5801 5800
f 5799 5803 5802
f 5805 5804 5707
f 5789 5800 5801
f 5843 5809 5808
f 5808 5807 5814
f 5812 5814 5807
f 5807 5810 5813
f 5811 5810 5815
f 5815 5808 5809
f 5817 5819 5818
f 5818 5839 5840
f 5827 5818 5819
f 5822 5778 5821
f 5828 5825 5824
f 5824 5823 5821
f 5826 5825 5828
f 5828 5827 5820
f 5830 5829 5786
f 5832 5833 5829
f 5812 5834 5833
f 5836 5838 5835
f 5837 5840 5839
f 5839 5838 5836
f 5842 5844 5841
f 5844 5842 5847
f 5847 5846 5845
f 5849 5835 5848
f 5857 5854 5853
f 5853 5852 5851
f 6017 5859 5858
f 5858 5857 5856
f 5855 6017 5858
f 5864 5863 5862
f 5862 5861 5860
f 6022 6023 5867
f 6022 5867 5866
f 5863 5864 6022
f 6022 5866 5865
f 5870 5869 5868
f 5879 5876 5875
f 5875 5874 5873
f 5872 5879 5875
f 5877 5882 5881
f 5881 5880 5879
f 5878 5877 5881
f 5754 5886 5885
f 5885 5884 5883
f 5884 5885 5888
f 5888 5875 5887
f 5891 5890 5889
f 5890 5891 5895
f 5895 5894 5893
f 5898 5897 5896
f 5900 5898 5892
f 5892 5904 5903
f 5892 5903 5902
f 5901 5900 5892
f 5906 5914 5905
f 5910 5909 5908
f 5908 5913 5911
f 5914 5911 5913
f 5919 5918 5917
f 5920 5933 5926
f 5923 5922 5931
f 5927 5869 5870
f 5926 5923 5925
f 5938 5927 5924
f 5922 5930 5929
f 5934 5933 5932
f 5930 5917 5936
f 5928 5934 5935
f 5945 5940 5775
f 5775 5773 5939
f 5941 5940 5945
f 5941 5945 5944
f 5943 5942 5941
f 5941 5946 5949
f 5949 5948 6035
f 5947 5941 5949
f 5964 5950 5955
f 5953 5952 5951
f 5957 5956 5955
f 5961 5960 5959
f 6011 5964 5963
f 5966 5965 5994
f 5969 5968 5967
f 5973 5972 5971
f 5977 5976 5975
f 5980 5979 5971
f 5983 5982 5981
f 5992 5985 5984
f 5982 5976 5977
f 5989 5988 5987
f 5991 5990 5996
f 5988 5992 5986
f 5990 5995 5994
f 5999 5998 5997
f 5958 6000 6010
f 6007 6003 6002
f 6002 6006 6005
f 6009 6008 6007
f 6006 5998 5999
f 5962 6015 6016
f 6013 6012 6185
f 6015 6012 6013
f 5859 6017 6020
f 6020 6146 6019
f 6023 6022 6021
f 6025 6024 6021
f 6021 6169 6030
f 6021 6030 6029
f 6026 6025 6021
f 6027 6026 6021
f 6021 6029 6028
f 6033 6032 6031
f 6034 6031 6149
f 6035 5948 6037
f 6037 6036 6038
f 6038 6036 6044
f 6038 6044 6043
f 6041 6040 6039
f 6039 6038 6043
f 6042 6041 6039
f 6045 6071 6057
f 6046 6045 6049
f 6051 6055 6054
f 6054 6053 6052
f 6055 6057 6071
f 6071 6056 6054
f 6059 6048 6058
f 6062 6024 6061
f 6066 6065 6064
f 6069 6068 6050
f 6072 6056 6071
f 6074 6077 6073
f 6077 6072 6076
f 6080 6079 6078
f 6082 6084 6081
f 6081 6078 6083
f 6980 6086 6089
f 6095 6091 5846
f 6091 6095 6094
f 6094 6093 6092
f 6981 6093 6094
f 6101 6098 6097
f 6100 6099 6104
f 6102 6098 6101
f 6986 6983 6102
f 6987 6105 6104
f 6107 6112 6110
f 6110 6109 6108
f 6111 7043 6110
f 6113 6117 6116
f 6116 6115 6114
f 6192 6120 6121
f 6184 6182 6119
f 6119 6121 6120
f 6126 6125 6124
f 6124 6136 6123
f 6126 6123 6129
f 6128 6127 6126
f 6129 6123 6136
f 6136 6135 6189
f 6136 6189 6134
f 6130 6129 6136
f 6131 6130 6136
f 6136 6134 6133
f 6132 6131 6136
f 6139 6138 6137
f 6142 6143 6084
f 6084 6082 6140
f 6148 6143 6142
f 6141 6147 6148
f 6145 6144 6114
f 6145 6019 6146
f 6147 6137 6138
f 6150 6149 6152
f 6152 6151 6155
f 6155 6154 6156
f 7062 6159 6158
f 6160 6164 6163
f 6162 6161 6160
f 6163 6164 6166
f 6166 7076 6165
f 6172 6167 6177
f 6170 6030 6169
f 6180 6172 6168
f 6175 6174 6181
f 6178 6177 6167
f 6174 6180 6173
f 6183 6186 6182
f 6185 6187 6188
f 6187 6186 6183
f 6191 6190 6189
f 6451 6449 6192
f 6194 6193 6307
f 6419 6202 6203
f 6203 6201 6200
f 6203 6200 6199
f 6198 6419 6203
f 6205 6211 6210
f 6205 6210 6209
f 6207 6206 6205
f 6205 6209 6208
f 6221 6219 6215
f 6217 6216 6201
f 6323 6220 6219
f 6222 6226 6225
f 6224 6223 6222
f 6227 6229 6239
f 6239 6228 6242
f 6231 6230 6240
f 6233 6232 6231
f 6237 6236 6235
f 6230 6228 6239
f 6245 6243 6242
f 6247 6244 6245
f 6248 6309 6247
f 6251 6250 6249
f 6255 6254 6253
f 6259 6258 6257
f 6262 6257 6261
f 6266 6265 6264
f 6270 6269 6268
f 6274 6273 6272
f 6276 6280 6279
f 6279 6297 6278
f 6277 6276 6279
f 6283 6282 6281
f 6285 6289 6288
f 6288 6287 6286
f 6290 6295 6294
f 6290 6294 6293
f 6292 6291 6290
f 6298 6297 6296
f 6291 6301 6300
f 6303 6308 6307
f 6307 6306 6305
f 6304 6303 6307
f 6309 6248 6313
f 6313 6312 6311
f 6310 6309 6313
f 6314 6318 6317
f 6316 6315 6319
f 6314 6317 6316
f 6315 6321 6322
f 6220 6323 6322
f 6322 6321 6320
f 6324 6327 6328
f 6326 6325 6324
f 6328 6327 6331
f 6331 6330 6329
f 6332 6337 6336
f 6336 6335 6334
f 6333 6332 6336
f 6338 6342 6341
f 6341 6340 6339
f 6345 6344 6343
f 6348 6347 6294
f 6276 6351 6350
f 6355 6354 6353
f 6359 6358 6357
f 6361 6365 6364
f 6364 6363 6362
f 6366 6369 6368
f 6368 6367 6545
f 6372 6371 6370
f 6377 6374 6378
f 6376 6375 6374
f 6370 6381 6380
f 6384 6383 6382
f 6386 6389 6388
f 6388 6387 6408
f 6395 6392 6391
f 6390 6405 6395
f 6405 6394 6393
f 6398 6397 6396
f 6401 6400 6399
f 6404 6403 6406
f 6407 6406 6405
f 6408 6387 6410
f 6410 6409 6411
f 6411 6417 6416
f 6411 6416 6415
f 6413 6412 6411
f 6411 6415 6414
f 6418 6422 6421
f 6421 6420 6419
f 6427 6425 6422
f 6422 6418 6424
f 6423 6427 6422
f 6425 6427 6426
f 6428 6431 6211
f 6211 6430 6429
f 6431 6433 6432
f 6432 6444 6435
f 6437 6426 6536
f 6375 6441 6440
f 6440 6439 6438
f 6443 6442 6438
f 6556 6447 6446
f 6446 6551 6552
f 6552 6445 6556
f 6591 6448 6529
f 6454 6450 6449
f 6453 6452 6391
f 6450 6454 6372
f 6458 6457 6456
f 6463 6459 6190
f 6461 6460 6459
f 6458 6466 6465
f 6465 6470 6467
f 6464 6458 6465
f 6467 6470 7371
f 7371 6469 6468
f 6481 6472 6471
f 6473 6471 6472
f 6475 6474 6476
f 6473 6472 6475
f 6474 6478 6479
f 6477 6481 6480
f 6482 6479 6478
f 6477 6480 6482
f 6484 6483 6482
f 7382 7379 6484
f 6486 6489 6492
f 6492 6488 6487
f 6490 6494 6493
f 6493 6492 6491
f 6498 6499 6496
f 6496 6488 6495
f 6501 6494 6490
f 6500 6499 6498
f 6505 6501 6497
f 6503 6500 6502
f 6506 6505 6504
f 6507 6511 6512
f 6510 6506 6508
f 6511 6510 6509
f 6515 6514 6513
f 6516 6520 6518
f 6518 6517 6513
f 6519 6573 6521
f 6521 6520 6516
f 6524 6523 6522
f 6524 6525 6528
f 6528 6527 6526
f 6530 6529 6448
f 6536 6535 6534
f 6541 6539 6544
f 6539 6541 6534
f 6534 6533 6540
f 6538 6543 6647
f 6546 6545 6367
f 6549 5578 6548
f 6553 6552 6551
f 6447 6556 6554
f 6555 6557 6554
f 6554 6556 6445
f 6558 6563 6554
f 6562 6561 5579
f 6558 6554 6562
f 6559 6558 6562
f 6562 5579 6560
f 6565 6564 6571
f 6567 6566 6571
f 6567 6571 6570
f 6568 6760 6567
f 6567 6570 6569
f 6573 6519 6572
f 6576 6581 6582
f 6577 6576 6575
f 6581 6580 6579
f 7428 6584 6583
f 6588 6587 6586
f 6580 6591 6590
f 6594 6593 6592
f 6601 6596 6330
f 6608 6600 6599
f 6599 6598 6597
f 6601 6604 6603
f 6602 6596 6601
f 6607 6606 6605
f 6609 6614 6613
f 6613 6612 6611
f 6610 6609 6613
f 6616 6619 6615
f 6619 6618 6617
f 6620 6623 6622
f 6622 6624 6621
f 6626 6625 6624
f 6627 6633 6631
f 6631 6630 6629
f 6628 6627 6631
f 6631 6633 6632
f 6635 6639 6638
f 6635 6638 6637
f 6721 6645 6636
f 6636 6635 6637
f 6720 6721 6636
f 6640 6644 6643
f 6643 6642 6641
f 6757 6636 6645
f 6649 6648 6647
f 6649 6651 6668
f 6668 6650 6652
f 6652 6650 6655
f 6654 6653 6652
f 6663 6662 6661
f 6667 6666 6665
f 6677 6670 6675
f 6675 6676 6669
f 6673 6674 6671
f 6662 6674 6673
f 6666 6676 6675
f 6670 6677 6683
f 6679 6678 6683
f 6679 6683 6682
f 6681 6680 6679
f 6718 6687 6686
f 6686 6697 6685
f 6685 6684 6713
f 6713 6718 6686
f 6689 6688 6685
f 6686 6693 6692
f 6691 6696 6697
f 6686 6692 6691
f 6696 6698 6695
f 6698 6706 6707
f 6703 6702 6701
f 6701 6700 6699
f 6704 6703 6690
f 6701 6707 6706
f 6705 6700 6701
f 6710 6709 6708
f 6714 6713 6712
f 6718 6717 6716
f 6722 6721 6720
f 6724 6719 6716
f 6730 6715 6726
f 6727 6724 6725
f 6731 6730 6729
f 6728 6735 6736
f 6737 6731 6732
f 6735 6738 6734
f 6738 6737 6733
f 6741 6739 6708
f 6744 6723 6720
f 6742 6741 6740
f 6748 6744 6743
f 6750 6742 6746
f 6745 6753 6747
f 6751 6750 6749
f 6753 6751 6752
f 6756 6755 6754
f 6759 6758 6757
f 6759 6763 6764
f 6761 6760 6568
f 6763 6761 6762
f 7193 6766 6765
f 7475 6768 6773
f 6769 6774 6773
f 6772 6771 6770
f 6769 6773 6772
f 7290 7206 6775
f 7277 6777 6776
f 6779 6840 6839
f 6779 6839 6781
f 6780 6836 6779
f 6783 6804 6782
f 6796 6786 6785
f 6790 6789 6788
f 6792 6793 6789
f 6789 6790 6791
f 6793 6792 6891
f 6796 6788 6795
f 6799 6798 6803
f 6803 6802 6801
f 6802 6782 6804
f 6813 6806 6805
f 6808 6825 6812
f 6812 6811 6810
f 6809 6808 6812
f 6814 6815 6813
f 6815 6814 6817
f 6817 6816 6818
f 6818 6816 6821
f 6818 6821 6820
f 6890 6887 6818
f 6818 6820 6819
f 6823 6822 6826
f 6822 6812 6825
f 6829 6828 6827
f 6811 6828 6829
f 6833 6832 6831
f 6837 6835 6788
f 6788 6841 6842
f 6837 6842 6779
f 6787 6838 6843
f 6843 6844 6796
f 6840 6843 6838
f 6843 6842 6841
f 6848 6847 6846
f 6850 6935 6848
f 6845 6852 6853
f 6854 6876 7017
f 6856 6864 6858
f 6857 6858 6861
f 6859 6927 6863
f 6863 6862 6861
f 6860 6859 6863
f 6864 6856 6866
f 6923 6868 6867
f 6867 6866 6865
f 6869 6874 6875
f 6869 6873 6872
f 6872 6871 6870
f 6854 6875 6874
f 6878 6973 6877
f 6882 6881 6880
f 6883 6880 6912
f 6892 6886 6885
f 6885 6919 6917
f 6889 6888 6887
f 6794 6891 6886
f 6895 6894 6893
f 6898 6900 6897
f 6899 6895 6896
f 6897 6900 6947
f 6945 6946 6956
f 6904 6903 6902
f 6909 6906 6904
f 6908 6907 6906
f 6910 6913 6884
f 6884 6912 6911
f 6914 6913 6910
f 6916 6928 6915
f 6914 6910 6916
f 6945 6918 6917
f 6918 6945 6957
f 6920 6921 6922
f 6918 6957 6920
f 6923 6922 6921
f 6924 6927 6859
f 6926 6925 6924
f 6903 6915 6928
f 6931 6930 6929
f 6934 6933 6871
f 6935 6850 6939
f 6939 6938 6937
f 6936 6935 6939
f 6942 6941 6940
f 6939 6943 6944
f 6947 6946 6945
f 6950 6949 6948
f 6955 6953 6952
f 6953 6950 6951
f 6956 6955 6954
f 6962 6959 6958
f 6960 6967 6968
f 6963 6962 6961
f 6967 6966 6965
f 6966 6971 6972
f 6969 6974 6975
f 6964 6972 6971
f 6970 6963 6964
f 6974 6973 6878
f 6976 6978 7097
f 7097 7042 6977
f 6096 7000 6996
f 6982 6097 6984
f 6985 6984 6983
f 6989 6988 6987
f 6995 6991 6990
f 6990 6988 6989
f 6992 6991 6995
f 6995 6994 6993
f 6996 7000 6999
f 6999 6998 6997
f 6999 7007 7003
f 7004 7005 6853
f 6853 6851 7002
f 7001 7004 6853
f 7005 7004 7003
f 7008 7012 7011
f 7011 7010 7009
f 7011 7012 7014
f 7014 7108 7013
f 7017 7016 7015
f 7020 7019 7018
f 7105 7102 7020
f 7025 7023 7022
f 7025 7026 7027
f 7029 7031 7100
f 7030 7037 7036
f 7030 7036 7035
f 7031 7029 7030
f 7032 7031 7030
f 7030 7035 7034
f 7033 7032 7030
f 7038 7040 7041
f 7042 7041 7040
f 7047 7044 7043
f 7044 7047 7075
f 7075 7046 7045
f 7049 7084 7048
f 7058 7049 7050
f 7052 7051 6139
f 7051 7052 7059
f 7059 7055 7054
f 7055 7059 7058
f 7058 7057 7056
f 7074 7072 7060
f 7066 7063 6159
f 7063 7066 7065
f 7065 7064 7067
f 7067 7064 7069
f 7069 7068 7060
f 7083 7070 7072
f 7075 7080 7081
f 7077 7078 7076
f 7078 7077 7082
f 7082 7081 7080
f 7079 7078 7082
f 7083 7089 7090
f 7084 7092 7093
f 7085 7037 7030
f 7030 7091 7086
f 7027 7088 7087
f 7089 7087 7088
f 7092 7086 7091
f 7095 7098 7094
f 7098 7097 6978
f 7228 7232 7099
f 7100 7136 7137
f 7023 7141 7142
f 7104 7103 7102
f 7107 7106 7013
f 7110 7109 7113
f 7112 7115 7114
f 7114 7111 7113
f 7116 7118 7117
f 7117 7115 7112
f 7119 7128 7127
f 7119 7120 7122
f 7122 7121 7123
f 7123 7121 7126
f 7126 7125 7246
f 7124 7123 7126
f 7131 7130 7127
f 7140 7138 7130
f 7135 7133 7132
f 7136 7135 7134
f 7139 7143 7138
f 7139 7142 7141
f 7147 7146 7184
f 7149 7148 7182
f 7151 7147 7150
f 7167 7168 7156
f 7153 7169 7164
f 7155 7151 7152
f 7156 7155 7154
f 7149 7159 7158
f 7164 7163 7162
f 7162 7161 7166
f 7211 7168 7167
f 7170 7169 7153
f 7187 7188 7195
f 7173 7185 7172
f 7181 7174 7175
f 7175 7189 7190
f 7183 7178 7177
f 7177 7179 7186
f 7148 7174 7181
f 7146 7178 7183
f 7179 7185 7173
f 7189 7188 7187
f 7194 7191 7172
f 7192 6766 7193
f 7198 7196 7195
f 7200 7199 7202
f 7144 7203 7202
f 6777 7204 7220
f 7206 7205 7208
f 7207 7170 7171
f 7208 7205 7207
f 7212 7211 7210
f 7212 7221 7220
f 7220 7204 7219
f 7220 7219 7218
f 7213 7212 7220
f 7214 7213 7220
f 7220 7218 7217
f 7220 7217 7216
f 7215 7214 7220
f 7222 7229 7230
f 7225 7224 7231
f 7229 7228 7227
f 7232 7231 7224
f 7234 7233 7323
f 7830 7235 7234
f 7239 7238 7237
f 7241 7242 7262
f 7242 7241 7256
f 7243 7245 7244
f 7244 7118 7116
f 7246 7125 7248
f 7248 7249 7247
f 7252 7251 7250
f 7258 7255 7254
f 7258 7257 7256
f 7260 7259 7313
f 7263 7262 7261
f 7264 7261 7267
f 7269 7268 7267
f 7270 7275 7271
f 7271 7305 7306
f 7271 7275 7274
f 7274 7273 7272
f 6778 7285 7276
f 7279 7286 7278
f 7282 7281 7279
f 7283 7281 7282
f 7286 7276 7285
f 7290 7289 7288
f 7293 7288 7298
f 7297 7294 7296
f 7300 7299 7291
f 7302 7301 7299
f 7305 7304 7303
f 7307 7310 7309
f 7309 7303 7304
f 7308 7307 7309
f 7310 7307 7311
f 7320 7317 7316
f 7315 7314 7313
f 7320 7316 7315
f 7318 7317 7320
f 7320 7319 7322
f 7319 7324 7321
f 7321 7324 7323
f 7330 7331 7269
f 7269 7266 7326
f 7325 7330 7269
f 7327 7331 7330
f 7329 7328 7327
f 7333 7335 7327
f 7337 7336 7335
f 7339 7340 7337
f 7817 7815 7339
f 7343 7342 7341
f 7346 7345 7630
f 7348 7350 7349
f 7349 7358 7359
f 7351 7356 7355
f 7351 7355 7354
f 7352 7357 7351
f 7351 7354 7353
f 7358 7357 7352
f 7360 7364 7363
f 7362 7361 7360
f 7385 7365 7368
f 7365 7377 7367
f 7370 7369 6469
f 7369 7370 7375
f 7375 7374 7373
f 7372 7369 7375
f 7373 7374 7378
f 7378 7367 7377
f 7376 7373 7378
f 7381 7380 7379
f 7348 7383 7380
f 7486 7485 7384
f 7387 7385 7366
f 7388 7387 7386
f 7390 7392 7509
f 7509 7394 7391
f 7391 7394 7393
f 7396 7403 7395
f 7398 7401 7396
f 7396 7397 7343
f 7396 7343 7344
f 7399 7398 7396
f 7396 7344 7400
f 7403 7402 7408
f 7404 7410 7407
f 7406 7412 7413
f 7404 7407 7406
f 7406 7413 7405
f 7407 7410 7409
f 7409 7408 7402
f 7412 7411 7416
f 7418 7419 6553
f 7411 7415 7417
f 7418 7417 7415
f 7422 7421 7420
f 7426 7425 7424
f 7430 7429 7428
f 7433 7432 7431
f 7437 7436 7435
f 7440 7439 5577
f 7441 7447 7448
f 7448 7443 7442
f 7444 7443 7448
f 7449 7446 7445
f 7449 7448 7447
f 7773 7774 7450
f 7452 7501 7771
f 7453 7458 7457
f 7456 7460 7455
f 7453 7457 7456
f 7456 7455 7454
f 7460 7461 7459
f 7462 7459 7461
f 7464 7471 7470
f 7470 7469 7468
f 7470 7468 7467
f 7465 7464 7470
f 7470 7467 7466
f 7474 7476 7477
f 7145 7144 7473
f 6767 6765 7474
f 6765 6768 7464
f 7464 6768 7475
f 7477 7476 7494
f 7480 7479 7363
f 7479 7480 7484
f 7484 7483 7482
f 7481 7479 7484
f 7489 7487 7485
f 7453 7488 7487
f 7491 7495 7490
f 7494 7493 7496
f 7493 7495 7491
f 7497 7498 7499
f 7500 7450 7499
f 7517 7518 7525
f 7507 7506 7505
f 7512 7510 7509
f 7510 7512 7511
f 7511 7507 7508
f 7514 7516 7513
f 7513 7519 7520
f 7506 7516 7514
f 7519 7518 7517
f 7521 7805 7806
f 7522 7523 7521
f 7529 7526 7525
f 7530 7532 7683
f 7683 7531 7539
f 7534 7533 7542
f 7538 7537 7536
f 7531 7541 7536
f 7540 7539 7531
f 7533 7537 7538
f 7544 7808 7543
f 7545 7550 7551
f 7546 7544 7547
f 7547 7548 7549
f 7550 7549 7548
f 7552 7689 7555
f 7554 7545 7553
f 7552 7555 7554
f 7556 7559 7444
f 7558 7560 7561
f 7561 7559 7556
f 7561 7560 7564
f 7564 7563 7562
f 7565 7569 7568
f 7565 7568 7567
f 7608 7566 7570
f 7570 7565 7567
f 7607 7608 7570
f 7572 7570 7566
f 7573 7572 7571
f 7574 7578 7579
f 7577 5569 7575
f 7578 7577 7576
f 7580 7584 7583
f 7583 7582 7581
f 7586 7652 7585
f 7556 7589 7588
f 7445 7588 7589
f 7659 7594 7593
f 7593 7592 7591
f 7595 7650 7598
f 7595 7598 7597
f 7596 7647 7595
f 7599 7602 7645
f 7645 7601 7600
f 7603 7606 7393
f 7605 7604 7603
f 7609 7608 7607
f 7612 7344 7341
f 7614 7611 7607
f 7618 7612 7610
f 7615 7614 7613
f 7617 7622 7616
f 7620 7615 7619
f 7622 7621 7624
f 7621 7620 7623
f 7627 7626 7625
f 7629 7628 7625
f 7634 7347 7630
f 7636 7629 7632
f 7635 7634 7631
f 7637 7636 7633
f 7641 7640 7639
f 7642 7637 7638
f 7640 7642 7643
f 7646 7644 7601
f 7647 7644 7646
f 7649 7584 7648
f 7653 7652 7651
f 7654 7586 7587
f 7655 7703 7654
f 7657 7664 7594
f 7594 7659 7658
f 7660 7665 7664
f 7664 7663 7662
f 7661 7660 7664
f 7666 7671 7670
f 7670 7669 7668
f 7667 7666 7670
f 7672 7676 7675
f 7675 7674 7673
f 7680 7678 7677
f 7682 7681 7680
f 7683 7532 7685
f 7685 7686 7684
f 7686 7685 7893
f 7688 7687 7555
f 7691 7681 7690
f 7693 7698 7697
f 7697 7696 7695
f 7694 7693 7697
f 7700 7699 7708
f 7705 7703 7702
f 7706 7705 7704
f 7708 7707 7695
f 7976 7969 7970
f 7976 7970 7860
f 7711 7975 7976
f 7855 7712 7715
f 7857 7716 7715
f 7714 7713 7857
f 7719 7718 7717
f 7721 7720 7719
f 7725 7724 7723
f 7729 7723 7724
f 7726 7734 7731
f 7730 7729 7728
f 7726 7731 7730
f 7730 7728 7727
f 7732 7725 7735
f 7735 7731 7734
f 7733 7732 7735
f 7738 7737 7736
f 7740 7743 7742
f 7742 7827 7741
f 7745 7746 7744
f 7744 7769 7770
f 7814 7748 7747
f 7747 7746 7745
f 7274 7750 7749
f 7751 7754 7752
f 7752 7749 7750
f 7752 7754 7738
f 7738 7739 7753
f 7295 7757 7755
f 7726 7756 7755
f 7312 7311 7761
f 7759 7758 7761
f 7761 7760 7764
f 7469 7470 7763
f 7763 7765 7762
f 7760 7283 7284
f 6770 6771 7765
f 6771 7283 7760
f 7768 7767 7766
f 7770 7769 7767
f 7772 7801 7451
f 7796 7774 7773
f 7776 7504 7502
f 7497 7778 7777
f 7783 7781 7780
f 7780 7777 7779
f 7785 7786 7781
f 7781 7783 7782
f 7824 7825 7786
f 7786 7785 7784
f 7787 7742 7743
f 7737 7788 7791
f 7788 7790 7789
f 7811 7809 7792
f 7792 7787 7793
f 7796 7795 7798
f 7798 7804 7797
f 7801 7772 7800
f 7803 7800 7802
f 7805 7797 7804
f 7808 7807 7802
f 7814 7813 7812
f 7819 7816 7815
f 7820 7818 7816
f 7812 7813 7818
f 7825 7824 7821
f 7830 7829 7828
f 7835 7833 7842
f 7835 7842 7832
f 7863 7831 7835
f 7834 7839 7840
f 7835 7831 7834
f 7837 7840 7839
f 7837 7839 7858
f 7838 7841 7837
f 7841 7717 7718
f 7721 7842 7833
f 7848 7844 7843
f 7848 7847 7846
f 7853 7712 7855
f 7857 7713 7850
f 7821 7859 7858
f 7862 7861 7860
f 7987 7988 7867
f 7986 7864 7867
f 7866 7865 7986
f 7870 7868 7974
f 7872 7871 7870
f 7874 7873 7931
f 7875 7934 7925
f 7879 7878 7877
f 7881 7880 7904
f 7882 7886 7885
f 7885 7884 7883
f 7887 7892 7891
f 7887 7891 7890
f 7889 7888 7887
f 7894 7893 7898
f 7896 7895 7898
f 7898 7881 7897
f 7901 7900 7899
f 7900 7901 7905
f 7905 7904 7880
f 7903 7900 7905
f 7906 7909 7910
f 7910 7909 7908
f 7913 7918 7912
f 7907 7917 7915
f 7918 7915 7917
f 7923 7921 7920
f 7925 7924 7923
f 7928 7927 7926
f 7936 7931 7930
f 7933 7932 7941
f 7937 7936 7935
f 7941 7940 7939
f 7947 7945 7944
f 7947 7946 7949
f 7949 7950 7948
f 7950 7954 7953
f 7953 7952 7951
f 7957 7956 7955
f 7961 7960 7959
f 7965 7968 7973
f 7965 7973 7967
f 7993 7966 7965
f 7971 7970 7969
f 7965 7966 7971
f 7872 7973 7968
f 7975 7974 7868
f 7849 7846 7977
f 7978 7977 7981
f 7979 7981 7980
f 7986 7865 7983
f 7989 7988 7987
f 7993 7992 7991
f 7991 7996 7995
f 7999 7998 7997
f 7998 7999 8002
f 8002 8001 8000
f 8005 8004 8006
f 8021 8014 8010
f 8021 8010 8009
f 8008 8020 8021
f 8011 8016 8015
f 8015 8014 8021
f 8022 8013 8012
f 8015 8021 8022
f 8012 8011 8015
f 8018 8013 8022
f 8020 8025 8026
f 8020 8026 8017
f 8019 8022 8021
f 8021 8020 8017
f 8023 8027 8026
f 8026 8025 8024
f 8028 8035 8034
f 8033 8032 8031
f 8028 8034 8033
f 8029 8028 8033
f 8033 8031 8030
f 8016 8037 8036
f 8043 8041 8037
f 8016 8011 8043
f 8038 8041 8043
f 8040 8039 8048
f 8038 8043 8040
f 8042 8040 8043
f 8043 8011 8012
f 8044 8046 8049
f 8045 8051 8044
f 8050 8053 8052
f 8052 8051 8045
f 8052 8053 8047
f 8047 8048 8039
f 8039 8056 8055
f 8039 8055 8064
f 8052 8047 8039
f 8062 8054 8052
f 8039 8064 8061
f 8061 8062 8052
f 8054 8062 8059
f 8058 8057 8054
f 8065 8096 8067
f 8067 8069 8066
f 8080 8072 8071
f 8071 8070 8085
f 8073 8079 8076
f 8076 8075 8074
f 8076 8079 8078
f 8078 8046 8044
f 8077 8076 8078
f 8080 8074 8075
f 8075 8081 8072
f 8086 8119 8083
f 8083 8082 8087
f 8094 8092 8086
f 8083 8087 8094
f 8084 8119 8086
f 8085 8070 8084
f 8082 8090 8089
f 8089 8088 8087
f 8065 8095 8100
f 8090 8098 8097
f 8095 8065 8090
f 8130 8099 8097
f 8095 8097 8099
f 8106 8107 8100
f 8095 8099 8106
f 8129 8158 8115
f 8115 8112 8103
f 8103 8102 8125
f 8125 8129 8115
f 8109 8105 8103
f 8103 8101 8104
f 8106 8105 8109
f 8109 8108 8107
f 8105 8132 8133
f 8133 8110 8102
f 8102 8103 8105
f 8111 8132 8105
f 8105 8106 8099
f 8099 8130 8111
f 8112 8115 8161
f 8148 8114 8113
f 8112 8161 8148
f 8113 8104 8101
f 8101 8112 8148
f 8117 8116 8083
f 8084 8118 8117
f 8098 8090 8082
f 8082 8083 8116
f 8121 8122 8120
f 8082 8116 8121
f 8130 8098 8082
f 8121 8120 8130
f 8129 8125 8126
f 8126 8124 8128
f 8128 8157 8158
f 8130 8120 8131
f 8131 8135 8134
f 8137 8133 8132
f 8131 8134 8137
f 8132 8111 8131
f 8110 8133 8137
f 8137 8136 8139
f 8200 8143 8142
f 8161 8144 8147
f 8114 8148 8147
f 8147 8146 8145
f 8149 8152 8164
f 8164 8151 8150
f 8156 8160 8165
f 8159 8115 8158
f 8156 8165 8159
f 8159 8158 8157
f 8144 8161 8115
f 8115 8159 8166
f 8151 8164 8170
f 8163 8162 8151
f 8170 8164 8152
f 8166 8159 8165
f 8170 8152 8166
f 8162 8163 8153
f 8169 8168 8167
f 8162 8153 8169
f 8153 8163 8170
f 8170 8165 8160
f 8160 8155 8153
f 8175 8171 8169
f 8153 8154 8175
f 8172 8171 8175
f 8175 8174 8173
f 8174 8176 8245
f 8245 8246 8173
f 8178 8177 8183
f 8179 8186 8183
f 8182 8181 8297
f 8179 8183 8182
f 8297 8180 8179
f 8184 8178 8186
f 8186 8179 8185
f 8187 8191 8190
f 8189 8188 8187
f 8192 8196 8195
f 8201 8194 8193
f 8192 8195 8201
f 8197 8196 8192
f 8200 8141 8199
f 8197 8192 8200
f 8200 8199 8198
f 8205 8194 8201
f 8202 8207 8206
f 8206 8205 8204
f 8204 8203 8202
f 8209 8198 8199
f 8212 8211 8210
f 8239 8225 8226
f 8226 8214 8243
f 8214 8226 8220
f 8214 8220 8218
f 8216 8215 8214
f 8214 8218 8217
f 8222 8226 8225
f 8225 8224 8223
f 8236 8237 8272
f 8272 8228 8227
f 8229 8230 8236
f 8272 8227 8229
f 8228 8276 8233
f 8234 8233 8276
f 8237 8236 8235
f 8240 8244 8225
f 8241 8240 8239
f 8239 8243 8242
f 8247 8246 8245
f 8249 8248 8245
f 8176 8207 8202
f 8249 8245 8176
f 8297 8181 8251
f 8295 8251 8250
f 8252 8255 8250
f 8254 8253 8252
f 8300 8256 8284
f 8257 8283 8259
f 8259 8212 8258
f 8261 8265 8264
f 8263 8262 8281
f 8261 8264 8263
f 8276 8228 8267
f 8267 8265 8261
f 8265 8267 8273
f 8273 8268 8266
f 8266 8260 8264
f 8264 8265 8273
f 8268 8273 8271
f 8271 8270 8269
f 8271 8273 8267
f 8267 8228 8272
f 8270 8271 8324
f 8320 8317 8274
f 8270 8324 8320
f 8324 8271 8272
f 8237 8238 8326
f 8324 8272 8237
f 8232 8276 8275
f 8278 8275 8280
f 8257 8280 8282
f 8289 8287 8286
f 8285 8299 8284
f 8289 8286 8285
f 8291 8292 8308
f 8308 8287 8289
f 8288 8291 8308
f 8307 8292 8291
f 8290 8328 8307
f 8255 8294 8293
f 8252 8296 8294
f 8295 8293 8180
f 8298 8300 8299
f 8299 8285 8303
f 8303 8301 8298
f 8336 8309 8305
f 8306 8308 8292
f 8336 8305 8306
f 8292 8307 8336
f 8311 8310 8315
f 8313 8316 8312
f 8312 8315 8314
f 8319 8318 8317
f 8319 8320 8324
f 8324 8326 8323
f 8323 8322 8321
f 8321 8319 8324
f 8326 8238 8325
f 8327 8332 8329
f 8337 8307 8328
f 8327 8329 8337
f 8330 8344 8342
f 8342 8332 8327
f 8331 8330 8342
f 8333 8344 8330
f 8335 8334 8333
f 8340 8342 8344
f 8344 8341 8339
f 8333 8343 8341
f 8347 8346 8345
f 8349 8353 8352
f 8352 8351 8350
f 8359 8356 8355
f 8346 8359 8354
f 8358 8357 8345
f 8346 8354 8358
f 8360 8364 8365
f 8365 8363 8362
f 8361 8360 8365
f 8365 8369 8368
f 8367 8366 8365
f 8372 8371 8370
f 8363 8377 8376
f 8376 8375 8374
f 8386 8379 8378
f 8384 8400 8395
f 8381 8380 8384
f 8382 8385 8384
f 8384 8383 8378
f 8387 8398 8399
f 8356 8387 8386
f 8389 8388 8355
f 8356 8386 8389
f 8391 8427 8390
f 8393 8395 8400
f 8400 8396 8394
f 8396 8400 8399
f 8399 8398 8397
f 8401 8381 8395
f 8395 8402 8403
f 8643 8644 8405
f 8406 8405 8409
f 8407 8409 8408
f 8393 8410 8408
f 8393 8408 8404
f 8402 8395 8393
f 8412 8416 8411
f 8414 8418 8417
f 8417 8411 8416
f 8416 8415 8414
f 8421 8420 8419
f 8423 8422 8426
f 8426 8425 8424
f 8429 8428 8427
f 8425 8426 8433
f 8432 8431 8430
f 8425 8433 8432
f 8432 8433 8434
f 8436 8441 8440
f 8439 8438 8437
f 8436 8440 8439
f 8442 8446 8445
f 8445 8444 8443
f 8449 8448 8447
f 8451 8535 8507
f 8706 8455 8454
f 8695 8696 8458
f 8458 8457 8456
f 8460 8473 8459
f 8464 8466 8471
f 8471 8468 8473
f 8473 8465 8464
f 8469 8468 8467
f 8471 8470 8487
f 8516 8465 8473
f 8476 8479 8474
f 8474 8478 8477
f 8545 8481 8475
f 8483 8482 8547
f 8484 8488 8487
f 8487 8486 8485
f 8492 8490 9323
f 9323 8559 8489
f 8491 8494 9326
f 9326 8493 8492
f 8495 8492 8489
f 8489 8497 8496
f 8491 8492 8495
f 8499 8498 8491
f 8502 8501 8500
f 8507 8510 8509
f 8508 8511 8507
f 8511 8514 8531
f 8531 8513 8512
f 8515 8514 8509
f 8509 8516 8460
f 8520 8518 8549
f 8549 8522 8521
f 8527 8526 8525
f 8525 8524 8523
f 8531 8527 8523
f 8527 8531 8460
f 8460 8530 8529
f 8528 8527 8460
f 8541 8533 8532
f 8540 8539 8538
f 8541 8544 8461
f 8461 8543 8542
f 8543 8546 8547
f 8548 8547 8546
f 8549 8552 8551
f 8551 8550 8522
f 8553 8557 8556
f 8556 8562 8560
f 8560 8555 8554
f 8554 8553 8556
f 8555 8560 8558
f 8568 8564 8563
f 8567 8566 8565
f 8569 8560 8561
f 8572 8571 8570
f 8571 8572 8576
f 8576 8575 8579
f 8574 8571 8576
f 8579 8578 8577
f 8580 8585 8584
f 8584 8583 8582
f 8581 8580 8584
f 8590 8588 8587
f 8586 8583 8584
f 8590 8587 8586
f 8590 8584 8589
f 8592 8595 8594
f 8594 8593 8597
f 8596 8597 8593
f 8593 8587 8588
f 8599 8579 8575
f 8599 8598 8600
f 8600 8606 8601
f 8600 8601 8634
f 8622 8599 8600
f 8601 8606 8605
f 8604 8603 8613
f 8601 8605 8604
f 8604 8613 8602
f 8610 8613 8612
f 8612 8603 8611
f 8616 8617 8619
f 8624 8620 8616
f 8618 8623 8624
f 8620 8624 8623
f 8623 8578 8579
f 8599 8622 8621
f 8623 8579 8599
f 8615 8620 8623
f 8599 8621 8615
f 8625 8632 8613
f 8613 8610 8626
f 8630 8602 8613
f 8613 8632 8631
f 8633 8634 8601
f 8601 8602 8630
f 8629 8627 8633
f 8601 8630 8629
f 8635 8638 8637
f 8637 8647 8636
f 8639 8644 8643
f 8643 8642 8641
f 8641 8640 8639
f 8649 8673 8646
f 8637 8649 8645
f 8645 8648 8647
f 8411 8417 8652
f 8651 8650 8413
f 8411 8652 8651
f 8652 8417 8418
f 8418 8656 8655
f 8655 8654 8653
f 8653 8652 8418
f 8657 8678 8660
f 8668 8661 8660
f 8659 8658 8668
f 8662 8657 8661
f 8661 8664 8663
f 8664 8661 8668
f 8667 8670 8666
f 8664 8668 8667
f 8667 8666 8665
f 8673 8672 8671
f 8676 8675 8674
f 8657 8662 8682
f 8684 8680 8693
f 8657 8682 8684
f 8679 8678 8657
f 8684 8693 8679
f 8691 8680 8684
f 8663 8683 8682
f 8686 8685 8684
f 8680 8691 8690
f 8696 8695 8701
f 8700 8697 8654
f 8697 8700 8699
f 8699 8701 8702
f 8698 8697 8699
f 8701 8695 8456
f 8456 8704 8703
f 8703 8702 8701
f 8707 8731 8716
f 8709 8712 8711
f 8711 8710 8725
f 8742 8714 8713
f 8713 8716 8731
f 8710 8718 8717
f 8717 8724 8725
f 8720 8730 8719
f 8722 8709 8725
f 8724 8723 8722
f 8715 8726 8741
f 8726 8715 8731
f 8731 8730 8729
f 8728 8726 8731
f 8734 8732 8752
f 8714 8735 8734
f 8737 8734 8739
f 8739 8754 8738
f 8739 8734 8742
f 8742 8741 8740
f 8743 8744 8770
f 8744 8743 8746
f 8746 8749 8748
f 8748 8745 8744
f 8749 8752 8751
f 8751 8738 8750
f 8750 8748 8749
f 8753 8756 8762
f 8762 8745 8755
f 8755 8754 8753
f 8760 8763 8759
f 8756 8768 8760
f 8764 8802 8763
f 8768 8767 8766
f 8744 8769 8787
f 9024 8774 8773
f 8773 8775 8772
f 8772 8771 9024
f 8775 8773 8776
f 8776 8782 8779
f 8777 8784 8782
f 8778 8770 8784
f 8781 8780 8779
f 8781 8782 8784
f 8784 8785 8783
f 8785 8784 8770
f 8770 8787 8786
f 8772 8788 9029
f 8789 8832 8792
f 8797 8798 8792
f 8791 8801 8797
f 8820 8831 8798
f 8798 8794 8793
f 8794 8798 8797
f 8797 8796 8795
f 8799 8809 8797
f 8797 8801 8800
f 8802 8764 8804
f 8804 8799 8803
f 8797 8809 8808
f 8797 8808 8807
f 8806 8805 8797
f 8808 8811 8764
f 8764 8767 8810
f 8812 8841 8842
f 8813 8816 8815
f 8815 8814 8818
f 8819 8818 8817
f 8817 8820 8793
f 8836 8828 8824
f 8823 8822 8821
f 8836 8824 8823
f 8824 8828 8827
f 8826 8835 8817
f 8824 8827 8826
f 8825 8824 8826
f 8826 8817 8814
f 8829 8835 8834
f 8833 8832 8831
f 8829 8834 8833
f 8831 8830 8829
f 8887 8857 8838
f 8906 8886 8838
f 8837 8836 8840
f 8906 8838 8837
f 8840 8821 8842
f 8842 8841 8905
f 8905 8906 8840
f 8966 8843 8846
f 8968 8965 8846
f 8968 8846 8845
f 8847 8972 8968
f 8968 8845 8844
f 8847 8844 8850
f 8850 8849 8848
f 8851 8845 8846
f 8846 8843 8862
f 8853 8852 8859
f 8854 8855 8976
f 8976 8972 8847
f 8847 8848 8854
f 8855 8856 8975
f 8857 8887 8861
f 8861 8860 8859
f 8859 8858 8857
f 8966 8863 9097
f 9097 8862 8843
f 8885 8880 8866
f 8866 8865 8864
f 8881 8868 8866
f 8873 8872 8871
f 8871 8870 8869
f 8873 8869 8874
f 8874 8879 8875
f 8875 8879 8878
f 8877 8876 8875
f 8880 8885 8884
f 8883 8882 8881
f 8880 8884 8883
f 8886 8890 8888
f 8888 8984 8887
f 8897 8890 8886
f 8886 8906 8889
f 8891 8895 8894
f 8894 8893 8892
f 8896 8899 8891
f 8898 8897 8907
f 8896 8891 8898
f 8896 8903 8902
f 8902 8901 8900
f 8904 8903 8896
f 8896 8907 8906
f 8906 8905 8904
f 8893 8910 8915
f 8915 8909 8908
f 8915 8894 8912
f 8912 8911 8914
f 8917 8914 8911
f 8911 8947 8913
f 8915 8918 8917
f 8917 8916 8909
f 8928 8922 8921
f 8920 8919 8928
f 8926 8924 8923
f 8926 8939 8940
f 8928 8931 8934
f 8934 8935 8930
f 8930 8943 8929
f 8929 8928 8934
f 8934 8933 8932
f 8936 8932 8933
f 8933 8940 8939
f 8939 8938 8937
f 8937 8936 8933
f 8930 8942 8941
f 8944 8949 8946
f 8941 8945 8944
f 8929 8946 8949
f 8949 8948 8913
f 8913 8947 8929
f 8951 8955 8950
f 8951 8954 8953
f 8953 8952 8937
f 8951 8957 8938
f 8938 8923 8956
f 8956 8955 8951
f 8959 8956 8923
f 8960 8964 8963
f 8962 8961 8960
f 8968 8969 8967
f 8967 8985 8966
f 8965 8968 8967
f 8979 8971 8970
f 8970 8969 8968
f 8968 8972 8973
f 8973 8979 8970
f 8976 8975 8974
f 8982 8978 8974
f 8974 8975 8861
f 8981 8980 8979
f 8861 8887 8984
f 8984 8983 8982
f 8966 8985 9191
f 8992 8987 8986
f 8988 8992 8960
f 8991 8990 8989
f 8988 8960 8991
f 8995 8994 8993
f 8997 9001 9000
f 9000 8999 8998
f 8955 9003 8997
f 9002 8950 8955
f 9006 9012 9009
f 9009 9020 9008
f 9008 9007 9006
f 9010 9012 9011
f 9011 8955 8956
f 8956 8986 9010
f 9013 9017 9016
f 9016 9015 9014
f 9020 9019 9018
f 9032 9023 9022
f 9024 9026 9022
f 9025 8774 9024
f 9049 9032 9026
f 9028 9027 9026
f 9026 9024 8771
f 8771 9029 9028
f 9030 9023 9032
f 9032 9033 9031
f 9033 9032 9049
f 9039 9034 9033
f 9042 9043 9048
f 9048 9044 9037
f 9048 9037 9036
f 9035 9042 9048
f 9038 9043 9042
f 9038 9042 9041
f 9034 9039 9038
f 9038 9041 9040
f 9048 9045 9086
f 9045 9048 9043
f 9043 9038 9047
f 9046 9045 9043
f 9047 9038 9039
f 9039 9049 9027
f 9027 9028 9047
f 9051 9065 9050
f 9050 9031 9033
f 9052 9053 9066
f 9053 9052 9033
f 9033 9034 9054
f 9056 9055 9059
f 9060 9061 9059
f 9059 9058 9057
f 9060 9064 9063
f 9062 9056 9061
f 9060 9063 9062
f 9051 9059 9055
f 9066 9058 9059
f 9067 9077 9078
f 9078 9069 9070
f 9070 9068 9067
f 9146 9144 9075
f 9146 9079 9078
f 9078 9077 9076
f 9044 9083 9095
f 9082 9081 9080
f 9083 9044 9086
f 9085 9084 9080
f 9083 9086 9085
f 9085 9080 9089
f 9088 9091 9090
f 9090 9089 9080
f 9080 9081 9088
f 9092 9070 9071
f 9071 9074 9094
f 9094 9093 9092
f 9089 9093 9094
f 9094 9095 9083
f 9096 9103 9099
f 8863 9192 9099
f 9099 9098 9097
f 9105 9106 9206
f 9206 9207 9102
f 9102 9101 9100
f 9100 9105 9206
f 9096 9106 9105
f 9104 9103 9096
f 9157 9107 9108
f 9109 9108 9118
f 9128 9126 9118
f 9118 9113 9110
f 9110 9138 9128
f 9114 9113 9112
f 9107 9159 9116
f 9121 9118 9108
f 9108 9116 9117
f 9119 9112 9113
f 9113 9118 9121
f 9120 9119 9113
f 9109 9123 9122
f 9123 9109 9126
f 9126 9125 9124
f 9128 9127 9125
f 9133 9130 9144
f 9129 9132 9133
f 9136 9134 9133
f 9133 9132 9142
f 9142 9143 9131
f 9131 9136 9133
f 9135 9139 9138
f 9110 9137 9136
f 9135 9138 9110
f 9136 9131 9135
f 9143 9142 9141
f 9129 9146 9076
f 9076 9145 9141
f 9132 9129 9076
f 9102 9207 9149
f 9148 9147 9152
f 9102 9149 9148
f 9101 9102 9152
f 9152 9151 9150
f 9149 9154 9153
f 9155 9148 9149
f 9158 9157 9122
f 9161 9160 9159
f 9107 9157 9158
f 9158 9163 9162
f 9161 9107 9158
f 9168 9167 9166
f 9187 9181 9173
f 9166 9177 9173
f 9172 9171 9166
f 9174 9187 9177
f 9176 9175 9177
f 9177 9166 9167
f 9167 9164 9176
f 9248 9179 9178
f 9181 9187 9180
f 9180 9178 9183
f 9183 9182 9181
f 9185 9184 9248
f 9185 9180 9187
f 9187 9174 9186
f 9192 9189 9188
f 9189 9192 8863
f 8863 9191 9190
f 9206 9106 9195
f 9195 9201 9194
f 9195 9106 9096
f 9096 9188 9197
f 9196 9195 9096
f 9199 9198 9215
f 9199 9216 9202
f 9202 9193 9201
f 9200 9199 9202
f 9227 9228 9217
f 9217 9204 9203
f 9205 9154 9149
f 9149 9194 9193
f 9194 9149 9207
f 9212 9208 9211
f 9193 9202 9209
f 9209 9211 9210
f 9210 9205 9193
f 9209 9202 9216
f 9215 9214 9213
f 9209 9216 9215
f 9213 9212 9209
f 9228 9229 9220
f 9220 9219 9218
f 9217 9228 9220
f 9221 9220 9229
f 9229 9223 9222
f 9234 9223 9229
f 9226 9225 9233
f 9233 9229 9228
f 9228 9227 9226
f 9230 9232 9242
f 9242 9243 9231
f 9232 9230 9234
f 9232 9237 9236
f 9236 9235 9242
f 9233 9241 9238
f 9238 9237 9232
f 9233 9240 9239
f 9244 9243 9242
f 9242 9235 9318
f 9246 9245 9179
f 9184 9247 9246
f 9262 9250 9249
f 9245 9246 9251
f 9251 9249 9252
f 9262 9251 9254
f 9254 9253 9261
f 9254 9251 9246
f 9246 9247 9255
f 9270 9258 9257
f 9259 9256 9270
f 9259 9262 9261
f 9261 9260 9256
f 9277 9256 9260
f 9266 9265 9264
f 9268 9272 9267
f 9267 9264 9269
f 9270 9272 9268
f 9271 9258 9270
f 9306 9266 9267
f 9272 9278 9274
f 9274 9273 9267
f 9275 9278 9272
f 9272 9270 9256
f 9256 9277 9276
f 9276 9275 9272
f 9283 9282 9294
f 9294 9281 9280
f 9280 9279 9283
f 9320 9285 9284
f 9284 9291 9283
f 9286 9290 9289
f 9289 9288 9287
f 9293 9292 9291
f 9294 9298 9290
f 9290 9303 9297
f 9296 9295 9294
f 9290 9297 9296
f 9302 9307 9290
f 9290 9300 9299
f 9266 9307 9302
f 9301 9265 9266
f 9303 9290 9307
f 9309 9308 9307
f 9307 9266 9306
f 9305 9304 9309
f 9307 9306 9305
f 9308 9309 9311
f 9311 9310 9303
f 9312 9311 9304
f 9312 9313 9315
f 9315 9244 9314
f 9316 9310 9311
f 9316 9312 9314
f 9314 9318 9317
f 9285 9320 9319
f 8559 9323 9334
f 9334 9328 9322
f 9334 9323 9327
f 9327 9326 9325
f 9325 9324 9334
f 9330 9329 9328
f 9330 9334 9333
f 9333 9332 9331
f 9335 9339 9338
f 9335 9338 9337
f 9389 9390 9335
f 9336 9402 9389
f 9335 9337 9342
f 9342 9336 9389
f 9345 9341 9340
f 9346 9348 9402
f 9346 9402 9340
f 9341 9347 9346
f 9349 9352 9351
f 9351 9350 9346
f 9353 9349 9351
f 9354 9349 9353
f 9349 9354 9359
f 9359 9358 9357
f 9357 9356 9349
f 9360 9366 9370
f 9370 9361 9358
f 9358 9359 9360
f 9373 9372 9371
f 9371 9370 9369
f 9369 9368 9373
f 9373 9376 9375
f 9364 9374 9372
f 9373 9375 9364
f 9380 9379 9378
f 9383 9382 9381
f 9402 9385 9388
f 9386 9391 9390
f 9390 9389 9388
f 9387 9386 9390
f 9396 9386 9387
f 9395 9394 9393
f 9399 9400 9394
f 9394 9397 9396
f 9392 9399 9394
f 9398 9402 9348
f 9348 9404 9401
f 9400 9399 9398
f 9348 9401 9400
f 9408 9409 9395
f 9405 9404 9403
f 9408 9395 9405
f 9416 9409 9408
f 9407 9406 9416
f 9417 9413 9412
f 9411 9410 9417
f 9414 9413 9417
f 9416 9361 9415
f 9414 9417 9416
f 9415 9374 9414
f 9424 9425 9426
f 9421 9420 9424
f 9422 9425 9424
f 9423 9410 9422
f 9427 9426 9425
f 9429 9432 9425
f 9425 9431 9430
f 9418 9429 9425
f 9435 9433 9441
f 9436 9463 9435
f 9439 9438 9437
f 9439 9443 9442
f 9442 9441 9440
f 9443 9437 9444
f 9445 9434 9443
f 9447 9421 9426
f 9457 9448 9426
f 9426 9449 9456
f 9451 9450 9453
f 9504 9452 9453
f 9454 9455 9504
f 9456 9455 9454
f 9460 9459 9458
f 9462 9445 9446
f 9445 9465 9466
f 9466 9464 9463
f 9468 9467 9466
f 9466 9472 9471
f 9477 9484 9470
f 9466 9471 9477
f 9477 9470 9469
f 9475 9490 9474
f 9477 9471 9476
f 9479 9483 9473
f 9479 9473 9482
f 9481 9480 9479
f 9484 9477 9489
f 9489 9479 9488
f 9488 9487 9486
f 9485 9484 9489
f 9488 9486 9485
f 9492 9491 9490
f 9494 9490 9471
f 9497 9496 9495
f 9452 9500 9499
f 9500 9452 9504
f 9504 9503 9502
f 9501 9500 9504
f 9505 9525 9508
f 9506 9508 9507
f 9512 9511 9510
f 9516 9515 9514
f 9520 9519 9518
f 9523 9528 9522
f 9524 9522 9525
f 9527 9526 9529
f 9530 9529 9528
f 9533 9532 9531
f 9535 9540 9539
f 9539 9538 9537
f 9537 9536 9535
f 9543 9542 9541
f 9544 9550 9549
f 9549 9548 9547
f 9541 9546 9545
f 9549 9547 9541
f 9545 9544 9549
f 9649 9553 9552
f 9551 9559 9649
f 9557 9560 9555
f 9555 9559 9551
f 9558 9557 9555
f 9729 9730 9564
f 9729 9564 9563
f 9560 9729 9563
f 9562 9561 9554
f 9560 9563 9562
f 9562 9554 9555
f 9565 9571 9570
f 9569 9568 9567
f 9565 9570 9569
f 9567 9566 9565
f 9636 9637 9576
f 9575 9578 9574
f 9636 9576 9575
f 9572 9636 9575
f 9575 9574 9573
f 9577 9580 9579
f 9574 9578 9577
f 9581 9583 9612
f 9612 9608 9582
f 9590 9603 9581
f 9586 9585 9584
f 9590 9581 9586
f 9587 9590 9597
f 9587 9597 9599
f 9589 9588 9602
f 9602 9587 9599
f 9591 9596 9595
f 9595 9594 9593
f 9592 9591 9595
f 9600 9589 9599
f 9612 9603 9602
f 9605 9607 9604
f 9604 9602 9606
f 9608 9612 9604
f 9604 9611 9610
f 9609 9608 9604
f 9613 9617 9616
f 9616 9615 9614
f 9569 9622 9621
f 9621 9620 9619
f 9618 9569 9621
f 9625 9624 9623
f 9627 9630 9629
f 9629 9628 9591
f 9633 9632 9631
f 9636 9647 9635
f 9638 9643 9642
f 9641 9640 9639
f 9638 9642 9641
f 9553 9649 9648
f 9648 9647 9646
f 9646 9645 9644
f 9644 9553 9648
f 9651 9650 9724
f 9653 9657 9656
f 9656 9658 9655
f 9654 9653 9656
f 9660 9659 9658
f 9653 9654 9662
f 9670 9671 9665
f 9665 9664 9695
f 9695 9674 9670
f 9668 9667 9666
f 9670 9672 9668
f 9668 9669 9671
f 9675 9679 9681
f 9681 9830 9676
f 9680 9679 9675
f 9678 9677 9689
f 9680 9675 9678
f 9680 9684 9704
f 9704 9681 9679
f 9682 9695 9687
f 9687 9686 9685
f 9685 9684 9680
f 9680 9689 9683
f 9683 9682 9687
f 9687 9685 9680
f 9688 9690 9683
f 9689 9677 9688
f 9691 9687 9695
f 9695 9694 9693
f 9692 9691 9695
f 9836 9830 9681
f 9699 9836 9704
f 9684 9703 9702
f 9699 9704 9684
f 9701 9700 9699
f 9684 9702 9701
f 9702 9703 9686
f 9719 9712 9711
f 9710 9709 9708
f 9719 9711 9710
f 9715 9714 9713
f 9717 9722 9721
f 9720 9719 9718
f 9717 9721 9720
f 9717 9726 9725
f 9725 9851 9724
f 9723 9717 9725
f 9729 9728 9727
f 9754 9733 9732
f 9732 9731 9753
f 9736 9735 9734
f 9735 9736 9742
f 9742 9739 9738
f 9737 9735 9742
f 9741 9745 9740
f 9740 9743 9742
f 9768 9740 9745
f 9744 9767 9768
f 9768 9769 9743
f 9746 9750 9806
f 9747 9763 9746
f 9761 9752 9751
f 9751 9750 9746
f 9751 9746 9749
f 9748 9761 9751
f 9753 9756 9755
f 9755 9752 9761
f 9761 9754 9753
f 9748 9757 9760
f 9754 9761 9760
f 9759 9758 9733
f 9754 9760 9759
f 9762 9749 9746
f 9746 9763 9822
f 9764 9768 9767
f 9766 9765 9764
f 9769 9768 9764
f 9772 9771 9770
f 9769 9764 9772
f 9778 9773 9927
f 9773 9778 9779
f 9779 9776 9775
f 9774 9773 9779
f 9783 9779 9778
f 9778 9926 9777
f 9776 9779 9783
f 9782 9781 9780
f 9776 9783 9782
f 9784 10083 9787
f 9787 9786 9785
f 9787 10083 9790
f 9790 9789 9788
f 9794 9792 9791
f 9793 9797 9796
f 9796 9795 9794
f 9798 10081 9801
f 9801 9800 9799
f 10078 9804 9900
f 9900 9803 9802
f 9747 9806 9805
f 9763 9747 9810
f 9810 9809 9808
f 9807 9822 9763
f 9810 9808 9807
f 9811 9814 9813
f 9813 9812 10089
f 9820 9819 9818
f 9823 9822 9807
f 9827 9826 9825
f 9839 9831 9830
f 9830 9836 9832
f 9829 9839 9830
f 9832 9836 9835
f 9835 9834 9833
f 9844 9845 9837
f 9840 9839 9829
f 9842 9846 9845
f 9844 9841 9843
f 9842 9845 9844
f 9844 9843 9832
f 9849 9848 9847
f 9851 9856 9855
f 9855 9854 9853
f 9852 9651 9851
f 9855 9853 9852
f 9857 9861 9860
f 9860 9859 9858
f 9862 9867 9866
f 9865 9864 9863
f 9862 9866 9865
f 9870 9869 9868
f 9872 9877 9876
f 9876 9875 9874
f 9874 9873 9872
f 9878 9882 9881
f 9881 9880 9879
f 9883 9882 9887
f 9886 9885 9884
f 9883 9887 9886
f 9888 9893 9892
f 9891 9890 9938
f 9888 9892 9891
f 9891 9938 9889
f 9894 9893 9888
f 9894 9888 9899
f 9897 9896 9895
f 9895 9894 9899
f 9898 9897 9895
f 9804 10146 9902
f 9901 9900 9804
f 9903 10147 10148
f 10142 10143 9907
f 9903 10148 10142
f 9906 9904 9903
f 10142 9907 9906
f 9906 9909 9905
f 9919 9907 10143
f 9907 9919 9913
f 9907 9913 9911
f 9910 9909 9906
f 9906 9907 9911
f 9908 9912 9918
f 9913 9919 9918
f 9917 9916 9915
f 9913 9918 9917
f 9917 9915 9914
f 9921 9920 9924
f 10134 9934 9935
f 9935 9925 9924
f 9935 9924 9923
f 10138 10134 9935
f 9935 9923 10137
f 9930 9934 10134
f 10133 9777 9926
f 9930 10134 10133
f 9926 9927 9928
f 9928 9930 10133
f 9930 9928 9929
f 9935 9941 9942
f 9942 9932 9931
f 9933 9936 9941
f 9941 9935 9934
f 9934 9930 9933
f 9937 9932 9942
f 9942 9939 9938
f 9939 9942 9941
f 9941 9936 9940
f 9944 10007 9943
f 9945 9947 9943
f 9953 9954 9946
f 9945 9943 9953
f 9957 9954 9953
f 9953 9948 9960
f 9953 9960 9952
f 9949 9957 9953
f 9951 9950 9949
f 9953 9952 9951
f 9955 9954 9957
f 9957 9966 9967
f 9969 9956 9955
f 9957 9967 9969
f 9960 9959 9962
f 9943 10007 10008
f 10008 9965 9964
f 10008 9964 9963
f 9953 9943 10008
f 9962 9959 9948
f 9948 9953 10008
f 10008 9963 9962
f 9956 9972 9971
f 9973 9977 9976
f 9975 9978 9974
f 9973 9976 9975
f 9978 9975 9981
f 9981 9980 9979
f 9982 9984 9973
f 9973 9974 9983
f 9987 9986 9985
f 9991 9990 9989
f 9995 9994 9993
f 9997 10011 10013
f 9999 9998 10013
f 10013 10005 10004
f 10004 10003 10002
f 10004 10002 10001
f 9999 10013 10004
f 10004 10001 10000
f 10006 10009 10008
f 10007 9944 10006
f 10011 10019 10010
f 10010 10012 10005
f 10014 10010 10019
f 10014 10019 10018
f 10016 10015 10014
f 10014 10018 10017
f 10012 10010 10014
f 10012 10014 10024
f 10020 10012 10024
f 10023 10022 10021
f 10020 10024 10023
f 10046 10049 10031
f 10025 10028 10031
f 10031 10027 10026
f 10049 10030 10029
f 10027 10031 10029
f 10033 10032 10027
f 10039 10035 10034
f 10037 10040 10035
f 10035 10039 10041
f 10041 10038 10037
f 10041 10039 10044
f 10044 10043 10042
f 10046 10045 10048
f 10048 10047 10030
f 10050 10055 10054
f 10054 10053 10059
f 10056 10052 10051
f 10054 10059 10056
f 10051 10050 10054
f 10058 10057 10056
f 10060 10064 10065
f 10064 10063 10062
f 10066 10072 9782
f 9783 9777 10068
f 10066 9782 9783
f 10068 10067 10066
f 9782 10072 10071
f 10071 10070 10069
f 9781 9782 10071
f 10073 10066 10067
f 10067 10139 10074
f 10150 9804 10078
f 10077 10076 10075
f 10150 10078 10077
f 10075 10154 10150
f 10080 10079 9801
f 10083 9784 10082
f 10083 10088 10087
f 10087 10086 10085
f 10085 10084 9790
f 9790 10083 10087
f 9817 9815 10092
f 10096 10095 10094
f 10100 10099 10098
f 10104 10103 10102
f 10107 10106 10105
f 10109 10111 10110
f 10114 10112 10109
f 10114 10110 10156
f 10156 10157 10113
f 10118 10117 10116
f 10120 10119 10194
f 10197 10125 10124
f 10124 10123 10122
f 10129 10061 10065
f 10065 10062 10131
f 10131 10130 10127
f 10127 10129 10065
f 10068 9777 10133
f 10135 10132 10068
f 10134 10138 10136
f 10136 10135 10133
f 10067 10068 10132
f 10132 10141 10140
f 10164 10139 10067
f 10132 10140 10164
f 10148 10145 10144
f 10146 9804 10150
f 10150 10149 10148
f 10147 10146 10150
f 10150 10154 10153
f 10152 10151 10149
f 10150 10153 10152
f 10157 10156 10155
f 10159 10158 10116
f 10188 10155 10160
f 10160 10174 10171
f 10171 10187 10188
f 10155 10156 10162
f 10162 10161 10160
f 10161 10162 10165
f 10165 10139 10164
f 10163 10161 10165
f 10172 10173 10166
f 10168 10187 10171
f 10171 10172 10170
f 10169 10168 10171
f 10174 10173 10172
f 10177 10176 10175
f 10181 10180 10179
f 10185 10184 10183
f 10168 10186 10183
f 10190 10189 10188
f 10168 10183 10190
f 10190 10188 10187
f 10200 10195 10121
f 10121 10194 10193
f 10121 10193 10192
f 10191 10200 10121
f 10125 10197 10196
f 10200 10199 10203
f 10201 10203 10199
f 10199 10202 10204
f 10206 10205 10204
f 10207 10211 10210
f 10210 10209 10208
f 10212 10216 10215
f 10215 10214 10213
f 10217 10221 10220
f 10219 10218 10217
f 10229 10240 10222
f 10225 10230 10224
f 10240 10225 10227
f 10230 10229 10223
f 10233 10232 10231
f 10237 10236 10235
f 10241 10239 10236
f 10234 10231 10239
f 10244 10243 10242
f 10246 10244 10245
f 10248 10246 10247
f 10250 10248 10249
f 10254 10253 10252
f 10256 10254 10255
f 10261 10259 10258
f 10253 10261 10260
f 10264 10263 10262
f 10268 10267 10266
f 10263 10271 10270
f 10273 10272 10269
f 10276 10283 10275
f 10279 10278 10277
f 10281 10279 10280
f 10283 10281 10282
f 10285 10288 10284
f 10289 10285 10286
f 10288 10290 10291
f 10290 10289 10287
f 10299 10297 10292
f 10295 10294 10293
f 10297 10295 10296
f 10300 10299 10298
f 10302 10309 10301
f 10305 10304 10303
f 10308 10305 10306
f 10309 10308 10307
f 10400 10311 10406
f 10413 10439 10314
f 10314 10313 10444
f 10420 10317 10316
f 10316 10410 10315
f 10427 10438 10320
f 10320 10319 10318
f 10321 10325 10324
f 10324 10323 10452
f 10452 10322 10321
f 10328 10327 10326
f 10331 10330 10329
f 10335 10334 10333
f 10339 10338 10337
f 10343 10342 10341
f 10346 10345 10344
f 10350 10349 10348
f 10354 10353 10352
f 10358 10357 10356
f 10362 10361 10360
f 10366 10365 10364
f 10370 10369 10368
f 10374 10373 10372
f 10378 10377 10376
f 10382 10381 10380
f 10386 10385 10384
f 10390 10389 10388
f 10394 10393 10392
f 10398 10397 10396
f 10402 10401 10400
f 10401 10404 10403
f 10408 10407 10406
f 10316 10412 10411
f 10413 10444 10416
f 10415 10414 10413
f 10418 10437 10417
f 10420 10419 10313
f 10421 10424 10423
f 10423 10422 10439
f 10427 10429 10426
f 10426 10428 10418
f 10315 10410 10431
f 10424 10320 10434
f 10316 10434 10433
f 10433 10432 10412
f 10438 10437 10436
f 10439 10443 10414
f 10414 10442 10441
f 10440 10439 10414
f 10444 10445 10315
f 10315 10430 10416
f 10452 10323 10447
f 10446 10451 10452
f 10448 10447 10323
f 10322 10450 10449
f 10451 10450 10322
f 10455 10453 10328
f 10456 10455 10454
f 10458 10463 10457
f 10464 10462 10460
f 10459 10457 10461
f 10457 10463 10464
f 10463 10458 10462
f 10458 10459 10460
f 10470 10471 10466
f 10469 10467 10472
f 10466 10471 10472
f 10468 10466 10467
f 10470 10468 10469
f 10471 10470 10465
f 10475 10474 10473
f 10479 10480 10477
f 10480 10479 10474
f 10479 10478 10473
f 10478 10477 10476
f 10477 10480 10475
f 10485 10482 10481
f 10492 10483 10488
f 10486 10485 10484
f 10485 10489 10488
f 10489 10481 10490
f 10494 10493 10492
f 10501 10497 10496
f 10499 10498 10503
f 10497 10501 10500
f 10501 10502 10499
f 10502 10496 10498
f 10496 10497 10503
f 10506 10504 10510
f 10508 10511 10509
f 10504 10506 10507
f 10506 10505 10508
f 10505 10510 10511
f 10510 10504 10509
