# Blender 4.5.11 LTS
# www.blender.org
o de_nuke_world_geometry.001
v 1064.964722 311.393707 -243.398209
v 1064.964722 302.249695 -243.398209
v 1064.964722 302.249695 -170.246201
v 1064.964722 311.393707 -170.246201
v 1064.964722 229.097702 -124.526138
v 1064.964722 283.961700 -124.526138
v 1064.964722 311.393707 -151.958191
v 1064.964722 229.097702 -170.246201
v 1064.964722 229.097702 -243.398209
v 1064.964722 137.657684 -316.550171
v 1064.964722 137.657684 -279.974152
v 1064.964722 174.233688 -279.974152
v 1064.964722 174.233688 -389.702179
v 1064.964722 137.657684 -389.702179
v 1064.964722 119.369713 -188.534210
v 1064.964722 119.369713 -261.686157
v 1064.964722 210.809692 -261.686157
v 1064.964722 210.809692 -188.534210
v 1064.964722 119.369713 67.497826
v 1064.964722 119.369713 -60.518188
v 1064.964722 210.809692 -78.806190
v 1064.964722 210.809692 67.497826
v 1705.044678 119.369713 -1999.046143
v 1668.468750 119.369713 -1999.046143
v 1595.316650 119.369713 -1999.046143
v 1412.436646 119.369713 -1999.046143
v 1339.284668 119.369713 -1999.046143
v 1202.124756 128.513687 -1999.046143
v 1156.404785 128.513687 -1999.046143
v 1156.404785 146.801697 -1999.046143
v 1202.124756 146.801697 -1999.046143
v 1814.772705 128.513687 -1999.046143
v 1741.620728 128.513687 -1999.046143
v 1741.620728 146.801697 -1999.046143
v 1814.772705 146.801697 -1999.046143
v 1668.468750 128.513687 -1999.046143
v 1485.588623 128.513687 -1999.046143
v 1485.588623 146.801697 -1999.046143
v 1668.468750 146.801697 -1999.046143
v 1412.436646 128.513687 -1999.046143
v 1229.556641 128.513687 -1999.046143
v 1229.556641 146.801697 -1999.046143
v 1412.436646 146.801697 -1999.046143
v 1887.924683 128.513687 -1999.046143
v 1842.204834 128.513687 -1999.046143
v 1842.204834 146.801697 -1999.046143
v 1887.924683 146.801697 -1999.046143
v 1887.924683 119.369713 -1999.046143
v 1156.404785 119.369713 -1999.046143
v 1887.924683 219.953705 -1999.046143
v 1842.204834 219.953705 -1999.046143
v 1814.772705 219.953705 -1999.046143
v 1741.620728 219.953705 -1999.046143
v 1668.468750 219.953705 -1999.046143
v 1668.468750 229.097702 -1999.046143
v 1887.924683 229.097702 -1999.046143
v 1485.588623 219.953705 -1999.046143
v 1412.436646 219.953705 -1999.046143
v 1412.436646 229.097702 -1999.046143
v 1229.556641 219.953705 -1999.046143
v 1202.124756 219.953705 -1999.046143
v 1156.404785 219.953705 -1999.046143
v 1156.404785 229.097702 -1999.046143
v 1668.468750 201.665695 -1999.046143
v 1741.620728 201.665695 -1999.046143
v 1814.772705 201.665695 -1999.046143
v 1842.204834 201.665695 -1999.046143
v 1887.924683 201.665695 -1999.046143
v 1412.436646 201.665695 -1999.046143
v 1485.588623 201.665695 -1999.046143
v 1156.404785 201.665695 -1999.046143
v 1202.124756 201.665695 -1999.046143
v 1229.556641 201.665695 -1999.046143
v 1595.316650 119.369713 -2072.198242
v 1705.044678 119.369713 -2072.198242
v 1705.044678 119.369713 -2200.214111
v 1650.180786 119.369713 -2255.078125
v 1595.316650 119.369713 -2255.078125
v 1394.148804 119.369713 -2255.078125
v 1339.284668 119.369713 -2200.214111
v 1339.284668 119.369713 -2072.198242
v 1119.828735 119.369713 -1692.722168
v 1119.828735 119.369713 -1706.438110
v 1119.828735 119.369713 -1962.470215
v 1119.828735 119.369713 -1436.690186
v 1119.828735 119.369713 -1450.406250
v 1119.828735 119.369713 -1180.658203
v 1924.500732 229.097702 -1692.722168
v 1924.500732 229.097702 -1743.014160
v 1924.500732 229.097702 -1999.046143
v 1924.500732 229.097702 -1180.658203
v 1924.500732 229.097702 -1230.950195
v 1924.500732 229.097702 -1486.982178
v 1924.500732 119.369713 -1962.470215
v 1924.500732 119.369713 -1706.438110
v 1924.500732 119.369713 -1692.722168
v 1924.500732 119.369713 -1450.406250
v 1924.500732 119.369713 -1436.690186
v 1924.500732 119.369713 -1180.658203
v 1887.924683 119.369713 -1962.470215
v 1156.404785 119.369713 -1962.470215
v 1156.404785 119.369713 -1180.658203
v 1156.404785 119.369713 -1436.690186
v 1156.404785 119.369713 -1450.406250
v 1156.404785 119.369713 -1692.722168
v 1156.404785 119.369713 -1706.438110
v 1156.404785 119.369713 -1948.754150
v 1887.924683 119.369713 -1450.406250
v 1887.924683 119.369713 -1436.690186
v 1887.924683 119.369713 -1180.658203
v 1887.924683 119.369713 -1706.438110
v 1887.924683 119.369713 -1692.722168
v 1887.924683 119.369713 -1948.754150
v 1156.404785 229.097702 -1948.754150
v 1156.404785 229.097702 -1692.722168
v 1156.404785 229.097702 -1436.690186
v 1156.404785 229.097702 -1180.658203
v 1887.924683 229.097702 -1180.658203
v 1887.924683 229.097702 -1230.950195
v 1887.924683 229.097702 -1436.690186
v 1887.924683 229.097702 -1486.982178
v 1887.924683 229.097702 -1692.722168
v 1887.924683 229.097702 -1743.014160
v 1887.924683 229.097702 -1948.754150
v 1668.468750 -246.390305 -1249.238159
v 1778.196777 -246.390305 -1249.238159
v 1668.468750 -173.238297 -1249.238159
v 1741.620728 -173.238297 -1249.238159
v 1778.196777 -173.238297 -1249.238159
v 1266.132690 -173.238297 -1249.238159
v 1375.860718 -173.238297 -1249.238159
v 1375.860718 -246.390305 -1249.238159
v 1266.132690 -246.390305 -1249.238159
v 1375.860718 -231.759903 -1750.329468
v 1375.860718 -177.302277 -1505.270264
v 1375.860718 -173.238297 -1486.982178
v 1375.860718 -246.390305 -1706.438110
v 1375.860718 -246.390305 -1505.270264
v 1668.468750 -246.390305 -1706.438110
v 1668.468750 -246.390305 -1505.270264
v 1668.468750 -231.759903 -1750.329468
v 1668.468750 -177.302277 -1505.270264
v 1668.468750 -173.238297 -1486.982178
v 1814.772705 -246.390305 -1180.658203
v 1814.772705 -246.390305 -1212.662231
v 1814.772705 -173.238297 -1212.662231
v 1814.772705 -173.238297 -1180.658203
v 1229.556641 -246.390305 -1212.662231
v 1229.556641 -246.390305 -1180.658203
v 1229.556641 -173.238297 -1180.658203
v 1229.556641 -173.238297 -1212.662231
v 2034.228760 238.241684 -609.158203
v 2034.228760 238.241684 -682.310181
v 1993.080566 238.241684 -682.310181
v 1993.080566 238.241684 -609.158203
v 2308.548828 119.369713 -536.006165
v 2249.112793 119.369713 -536.006165
v 2249.112793 119.369713 -517.718201
v 2308.548828 119.369713 -517.718201
v 1993.080566 119.369713 -536.006165
v 1993.080566 119.369713 -517.718201
v 2249.112793 119.369713 -737.174133
v 2308.548828 119.369713 -737.174133
v 2308.548828 119.369713 -755.462158
v 2249.112793 119.369713 -755.462158
v 1993.080566 119.369713 -737.174133
v 1993.080566 119.369713 -755.462158
v 2326.836670 119.369713 -536.006165
v 2326.836670 119.369713 -755.462158
v 2326.836670 119.369713 -517.718201
v 2326.836670 229.097702 -755.462158
v 2249.112793 229.097702 -755.462158
v 2249.112793 137.657684 -755.462158
v 2326.836670 137.657684 -755.462158
v 1993.080566 229.097702 -755.462158
v 1993.080566 137.657684 -755.462158
v 2326.836670 229.097702 -517.718201
v 2326.836670 229.097702 -700.598145
v 2326.836670 137.657684 -517.718201
v 2249.112793 229.097702 -517.718201
v 2249.112793 137.657684 -517.718201
v 1993.080566 229.097702 -517.718201
v 2052.516602 229.097702 -517.718201
v 1993.080566 137.657684 -517.718201
v 2308.548828 210.809692 -737.174133
v 2308.548828 210.809692 -536.006165
v 2249.112793 210.809692 -737.174133
v 1993.080566 210.809692 -737.174133
v 2034.228760 210.809692 -737.174133
v 2249.112793 210.809692 -536.006165
v 2034.228760 210.809692 -536.006165
v 1993.080566 210.809692 -536.006165
v 2034.228760 210.809692 -609.158203
v 2034.228760 210.809692 -682.310181
v 1993.080566 210.809692 -609.158203
v 1993.080566 210.809692 -682.310181
v 1083.252808 229.097702 -828.614136
v 1083.252808 137.657684 -828.614136
v 1961.076782 137.657684 -828.614136
v 1961.076782 229.097702 -828.614136
v 1887.924683 119.369713 -828.614136
v 1924.500732 119.369713 -828.614136
v 1156.404785 119.369713 -828.614136
v 1119.828735 119.369713 -828.614136
v 1668.468750 119.369713 -828.614136
v 1412.436646 119.369713 -828.614136
v 1887.924683 229.097702 -828.614136
v 1668.468750 229.097702 -828.614136
v 1412.436646 229.097702 -828.614136
v 1156.404785 229.097702 -828.614136
v 1156.404785 229.097702 -1084.646240
v 1156.404785 229.097702 -938.342163
v 1156.404785 119.369713 -1084.646240
v 1156.404785 119.369713 -924.626221
v 1156.404785 229.097702 -901.766174
v 1924.500732 119.369713 -1084.646240
v 1924.500732 119.369713 -924.626221
v 1924.500732 229.097702 -938.342163
v 1887.924683 229.097702 -938.342163
v 1887.924683 229.097702 -1084.646240
v 1887.924683 229.097702 -901.766174
v 1887.924683 119.369713 -924.626221
v 1887.924683 119.369713 -1084.646240
v 1119.828735 119.369713 -924.626221
v 1119.828735 119.369713 -1084.646240
v 1961.076782 229.097702 -572.582214
v 1961.076782 229.097702 -718.886169
v 1961.076782 119.369713 -60.518188
v 1961.076782 119.369713 -188.534210
v 1961.076782 119.369713 -316.550171
v 1961.076782 119.369713 -386.707520
v 1961.076782 119.369713 -718.886169
v 1961.076782 119.369713 -755.462158
v 1961.076782 119.369713 -517.718201
v 1961.076782 210.809692 -517.718201
v 1961.076782 210.809692 -426.278168
v 1961.076782 210.809692 -316.550171
v 1961.076782 229.097702 -316.550171
v 1961.076782 229.097702 -517.718201
v 1961.076782 210.809692 -60.518188
v 1961.076782 229.097702 -60.518188
v 1961.076782 137.657684 -426.278168
v 1961.076782 137.657684 -517.718201
v 1961.076782 137.657684 -755.462158
v 1961.076782 229.097702 -755.462158
v 1979.364624 238.241684 -682.310181
v 1979.364624 238.241684 -609.158203
v 1979.364624 119.369713 -755.462158
v 1979.364624 119.369713 -536.006165
v 1979.364624 119.369713 -517.718201
v 1979.364624 119.369713 -737.174133
v 1979.364624 210.809692 -737.174133
v 1979.364624 210.809692 -536.006165
v 1979.364624 210.809692 -609.158203
v 1979.364624 210.809692 -682.310181
v 1083.252808 119.369713 -279.974152
v 1083.252808 119.369713 -60.518188
v 1083.252808 229.097702 -572.582214
v 1083.252808 229.097702 -792.038147
v 1083.252808 229.097702 -316.550171
v 1083.252808 229.097702 -536.006165
v 1083.252808 229.097702 -60.518188
v 1083.252808 229.097702 -279.974152
v 1083.252808 137.657684 -792.038147
v 1083.252808 137.657684 -536.006165
v 1083.252808 137.657684 -572.582214
v 1083.252808 137.657684 -279.974152
v 1083.252808 137.657684 -316.550171
v 1887.924683 229.097702 -718.886169
v 1887.924683 229.097702 -682.310181
v 1668.468750 229.097702 -682.310181
v 1668.468750 229.097702 -755.462158
v 1887.924683 229.097702 -755.462158
v 1412.436646 229.097702 -682.310181
v 1412.436646 229.097702 -755.462158
v 1156.404785 229.097702 -682.310181
v 1156.404785 229.097702 -755.462158
v 1887.924683 229.097702 -572.582214
v 1814.772705 374.830231 -536.006165
v 1814.772705 374.830231 -499.430176
v 1814.772705 374.830231 -279.974152
v 1814.772705 374.830231 -243.398209
v 1229.556641 374.830231 -499.430176
v 1229.556641 374.830231 -536.006165
v 1229.556641 374.830231 -243.398209
v 1229.556641 374.830231 -279.974152
v 1449.012695 412.549194 -536.006165
v 1449.012695 412.549194 -499.430176
v 1449.012695 412.549194 -279.974152
v 1449.012695 412.549194 -243.398209
v 1595.316650 412.549194 -499.430176
v 1595.316650 412.549194 -536.006165
v 1595.316650 412.549194 -243.398209
v 1595.316650 412.549194 -279.974152
v 1631.892700 406.262726 -536.006165
v 1778.196777 381.116730 -536.006165
v 1778.196777 381.116730 -243.398209
v 1631.892700 406.262726 -243.398209
v 1778.196777 381.116730 -499.430176
v 1631.892700 406.262726 -499.430176
v 1631.892700 406.262726 -279.974152
v 1778.196777 381.116730 -279.974152
v 1266.132690 381.116730 -536.006165
v 1412.436646 406.262726 -536.006165
v 1266.132690 381.116730 -243.398209
v 1412.436646 406.262726 -243.398209
v 1412.436646 406.262726 -279.974152
v 1412.436646 406.262726 -499.430176
v 1266.132690 381.116730 -279.974152
v 1266.132690 381.116730 -499.430176
v 1156.404785 229.097702 -572.582214
v 1156.404785 229.097702 -316.550171
v 1156.404785 229.097702 -60.518188
v 1887.924683 229.097702 -536.006165
v 1887.924683 229.097702 -316.550171
v 1887.924683 229.097702 -60.518188
v 1887.924683 119.369713 -572.582214
v 1887.924683 119.369713 -682.310181
v 1887.924683 119.369713 -316.550171
v 1887.924683 119.369713 -60.518188
v 1887.924683 119.369713 -755.462158
v 1156.404785 119.369713 -682.310181
v 1156.404785 119.369713 -609.158203
v 1156.404785 119.369713 -572.582214
v 1156.404785 119.369713 -353.126160
v 1156.404785 119.369713 -316.550171
v 1156.404785 119.369713 -97.094193
v 1156.404785 119.369713 -60.518188
v 1156.404785 119.369713 -755.462158
v 1668.468750 119.369713 -682.310181
v 1668.468750 119.369713 -755.462158
v 1412.436646 119.369713 -682.310181
v 1412.436646 119.369713 -755.462158
v 1064.964722 229.097702 -60.518188
v 1064.964722 229.097702 -78.806190
v 1064.964722 229.097702 -279.974152
v 1064.964722 119.369713 -279.974152
v 1064.964722 210.809692 -279.974152
v 1924.500732 -246.390305 -353.126160
v 1924.500732 -246.390305 -279.974152
v 1924.500732 -246.390305 -609.158203
v 1924.500732 -246.390305 -462.854187
v 1814.772705 -173.238297 -60.518188
v 1814.772705 -173.238297 -316.550171
v 1814.772705 -173.238297 -572.582214
v 1814.772705 -173.238297 -609.158203
v 1741.620728 -173.238297 -609.158203
v 1485.588623 -173.238297 -609.158203
v 1229.556641 -173.238297 -609.158203
v 1229.556641 -173.238297 -572.582214
v 1229.556641 -173.238297 -316.550171
v 1229.556641 -173.238297 -60.518188
v 1741.620728 -173.238297 -682.310181
v 1814.772705 -173.238297 -682.310181
v 1814.772705 -173.238297 -828.614136
v 1229.556641 -173.238297 -828.614136
v 1229.556641 -173.238297 -682.310181
v 1485.588623 -173.238297 -682.310181
v 1741.620728 -173.238297 -1102.934204
v 1814.772705 -173.238297 -1102.934204
v 1485.588623 -173.238297 -1102.934204
v 1595.316650 -173.238297 -1102.934204
v 1705.044678 -173.238297 -1102.934204
v 1229.556641 -173.238297 -1102.934204
v 1339.284668 -173.238297 -1102.934204
v 1814.772705 -173.238297 -938.342163
v 1814.772705 -173.238297 -1011.494202
v 1741.620728 -173.238297 -1011.494202
v 1705.044678 -173.238297 -1011.494202
v 1595.316650 -173.238297 -1011.494202
v 1485.588623 -173.238297 -1011.494202
v 1229.556641 -173.238297 -938.342163
v 1339.284668 -173.238297 -1011.494202
v 1229.556641 -173.238297 -1011.494202
v 1814.772705 -246.390305 -572.582214
v 1814.772705 -246.390305 -609.158203
v 1814.772705 -246.390305 -316.550171
v 1814.772705 -246.390305 -462.854187
v 1814.772705 -246.390305 -60.518188
v 1814.772705 -246.390305 -170.246201
v 1814.772705 -246.390305 -206.822205
v 1814.772705 -246.390305 -938.342163
v 1814.772705 -246.390305 -1011.494202
v 1814.772705 -209.814301 -1011.494202
v 1814.772705 -246.390305 -682.310181
v 1814.772705 -246.390305 -718.886169
v 1814.772705 -246.390305 -828.614136
v 1814.772705 -209.814301 -1102.934204
v 1814.772705 -246.390305 -1102.934204
v 1814.772705 -246.390305 -1084.646240
v 1887.924683 -246.390305 -828.614136
v 1887.924683 -246.390305 -645.734192
v 1851.348755 -246.390305 -206.822205
v 1887.924683 -246.390305 -243.398209
v 1887.924683 -246.390305 -60.518188
v 1229.556641 -246.390305 -1102.934204
v 1229.556641 -246.390305 -1084.646240
v 1229.556641 -246.390305 -1011.494202
v 1229.556641 -209.814301 -1011.494202
v 1229.556641 -209.814301 -1102.934204
v 1229.556641 -246.390305 -938.342163
v 1229.556641 -246.390305 -828.614136
v 1229.556641 -246.390305 -682.310181
v 1229.556641 -246.390305 -609.158203
v 1229.556641 -246.390305 -572.582214
v 1229.556641 -246.390305 -316.550171
v 1229.556641 -246.390305 -60.518188
v 1741.620728 -246.390305 -609.158203
v 1485.588623 -246.390305 -609.158203
v 1705.044678 -246.390305 -1011.494202
v 1595.316650 -246.390305 -1011.494202
v 1339.284668 -246.390305 -1011.494202
v 1705.044678 -209.814301 -1011.494202
v 1339.284668 -209.814301 -1011.494202
v 1302.708618 -209.814301 -1011.494202
v 1741.620728 -209.814301 -1011.494202
v 1339.284668 -246.390305 -1102.934204
v 1705.044678 -246.390305 -1102.934204
v 1741.620728 -209.814301 -1102.934204
v 1705.044678 -209.814301 -1102.934204
v 1595.316650 -246.390305 -1102.934204
v 1339.284668 -209.814301 -1102.934204
v 1302.708618 -209.814301 -1102.934204
v 1741.620728 -246.390305 -682.310181
v 1485.588623 -246.390305 -682.310181
v 1156.404785 -246.390305 -828.614136
v 1156.404785 -246.390305 -316.550171
v 1156.404785 -246.390305 -60.518188
v 1156.404785 -246.390305 -572.582214
v 3241.236816 229.097702 707.577759
v 3149.796875 229.097702 707.577759
v 3149.796875 119.369713 707.577759
v 3241.236816 119.369713 707.577759
v 3168.084961 229.097702 817.305786
v 3168.084961 229.097702 853.881775
v 3149.796875 229.097702 853.881775
v 3149.796875 229.097702 780.729797
v 3168.084961 229.097702 780.729797
v 3241.236816 229.097702 780.729797
v 3241.236816 229.097702 817.305786
v 3241.236816 229.097702 835.593933
v 3241.236816 229.097702 853.881775
v 3241.236816 229.097702 1073.337769
v 3168.084961 229.097702 1073.337769
v 3241.236816 119.369713 780.729797
v 3241.236816 119.369713 835.593933
v 3241.236816 137.657684 853.881775
v 3241.236816 137.657684 835.593933
v 3241.236816 137.657684 1073.337769
v 3149.796875 119.369713 780.729797
v 3168.084961 119.369713 780.729797
v 3149.796875 119.369713 853.881775
v 3168.084961 119.369713 853.881775
v 3168.084961 119.369713 817.305786
v 3149.796875 146.801697 853.881775
v 3149.796875 151.373688 853.881775
v 3149.796875 210.809692 853.881775
v 3149.796875 215.381699 853.881775
v 3168.084961 119.369713 1073.337769
v 3168.084961 119.369713 1512.249878
v 3149.796875 119.369713 1512.249878
v 3168.084961 229.097702 1512.249878
v 3149.796875 229.097702 1512.249878
v 3149.796875 215.381699 1512.249878
v 3149.796875 210.809692 1512.249878
v 3149.796875 151.373688 1512.249878
v 3149.796875 146.801697 1512.249878
v 3241.236816 229.097702 1109.913818
v 3241.236816 229.097702 1365.945801
v 3241.236816 137.657684 1109.913818
v 3241.236816 137.657684 1329.369873
v 3241.236816 137.657684 1365.945801
v 3168.084961 229.097702 1256.217896
v 3168.084961 119.369713 1256.217896
v 2509.716797 119.369713 780.729797
v 2509.716797 119.369713 707.577759
v 2509.716797 119.369713 853.881775
v 2509.716797 229.097702 799.017883
v 2509.716797 229.097702 853.881775
v 2509.716797 137.657684 853.881775
v 2509.716797 229.097702 707.577759
v 2509.716797 229.097702 1055.049927
v 2509.716797 137.657684 1055.049927
v 2912.052734 229.097702 707.577759
v 3021.780762 229.097702 707.577759
v 2656.020752 229.097702 707.577759
v 2765.748535 229.097702 707.577759
v 3021.780762 119.369713 707.577759
v 2765.748535 119.369713 707.577759
v 3094.932861 229.097702 853.881775
v 2912.052734 229.097702 853.881775
v 2912.052734 229.097702 780.729797
v 2838.900635 229.097702 853.881775
v 2656.020752 229.097702 853.881775
v 2656.020752 229.097702 780.729797
v 2582.868896 229.097702 853.881775
v 2582.868896 229.097702 1055.049927
v 2875.476807 302.821198 1000.185791
v 2838.900635 296.534698 1000.185791
v 2838.900635 296.534698 1036.761841
v 2838.900635 296.534698 1055.049927
v 2875.476807 302.821198 1055.049927
v 2692.596680 271.388702 1055.049927
v 2692.596680 271.388702 1036.761841
v 2692.596680 271.388702 1000.185791
v 2656.020752 265.102203 1000.185791
v 2656.020752 265.102203 1055.049927
v 2582.868896 119.369713 853.881775
v 2582.868896 119.369713 780.729797
v 2582.868896 119.369713 1055.049927
v 2582.868896 215.381699 853.881775
v 2582.868896 210.809692 853.881775
v 2582.868896 151.373688 853.881775
v 2582.868896 146.801697 853.881775
v 3094.932861 215.381699 853.881775
v 3085.788574 215.381699 853.881775
v 3081.216797 215.381699 853.881775
v 3008.064941 215.381699 853.881775
v 3003.492676 215.381699 853.881775
v 2838.900635 215.381699 853.881775
v 3094.932861 146.801697 853.881775
v 3085.788574 146.801697 853.881775
v 3085.788574 151.373688 853.881775
v 3094.932861 151.373688 853.881775
v 3081.216797 146.801697 853.881775
v 3008.064941 146.801697 853.881775
v 3008.064941 151.373688 853.881775
v 3081.216797 151.373688 853.881775
v 3003.492676 146.801697 853.881775
v 2838.900635 146.801697 853.881775
v 2838.900635 151.373688 853.881775
v 3003.492676 151.373688 853.881775
v 3094.932861 119.369713 853.881775
v 2838.900635 119.369713 853.881775
v 3094.932861 210.809692 853.881775
v 2838.900635 210.809692 853.881775
v 3003.492676 210.809692 853.881775
v 3008.064941 210.809692 853.881775
v 3081.216797 210.809692 853.881775
v 3085.788574 210.809692 853.881775
v 3094.932861 119.369713 780.729797
v 2838.900635 119.369713 780.729797
v 1814.772705 374.830231 49.209824
v 1814.772705 374.830231 85.785828
v 1814.772705 374.830231 305.241852
v 1814.772705 374.830231 341.817871
v 1229.556641 374.830231 85.785828
v 1229.556641 374.830231 49.209824
v 1229.556641 374.830231 341.817871
v 1229.556641 374.830231 305.241852
v 1595.316650 412.549194 85.785828
v 1595.316650 412.549194 49.209824
v 1595.316650 412.549194 341.817871
v 1595.316650 412.549194 305.241852
v 1778.196777 381.116730 341.817871
v 1631.892700 406.262726 341.817871
v 1631.892700 406.262726 49.209824
v 1778.196777 381.116730 49.209824
v 1778.196777 381.116730 85.785828
v 1631.892700 406.262726 85.785828
v 1631.892700 406.262726 305.241852
v 1778.196777 381.116730 305.241852
v 1449.012695 412.549194 49.209824
v 1449.012695 412.549194 85.785828
v 1449.012695 412.549194 305.241852
v 1449.012695 412.549194 341.817871
v 1412.436646 406.262726 341.817871
v 1266.132690 381.116730 341.817871
v 1266.132690 381.116730 49.209824
v 1412.436646 406.262726 49.209824
v 1412.436646 406.262726 305.241852
v 1266.132690 381.116730 305.241852
v 1266.132690 381.116730 85.785828
v 1412.436646 406.262726 85.785828
v 1961.076782 119.369713 122.361832
v 1961.076782 119.369713 378.393860
v 1961.076782 119.369713 634.425781
v 1961.076782 229.097702 122.361832
v 1961.076782 229.097702 104.073830
v 1961.076782 229.097702 378.393860
v 1961.076782 229.097702 360.105865
v 1961.076782 229.097702 634.425781
v 1961.076782 229.097702 616.137878
v 1156.404785 119.369713 305.241852
v 1156.404785 119.369713 250.377838
v 1156.404785 119.369713 561.273865
v 1156.404785 119.369713 488.121887
v 1156.404785 119.369713 -5.654182
v 1156.404785 119.369713 -23.942184
v 1156.404785 119.369713 232.089844
v 1156.404785 229.097702 -23.942184
v 1156.404785 229.097702 49.209824
v 1156.404785 229.097702 232.089844
v 1156.404785 229.097702 305.241852
v 1156.404785 229.097702 488.121887
v 1156.404785 229.097702 561.273865
v 1887.924683 119.369713 561.273865
v 1668.468750 119.369713 561.273865
v 1412.436646 119.369713 561.273865
v 1192.980713 229.097702 561.273865
v 1851.348755 229.097702 561.273865
v 1887.924683 229.097702 561.273865
v 1887.924683 229.097702 49.209824
v 1887.924683 229.097702 -23.942184
v 1887.924683 229.097702 305.241852
v 1887.924683 229.097702 232.089844
v 1887.924683 229.097702 488.121887
v 1887.924683 119.369713 -23.942184
v 1887.924683 119.369713 232.089844
v 1887.924683 119.369713 49.209824
v 1887.924683 119.369713 488.121887
v 1887.924683 119.369713 305.241852
v 1668.468750 119.369713 488.121887
v 1412.436646 119.369713 488.121887
v 1668.468750 229.097702 488.121887
v 1705.044678 229.097702 561.273865
v 1668.468750 229.097702 561.273865
v 1412.436646 229.097702 488.121887
v 1449.012695 229.097702 561.273865
v 1412.436646 229.097702 561.273865
v 1156.404785 119.369713 634.425781
v 1320.996826 119.369713 634.425781
v 1192.980713 229.097702 634.425781
v 1156.404785 229.097702 634.425781
v 1887.924683 229.097702 634.425781
v 1851.348755 229.097702 634.425781
v 1887.924683 119.369713 634.425781
v 1796.484741 119.369713 634.425781
v 1796.484741 137.657684 634.425781
v 1796.484741 229.097702 634.425781
v 1320.996826 137.657684 634.425781
v 1320.996826 229.097702 634.425781
v 1577.028809 229.097702 634.425781
v 1705.044678 229.097702 634.425781
v 1577.028809 137.657684 634.425781
v 1449.012695 229.097702 634.425781
v 1851.348755 229.097702 588.705811
v 1851.348755 229.097702 606.993835
v 1192.980713 229.097702 588.705811
v 1192.980713 229.097702 606.993835
v 1705.044678 229.097702 588.705811
v 1449.012695 229.097702 588.705811
v 1705.044678 229.097702 606.993835
v 1449.012695 229.097702 606.993835
v 1083.252808 119.369713 250.377838
v 1083.252808 119.369713 414.969849
v 1083.252808 119.369713 469.833862
v 1083.252808 119.369713 85.785828
v 1083.252808 229.097702 122.361832
v 1083.252808 229.097702 85.785828
v 1083.252808 229.097702 378.393860
v 1083.252808 229.097702 268.665833
v 1083.252808 229.097702 524.697876
v 1083.252808 210.809692 268.665833
v 1083.252808 210.809692 250.377838
v 1083.252808 210.809692 85.785828
v 1083.252808 210.809692 506.409882
v 1083.252808 174.233688 469.833862
v 1083.252808 137.657684 250.377838
v 1083.252808 137.657684 85.785828
v 1083.252808 229.097702 634.425781
v 1083.252808 119.369713 634.425781
v 1064.964722 137.657684 85.785828
v 1064.964722 229.097702 85.785828
v 1064.964722 119.369713 85.785828
v 1887.924683 -246.390305 122.361832
v 1887.924683 -246.390305 195.513840
v 1887.924683 -246.390305 378.393860
v 1887.924683 -246.390305 890.457825
v 1887.924683 -246.390305 1055.049927
v 1814.772705 -173.238297 1055.049927
v 1814.772705 -173.238297 927.033813
v 1741.620728 -173.238297 927.033813
v 1485.588623 -173.238297 927.033813
v 1229.556641 -173.238297 927.033813
v 1229.556641 -173.238297 1055.049927
v 1741.620728 -173.238297 341.817871
v 1814.772705 -173.238297 341.817871
v 1814.772705 -173.238297 85.785828
v 1229.556641 -173.238297 85.785828
v 1229.556641 -173.238297 341.817871
v 1485.588623 -173.238297 341.817871
v 1814.772705 -246.390305 378.393860
v 1741.620728 -246.390305 378.393860
v 1668.468750 -246.390305 378.393860
v 1485.588623 -246.390305 378.393860
v 1412.436646 -246.390305 378.393860
v 1229.556641 -246.390305 378.393860
v 1156.404785 -246.390305 378.393860
v 1229.556641 -246.390305 85.785828
v 1229.556641 -246.390305 195.513840
v 1229.556641 -246.390305 341.817871
v 1814.772705 -246.390305 85.785828
v 1814.772705 -246.390305 341.817871
v 1814.772705 -246.390305 195.513840
v 1741.620728 -246.390305 341.817871
v 1485.588623 -246.390305 341.817871
v 1156.404785 -246.390305 195.513840
v 1156.404785 -246.390305 122.361832
v 1741.620728 -246.390305 890.457825
v 1814.772705 -246.390305 890.457825
v 1668.468750 -246.390305 890.457825
v 1412.436646 -246.390305 890.457825
v 1485.588623 -246.390305 890.457825
v 1156.404785 -246.390305 890.457825
v 1229.556641 -246.390305 890.457825
v 1229.556641 -246.390305 927.033813
v 1229.556641 -246.390305 1055.049927
v 1814.772705 -246.390305 1055.049927
v 1814.772705 -246.390305 927.033813
v 1741.620728 -246.390305 927.033813
v 1485.588623 -246.390305 927.033813
v 1156.404785 -246.390305 1055.049927
v 2509.716797 119.369713 1585.401855
v 2509.716797 229.097702 1585.401855
v 2509.716797 119.369713 1329.369873
v 2509.716797 119.369713 1292.793823
v 2509.716797 137.657684 1292.793823
v 2509.716797 229.097702 1292.793823
v 2509.716797 229.097702 1329.369873
v 2656.020752 229.097702 1512.249878
v 2582.868896 229.097702 1439.097900
v 2582.868896 229.097702 1512.249878
v 2582.868896 229.097702 1256.217896
v 2656.020752 265.102203 1292.793823
v 2838.900635 296.534698 1256.217896
v 2838.900635 296.534698 1292.793823
v 2875.476807 302.821198 1292.793823
v 2692.596680 271.388702 1292.793823
v 2692.596680 271.388702 1256.217896
v 2912.052734 229.097702 1512.249878
v 3094.932861 229.097702 1512.249878
v 2838.900635 229.097702 1512.249878
v 2582.868896 119.369713 1256.217896
v 2582.868896 119.369713 1512.249878
v 2582.868896 146.801697 1512.249878
v 2582.868896 151.373688 1512.249878
v 2582.868896 210.809692 1512.249878
v 2582.868896 215.381699 1512.249878
v 3094.932861 119.369713 1512.249878
v 2838.900635 119.369713 1512.249878
v 3094.932861 215.381699 1512.249878
v 2838.900635 215.381699 1512.249878
v 3003.492676 215.381699 1512.249878
v 3008.064941 215.381699 1512.249878
v 3081.216797 215.381699 1512.249878
v 3085.788574 215.381699 1512.249878
v 3085.788574 146.801697 1512.249878
v 3094.932861 146.801697 1512.249878
v 3094.932861 151.373688 1512.249878
v 3085.788574 151.373688 1512.249878
v 3008.064941 146.801697 1512.249878
v 3081.216797 146.801697 1512.249878
v 3081.216797 148.497375 1512.249878
v 3081.216797 151.373688 1512.249878
v 3008.064941 151.373688 1512.249878
v 2838.900635 146.801697 1512.249878
v 3003.492676 146.801697 1512.249878
v 3003.492676 151.373688 1512.249878
v 2838.900635 151.373688 1512.249878
v 3083.239746 146.801697 1512.249878
v 3082.645508 146.801697 1512.249878
v 3094.932861 210.809692 1512.249878
v 3085.788574 210.809692 1512.249878
v 3081.216797 210.809692 1512.249878
v 3008.064941 210.809692 1512.249878
v 3003.492676 210.809692 1512.249878
v 2838.900635 210.809692 1512.249878
v 1887.924683 -246.390305 2097.465820
v 1814.772705 -246.390305 2097.465820
v 1741.620728 -246.390305 2097.465820
v 1668.468750 -246.390305 2097.465820
v 1485.588623 -246.390305 2097.465820
v 1412.436646 -246.390305 2097.465820
v 1229.556641 -246.390305 2097.465820
v 1156.404785 -246.390305 2097.465820
v 1229.556641 -246.390305 1109.913818
v 1229.556641 -173.238297 1109.913818
v 1229.556641 -246.390305 1311.081787
v 1229.556641 -246.390305 1365.945801
v 1229.556641 -173.238297 1365.945801
v 1229.556641 -246.390305 1567.113770
v 1229.556641 -246.390305 1621.977905
v 1229.556641 -173.238297 1621.977905
v 1229.556641 -173.238297 1567.113770
v 1229.556641 -246.390305 1823.145752
v 1229.556641 -246.390305 1878.009888
v 1229.556641 -173.238297 1878.009888
v 1814.772705 -246.390305 1109.913818
v 1814.772705 -173.238297 1109.913818
v 1814.772705 -246.390305 1365.945801
v 1814.772705 -246.390305 1311.081787
v 1814.772705 -173.238297 1365.945801
v 1814.772705 -246.390305 1621.977905
v 1814.772705 -246.390305 1567.113770
v 1814.772705 -173.238297 1567.113770
v 1814.772705 -173.238297 1621.977905
v 1814.772705 -246.390305 1878.009888
v 1814.772705 -246.390305 1823.145752
v 1814.772705 -173.238297 1878.009888
v 1887.924683 -246.390305 1841.433960
v 1887.924683 -246.390305 1823.145752
v 1887.924683 -246.390305 1585.401855
v 1887.924683 -246.390305 1567.113770
v 1887.924683 -246.390305 1329.369873
v 1887.924683 -246.390305 1311.081787
v 1741.620728 -246.390305 1878.009888
v 1741.620728 -173.238297 1878.009888
v 1485.588623 -246.390305 1878.009888
v 1485.588623 -173.238297 1878.009888
v 1156.404785 -246.390305 1841.433960
v 1156.404785 -246.390305 1823.145752
v 1156.404785 -246.390305 1567.113770
v 1156.404785 -246.390305 1585.401855
v 1156.404785 -246.390305 1311.081787
v 1156.404785 -246.390305 1329.369873
v 991.812683 311.393707 -151.958191
v 991.812683 311.393707 -170.246201
v 991.812683 311.393707 -243.398209
v 991.812683 229.097702 -170.246201
v 991.812683 229.097702 -124.526138
v 936.948669 229.097702 -124.526138
v 936.948669 229.097702 -243.398209
v 991.812683 229.097702 -243.398209
v 680.916626 229.097702 -124.526138
v 680.916626 229.097702 -243.398209
v 1055.820679 229.097702 -243.398209
v 1000.956604 229.097702 -243.398209
v 936.948669 229.097702 -279.974152
v 680.916626 229.097702 -279.974152
v 936.948669 229.097702 -78.806190
v 680.916626 229.097702 -78.806190
v 991.812683 302.249695 -170.246201
v 991.812683 302.249695 -243.398209
v 991.812683 283.961700 -124.526138
v 1000.956604 302.249695 -243.398209
v 1055.820679 302.249695 -243.398209
v 1000.956604 302.249695 -170.246201
v 1000.956604 229.097702 -170.246201
v 1055.820679 229.097702 -170.246201
v 1055.820679 302.249695 -170.246201
v 955.236694 119.369713 -261.686157
v 955.236694 119.369713 -279.974152
v 699.204651 119.369713 -279.974152
v 699.204651 119.369713 -261.686157
v 699.204651 119.369713 -78.806190
v 680.916626 119.369713 -279.974152
v 680.916626 119.369713 -235.397186
v 680.916626 119.369713 -233.111176
v 680.916626 119.369713 -78.806190
v 680.916626 137.657684 -78.806190
v 680.916626 137.657684 -188.534210
v 680.916626 137.657684 -279.974152
v 680.916626 210.809692 -279.974152
v 699.204651 137.657684 -279.974152
v 699.204651 174.233688 -279.974152
v 699.204651 210.809692 -279.974152
v 955.236694 174.233688 -279.974152
v 955.236694 210.809692 -279.974152
v 936.948669 210.809692 -279.974152
v 699.204651 137.657684 -389.702179
v 699.204651 174.233688 -389.702179
v 955.236694 137.657684 -389.702179
v 955.236694 174.233688 -389.702179
v 699.204651 210.809692 -78.806190
v 699.204651 210.809692 -261.686157
v 1000.956604 210.809692 -261.686157
v 1055.820679 210.809692 -261.686157
v 955.236694 210.809692 -261.686157
v 1000.956604 210.809692 -243.398209
v 1000.956604 210.809692 -170.246201
v 1055.820679 210.809692 -170.246201
v 1000.956604 210.809692 -78.806190
v 1055.820679 210.809692 -78.806190
v 1055.820679 210.809692 -243.398209
v 955.236694 210.809692 -78.806190
v 936.948669 229.097702 85.785828
v 680.916626 229.097702 85.785828
v 955.236694 119.369713 85.785828
v 699.204651 119.369713 85.785828
v 680.916626 119.369713 85.785828
v 680.916626 119.369713 -23.942184
v 680.916626 119.369713 38.922844
v 680.916626 119.369713 41.208801
v 699.204651 119.369713 67.497826
v 955.236694 119.369713 67.497826
v 680.916626 137.657684 85.785828
v 936.948669 137.657684 85.785828
v 699.204651 210.809692 67.497826
v 955.236694 210.809692 67.497826
s 0
f 3 1 4
f 3 7 5
f 8 2 3
f 13 11 10
f 17 15 18
f 21 15 20
f 30 28 31
f 34 32 35
f 39 37 36
f 43 41 40
f 46 44 47
f 32 33 23
f 37 26 25
f 28 27 26
f 55 52 51
f 59 57 54
f 63 61 60
f 65 34 35
f 70 43 38
f 72 31 42
f 51 68 50
f 53 66 52
f 54 70 64
f 58 73 69
f 62 72 61
f 77 75 74
f 74 80 79
f 24 74 75
f 26 81 74
f 85 104 103
f 82 106 105
f 84 107 106
f 98 110 109
f 96 108 112
f 95 113 100
f 101 30 71
f 115 106 107
f 116 104 105
f 117 103 116
f 92 118 91
f 93 120 119
f 88 123 122
f 90 124 123
f 68 47 100
f 123 113 111
f 121 112 108
f 119 109 110
f 129 128 125
f 132 130 133
f 137 135 138
f 135 131 132
f 142 139 140
f 142 125 127
f 146 144 147
f 150 148 151
f 148 130 151
f 126 146 129
f 158 156 159
f 161 157 158
f 164 162 165
f 165 166 167
f 163 164 168
f 173 171 174
f 176 172 173
f 174 178 177
f 179 180 181
f 181 183 182
f 156 185 163
f 162 185 187
f 189 166 162
f 186 157 190
f 191 157 160
f 153 193 152
f 190 194 187
f 152 195 155
f 154 194 153
f 189 196 188
f 192 193 191
f 207 205 208
f 208 206 209
f 206 210 209
f 211 102 117
f 215 214 213
f 91 220 219
f 202 222 217
f 216 222 223
f 118 223 220
f 222 221 219
f 214 204 224
f 225 102 213
f 238 236 235
f 241 237 238
f 235 242 243
f 231 236 237
f 229 237 240
f 245 199 200
f 184 239 235
f 244 175 176
f 250 160 161
f 166 248 167
f 249 250 232
f 252 166 188
f 160 253 192
f 253 195 192
f 196 252 188
f 155 254 247
f 246 196 154
f 247 255 246
f 251 255 254
f 197 264 259
f 258 264 266
f 260 265 268
f 272 270 269
f 275 271 272
f 277 274 275
f 227 270 278
f 301 293 294
f 291 295 300
f 282 302 281
f 299 279 280
f 299 295 296
f 298 302 297
f 290 307 289
f 308 287 288
f 309 285 286
f 283 303 310
f 308 303 304
f 305 307 306
f 270 317 278
f 314 317 319
f 315 320 316
f 311 323 322
f 312 325 324
f 313 327 326
f 321 330 331
f 331 332 333
f 332 329 333
f 330 270 271
f 274 330 271
f 276 332 274
f 8 5 262
f 15 16 256
f 12 338 263
f 346 375 345
f 345 378 377
f 344 381 380
f 367 384 382
f 355 387 386
f 147 389 388
f 388 390 383
f 391 386 387
f 393 380 381
f 339 394 377
f 342 385 386
f 395 380 393
f 399 397 396
f 364 400 149
f 372 398 399
f 356 403 402
f 350 404 349
f 351 405 350
f 352 406 351
f 408 346 347
f 348 408 347
f 349 409 348
f 411 413 369
f 371 414 411
f 415 412 414
f 399 415 373
f 416 367 368
f 413 410 416
f 416 388 384
f 419 363 359
f 419 418 420
f 410 419 416
f 363 420 421
f 421 422 361
f 399 423 415
f 422 423 364
f 422 417 423
f 417 415 423
f 354 424 353
f 353 425 358
f 425 357 358
f 408 385 376
f 409 424 408
f 404 425 409
f 427 407 428
f 429 406 427
f 426 403 404
f 430 432 431
f 437 435 434
f 441 447 448
f 448 445 439
f 449 442 443
f 451 454 452
f 457 456 453
f 435 459 444
f 466 465 462
f 468 449 443
f 469 471 470
f 444 474 473
f 473 460 462
f 475 480 478
f 482 480 483
f 431 488 485
f 484 488 489
f 489 481 486
f 492 490 436
f 495 493 491
f 501 500 498
f 506 504 503
f 500 505 499
f 510 512 511
f 490 458 436
f 491 518 517
f 494 511 520
f 524 522 521
f 527 525 528
f 531 529 532
f 513 530 531
f 521 452 455
f 526 529 533
f 514 534 530
f 535 456 457
f 537 532 527
f 512 531 536
f 520 537 519
f 511 536 520
f 518 539 517
f 515 540 535
f 450 533 541
f 541 534 542
f 542 508 509
f 561 553 554
f 551 557 560
f 546 562 545
f 559 543 544
f 559 557 558
f 556 562 555
f 568 571 567
f 574 569 570
f 572 549 550
f 547 569 573
f 566 571 565
f 574 563 564
f 240 579 578
f 575 581 580
f 576 583 582
f 591 328 313
f 592 590 588
f 594 584 585
f 316 608 604
f 603 608 610
f 605 609 612
f 598 611 597
f 599 613 598
f 586 614 599
f 601 607 615
f 619 615 618
f 618 596 600
f 607 613 615
f 615 614 618
f 614 595 618
f 629 627 626
f 623 621 631
f 629 634 633
f 633 636 631
f 627 582 625
f 637 616 641
f 641 617 619
f 619 620 639
f 643 630 626
f 644 633 634
f 640 632 636
f 649 656 655
f 651 654 657
f 658 646 647
f 654 659 646
f 655 660 659
f 662 624 661
f 664 660 656
f 664 262 334
f 648 19 20
f 680 407 352
f 681 691 690
f 343 693 679
f 679 695 694
f 668 694 695
f 666 695 693
f 678 696 677
f 677 697 682
f 697 681 682
f 684 694 683
f 685 697 696
f 687 692 697
f 691 692 689
f 699 407 690
f 676 707 675
f 672 709 671
f 670 710 701
f 701 711 700
f 702 711 712
f 712 706 703
f 711 672 673
f 674 711 673
f 675 712 674
f 705 707 708
f 719 718 716
f 716 715 720
f 718 482 483
f 728 726 501
f 503 730 725
f 729 726 727
f 724 510 497
f 722 737 736
f 463 742 732
f 731 746 745
f 743 723 721
f 750 467 749
f 755 754 752
f 759 757 760
f 757 737 760
f 467 740 749
f 762 761 741
f 741 736 757
f 465 750 763
f 764 751 755
f 760 738 768
f 744 768 743
f 768 739 743
f 746 766 745
f 742 465 763
f 778 708 676
f 781 779 777
f 785 783 782
f 788 786 783
f 671 789 790
f 790 792 791
f 796 791 795
f 797 799 798
f 801 770 798
f 803 799 794
f 805 795 791
f 806 789 709
f 800 807 808
f 808 809 810
f 809 788 810
f 771 798 770
f 772 809 807
f 774 787 809
f 787 776 811
f 814 782 783
f 816 779 780
f 713 777 779
f 818 7 4
f 819 4 1
f 823 821 820
f 826 822 823
f 829 828 827
f 830 823 829
f 335 821 822
f 822 832 831
f 834 818 819
f 824 833 834
f 833 821 817
f 837 836 819
f 828 834 836
f 9 837 2
f 840 838 841
f 838 837 841
f 827 841 837
f 839 836 838
f 6 821 5
f 817 6 7
f 337 842 843
f 842 844 843
f 848 845 846
f 826 854 852
f 854 856 855
f 338 858 859
f 858 857 860
f 859 829 336
f 857 830 829
f 861 856 862
f 13 863 864
f 863 862 864
f 864 12 13
f 862 858 864
f 865 845 866
f 842 17 868
f 866 842 869
f 839 870 828
f 873 872 874
f 875 867 868
f 18 872 875
f 872 839 840
f 870 827 828
f 827 872 840
f 869 870 871
f 865 869 876
f 831 664 334
f 832 877 831
f 885 884 883
f 879 19 665
f 880 886 879
f 832 887 878
f 877 663 664
f 878 888 877
f 889 846 865
f 22 886 890
f 886 889 890
f 874 22 890
f 890 865 876
f 3 2 1
f 5 8 3
f 3 4 7
f 7 6 5
f 8 9 2
f 10 14 13
f 13 12 11
f 17 16 15
f 19 22 21
f 21 18 15
f 20 19 21
f 30 29 28
f 34 33 32
f 33 34 39
f 39 38 37
f 36 33 39
f 37 38 43
f 43 42 41
f 40 37 43
f 46 45 44
f 48 44 45
f 48 45 32
f 36 24 23
f 23 48 32
f 33 36 23
f 24 36 37
f 37 40 26
f 25 24 37
f 26 40 41
f 28 29 49
f 26 41 28
f 28 49 27
f 50 56 55
f 55 54 53
f 55 53 52
f 51 50 55
f 54 55 59
f 59 58 57
f 58 59 63
f 63 62 61
f 60 58 63
f 47 68 67
f 47 67 66
f 46 47 66
f 65 64 39
f 46 66 65
f 35 46 65
f 65 39 34
f 39 64 70
f 70 69 43
f 38 39 70
f 43 69 73
f 72 71 30
f 43 73 72
f 42 43 72
f 72 30 31
f 51 67 68
f 53 65 66
f 65 53 54
f 54 57 70
f 64 65 54
f 70 57 58
f 58 60 73
f 69 70 58
f 62 71 72
f 74 78 77
f 77 76 75
f 79 78 74
f 74 81 80
f 75 23 24
f 24 25 74
f 74 25 26
f 26 27 81
f 102 87 85
f 85 86 104
f 103 102 85
f 104 86 82
f 82 83 106
f 105 104 82
f 106 83 84
f 84 101 107
f 108 97 98
f 98 99 110
f 109 108 98
f 111 95 96
f 96 97 108
f 112 111 96
f 100 94 95
f 95 111 113
f 63 114 107
f 101 49 29
f 63 107 101
f 62 63 101
f 101 29 30
f 71 62 101
f 107 114 115
f 115 105 106
f 105 115 116
f 116 103 104
f 117 102 103
f 92 119 118
f 119 92 93
f 93 121 120
f 121 93 88
f 88 89 123
f 122 121 88
f 123 89 90
f 90 56 124
f 113 124 56
f 113 56 50
f 44 48 100
f 100 113 50
f 100 50 68
f 47 44 100
f 112 122 123
f 123 124 113
f 111 112 123
f 109 120 121
f 121 122 112
f 108 109 121
f 110 118 119
f 119 120 109
f 125 126 129
f 128 127 125
f 132 131 130
f 137 134 135
f 132 138 135
f 135 136 131
f 142 141 139
f 127 143 142
f 142 140 125
f 146 145 144
f 150 149 148
f 148 133 130
f 126 145 146
f 158 157 156
f 161 160 157
f 164 163 162
f 165 162 166
f 168 170 159
f 168 159 156
f 164 169 168
f 168 156 163
f 173 172 171
f 176 175 172
f 177 179 174
f 174 171 178
f 179 177 180
f 182 184 181
f 181 180 183
f 156 186 185
f 162 163 185
f 162 187 189
f 189 188 166
f 186 156 157
f 160 192 191
f 191 190 157
f 153 194 193
f 187 185 186
f 190 191 193
f 187 186 190
f 194 189 187
f 190 193 194
f 152 193 195
f 154 196 194
f 189 194 196
f 192 195 193
f 207 201 205
f 208 205 206
f 206 203 210
f 211 213 102
f 213 211 212
f 215 210 203
f 213 212 215
f 215 203 214
f 219 218 91
f 91 118 220
f 202 201 222
f 110 99 216
f 216 217 222
f 223 110 216
f 118 110 223
f 219 220 223
f 222 201 207
f 219 223 222
f 222 207 221
f 214 203 204
f 214 224 225
f 225 87 102
f 213 214 225
f 235 239 238
f 238 237 236
f 241 240 237
f 235 236 242
f 237 230 231
f 231 242 236
f 240 228 229
f 229 230 237
f 245 244 199
f 235 243 184
f 184 182 239
f 244 245 175
f 250 249 160
f 166 251 248
f 232 233 248
f 232 248 251
f 250 234 232
f 232 251 249
f 252 251 166
f 160 249 253
f 253 254 195
f 196 255 252
f 155 195 254
f 246 255 196
f 247 254 255
f 253 249 251
f 251 252 255
f 254 253 251
f 197 198 264
f 265 261 258
f 258 259 264
f 266 265 258
f 267 263 260
f 260 261 265
f 268 267 260
f 269 273 272
f 272 271 270
f 275 274 271
f 277 276 274
f 278 226 227
f 227 269 270
f 301 298 293
f 301 294 291
f 291 292 295
f 300 301 291
f 282 297 302
f 280 281 302
f 299 296 279
f 280 302 299
f 299 300 295
f 298 301 302
f 290 306 307
f 288 289 307
f 308 304 287
f 288 307 308
f 309 305 285
f 309 286 283
f 283 284 303
f 310 309 283
f 308 310 303
f 305 309 307
f 270 318 317
f 319 315 314
f 314 278 317
f 315 319 320
f 322 276 311
f 311 324 323
f 324 311 312
f 312 326 325
f 326 312 313
f 313 328 327
f 321 318 330
f 331 330 332
f 332 322 329
f 330 318 270
f 274 332 330
f 276 322 332
f 262 263 336
f 262 336 9
f 335 334 262
f 5 335 262
f 262 9 8
f 256 257 20
f 256 20 15
f 16 337 256
f 263 267 11
f 263 11 12
f 338 336 263
f 346 376 375
f 377 344 345
f 345 375 378
f 379 343 344
f 344 377 381
f 380 379 344
f 382 366 367
f 384 383 382
f 385 354 355
f 355 366 382
f 355 382 387
f 386 385 355
f 388 360 147
f 147 144 389
f 383 384 388
f 388 389 390
f 391 392 386
f 378 342 339
f 339 340 394
f 394 393 381
f 377 378 339
f 394 381 377
f 392 341 342
f 342 378 375
f 342 375 376
f 386 392 342
f 342 376 385
f 393 394 395
f 395 379 380
f 396 400 399
f 399 398 397
f 149 150 364
f 400 396 149
f 399 374 372
f 372 401 398
f 401 372 356
f 356 357 403
f 402 401 356
f 350 405 404
f 351 406 405
f 352 407 406
f 408 376 346
f 348 409 408
f 349 404 409
f 369 370 411
f 411 410 413
f 411 370 371
f 371 373 414
f 414 412 411
f 373 374 399
f 415 414 373
f 368 369 413
f 416 384 367
f 368 413 416
f 416 419 388
f 359 360 388
f 419 420 363
f 359 388 419
f 410 418 419
f 421 362 363
f 420 418 421
f 361 362 421
f 421 417 422
f 422 365 361
f 399 400 423
f 364 365 422
f 423 400 364
f 417 412 415
f 354 385 424
f 353 424 425
f 425 403 357
f 408 424 385
f 409 425 424
f 404 403 425
f 427 406 407
f 429 405 406
f 405 429 426
f 426 402 403
f 404 405 426
f 430 433 432
f 434 438 437
f 437 436 435
f 441 442 447
f 440 441 448
f 448 446 445
f 445 433 430
f 439 440 448
f 445 430 439
f 449 447 442
f 452 450 451
f 454 453 452
f 453 435 436
f 453 436 458
f 455 452 453
f 456 455 453
f 453 458 457
f 435 453 459
f 462 460 461
f 462 461 467
f 464 463 462
f 465 464 462
f 462 467 466
f 468 470 449
f 470 468 469
f 469 472 471
f 444 459 474
f 473 474 460
f 478 481 476
f 475 477 480
f 478 476 475
f 480 479 478
f 482 479 480
f 431 432 488
f 489 487 484
f 484 485 488
f 486 487 489
f 489 476 481
f 436 437 492
f 492 491 490
f 491 492 495
f 495 494 493
f 498 502 501
f 500 499 498
f 503 507 506
f 506 505 504
f 500 504 505
f 496 497 510
f 510 508 514
f 510 514 513
f 511 496 510
f 510 513 512
f 490 515 458
f 515 490 491
f 491 493 520
f 491 520 519
f 516 515 491
f 517 516 491
f 491 519 518
f 520 493 494
f 494 496 511
f 455 456 524
f 524 523 522
f 521 455 524
f 527 526 525
f 531 530 529
f 513 514 530
f 521 533 452
f 533 521 522
f 533 522 525
f 530 534 533
f 529 530 533
f 533 525 526
f 514 508 534
f 535 524 456
f 524 535 540
f 524 540 539
f 523 524 539
f 523 539 538
f 528 523 538
f 537 536 531
f 528 538 537
f 527 528 537
f 537 531 532
f 512 513 531
f 520 536 537
f 511 512 536
f 518 538 539
f 457 458 515
f 515 516 540
f 535 457 515
f 450 452 533
f 541 533 534
f 542 534 508
f 561 556 553
f 561 554 551
f 551 552 557
f 560 561 551
f 546 555 562
f 544 545 562
f 559 558 543
f 544 562 559
f 559 560 557
f 556 561 562
f 568 572 571
f 574 573 569
f 572 568 549
f 572 550 547
f 547 548 569
f 573 572 547
f 566 567 571
f 564 565 571
f 574 570 563
f 564 571 574
f 578 575 228
f 240 241 579
f 578 228 240
f 580 576 575
f 575 578 581
f 582 577 576
f 576 580 583
f 591 589 328
f 589 591 592
f 592 593 590
f 588 589 592
f 590 593 594
f 594 595 587
f 594 587 584
f 585 590 594
f 316 320 608
f 609 606 603
f 603 604 608
f 610 609 603
f 611 607 605
f 605 606 609
f 612 611 605
f 598 613 611
f 599 614 613
f 586 587 614
f 615 617 616
f 601 602 607
f 615 616 601
f 618 620 619
f 619 617 615
f 600 620 618
f 618 595 596
f 607 611 613
f 615 613 614
f 614 587 595
f 626 630 629
f 629 628 627
f 627 625 626
f 631 632 623
f 623 624 621
f 621 622 631
f 633 635 629
f 629 630 634
f 631 635 633
f 636 632 631
f 627 577 582
f 637 601 616
f 619 642 641
f 641 616 617
f 639 642 619
f 620 600 639
f 626 638 643
f 643 634 630
f 634 643 644
f 644 636 633
f 636 644 640
f 640 623 632
f 654 652 649
f 649 650 656
f 655 654 649
f 657 653 651
f 651 652 654
f 658 657 654
f 654 655 659
f 659 645 646
f 646 658 654
f 655 656 660
f 662 621 624
f 656 650 664
f 664 663 660
f 664 650 262
f 20 257 648
f 648 665 19
f 680 690 407
f 690 680 681
f 681 692 691
f 343 379 693
f 694 678 679
f 679 693 695
f 695 667 668
f 668 683 694
f 379 395 666
f 666 667 695
f 693 379 666
f 678 694 696
f 677 696 697
f 697 692 681
f 684 696 694
f 696 684 685
f 685 686 697
f 697 686 687
f 687 688 692
f 689 698 691
f 692 688 689
f 691 698 699
f 699 428 407
f 690 691 699
f 676 708 707
f 672 710 709
f 701 669 670
f 670 709 710
f 701 710 711
f 712 704 702
f 702 700 711
f 703 704 712
f 712 707 706
f 711 710 672
f 674 712 711
f 675 707 712
f 708 713 705
f 705 706 707
f 716 720 719
f 718 717 716
f 716 714 715
f 718 719 482
f 501 502 728
f 728 727 726
f 725 507 503
f 730 729 725
f 729 730 726
f 724 734 510
f 734 724 722
f 722 723 739
f 722 739 738
f 735 734 722
f 736 735 722
f 722 738 737
f 463 464 742
f 743 733 731
f 731 732 742
f 731 742 747
f 744 743 731
f 745 744 731
f 731 747 746
f 721 733 743
f 743 739 723
f 748 751 750
f 750 466 467
f 749 748 750
f 752 756 755
f 754 753 752
f 759 758 757
f 757 736 737
f 467 461 740
f 741 757 758
f 741 758 752
f 749 740 741
f 748 749 741
f 741 752 753
f 741 753 762
f 761 748 741
f 741 735 736
f 465 466 750
f 760 768 767
f 760 767 766
f 759 760 766
f 759 766 765
f 756 759 765
f 764 763 750
f 756 765 764
f 755 756 764
f 764 750 751
f 760 737 738
f 744 767 768
f 768 738 739
f 746 765 766
f 764 747 742
f 742 464 465
f 763 764 742
f 778 777 708
f 777 778 781
f 781 780 779
f 780 781 785
f 785 784 783
f 782 780 785
f 783 784 788
f 788 787 786
f 671 709 789
f 791 793 790
f 790 789 792
f 794 797 796
f 796 793 791
f 795 794 796
f 798 800 797
f 797 794 799
f 799 802 801
f 801 769 770
f 798 799 801
f 795 804 803
f 803 802 799
f 794 795 803
f 792 806 805
f 805 804 795
f 791 792 805
f 709 670 806
f 806 792 789
f 800 798 807
f 808 807 809
f 809 787 788
f 771 807 798
f 807 771 772
f 772 773 809
f 809 773 774
f 774 775 787
f 811 812 786
f 787 775 776
f 811 786 787
f 786 812 814
f 814 813 782
f 783 786 814
f 782 813 816
f 816 815 779
f 780 782 816
f 779 815 713
f 713 708 777
f 818 817 7
f 819 818 4
f 820 824 823
f 823 822 821
f 826 825 822
f 9 336 829
f 829 823 824
f 829 824 828
f 827 9 829
f 830 826 823
f 822 831 335
f 335 5 821
f 822 825 832
f 834 833 818
f 824 820 833
f 817 818 833
f 833 820 821
f 821 835 817
f 819 1 2
f 819 2 837
f 836 834 819
f 828 824 834
f 9 827 837
f 840 839 838
f 838 836 837
f 827 840 841
f 839 828 836
f 6 835 821
f 817 835 6
f 337 16 842
f 842 845 844
f 846 850 849
f 848 847 844
f 846 849 848
f 848 844 845
f 851 832 825
f 826 830 854
f 851 825 826
f 854 853 852
f 852 851 826
f 855 853 854
f 854 857 856
f 338 12 858
f 860 859 858
f 858 856 857
f 336 338 859
f 859 860 829
f 829 860 857
f 857 854 830
f 861 855 856
f 13 14 863
f 863 861 862
f 864 858 12
f 862 856 858
f 865 846 845
f 867 869 842
f 842 16 17
f 868 867 842
f 866 845 842
f 839 871 870
f 873 871 872
f 875 870 867
f 868 17 18
f 18 21 874
f 18 874 872
f 875 868 18
f 872 871 839
f 870 875 827
f 827 875 872
f 873 876 869
f 869 867 870
f 871 873 869
f 865 866 869
f 334 335 831
f 831 877 664
f 832 878 877
f 882 850 846
f 885 880 881
f 882 846 885
f 883 882 885
f 885 881 884
f 879 886 19
f 880 885 886
f 832 851 887
f 877 888 663
f 878 887 888
f 889 885 846
f 22 19 886
f 886 885 889
f 890 876 873
f 874 21 22
f 890 873 874
f 890 889 865
o de_nuke_world_geometry.002
v 1064.964722 0.497696 378.393860
v 1064.964722 0.497696 305.241852
v 1064.964722 9.641697 305.241852
v 1064.964722 9.641697 378.393860
v 2107.380859 -255.534317 30.921822
v 2107.380859 -255.534317 -42.230186
v 2107.380859 -246.390305 -42.230186
v 2107.380859 -246.390305 30.921822
v 2125.668701 -246.390305 -42.230186
v 2125.668701 -246.390305 30.921822
v 2125.668701 -255.534317 30.921822
v 2125.668701 -255.534317 -42.230186
v 1156.404785 0.497696 305.241852
v 1156.404785 0.497696 378.393860
v 1156.404785 9.641697 378.393860
v 1156.404785 9.641697 305.241852
v 1330.140747 0.497696 85.785828
v 1330.140747 0.497696 158.937836
v 1330.140747 9.641697 85.785828
v 1330.140747 9.641697 158.937836
v 1311.852783 0.497696 85.785828
v 1311.852783 9.641697 85.785828
v 1311.852783 0.497696 158.937836
v 1311.852783 9.641697 158.937836
v 1174.692749 0.497696 378.393860
v 1174.692749 9.641697 378.393860
v 1174.692749 0.497696 305.241852
v 1174.692749 9.641697 305.241852
v 1083.252808 0.497696 305.241852
v 1083.252808 0.497696 378.393860
v 1083.252808 9.641697 305.241852
v 1083.252808 9.641697 378.393860
v 1933.644775 -397.266296 -37.658157
v 1951.932617 -397.266296 -37.658157
v 1951.932617 -397.266296 35.493851
v 1933.644775 -397.266296 35.493851
v 1933.644775 -401.838318 35.493851
v 1933.644775 -401.838318 -37.658157
v 1951.932617 -401.838318 -37.658157
v 1951.932617 -401.838318 35.493851
v 1110.684692 -397.266296 35.493851
v 1110.684692 -397.266296 -37.658157
v 1092.396729 -397.266296 35.493851
v 1092.396729 -397.266296 -37.658157
v 1110.684692 -401.838318 -37.658157
v 1110.684692 -401.838318 35.493851
v 1092.396729 -401.838318 35.493851
v 1092.396729 -401.838318 -37.658157
v 2107.380859 -255.534317 1301.937866
v 2107.380859 -255.534317 1228.785889
v 2107.380859 -246.390305 1228.785889
v 2107.380859 -246.390305 1301.937866
v 2820.613037 -255.534317 1512.249878
v 2820.613037 -255.534317 1439.097900
v 2820.613037 -246.390305 1439.097900
v 2820.613037 -246.390305 1512.249878
v 2838.900635 -255.534317 1439.097900
v 2838.900635 -246.390305 1439.097900
v 2838.900635 -255.534317 1512.249878
v 2838.900635 -246.390305 1512.249878
v 2125.668701 -246.390305 1301.937866
v 2125.668701 -246.390305 1228.785889
v 2125.668701 -255.534317 1228.785889
v 2125.668701 -255.534317 1301.937866
v 1933.644775 -397.266296 1306.509766
v 1933.644775 -397.266296 1233.357788
v 1951.932617 -397.266296 1306.509766
v 1951.932617 -397.266296 1233.357788
v 1951.932617 -401.838318 1233.357788
v 1951.932617 -401.838318 1306.509766
v 1933.644775 -401.838318 1306.509766
v 1933.644775 -401.838318 1233.357788
v 1092.396729 -397.266296 1233.357788
v 1110.684692 -397.266296 1233.357788
v 1110.684692 -397.266296 1306.509766
v 1092.396729 -397.266296 1306.509766
v 1110.684692 -401.838318 1233.357788
v 1110.684692 -401.838318 1306.509766
v 1092.396729 -401.838318 1306.509766
v 1092.396729 -401.838318 1233.357788
v 516.324646 0.497696 305.241852
v 498.036652 0.497696 305.241852
v 498.036652 0.497696 378.393860
v 516.324646 0.497696 378.393860
v 516.324646 9.641697 378.393860
v 516.324646 9.641697 305.241852
v 498.036652 9.641697 378.393860
v 498.036652 9.641697 305.241852
v 918.660706 -246.390305 -42.230186
v 936.948669 -246.390305 -42.230186
v 936.948669 -246.390305 30.921822
v 918.660706 -246.390305 30.921822
v 936.948669 -255.534317 -42.230186
v 936.948669 -255.534317 30.921822
v 918.660706 -255.534317 30.921822
v 918.660706 -255.534317 -42.230186
v 918.660706 -246.390305 1301.937866
v 918.660706 -246.390305 1228.785889
v 936.948669 -246.390305 1301.937866
v 936.948669 -246.390305 1228.785889
v 936.948669 -255.534317 1301.937866
v 936.948669 -255.534317 1228.785889
v 918.660706 -255.534317 1301.937866
v 918.660706 -255.534317 1228.785889
v 1886.781738 -452.130280 -170.246201
v 1887.924683 -452.130280 -170.246201
v 1887.924683 -429.270325 -170.246201
v 1886.781738 -429.270325 -170.246201
v 1886.781738 -452.130280 -124.526138
v 1887.924683 -452.130280 -124.526138
v 1886.781738 -429.270325 -124.526138
v 1887.924683 -429.270325 -124.526138
v 2500.572754 -392.694305 -261.686157
v 2500.572754 -392.694305 -188.534210
v 2500.572754 -383.550323 -188.534210
v 2500.572754 -383.550323 -261.686157
v 2665.164551 -392.694305 -188.534210
v 2665.164551 -392.694305 -261.686157
v 2665.164551 -383.550323 -261.686157
v 2665.164551 -383.550323 -188.534210
v 2674.308594 -392.694305 -261.686157
v 2674.308594 -383.550323 -261.686157
v 2674.308594 -392.694305 -188.534210
v 2674.308594 -383.550323 -188.534210
v 2491.428711 -392.694305 -188.534210
v 2491.428711 -383.550323 -188.534210
v 2491.428711 -392.694305 -261.686157
v 2491.428711 -383.550323 -261.686157
v 2500.572754 -392.694305 186.369781
v 2500.572754 -392.694305 259.521790
v 2500.572754 -383.550323 259.521790
v 2500.572754 -383.550323 186.369781
v 2665.164551 -392.694305 259.521790
v 2665.164551 -392.694305 186.369781
v 2665.164551 -383.550323 186.369781
v 2665.164551 -383.550323 259.521790
v 2674.308594 -392.694305 186.369781
v 2674.308594 -383.550323 186.369781
v 2674.308594 -392.694305 259.521790
v 2674.308594 -383.550323 259.521790
v 2491.428711 -392.694305 259.521790
v 2491.428711 -383.550323 259.521790
v 2491.428711 -392.694305 186.369781
v 2491.428711 -383.550323 186.369781
v 2500.572754 -392.694305 634.425781
v 2500.572754 -392.694305 707.577759
v 2500.572754 -383.550323 707.577759
v 2500.572754 -383.550323 634.425781
v 2665.164551 -392.694305 707.577759
v 2665.164551 -392.694305 634.425781
v 2665.164551 -383.550323 634.425781
v 2665.164551 -383.550323 707.577759
v 2674.308594 -392.694305 707.577759
v 2674.308594 -383.550323 707.577759
v 2674.308594 -392.694305 634.425781
v 2674.308594 -383.550323 634.425781
v 2491.428711 -392.694305 634.425781
v 2491.428711 -383.550323 634.425781
v 2491.428711 -392.694305 707.577759
v 2491.428711 -383.550323 707.577759
v 379.164673 -392.694305 213.801849
v 379.164673 -392.694305 286.953857
v 379.164673 -383.550323 286.953857
v 379.164673 -383.550323 213.801849
v 543.756714 -392.694305 286.953857
v 543.756714 -392.694305 213.801849
v 543.756714 -383.550323 213.801849
v 543.756714 -383.550323 286.953857
v 552.900635 -392.694305 286.953857
v 552.900635 -383.550323 286.953857
v 552.900635 -392.694305 213.801849
v 552.900635 -383.550323 213.801849
v 370.020660 -392.694305 213.801849
v 370.020660 -383.550323 213.801849
v 370.020660 -392.694305 286.953857
v 370.020660 -383.550323 286.953857
v 379.164673 -392.694305 634.425781
v 379.164673 -392.694305 707.577759
v 379.164673 -383.550323 707.577759
v 379.164673 -383.550323 634.425781
v 543.756714 -392.694305 707.577759
v 543.756714 -392.694305 634.425781
v 543.756714 -383.550323 634.425781
v 543.756714 -383.550323 707.577759
v 552.900635 -392.694305 707.577759
v 552.900635 -383.550323 707.577759
v 552.900635 -392.694305 634.425781
v 552.900635 -383.550323 634.425781
v 370.020660 -392.694305 634.425781
v 370.020660 -383.550323 634.425781
v 370.020660 -392.694305 707.577759
v 370.020660 -383.550323 707.577759
v 2500.572754 -392.694305 1018.473938
v 2500.572754 -392.694305 1091.625977
v 2500.572754 -383.550323 1091.625977
v 2500.572754 -383.550323 1018.473938
v 2665.164551 -392.694305 1091.625977
v 2665.164551 -392.694305 1018.473938
v 2665.164551 -383.550323 1018.473938
v 2665.164551 -383.550323 1091.625977
v 2674.308594 -392.694305 1018.473938
v 2674.308594 -383.550323 1018.473938
v 2674.308594 -392.694305 1091.625977
v 2674.308594 -383.550323 1091.625977
v 2491.428711 -392.694305 1091.625977
v 2491.428711 -383.550323 1091.625977
v 2491.428711 -392.694305 1018.473938
v 2491.428711 -383.550323 1018.473938
v 379.164673 -392.694305 1000.185791
v 379.164673 -392.694305 1073.337769
v 379.164673 -383.550323 1073.337769
v 379.164673 -383.550323 1000.185791
v 543.756714 -392.694305 1073.337769
v 543.756714 -392.694305 1000.185791
v 543.756714 -383.550323 1000.185791
v 543.756714 -383.550323 1073.337769
v 552.900635 -392.694305 1000.185791
v 552.900635 -383.550323 1000.185791
v 552.900635 -392.694305 1073.337769
v 552.900635 -383.550323 1073.337769
v 370.020660 -392.694305 1073.337769
v 370.020660 -383.550323 1073.337769
v 370.020660 -392.694305 1000.185791
v 370.020660 -383.550323 1000.185791
s 0
f 893 891 894
f 898 901 900
f 900 902 899
f 899 896 897
f 909 911 912
f 914 908 910
f 912 913 914
f 905 915 916
f 918 903 906
f 916 917 918
f 906 916 918
f 894 920 922
f 921 892 893
f 923 927 926
f 925 929 924
f 926 930 925
f 924 928 923
f 931 935 932
f 934 937 933
f 933 936 931
f 932 938 934
f 948 944 945
f 946 949 950
f 950 947 948
f 945 950 948
f 951 953 952
f 942 954 951
f 952 940 941
f 957 959 958
f 955 960 957
f 958 962 956
f 956 961 955
f 965 967 964
f 963 969 966
f 964 970 963
f 966 968 965
f 977 974 975
f 975 971 976
f 976 972 978
f 982 984 981
f 980 986 979
f 979 985 982
f 987 991 989
f 988 993 987
f 990 994 988
f 997 995 998
f 999 996 1000
f 1001 1000 1002
f 998 1002 997
f 1002 996 997
f 1012 1008 1009
f 1010 1013 1014
f 1009 1014 1012
f 1007 1011 1013
f 1014 1011 1012
f 1016 1004 1005
f 1006 1017 1018
f 1015 1003 1004
f 1018 1005 1006
f 1018 1015 1016
f 1028 1024 1025
f 1026 1029 1030
f 1025 1030 1028
f 1023 1027 1029
f 1030 1027 1028
f 1032 1020 1021
f 1022 1033 1034
f 1031 1019 1020
f 1034 1021 1022
f 1034 1031 1032
f 1042 1043 1044
f 1046 1040 1041
f 1041 1044 1046
f 1039 1045 1043
f 1044 1045 1046
f 1038 1047 1048
f 1050 1036 1037
f 1049 1035 1036
f 1048 1037 1038
f 1048 1049 1050
f 1058 1059 1060
f 1062 1056 1057
f 1057 1060 1062
f 1055 1061 1059
f 1060 1061 1062
f 1054 1063 1064
f 1066 1052 1053
f 1065 1051 1052
f 1064 1053 1054
f 1064 1065 1066
f 1074 1075 1076
f 1078 1072 1073
f 1073 1076 1078
f 1071 1077 1075
f 1076 1077 1078
f 1070 1079 1080
f 1082 1068 1069
f 1081 1067 1068
f 1080 1069 1070
f 1080 1081 1082
f 1092 1088 1089
f 1090 1093 1094
f 1089 1094 1092
f 1087 1091 1093
f 1094 1091 1092
f 1096 1084 1085
f 1086 1097 1098
f 1095 1083 1084
f 1098 1085 1086
f 1098 1095 1096
f 1108 1104 1105
f 1106 1109 1110
f 1105 1110 1108
f 1103 1107 1109
f 1110 1107 1108
f 1112 1100 1101
f 1102 1113 1114
f 1111 1099 1100
f 1114 1101 1102
f 1114 1111 1112
f 893 892 891
f 898 895 901
f 900 901 902
f 899 902 896
f 909 907 911
f 914 913 908
f 912 911 913
f 905 904 915
f 918 917 903
f 916 915 917
f 906 905 916
f 894 891 920
f 921 919 892
f 923 928 927
f 925 930 929
f 926 927 930
f 924 929 928
f 931 936 935
f 934 938 937
f 933 937 936
f 932 935 938
f 948 947 944
f 946 943 949
f 950 949 947
f 945 946 950
f 951 954 953
f 942 939 954
f 952 953 940
f 957 960 959
f 955 961 960
f 958 959 962
f 956 962 961
f 965 968 967
f 963 970 969
f 964 967 970
f 966 969 968
f 977 973 974
f 975 974 971
f 976 971 972
f 982 985 984
f 980 983 986
f 979 986 985
f 987 993 991
f 988 994 993
f 990 992 994
f 997 996 995
f 999 995 996
f 1001 999 1000
f 998 1001 1002
f 1002 1000 996
f 1012 1011 1008
f 1010 1007 1013
f 1009 1010 1014
f 1007 1008 1011
f 1014 1013 1011
f 1016 1015 1004
f 1006 1003 1017
f 1015 1017 1003
f 1018 1016 1005
f 1018 1017 1015
f 1028 1027 1024
f 1026 1023 1029
f 1025 1026 1030
f 1023 1024 1027
f 1030 1029 1027
f 1032 1031 1020
f 1022 1019 1033
f 1031 1033 1019
f 1034 1032 1021
f 1034 1033 1031
f 1042 1039 1043
f 1046 1045 1040
f 1041 1042 1044
f 1039 1040 1045
f 1044 1043 1045
f 1038 1035 1047
f 1050 1049 1036
f 1049 1047 1035
f 1048 1050 1037
f 1048 1047 1049
f 1058 1055 1059
f 1062 1061 1056
f 1057 1058 1060
f 1055 1056 1061
f 1060 1059 1061
f 1054 1051 1063
f 1066 1065 1052
f 1065 1063 1051
f 1064 1066 1053
f 1064 1063 1065
f 1074 1071 1075
f 1078 1077 1072
f 1073 1074 1076
f 1071 1072 1077
f 1076 1075 1077
f 1070 1067 1079
f 1082 1081 1068
f 1081 1079 1067
f 1080 1082 1069
f 1080 1079 1081
f 1092 1091 1088
f 1090 1087 1093
f 1089 1090 1094
f 1087 1088 1091
f 1094 1093 1091
f 1096 1095 1084
f 1086 1083 1097
f 1095 1097 1083
f 1098 1096 1085
f 1098 1097 1095
f 1108 1107 1104
f 1106 1103 1109
f 1105 1106 1110
f 1103 1104 1107
f 1110 1109 1107
f 1112 1111 1100
f 1102 1099 1113
f 1111 1113 1099
f 1114 1112 1101
f 1114 1113 1111
o de_nuke_world_geometry.003
v 1686.756714 251.957687 -60.518188
v 1869.636719 251.957687 -60.518188
v 1869.636719 256.529694 -60.518188
v 1686.756714 256.529694 -60.518188
v 1174.692749 251.957687 -60.518188
v 1174.692749 256.529694 -60.518188
v 1686.756714 315.965698 -60.518188
v 1869.636719 315.965698 -60.518188
v 1869.636719 320.537720 -60.518188
v 1686.756714 320.537720 -60.518188
v 1174.692749 315.965698 -60.518188
v 1174.692749 320.537720 -60.518188
v 1686.756714 315.965698 -1180.658203
v 1869.636719 315.965698 -1180.658203
v 1869.636719 320.537720 -1180.658203
v 1686.756714 320.537720 -1180.658203
v 1174.692749 315.965698 -1180.658203
v 1174.692749 320.537720 -1180.658203
v 1686.756714 251.957687 -1180.658203
v 1869.636719 251.957687 -1180.658203
v 1869.636719 256.529694 -1180.658203
v 1686.756714 256.529694 -1180.658203
v 1174.692749 251.957687 -1180.658203
v 1174.692749 256.529694 -1180.658203
v 1869.636719 251.957687 -1624.142212
v 1869.636719 256.529694 -1624.142212
v 1869.636719 251.957687 -1628.714233
v 1869.636719 251.957687 -1701.866211
v 1869.636719 256.529694 -1701.866211
v 1869.636719 256.529694 -1628.714233
v 1869.636719 251.957687 -1706.438110
v 1869.636719 256.529694 -1706.438110
v 1869.636719 315.965698 -1706.438110
v 1869.636719 315.965698 -1701.866211
v 1869.636719 315.965698 -1628.714233
v 1869.636719 315.965698 -1624.142212
v 1869.636719 320.537720 -1706.438110
v 1869.636719 320.537720 -1701.866211
v 1869.636719 320.537720 -1628.714233
v 1869.636719 320.537720 -1624.142212
v 1174.692749 251.957687 -1624.142212
v 1174.692749 256.529694 -1624.142212
v 1174.692749 251.957687 -1701.866211
v 1174.692749 251.957687 -1628.714233
v 1174.692749 256.529694 -1628.714233
v 1174.692749 256.529694 -1701.866211
v 1174.692749 251.957687 -1706.438110
v 1174.692749 256.529694 -1706.438110
v 1174.692749 315.965698 -1624.142212
v 1174.692749 315.965698 -1628.714233
v 1174.692749 315.965698 -1701.866211
v 1174.692749 315.965698 -1706.438110
v 1174.692749 320.537720 -1706.438110
v 1174.692749 320.537720 -1628.714233
v 1174.692749 320.537720 -1701.866211
v 1174.692749 320.537720 -1624.142212
v 1686.756714 315.965698 -1706.438110
v 1686.756714 320.537720 -1706.438110
v 1686.756714 251.957687 -1706.438110
v 1686.756714 256.529694 -1706.438110
v 1686.756714 256.529694 -1701.866211
v 1686.756714 256.529694 -1624.142212
v 1686.756714 256.529694 -1628.714233
v 1686.756714 315.965698 -1628.714233
v 1686.756714 320.537720 -1628.714233
v 1686.756714 315.965698 -1701.866211
v 1686.756714 320.537720 -1701.866211
v 1686.756714 315.965698 -1624.142212
v 1686.756714 320.537720 -1624.142212
v 1686.756714 251.957687 -1628.714233
v 1686.756714 251.957687 -1701.866211
v 1686.756714 251.957687 -1624.142212
v 1869.636719 320.537720 -1253.810181
v 1869.636719 315.965698 -1253.810181
v 1869.636719 320.537720 -1258.382202
v 1869.636719 315.965698 -1258.382202
v 1869.636719 256.529694 -1253.810181
v 1869.636719 256.529694 -1258.382202
v 1869.636719 251.957687 -1258.382202
v 1869.636719 251.957687 -1253.810181
v 1174.692749 320.537720 -1253.810181
v 1174.692749 315.965698 -1253.810181
v 1174.692749 320.537720 -1258.382202
v 1174.692749 315.965698 -1258.382202
v 1174.692749 256.529694 -1258.382202
v 1174.692749 256.529694 -1253.810181
v 1174.692749 251.957687 -1258.382202
v 1174.692749 251.957687 -1253.810181
v 1686.756714 315.965698 -1258.382202
v 1686.756714 320.537720 -1258.382202
v 1686.756714 251.957687 -1258.382202
v 1686.756714 256.529694 -1258.382202
v 1686.756714 256.529694 -1253.810181
v 1686.756714 315.965698 -1253.810181
v 1686.756714 320.537720 -1253.810181
v 1686.756714 251.957687 -1253.810181
v 1869.636719 320.537720 -1176.086182
v 1869.636719 315.965698 -1176.086182
v 1869.636719 256.529694 -1176.086182
v 1869.636719 251.957687 -1176.086182
v 1174.692749 320.537720 -1176.086182
v 1174.692749 315.965698 -1176.086182
v 1174.692749 256.529694 -1176.086182
v 1174.692749 251.957687 -1176.086182
v 1686.756714 251.957687 -1176.086182
v 1686.756714 256.529694 -1176.086182
v 1686.756714 315.965698 -1176.086182
v 1686.756714 320.537720 -1176.086182
v 1869.636719 320.537720 -133.670197
v 1869.636719 315.965698 -133.670197
v 1869.636719 320.537720 -138.242218
v 1869.636719 315.965698 -138.242218
v 1869.636719 256.529694 -133.670197
v 1869.636719 256.529694 -138.242218
v 1869.636719 251.957687 -138.242218
v 1869.636719 251.957687 -133.670197
v 1174.692749 320.537720 -133.670197
v 1174.692749 315.965698 -133.670197
v 1174.692749 320.537720 -138.242218
v 1174.692749 315.965698 -138.242218
v 1174.692749 256.529694 -138.242218
v 1174.692749 256.529694 -133.670197
v 1174.692749 251.957687 -138.242218
v 1174.692749 251.957687 -133.670197
v 1686.756714 315.965698 -138.242218
v 1686.756714 320.537720 -138.242218
v 1686.756714 251.957687 -138.242218
v 1686.756714 256.529694 -138.242218
v 1686.756714 256.529694 -133.670197
v 1686.756714 315.965698 -133.670197
v 1686.756714 320.537720 -133.670197
v 1686.756714 251.957687 -133.670197
v 3085.788574 215.381699 853.881775
v 3081.216797 215.381699 853.881775
v 3008.064941 215.381699 853.881775
v 3003.492676 215.381699 853.881775
v 3085.788574 146.801697 853.881775
v 3085.788574 151.373688 853.881775
v 3081.216797 146.801697 853.881775
v 3008.064941 146.801697 853.881775
v 3008.064941 151.373688 853.881775
v 3081.216797 151.373688 853.881775
v 3003.492676 146.801697 853.881775
v 3003.492676 151.373688 853.881775
v 3003.492676 210.809692 853.881775
v 3008.064941 210.809692 853.881775
v 3081.216797 210.809692 853.881775
v 3085.788574 210.809692 853.881775
v 3003.492676 146.801697 1055.049927
v 3003.492676 151.373688 1055.049927
v 3003.492676 210.809692 1055.049927
v 3003.492676 215.381699 1055.049927
v 3081.216797 210.809692 1055.049927
v 3081.216797 215.381699 1055.049927
v 3081.216797 148.497375 1055.049927
v 3081.216797 146.801697 1055.049927
v 3081.216797 146.801697 977.325806
v 3081.216797 146.801697 959.037903
v 3081.216797 151.373688 1055.049927
v 3085.788574 210.809692 1055.049927
v 3085.788574 215.381699 1055.049927
v 3085.788574 151.373688 1055.049927
v 3085.788574 146.801697 1055.049927
v 3083.239746 146.801697 1055.049927
v 3008.064941 210.809692 1055.049927
v 3008.064941 215.381699 1055.049927
v 3008.064941 151.373688 1055.049927
v 3008.064941 146.801697 959.037903
v 3008.064941 146.801697 977.325806
v 3008.064941 146.801697 1055.049927
v 1869.636719 251.957687 -55.946159
v 1869.636719 256.529694 -55.946159
v 1869.636719 315.965698 -55.946159
v 1869.636719 320.537720 -55.946159
v 1174.692749 320.537720 -55.946159
v 1174.692749 315.965698 -55.946159
v 1174.692749 256.529694 -55.946159
v 1174.692749 251.957687 -55.946159
v 1686.756714 251.957687 -55.946159
v 1686.756714 315.965698 -55.946159
v 1686.756714 320.537720 -55.946159
v 1686.756714 256.529694 -55.946159
v 3003.492676 215.381699 1512.249878
v 3008.064941 215.381699 1512.249878
v 3081.216797 215.381699 1512.249878
v 3085.788574 215.381699 1512.249878
v 3085.788574 146.801697 1512.249878
v 3085.788574 151.373688 1512.249878
v 3008.064941 146.801697 1512.249878
v 3081.216797 146.801697 1512.249878
v 3081.216797 148.497375 1512.249878
v 3081.216797 151.373688 1512.249878
v 3008.064941 151.373688 1512.249878
v 3003.492676 146.801697 1512.249878
v 3003.492676 151.373688 1512.249878
v 3083.239746 146.801697 1512.249878
v 3082.645508 146.801697 1512.249878
v 3085.788574 210.809692 1512.249878
v 3081.216797 210.809692 1512.249878
v 3008.064941 210.809692 1512.249878
v 3003.492676 210.809692 1512.249878
v 3008.064941 146.801697 1137.345825
v 3008.064941 146.801697 1155.633911
v 3083.239746 146.801697 1315.653931
v 3083.239746 146.801697 1333.941772
v 3081.216797 148.497375 1315.653931
v 3081.216797 146.801697 1155.633911
v 3081.216797 146.801697 1137.345825
v 3081.216797 146.801697 1315.653931
v 3082.645508 146.801697 1315.653931
v 3082.645508 146.801697 1333.941772
s 0
f 1117 1115 1118
f 1118 1119 1120
f 1123 1121 1124
f 1124 1125 1126
f 1129 1127 1130
f 1130 1131 1132
f 1135 1133 1136
f 1136 1137 1138
f 1151 1171 1172
f 1172 1166 1167
f 1146 1173 1174
f 1174 1161 1162
f 1174 1143 1146
f 1162 1175 1174
f 1177 1140 1144
f 1159 1176 1177
f 1153 1178 1179
f 1179 1164 1168
f 1180 1147 1148
f 1165 1171 1180
f 1181 1148 1152
f 1169 1180 1181
f 1172 1152 1151
f 1167 1181 1172
f 1182 1149 1150
f 1163 1178 1182
f 1179 1154 1153
f 1168 1183 1179
f 1183 1150 1154
f 1170 1182 1183
f 1144 1184 1177
f 1177 1158 1159
f 1175 1142 1143
f 1160 1185 1175
f 1185 1145 1142
f 1157 1173 1185
f 1186 1141 1139
f 1155 1184 1186
f 1176 1139 1140
f 1156 1186 1176
f 1189 1203 1204
f 1204 1198 1197
f 1192 1205 1206
f 1206 1201 1199
f 1206 1191 1192
f 1199 1207 1206
f 1208 1190 1188
f 1196 1203 1208
f 1209 1188 1187
f 1195 1208 1209
f 1204 1187 1189
f 1197 1209 1204
f 1207 1194 1191
f 1200 1210 1207
f 1210 1193 1194
f 1202 1205 1210
f 1220 1214 1213
f 1217 1219 1220
f 1222 1212 1211
f 1215 1221 1222
f 1136 1213 1135
f 1138 1220 1136
f 1221 1128 1212
f 1216 1127 1221
f 1130 1211 1129
f 1132 1222 1130
f 1219 1134 1214
f 1218 1133 1219
f 1225 1239 1240
f 1240 1234 1233
f 1228 1241 1242
f 1242 1237 1235
f 1242 1227 1228
f 1235 1243 1242
f 1244 1226 1224
f 1232 1239 1244
f 1245 1224 1223
f 1231 1244 1245
f 1240 1223 1225
f 1233 1245 1240
f 1243 1230 1227
f 1236 1246 1243
f 1246 1229 1230
f 1238 1241 1246
f 1258 1263 1264
f 1250 1265 1266
f 1248 1267 1268
f 1256 1271 1269
f 1274 1261 1262
f 1275 1262 1247
f 1247 1268 1275
f 1252 1273 1276
f 1276 1251 1252
f 1272 1251 1278
f 1279 1259 1260
f 1280 1260 1249
f 1249 1266 1280
f 1255 1264 1281
f 1281 1283 1282
f 1283 1263 1257
f 1293 1116 1285
f 1292 1115 1293
f 1295 1287 1288
f 1289 1294 1295
f 1296 1285 1286
f 1291 1293 1296
f 1294 1122 1287
f 1290 1121 1294
f 1124 1288 1123
f 1126 1295 1124
f 1118 1286 1117
f 1120 1296 1118
f 1298 1279 1280
f 1307 1317 1316
f 1276 1306 1302
f 1268 1313 1299
f 1312 1267 1274
f 1300 1274 1275
f 1275 1299 1300
f 1302 1277 1276
f 1306 1269 1320
f 1277 1310 1319
f 1269 1322 1321
f 1322 1278 1324
f 1320 1304 1305
f 1325 1304 1323
f 1319 1311 1325
f 1281 1309 1307
f 1314 1265 1279
f 1266 1315 1297
f 1280 1297 1298
f 1264 1308 1309
f 1317 1308 1263
f 1117 1116 1115
f 1118 1115 1119
f 1123 1122 1121
f 1124 1121 1125
f 1129 1128 1127
f 1130 1127 1131
f 1135 1134 1133
f 1136 1133 1137
f 1151 1147 1171
f 1172 1171 1166
f 1146 1145 1173
f 1174 1173 1161
f 1174 1175 1143
f 1162 1160 1175
f 1177 1176 1140
f 1159 1156 1176
f 1153 1149 1178
f 1179 1178 1164
f 1180 1171 1147
f 1165 1166 1171
f 1181 1180 1148
f 1169 1165 1180
f 1172 1181 1152
f 1167 1169 1181
f 1182 1178 1149
f 1163 1164 1178
f 1179 1183 1154
f 1168 1170 1183
f 1183 1182 1150
f 1170 1163 1182
f 1144 1141 1184
f 1177 1184 1158
f 1175 1185 1142
f 1160 1157 1185
f 1185 1173 1145
f 1157 1161 1173
f 1186 1184 1141
f 1155 1158 1184
f 1176 1186 1139
f 1156 1155 1186
f 1189 1190 1203
f 1204 1203 1198
f 1192 1193 1205
f 1206 1205 1201
f 1206 1207 1191
f 1199 1200 1207
f 1208 1203 1190
f 1196 1198 1203
f 1209 1208 1188
f 1195 1196 1208
f 1204 1209 1187
f 1197 1195 1209
f 1207 1210 1194
f 1200 1202 1210
f 1210 1205 1193
f 1202 1201 1205
f 1220 1219 1214
f 1217 1218 1219
f 1222 1221 1212
f 1215 1216 1221
f 1136 1220 1213
f 1138 1217 1220
f 1221 1127 1128
f 1216 1131 1127
f 1130 1222 1211
f 1132 1215 1222
f 1219 1133 1134
f 1218 1137 1133
f 1225 1226 1239
f 1240 1239 1234
f 1228 1229 1241
f 1242 1241 1237
f 1242 1243 1227
f 1235 1236 1243
f 1244 1239 1226
f 1232 1234 1239
f 1245 1244 1224
f 1231 1232 1244
f 1240 1245 1223
f 1233 1231 1245
f 1243 1246 1230
f 1236 1238 1246
f 1246 1241 1229
f 1238 1237 1241
f 1258 1257 1263
f 1250 1259 1265
f 1248 1261 1267
f 1269 1273 1256
f 1256 1253 1272
f 1271 1270 1269
f 1256 1272 1271
f 1274 1267 1261
f 1275 1274 1262
f 1247 1248 1268
f 1252 1256 1273
f 1276 1277 1251
f 1278 1270 1271
f 1272 1253 1251
f 1278 1271 1272
f 1251 1277 1278
f 1279 1265 1259
f 1280 1279 1260
f 1249 1250 1266
f 1255 1258 1264
f 1254 1255 1281
f 1281 1284 1283
f 1282 1254 1281
f 1257 1254 1282
f 1283 1284 1263
f 1257 1282 1283
f 1293 1115 1116
f 1292 1119 1115
f 1295 1294 1287
f 1289 1290 1294
f 1296 1293 1285
f 1291 1292 1293
f 1294 1121 1122
f 1290 1125 1121
f 1124 1295 1288
f 1126 1289 1295
f 1118 1296 1286
f 1120 1291 1296
f 1298 1314 1279
f 1284 1281 1307
f 1307 1303 1317
f 1316 1284 1307
f 1276 1273 1306
f 1268 1267 1313
f 1312 1313 1267
f 1300 1312 1274
f 1275 1268 1299
f 1302 1301 1277
f 1320 1305 1306
f 1306 1273 1269
f 1318 1278 1277
f 1277 1301 1310
f 1319 1318 1277
f 1323 1320 1269
f 1269 1270 1322
f 1321 1323 1269
f 1324 1323 1321
f 1322 1270 1278
f 1324 1321 1322
f 1278 1318 1324
f 1320 1323 1304
f 1323 1324 1325
f 1325 1311 1304
f 1319 1310 1311
f 1281 1264 1309
f 1314 1315 1265
f 1266 1265 1315
f 1280 1266 1297
f 1264 1263 1308
f 1263 1284 1316
f 1317 1303 1308
f 1263 1316 1317
o de_nuke_world_geometry.006
v 2930.340820 -63.510311 -261.686157
v 2930.340820 -63.510311 -188.534210
v 4411.668457 -63.510311 -60.518188
v 4411.668457 -63.510311 -97.094193
v 4832.292969 -63.510311 -97.094193
v 4823.148926 -63.510311 -60.518188
v 4850.581055 -63.510311 -206.822205
v 4850.581055 -63.510311 -170.246201
v 4338.516602 -63.510311 -170.246201
v 4338.516602 -63.510311 -206.822205
v 4338.516602 -63.510311 -718.886169
v 4521.396973 -63.510311 -718.886169
v 4740.853027 -63.510311 -645.734192
v 4814.004883 -63.510311 -572.582214
v 4850.581055 -63.510311 -462.854187
v 4228.788574 -63.510311 -279.974152
v 4228.788574 -63.510311 -284.546173
v 4228.788574 -63.510311 -517.718201
v 4228.788574 -63.510311 -696.940613
v 4119.061035 -63.510311 -517.718201
v 3826.452881 -63.510311 -517.718201
v 3936.180664 -63.510311 -572.582214
v 4045.908936 -63.510311 -627.446167
v 4155.636719 -63.510311 -682.310181
v 3753.301025 -63.510311 -462.854187
v 4045.908936 -63.510311 -353.126160
v 3899.604980 -63.510311 -353.126160
v 4119.061035 -63.510311 -325.694153
v 3936.180664 -63.510311 -627.446167
v 3606.996826 -63.510311 -517.718201
v 3424.116699 -63.510311 -517.718201
v 3424.116699 -63.510311 -627.446167
v 3899.604980 -63.510311 -627.446167
v 3424.116699 -63.510311 -682.310181
v 3424.116699 -63.510311 -718.886169
v 3570.420654 -63.510311 -718.886169
v 3698.436523 -63.510311 -682.310181
v 3424.116699 -63.510311 -755.462158
v 3424.116699 -63.510311 -828.614136
v 3521.652832 -63.510311 -755.462158
v 2985.204590 -63.510311 -97.094193
v 2936.439453 -63.510311 -60.518188
v 2930.340820 -63.510311 -60.518188
v 2930.340820 -63.510311 -388.042328
v 3122.547363 -63.510311 -440.462769
v 3204.660645 -63.510311 -462.854187
v 3116.878418 -63.510311 -353.126160
v 3058.356689 -63.510311 -279.974152
v 2930.340820 -63.510311 -517.718201
v 3104.076660 -63.510311 -517.718201
v 3405.828613 -63.510311 -517.718201
v 3314.388916 -63.510311 -828.614136
v 3131.508545 -63.510311 -755.462158
v 2985.204590 -63.510311 -755.462158
v 2930.340820 -63.510311 -828.614136
v 2948.628906 -63.510311 -828.614136
v 2546.292480 -136.662292 -828.614136
v 2509.716797 -136.662292 -828.614136
v 2692.596680 -63.510311 -828.614136
v 2399.988770 -136.662292 -828.614136
v 2857.188721 -63.510311 -261.686157
v 2692.596680 -63.510311 -323.202454
v 2692.596680 -63.510311 -261.686157
v 2692.596680 -63.510311 -316.550171
v 2857.188721 -63.510311 -188.534210
v 2692.596680 -63.510311 -188.534210
v 2856.114258 -63.510311 -60.518188
v 2692.596680 -63.510311 -60.518188
v 2399.988770 -136.662292 -60.518188
v 2399.988770 -136.662292 -206.822205
v 2399.988770 -136.662292 -225.110199
v 2399.988770 -136.662292 -316.550171
v 2546.292480 -136.662292 -316.550171
v 2546.292480 -136.662292 -60.518188
v 2399.988770 -136.662292 -499.430176
v 2399.988770 -136.662292 -609.158203
v 2249.112793 -136.662292 -206.822205
v 2345.124756 -136.662292 -60.518188
v 2235.396973 -136.662292 -60.518188
v 2107.380859 -136.662292 -60.518188
v 2070.804688 -136.662292 -60.518188
v 1993.080566 -136.662292 -60.518188
v 1993.080566 -136.662292 -206.822205
v 1961.076782 -136.662292 -60.518188
v 1961.076782 -136.662292 -206.822205
v 4777.429199 -63.510311 122.361832
v 4740.853027 -63.510311 122.361832
v 4448.244629 -63.510311 122.361832
v 4411.668457 -63.510311 122.361832
v 4740.853027 -63.510311 158.937836
v 4594.548828 -63.510311 158.937836
v 4448.244629 -63.510311 158.937836
v 3149.796875 -136.662292 707.577759
v 3241.236816 -136.662292 707.577759
v 3643.572754 -136.662292 451.545868
v 3424.116699 -136.662292 451.545868
v 3149.796875 -136.662292 341.817871
v 3236.013428 -136.662292 341.817871
v 3149.796875 -136.662292 451.545868
v 3149.796875 -125.487907 291.525879
v 3643.572754 -136.662292 707.577759
v 3149.796875 -136.662292 506.409882
v 3497.268555 -136.662292 707.577759
v 3497.268555 -136.662292 853.881775
v 3497.268555 -136.662292 1073.337769
v 3241.236816 -136.662292 780.729797
v 3241.236816 -136.662292 853.881775
v 3460.692871 -136.662292 853.881775
v 3424.116699 -136.662292 853.881775
v 3277.812744 -136.662292 853.881775
v 2546.292480 -136.662292 341.817871
v 2399.988770 -136.662292 341.817871
v 2418.276611 -136.662292 707.577759
v 2509.716797 -136.662292 707.577759
v 2509.716797 -136.662292 780.729797
v 2509.716797 -136.662292 799.017883
v 2418.276611 -136.662292 799.017883
v 2399.988770 -136.662292 1055.049927
v 2399.988770 -136.662292 927.033813
v 2399.988770 -136.662292 890.457825
v 2509.716797 -136.662292 890.457825
v 2509.716797 -136.662292 1055.049927
v 2765.748535 -136.662292 707.577759
v 2930.340820 -136.662292 707.577759
v 2985.204590 -136.662292 707.577759
v 2912.052734 -136.662292 341.817871
v 3058.356689 -136.662292 341.817871
v 2930.340820 -136.662292 506.409882
v 2912.052734 -136.662292 506.409882
v 2399.988770 -136.662292 451.545868
v 2418.276611 -136.662292 506.409882
v 2399.988770 -136.662292 506.409882
v 2418.276611 -136.662292 542.985901
v 2107.380859 -136.662292 433.257874
v 2162.244873 -136.662292 433.257874
v 2162.244873 -136.662292 506.409882
v 2107.380859 -136.662292 506.409882
v 2345.124756 -136.662292 506.409882
v 2345.124756 -136.662292 451.545868
v 2345.124756 -136.662292 396.681854
v 2235.396973 -136.662292 396.681854
v 2235.396973 -136.662292 433.257874
v 2326.836670 -136.662292 890.457825
v 2326.836670 -136.662292 927.033813
v 2235.396973 -136.662292 506.409882
v 2290.260742 -136.662292 506.409882
v 2290.260742 -136.662292 542.985901
v 2290.260742 -136.662292 799.017883
v 2107.380859 -136.662292 799.017883
v 2509.716797 -136.662292 853.881775
v 2290.260742 -136.662292 853.881775
v 2107.380859 -136.662292 853.881775
v 2290.260742 -136.662292 890.457825
v 2290.260742 -136.662292 927.033813
v 2107.380859 -136.662292 927.033813
v 2107.380859 -136.662292 1055.049927
v 2692.596680 -63.510311 12.633820
v 2850.079102 -89.136375 127.951126
v 2985.204590 -104.155373 195.513840
v 3058.356689 -113.636520 238.185547
v 2846.547607 -104.155373 195.513840
v 2611.317871 -104.155373 195.513840
v 2679.296387 -70.161362 42.559662
v 2856.114258 -63.510311 -0.270653
v 2856.114258 -63.510311 12.633820
v 1083.252808 -136.662292 634.425781
v 1083.252808 -136.662292 945.321899
v 1083.252808 -136.662292 1055.049927
v 1961.076782 -136.662292 1055.049927
v 1887.924683 -136.662292 1055.049927
v 1887.924683 -136.662292 927.033813
v 1887.924683 -136.662292 853.881775
v 1961.076782 -136.662292 853.881775
v 1961.076782 -136.662292 634.425781
v 1961.076782 -136.662292 433.257874
v 2070.804688 -136.662292 433.257874
v 1961.076782 -136.662292 378.393860
v 1961.076782 -136.662292 232.089844
v 2070.804688 -136.662292 232.089844
v 1961.076782 -136.662292 122.361832
v 2070.804688 -136.662292 122.361832
v 1887.924683 -136.662292 671.001770
v 1887.924683 -136.662292 634.425781
v 1156.404785 -136.662292 634.425781
v 1138.116699 -136.662292 634.425781
v 1412.436646 -136.662292 634.425781
v 1375.860718 -136.662292 634.425781
v 1339.284668 -136.662292 634.425781
v 1778.196777 -136.662292 634.425781
v 1741.620728 -136.662292 634.425781
v 1631.892700 -136.662292 634.425781
v 1778.196777 -136.662292 927.033813
v 1778.196777 -136.662292 890.457825
v 1778.196777 -136.662292 853.881775
v 1138.116699 -136.662292 927.033813
v 1138.116699 -136.662292 1055.049927
v 1741.620728 -136.662292 671.001770
v 1375.860718 -136.662292 671.001770
v 1339.284668 -136.662292 671.001770
v 1339.284668 -136.662292 927.033813
v 1778.196777 -136.662292 671.001770
v 1650.180786 -136.662292 1055.049927
v 1650.180786 -136.662292 927.033813
v 1375.860718 -136.662292 927.033813
v 1631.892700 -136.662292 927.033813
v 1741.620728 -136.662292 853.881775
v 1375.860718 -136.662292 853.881775
v 1741.620728 -136.662292 890.457825
v 1631.892700 -136.662292 890.457825
v 1375.860718 -136.662292 890.457825
v 2107.380859 -136.662292 1219.641846
v 2290.260742 -136.662292 1219.641846
v 2290.260742 -136.662292 1256.217896
v 2290.260742 -136.662292 1292.793823
v 2107.380859 -136.662292 1292.793823
v 2326.836670 -136.662292 1219.641846
v 2399.988770 -136.662292 1219.641846
v 2399.988770 -136.662292 1256.217896
v 2326.836670 -136.662292 1256.217896
v 2509.716797 -136.662292 1292.793823
v 2509.716797 -136.662292 1329.369873
v 2509.716797 -136.662292 1585.401855
v 2473.140869 -136.662292 1585.401855
v 2107.380859 -136.662292 1585.401855
v 2509.716797 -136.662292 1256.217896
v 2107.380859 -136.662292 1731.705933
v 2107.380859 -136.662292 1707.322021
v 2253.684814 -136.662292 1658.553833
v 1961.076782 -136.662292 1365.945801
v 1961.076782 -136.662292 1292.793823
v 1961.076782 -136.662292 1585.401855
v 1668.468750 -136.662292 1493.961792
v 1668.468750 -136.662292 1365.945801
v 1961.076782 -136.662292 1731.705933
v 1840.897217 -136.662292 1731.705933
v 1668.468750 -136.662292 1731.705933
v 1083.252808 -136.662292 1527.646118
v 1083.252808 -136.662292 1475.673828
v 1302.708618 -136.662292 1585.401855
v 1083.252808 -136.662292 1365.945801
v 1375.860718 -136.662292 1365.945801
v 1375.860718 -136.662292 1493.961792
v 1375.860718 -136.662292 1621.977905
v 1631.892700 -136.662292 1493.961792
v 1522.164673 -136.662292 1695.129883
v 1083.252808 -136.662292 1292.793823
v 1083.252808 -136.662292 1219.641846
v 1138.116699 -136.662292 1219.641846
v 1138.116699 -136.662292 1292.793823
v 1083.252808 -136.662292 1109.913818
v 1138.116699 -136.662292 1109.913818
v 1650.180786 -136.662292 1292.793823
v 1522.164673 -136.662292 1292.793823
v 1449.012695 -136.662292 1292.793823
v 1522.164673 -136.662292 1365.945801
v 1449.012695 -136.662292 1365.945801
v 1064.964722 -136.662292 1109.913818
v 1064.964722 -136.662292 1091.625977
v 1064.964722 -136.662292 1073.337769
v 1064.964722 -136.662292 1522.834106
v 1064.964722 -136.662292 1219.641846
v -233.483307 -136.662292 -79.091949
v -233.483307 -136.662292 -78.806190
v 388.308685 -136.662292 -243.398209
v 461.460693 -136.662292 -700.598145
v 461.460693 -136.662292 -828.614136
v 388.308685 -136.662292 -828.614136
v 388.308685 -136.662292 -700.598145
v 461.460693 -136.662292 -499.430176
v 461.460693 -136.662292 -243.398209
v 388.308685 -136.662292 -645.734192
v 388.308685 -136.662292 -682.310181
v 315.156708 -136.662292 -828.614136
v 358.590698 -136.662292 -828.614136
v 315.156708 -136.662292 -719.606323
v 300.297699 -136.662292 -682.310181
v -202.622375 -136.662292 -86.807213
v -206.677704 -136.662292 -78.806190
v 132.276672 -136.662292 -78.806190
v -160.331299 -136.662292 -78.806190
v -160.331299 -136.662292 -170.246201
v 95.700668 -136.662292 -426.278168
v 205.428680 -136.662292 -508.574188
v 205.428680 -136.662292 -243.398209
v 205.428680 -136.662292 -78.806190
v 278.580688 -136.662292 -243.398209
v 242.004684 -136.662292 -243.398209
v 242.004684 -136.662292 -536.006165
v -1477.067261 -136.662292 -97.094193
v -1294.187256 -136.662292 -97.094193
v -1269.803345 -136.662292 -78.806190
v -1477.067261 -136.662292 -78.806190
v -629.723328 -136.662292 -78.806190
v -599.243347 -136.662292 -97.094193
v -452.939331 -136.662292 -97.094193
v -434.651337 -136.662292 -78.806190
v -2281.739502 -136.662292 -170.246201
v -2281.739502 -136.662292 -499.430176
v -1842.827393 -100.086288 -78.806190
v -1842.827393 -100.086288 -184.876556
v -1769.675293 -100.086288 -206.822205
v -1696.523315 -100.086288 -206.822205
v -1659.947266 -100.086288 -188.534210
v -1659.947266 -100.086288 -78.806190
v -2135.435547 -136.662292 -97.094193
v -2196.395508 -136.662292 -78.806190
v -2281.739502 -136.662292 -78.806190
v -2062.283447 -136.662292 -119.039841
v -2062.283447 -136.662292 -78.806190
v -2647.499512 -136.662292 -499.430176
v -2647.499512 -136.662292 -78.806190
v -2318.315186 -136.662292 -499.430176
v -2610.923340 -136.662292 -499.430176
v -2610.923340 -136.662292 -536.006165
v -2464.619385 -136.662292 -536.006165
v -2318.315186 -136.662292 -536.006165
v 1046.676758 -136.662292 1091.625977
v 936.948669 -136.662292 1091.625977
v 205.428680 -136.662292 -23.942184
v 205.428680 -136.662292 232.089844
v 205.428680 -136.662292 451.545868
v 205.428680 -136.662292 414.969849
v 839.743835 -136.662292 1091.625977
v 808.749817 -136.662292 1006.163757
v 351.732697 -136.662292 927.033813
v 278.580688 -136.662292 634.425781
v 461.460693 -136.662292 634.425781
v 556.249634 -136.662292 634.425781
v 722.050232 -136.662292 1091.625977
v 392.880676 -136.662292 1091.625977
v 205.428680 -136.662292 738.930359
v 205.428680 -136.662292 731.957947
v 242.004684 -136.662292 780.729797
v 205.428680 -136.662292 634.425781
v 562.044678 -136.662292 634.425781
v 644.340637 -136.662292 799.017883
v 717.492676 -136.662292 945.321899
v 653.530334 -136.662292 902.687866
v 607.764648 -136.662292 634.425781
v 644.340637 -136.662292 634.425781
v 821.505676 -136.662292 1041.333740
v 717.492676 -136.662292 1079.052734
v 205.428680 -136.662292 341.817871
v 242.004684 -136.662292 341.817871
v 242.004684 -136.662292 414.969849
v 205.428680 -136.662292 524.697876
v 242.004684 -136.662292 524.697876
v 370.020660 -136.662292 524.697876
v 461.460693 -136.662292 524.697876
v 461.460693 -136.662292 451.545868
v 461.460693 -136.662292 469.833862
v 370.020660 -136.662292 268.665833
v 370.020660 -136.662292 232.089844
v 461.460693 -136.662292 232.089844
v 242.004684 -136.662292 451.545868
v 644.340637 -136.662292 579.561890
v 717.492676 -136.662292 469.833862
v -160.331299 -136.662292 341.817871
v -160.331299 -136.662292 268.665833
v -160.331299 -136.662292 244.285706
v -87.179291 -136.662292 341.817871
v 132.276672 -136.662292 433.257874
v 132.276672 -136.662292 634.425781
v -18.600800 -136.662292 433.257874
v 132.276672 -136.662292 232.089844
v 132.276672 -136.662292 341.817871
v -14.027340 -136.662292 488.121887
v -658.679382 -136.662292 341.817871
v -379.787323 -136.662292 341.817871
v -306.635315 -136.662292 -5.654182
v -306.635315 -136.662292 -60.803947
v -306.635315 -136.662292 268.665833
v -306.635315 -136.662292 213.801849
v -233.483307 -136.662292 213.801849
v -306.635315 -136.662292 49.209824
v -233.483307 -136.662292 -5.654182
v -196.907303 -136.662292 268.665833
v -233.483307 -136.662292 268.665833
v -658.679382 -136.662292 85.785828
v -658.679382 -136.662292 -49.088173
v -658.679382 -136.662292 -61.432571
v -394.646332 -136.662292 -38.801193
v 859.224670 -136.662292 1145.346802
v 988.852356 -136.662292 1502.808716
v 858.744629 -136.662292 1468.564331
v 755.211609 -136.662292 1183.065796
v 607.764648 -136.662292 1402.521851
v 424.884674 -136.662292 1219.641846
v 1002.785522 -136.662292 1135.516968
v 1028.388794 -136.662292 1109.913818
v 1028.388794 -136.662292 1219.641846
v 1028.388794 -136.662292 1513.210083
v 894.817688 -136.662292 1243.484863
v -2647.499512 -136.662292 12.633820
v -1659.947266 -100.086288 199.583008
v -1659.947266 -100.086288 219.893982
v -1842.827393 -100.086288 280.861694
v -1842.813599 -100.086288 283.290710
v -1842.827393 -100.086288 283.296326
v -1806.251343 -100.086288 268.665833
v -1147.883301 -136.662292 341.817871
v -965.003296 -136.662292 341.817871
v -2062.283447 -136.662292 341.817871
v -1989.131470 -124.466469 341.817871
v -1477.067261 -136.662292 195.513840
v -1477.067261 -136.662292 177.225830
v -1440.491333 -136.662292 195.513840
v -965.003296 -136.662292 85.785828
v -928.427429 -136.662292 85.785828
v -1477.067261 -136.662292 85.785828
v -1074.731201 -136.662292 85.785828
v -782.123413 -136.662292 12.633820
v -1147.883301 -136.662292 12.633820
v -2574.347656 -136.662292 12.633820
v -2501.195557 -136.662292 12.633820
v -2557.465332 -136.662292 29.515915
v -2464.619385 -136.662292 122.361832
v -2354.891602 -136.662292 232.089844
v -1594.636353 -113.150780 198.131332
s 0
f 1331 1329 1328
f 1334 1330 1332
f 1332 1339 1337
f 1335 1343 1342
f 1344 1348 1346
f 1352 1351 1350
f 1341 1353 1351
f 1347 1348 1354
f 1347 1358 1356
f 1353 1343 1345
f 1346 1350 1351
f 1361 1359 1362
f 1365 1363 1360
f 1362 1357 1358
f 1327 1368 1366
f 1372 1370 1373
f 1369 1375 1374
f 1363 1377 1378
f 1376 1359 1378
f 1375 1379 1380
f 1369 1374 1384
f 1369 1389 1386
f 1386 1391 1390
f 1392 1327 1390
f 1398 1396 1395
f 1383 1400 1397
f 1405 1404 1402
f 1399 1391 1388
f 1389 1387 1382
f 1408 1409 1407
f 1328 1413 1412
f 1416 1412 1413
f 1424 1423 1422
f 1422 1423 1425
f 1428 1421 1427
f 1426 1429 1430
f 1431 1434 1433
f 1394 1436 1399
f 1441 1440 1438
f 1446 1444 1443
f 1453 1424 1452
f 1456 1436 1455
f 1453 1450 1418
f 1454 1458 1448
f 1461 1459 1462
f 1463 1455 1464
f 1465 1455 1437
f 1460 1466 1404
f 1466 1403 1404
f 1444 1468 1469
f 1472 1461 1462
f 1476 1442 1473
f 1480 1478 1476
f 1443 1469 1479
f 1399 1482 1393
f 1483 1486 1484
f 1483 1487 1486
f 1452 1425 1485
f 1485 1486 1436
f 1393 1490 1489
f 1490 1488 1483
f 1368 1489 1367
f 1496 1494 1480
f 1501 1499 1474
f 1504 1502 1500
f 1406 1407 1505
f 1506 1504 1459
f 1498 1508 1507
f 1519 1518 1496
f 1520 1491 1492
f 1522 1516 1511
f 1524 1509 1510
f 1507 1514 1526
f 1517 1527 1495
f 1525 1520 1527
f 1522 1531 1519
f 1532 1534 1533
f 1539 1538 1536
f 1543 1541 1544
f 1541 1443 1481
f 1548 1546 1539
f 1447 1542 1543
f 1553 1552 1551
f 1553 1549 1552
f 1540 1536 1555
f 1560 1556 1558
f 1564 1563 1562
f 1567 1565 1564
f 1568 1561 1569
f 1573 1571 1574
f 1521 1575 1576
f 1577 1494 1495
f 1573 1579 1578
f 1558 1555 1577
f 1574 1565 1566
f 1583 1575 1493
f 1585 1565 1571
f 1556 1551 1552
f 1590 1592 1593
f 1596 1594 1590
f 1600 1599 1598
f 1597 1593 1599
f 1603 1587 1588
f 1609 1607 1605
f 1613 1612 1611
f 1601 1596 1597
f 1617 1615 1614
f 1621 1619 1618
f 1628 1626 1624
f 1631 1622 1632
f 1634 1633 1631
f 1614 1629 1617
f 1624 1633 1634
f 1637 1640 1639
f 1622 1638 1635
f 1583 1584 1642
f 1643 1649 1648
f 1654 1652 1650
f 1658 1657 1656
f 1651 1657 1650
f 1662 1661 1653
f 1661 1664 1660
f 1667 1649 1663
f 1669 1647 1670
f 1672 1651 1652
f 1677 1676 1675
f 1680 1671 1672
f 1681 1664 1665
f 1681 1674 1653
f 1686 1684 1683
f 1689 1688 1687
f 1685 1691 1690
f 1644 1604 1690
f 1692 1657 1686
f 1646 1647 1687
f 1695 1700 1699
f 1684 1702 1683
f 1702 1685 1603
f 1618 1694 1698
f 1707 1695 1696
f 1710 1708 1711
f 1713 1710 1654
f 1709 1716 1714
f 1643 1718 1714
f 1643 1715 1642
f 1642 1582 1583
f 1586 1717 1585
f 1624 1721 1720
f 1722 1723 1725
f 1732 1731 1730
f 1734 1727 1693
f 1736 1732 1727
f 1737 1704 1705
f 1706 1737 1705
f 1735 1738 1616
f 1741 1740 1739
f 1739 1631 1632
f 1728 1631 1742
f 1735 1629 1720
f 1744 1720 1721
f 1728 1724 1624
f 1331 1330 1329
f 1332 1335 1334
f 1334 1329 1330
f 1330 1333 1332
f 1336 1335 1332
f 1332 1340 1339
f 1339 1338 1337
f 1337 1336 1332
f 1341 1334 1335
f 1335 1336 1344
f 1335 1344 1343
f 1342 1341 1335
f 1345 1343 1344
f 1344 1349 1348
f 1348 1347 1346
f 1346 1345 1344
f 1341 1342 1353
f 1355 1346 1347
f 1347 1354 1358
f 1358 1357 1356
f 1356 1355 1347
f 1353 1342 1343
f 1351 1353 1345
f 1346 1355 1350
f 1351 1345 1346
f 1361 1360 1359
f 1360 1361 1365
f 1365 1364 1363
f 1362 1359 1357
f 1366 1370 1369
f 1366 1369 1326
f 1368 1367 1366
f 1366 1326 1327
f 1372 1371 1370
f 1369 1376 1375
f 1363 1364 1377
f 1378 1379 1375
f 1376 1356 1357
f 1378 1375 1376
f 1360 1363 1378
f 1376 1357 1359
f 1359 1360 1378
f 1380 1374 1375
f 1379 1381 1380
f 1384 1387 1369
f 1374 1380 1384
f 1386 1326 1369
f 1369 1387 1389
f 1389 1388 1386
f 1386 1388 1391
f 1390 1391 1393
f 1392 1368 1327
f 1390 1393 1392
f 1394 1399 1398
f 1398 1397 1396
f 1395 1394 1398
f 1397 1398 1382
f 1383 1385 1401
f 1397 1382 1383
f 1383 1401 1400
f 1402 1408 1407
f 1402 1407 1406
f 1394 1395 1402
f 1403 1394 1402
f 1402 1406 1405
f 1404 1403 1402
f 1389 1398 1399
f 1399 1393 1391
f 1388 1389 1399
f 1382 1398 1389
f 1387 1384 1382
f 1408 1410 1409
f 1411 1331 1328
f 1328 1414 1413
f 1412 1411 1328
f 1413 1417 1416
f 1416 1415 1412
f 1424 1421 1423
f 1427 1418 1419
f 1428 1426 1420
f 1427 1419 1428
f 1421 1424 1427
f 1428 1420 1421
f 1426 1428 1429
f 1429 1428 1419
f 1431 1432 1435
f 1429 1419 1431
f 1433 1429 1431
f 1431 1435 1434
f 1394 1437 1436
f 1438 1442 1441
f 1440 1439 1438
f 1443 1447 1446
f 1446 1445 1444
f 1451 1454 1453
f 1453 1427 1424
f 1424 1422 1452
f 1452 1451 1453
f 1455 1457 1456
f 1456 1454 1451
f 1436 1437 1455
f 1456 1451 1436
f 1418 1427 1453
f 1453 1449 1450
f 1449 1453 1454
f 1454 1456 1458
f 1458 1438 1439
f 1448 1449 1454
f 1458 1439 1448
f 1461 1460 1459
f 1463 1457 1455
f 1394 1403 1465
f 1465 1464 1455
f 1437 1394 1465
f 1404 1405 1459
f 1460 1467 1466
f 1404 1459 1460
f 1466 1465 1403
f 1444 1445 1468
f 1462 1474 1473
f 1472 1471 1470
f 1462 1473 1472
f 1472 1470 1461
f 1474 1477 1476
f 1476 1475 1441
f 1476 1441 1442
f 1473 1474 1476
f 1476 1477 1480
f 1480 1479 1478
f 1480 1481 1443
f 1443 1444 1469
f 1479 1480 1443
f 1399 1436 1482
f 1483 1488 1487
f 1452 1422 1425
f 1451 1452 1485
f 1485 1484 1486
f 1486 1487 1436
f 1436 1451 1485
f 1489 1392 1393
f 1393 1482 1490
f 1490 1482 1488
f 1368 1392 1489
f 1480 1477 1498
f 1498 1497 1496
f 1496 1495 1494
f 1494 1481 1480
f 1480 1498 1496
f 1462 1459 1501
f 1501 1500 1499
f 1499 1498 1477
f 1474 1462 1501
f 1499 1477 1474
f 1500 1501 1504
f 1504 1503 1502
f 1505 1506 1406
f 1407 1409 1505
f 1459 1405 1406
f 1459 1406 1506
f 1504 1501 1459
f 1507 1497 1498
f 1498 1499 1508
f 1496 1497 1519
f 1518 1517 1496
f 1493 1521 1520
f 1520 1510 1491
f 1492 1493 1520
f 1512 1523 1522
f 1522 1515 1516
f 1511 1512 1522
f 1510 1520 1525
f 1524 1513 1509
f 1510 1525 1524
f 1507 1508 1514
f 1495 1496 1517
f 1517 1528 1527
f 1527 1528 1530
f 1527 1530 1529
f 1520 1521 1527
f 1527 1529 1525
f 1497 1507 1526
f 1522 1523 1532
f 1497 1526 1522
f 1519 1497 1522
f 1522 1532 1531
f 1533 1531 1532
f 1532 1535 1534
f 1536 1540 1539
f 1538 1537 1536
f 1543 1542 1541
f 1481 1536 1537
f 1541 1542 1443
f 1481 1537 1541
f 1540 1549 1548
f 1548 1547 1546
f 1546 1545 1539
f 1539 1540 1548
f 1543 1550 1447
f 1447 1443 1542
f 1553 1548 1549
f 1554 1556 1549
f 1554 1549 1540
f 1481 1494 1555
f 1555 1554 1540
f 1536 1481 1555
f 1557 1561 1560
f 1560 1559 1556
f 1556 1554 1558
f 1558 1557 1560
f 1564 1568 1567
f 1567 1566 1565
f 1565 1563 1564
f 1569 1567 1568
f 1568 1570 1561
f 1561 1557 1569
f 1573 1572 1571
f 1521 1493 1575
f 1495 1527 1577
f 1577 1555 1494
f 1577 1527 1521
f 1577 1521 1576
f 1578 1577 1576
f 1573 1574 1579
f 1578 1576 1573
f 1578 1580 1558
f 1558 1554 1555
f 1577 1578 1558
f 1566 1581 1579
f 1574 1571 1565
f 1566 1579 1574
f 1493 1584 1583
f 1583 1582 1575
f 1572 1586 1585
f 1585 1562 1563
f 1585 1563 1565
f 1571 1572 1585
f 1552 1549 1556
f 1556 1559 1551
f 1590 1591 1592
f 1590 1593 1597
f 1596 1589 1595
f 1590 1597 1596
f 1596 1595 1594
f 1599 1601 1597
f 1593 1592 1599
f 1603 1602 1587
f 1604 1610 1609
f 1609 1608 1607
f 1607 1606 1603
f 1605 1604 1609
f 1607 1603 1605
f 1589 1596 1613
f 1613 1608 1609
f 1613 1609 1612
f 1611 1589 1613
f 1601 1613 1596
f 1617 1616 1615
f 1621 1620 1619
f 1624 1629 1628
f 1628 1627 1626
f 1626 1625 1624
f 1631 1630 1622
f 1614 1628 1629
f 1624 1625 1633
f 1639 1638 1637
f 1637 1641 1640
f 1635 1636 1632
f 1622 1623 1637
f 1635 1632 1622
f 1622 1637 1638
f 1650 1655 1654
f 1654 1653 1652
f 1652 1651 1650
f 1651 1659 1657
f 1653 1663 1662
f 1661 1660 1653
f 1661 1665 1664
f 1667 1666 1649
f 1669 1668 1647
f 1652 1674 1673
f 1672 1671 1659
f 1652 1673 1672
f 1672 1659 1651
f 1675 1679 1678
f 1677 1673 1674
f 1675 1678 1677
f 1677 1674 1676
f 1680 1646 1671
f 1660 1664 1681
f 1681 1682 1676
f 1674 1652 1653
f 1681 1676 1674
f 1653 1660 1681
f 1686 1685 1684
f 1604 1605 1685
f 1685 1689 1687
f 1685 1687 1691
f 1690 1604 1685
f 1690 1645 1644
f 1644 1610 1604
f 1692 1656 1657
f 1688 1657 1659
f 1688 1659 1671
f 1668 1691 1687
f 1687 1688 1671
f 1687 1671 1646
f 1647 1668 1687
f 1699 1701 1695
f 1700 1698 1699
f 1603 1588 1701
f 1699 1703 1702
f 1603 1701 1699
f 1685 1605 1603
f 1702 1684 1685
f 1603 1699 1702
f 1698 1700 1707
f 1707 1621 1618
f 1618 1706 1705
f 1704 1693 1694
f 1618 1705 1704
f 1698 1707 1618
f 1694 1697 1698
f 1618 1704 1694
f 1707 1700 1695
f 1710 1709 1708
f 1654 1655 1713
f 1713 1712 1710
f 1714 1718 1709
f 1709 1717 1716
f 1716 1715 1714
f 1643 1648 1718
f 1643 1714 1715
f 1642 1715 1582
f 1586 1716 1717
f 1720 1629 1624
f 1624 1722 1721
f 1722 1724 1723
f 1693 1704 1734
f 1734 1733 1727
f 1727 1733 1736
f 1736 1735 1731
f 1732 1726 1727
f 1736 1731 1732
f 1737 1734 1704
f 1616 1617 1735
f 1735 1736 1738
f 1632 1636 1719
f 1739 1740 1631
f 1632 1719 1739
f 1742 1743 1728
f 1728 1634 1631
f 1631 1741 1742
f 1720 1730 1731
f 1735 1617 1629
f 1720 1731 1735
f 1624 1634 1728
f 1728 1729 1724
f 1724 1722 1624
o de_nuke_world_geometry.007
v 4411.668457 -63.510311 -60.518188
v 4411.668457 -63.510311 -97.094193
v 4832.292969 -63.510311 -97.094193
v 4823.148926 -63.510311 -60.518188
v 4850.581055 -63.510311 -206.822205
v 4850.581055 -63.510311 -170.246201
v 4338.516602 -63.510311 -170.246201
v 4338.516602 -63.510311 -718.886169
v 4521.396973 -63.510311 -718.886169
v 4740.853027 -63.510311 -645.734192
v 4814.004883 -63.510311 -572.582214
v 4850.581055 -63.510311 -462.854187
v 5033.460938 375.401703 -901.766174
v 4960.308594 375.401703 -901.766174
v 4338.516602 302.249695 -901.766174
v 4521.396973 192.521698 -901.766174
v 4740.853027 192.521698 -901.766174
v 4814.004883 229.097702 -901.766174
v 4850.581055 265.673706 -901.766174
v 5106.612793 375.401703 -901.766174
v 5106.612793 375.401703 -60.518188
v 5106.612793 375.401703 -462.854187
v 4411.668457 375.401703 -97.094193
v 4338.516602 419.292938 -170.246201
v 5033.460938 375.401703 -462.854187
v 5033.460938 375.401703 -718.886169
v 4960.308594 375.401703 -60.518188
v 4960.308594 375.401703 -170.246201
v 4960.308594 375.401703 -261.686157
v 4960.308594 375.401703 -462.854187
v 4960.308594 375.401703 -718.886169
v 4850.581055 309.564911 -170.246201
v 4850.581055 265.673706 -170.246201
v 4850.581055 265.673706 -462.854187
v 4850.581055 265.673706 -261.686157
v 4850.581055 265.673706 -718.886169
v 4338.516602 302.249695 -718.886169
v 4521.396973 192.521698 -718.886169
v 4740.853027 192.521698 -718.886169
v 4814.004883 229.097702 -718.886169
v 4765.236816 204.713669 -718.886169
v 4814.004883 192.521698 -572.582214
v 4814.004883 229.097702 -572.582214
v 4740.853027 192.521698 -645.734192
v 4823.148926 293.105713 -60.518188
v 4411.668457 375.401703 -60.518188
v 4338.516602 419.292938 -60.518188
v 4228.788574 -63.510311 -279.974152
v 4228.788574 -63.510311 -696.940613
v 4045.908936 -63.510311 -627.446167
v 4155.636719 -63.510311 -682.310181
v 3753.301025 -63.510311 -462.854187
v 4045.908936 -63.510311 -353.126160
v 3899.604980 -63.510311 -353.126160
v 3936.180664 -63.510311 -627.446167
v 3606.996826 -63.510311 -517.718201
v 3424.116699 -63.510311 -517.718201
v 3899.604980 -63.510311 -627.446167
v 3570.420654 -63.510311 -718.886169
v 3698.436523 -63.510311 -682.310181
v 3424.116699 -63.510311 -828.614136
v 3521.652832 -63.510311 -755.462158
v 2985.204590 -63.510311 -97.094193
v 2936.439453 -63.510311 -60.518188
v 3204.660645 -63.510311 -462.854187
v 3116.878418 -63.510311 -353.126160
v 3058.356689 -63.510311 -279.974152
v 3405.828613 -63.510311 -517.718201
v 3314.388916 -63.510311 -828.614136
v 3131.508545 -63.510311 -755.462158
v 2985.204590 -63.510311 -755.462158
v 2930.340820 -63.510311 -828.614136
v 2948.628906 -63.510311 -828.614136
v 4045.908936 331.510498 -353.126160
v 4045.908936 360.771301 -353.126160
v 3899.604980 360.771301 -353.126160
v 3899.604980 302.249695 -353.126160
v 3570.420654 302.249695 -828.614136
v 3424.116699 302.249695 -828.614136
v 3314.388916 302.249695 -828.614136
v 3131.508545 302.249695 -828.614136
v 3131.508545 302.249695 -901.766174
v 3570.420654 302.249695 -901.766174
v 3131.508545 302.249695 -755.462158
v 4210.500488 302.249695 -718.886169
v 4210.500488 302.249695 -901.766174
v 3570.420654 302.249695 -718.886169
v 3521.652832 302.249695 -755.462158
v 2985.204590 302.249695 -755.462158
v 2985.204590 345.283661 -755.462158
v 2930.340820 361.417908 -828.614136
v 2948.628906 356.039276 -828.614136
v 2948.628906 302.249695 -828.614136
v 2930.340820 302.249695 -828.614136
v 2930.340820 361.416779 -901.766174
v 3204.660645 302.249695 -462.854187
v 3204.660645 338.825714 -462.854187
v 3116.878418 360.771301 -353.126160
v 3116.878418 302.249695 -353.126160
v 3222.948730 302.249695 -467.841858
v 3756.958496 339.374329 -460.111023
v 3753.301025 338.825714 -462.854187
v 3753.301025 302.249695 -462.854187
v 3740.000244 302.249695 -467.841858
v 3756.958496 360.771301 -353.126160
v 3698.436523 360.771301 -353.126160
v 2985.204590 155.945694 -755.462158
v 3131.508545 155.945694 -755.462158
v 2948.628906 155.945694 -828.614136
v 2930.340820 155.945694 -828.614136
v 3314.388916 155.945694 -828.614136
v 3424.116699 155.945694 -828.614136
v 3521.652832 155.945694 -755.462158
v 2930.340820 0.497696 -828.614136
v 3698.436523 210.809692 -682.310181
v 4155.636719 210.809692 -682.310181
v 3204.660645 46.217701 -462.854187
v 3350.964600 46.217701 -502.755310
v 4210.500488 238.241684 -693.282959
v 4228.788574 485.129700 -97.094193
v 3625.284668 485.129700 -97.094193
v 2985.204590 485.129700 -97.094193
v 2985.204590 485.129700 -60.518188
v 4228.788574 485.129700 -60.518188
v 3058.356689 375.401703 -279.974152
v 4320.229004 430.265717 -188.534210
v 2936.439453 277.875793 -60.518188
v 2936.439453 -8.646305 -60.518188
v 2970.574463 422.950500 -60.518188
v 4228.788574 375.401703 -279.974152
v 3625.284668 375.401703 -279.974152
v 3698.436523 375.401703 -279.974152
v 1668.468750 229.097702 -1999.046143
v 1887.924683 229.097702 -1999.046143
v 1412.436646 229.097702 -1999.046143
v 1156.404785 229.097702 -1999.046143
v 1924.500732 320.537720 -1692.722168
v 1924.500732 320.537720 -1715.582153
v 1924.500732 320.537720 -1861.886230
v 1924.500732 338.825714 -1834.454224
v 1924.500732 338.825714 -1692.722168
v 1924.500732 320.537720 -1180.658203
v 1924.500732 320.537720 -1267.526245
v 1924.500732 320.537720 -1614.998291
v 1924.500732 338.825714 -1377.254272
v 1924.500732 338.825714 -1180.658203
v 1924.500732 338.825714 -1889.318115
v 1924.500732 302.249695 -1889.318115
v 1924.500732 229.097702 -1692.722168
v 1924.500732 229.097702 -1743.014160
v 1924.500732 229.097702 -1999.046143
v 1924.500732 251.957687 -1964.756226
v 1924.500732 251.957687 -1715.582153
v 1924.500732 251.957687 -1692.722168
v 1924.500732 229.097702 -1180.658203
v 1924.500732 229.097702 -1230.950195
v 1924.500732 229.097702 -1486.982178
v 1924.500732 251.957687 -1614.998291
v 1924.500732 251.957687 -1267.526245
v 1924.500732 251.957687 -1180.658203
v 1668.468750 338.825714 -1377.254272
v 1668.468750 338.825714 -1180.658203
v 1668.468750 338.825714 -1889.318115
v 1156.404785 338.825714 -1377.254272
v 1156.404785 338.825714 -1180.658203
v 1156.404785 338.825714 -1889.318115
v 1156.404785 338.825714 -1834.454224
v 1156.404785 338.825714 -1692.722168
v 1156.404785 229.097702 -1948.754150
v 1156.404785 229.097702 -1692.722168
v 1156.404785 229.097702 -1436.690186
v 1156.404785 229.097702 -1180.658203
v 1156.404785 320.537720 -1861.886230
v 1156.404785 320.537720 -1715.582153
v 1156.404785 320.537720 -1692.722168
v 1156.404785 320.537720 -1614.998291
v 1156.404785 320.537720 -1267.526245
v 1156.404785 320.537720 -1180.658203
v 1156.404785 302.249695 -1889.318115
v 1156.404785 251.957687 -1692.722168
v 1156.404785 251.957687 -1715.582153
v 1156.404785 251.957687 -1964.756226
v 1156.404785 251.957687 -1180.658203
v 1156.404785 251.957687 -1267.526245
v 1156.404785 251.957687 -1614.998291
v 1668.468750 302.249695 -1889.318115
v 2509.716797 485.129700 -828.614136
v 2509.716797 485.129700 -901.766174
v 2418.276611 485.129700 -828.614136
v 2217.108887 485.129700 -828.614136
v 1993.080566 485.129700 -828.614136
v 2509.716797 119.369713 -828.614136
v 2418.276611 119.369713 -828.614136
v 2418.276611 137.657684 -828.614136
v 2509.716797 0.497696 -828.614136
v 2399.988770 0.497696 -828.614136
v 2399.988770 9.641697 -828.614136
v 2399.988770 119.369713 -828.614136
v 2249.112793 137.657684 -828.614136
v 2217.108887 137.657684 -828.614136
v 2692.596680 0.497696 -828.614136
v 1993.080566 137.657684 -828.614136
v 2546.292480 -136.662292 -828.614136
v 2509.716797 -136.662292 -828.614136
v 2692.596680 -63.510311 -828.614136
v 2399.988770 -136.662292 -828.614136
v 1449.012695 485.129700 -828.614136
v 1412.436646 485.129700 -828.614136
v 1156.404785 485.129700 -828.614136
v 1083.252808 485.129700 -828.614136
v 1064.964722 485.129700 -828.614136
v 1961.076782 485.129700 -828.614136
v 1595.316650 485.129700 -828.614136
v 1083.252808 411.977722 -828.614136
v 1083.252808 338.825714 -828.614136
v 1083.252808 229.097702 -828.614136
v 1083.252808 137.657684 -828.614136
v 1064.964722 137.657684 -828.614136
v 1961.076782 137.657684 -828.614136
v 1961.076782 229.097702 -828.614136
v 1961.076782 338.825714 -828.614136
v 1961.076782 411.977722 -828.614136
v 1156.404785 411.977722 -828.614136
v 1412.436646 472.933899 -828.614136
v 1814.772705 411.977722 -828.614136
v 1229.556641 411.977722 -828.614136
v 1887.924683 229.097702 -828.614136
v 1668.468750 229.097702 -828.614136
v 1412.436646 229.097702 -828.614136
v 1156.404785 229.097702 -828.614136
v 1156.404785 251.957687 -1166.942139
v 1156.404785 251.957687 -972.632202
v 1156.404785 302.249695 -1048.070190
v 1156.404785 320.537720 -1075.502197
v 1156.404785 320.537720 -1166.942139
v 1156.404785 320.537720 -1048.070190
v 1156.404785 229.097702 -1084.646240
v 1156.404785 229.097702 -938.342163
v 1156.404785 338.825714 -1048.070190
v 1156.404785 229.097702 -901.766174
v 1924.500732 302.249695 -1048.070190
v 1924.500732 251.957687 -972.632202
v 1924.500732 251.957687 -1166.942139
v 1924.500732 320.537720 -1166.942139
v 1924.500732 320.537720 -1075.502197
v 1924.500732 320.537720 -1048.070190
v 1924.500732 229.097702 -938.342163
v 1924.500732 338.825714 -1048.070190
v 1887.924683 229.097702 -938.342163
v 1887.924683 229.097702 -901.766174
v 1668.468750 229.097702 -901.766174
v 1412.436646 229.097702 -901.766174
v 1668.468750 229.097702 -938.342163
v 1412.436646 229.097702 -938.342163
v 1668.468750 302.249695 -1048.070190
v 1668.468750 338.825714 -1048.070190
v 4228.788574 485.129700 561.273865
v 4228.788574 411.977722 707.577759
v 4228.788574 302.249695 1073.337769
v 4228.788574 485.129700 195.513840
v 4777.429199 -63.510311 122.361832
v 4411.668457 -63.510311 122.361832
v 5106.612793 375.401703 158.937836
v 5051.749023 375.401703 158.937836
v 4960.308594 375.401703 158.937836
v 4960.308594 375.401703 122.361832
v 5106.612793 375.401703 122.361832
v 5106.612793 375.401703 195.513840
v 5051.749023 375.401703 195.513840
v 4411.668457 375.401703 195.513840
v 4411.668457 375.401703 158.937836
v 4448.244629 375.401703 158.937836
v 4740.853027 375.401703 158.937836
v 4411.668457 375.401703 122.361832
v 4777.429199 46.217701 158.937836
v 4777.429199 94.966644 158.937836
v 4763.712891 115.940704 158.937836
v 4740.853027 243.728104 158.937836
v 4740.853027 200.785583 158.937836
v 4740.853027 164.609634 158.937836
v 4740.853027 150.905060 158.937836
v 4777.429199 265.673706 158.937836
v 4740.853027 338.825714 158.937836
v 4665.414551 215.381699 158.937836
v 4724.850586 175.376694 158.937836
v 4594.548828 338.825714 158.937836
v 4594.548828 263.079102 158.937836
v 4594.548828 229.097702 158.937836
v 4523.682617 215.381699 158.937836
v 4571.117188 338.825714 158.937836
v 4464.247070 175.376694 158.937836
v 4448.244629 338.825714 158.937836
v 4448.244629 232.149506 158.937836
v 4448.244629 150.905060 158.937836
v 4411.668457 46.217701 158.937836
v 4425.384766 115.940704 158.937836
v 4777.429199 46.217701 122.361832
v 4777.429199 265.673706 122.361832
v 4411.668457 46.217701 122.361832
v 3643.572754 485.129700 561.273865
v 3424.116699 485.129700 451.545868
v 3149.796875 485.129700 291.525879
v 3643.572754 485.129700 451.545868
v 3424.116699 9.641697 451.545868
v 3643.572754 9.641697 451.545868
v 3149.796875 9.641697 291.525879
v 3497.268555 119.369713 1073.337769
v 3497.268555 137.657684 1073.337769
v 3497.268555 9.641697 1073.337769
v 3643.572754 411.977722 707.577759
v 3643.572754 9.641697 707.577759
v 4137.348633 302.249695 1073.337769
v 3643.572754 302.249695 1073.337769
v 3497.268555 302.249695 1073.337769
v 3643.572754 -136.662292 451.545868
v 3424.116699 -136.662292 451.545868
v 3236.013428 -136.662292 341.817871
v 3149.796875 -125.487907 291.525879
v 3149.796875 -8.646305 291.525879
v 3643.572754 -136.662292 707.577759
v 3497.268555 -136.662292 1073.337769
v 4228.788574 302.249695 1585.401855
v 4228.788574 302.249695 1804.857910
v 3789.876709 302.249695 1804.857910
v 3149.796875 302.249695 1804.857910
v 4137.348633 302.249695 1585.401855
v 3789.876709 302.249695 1585.401855
v 3497.268555 302.249695 1585.401855
v 3497.268555 302.249695 1365.945801
v 3497.268555 302.249695 1109.913818
v 3241.236816 302.249695 1585.401855
v 3241.236816 302.249695 1365.945801
v 3149.796875 302.249695 1585.401855
v 3497.268555 137.657684 1109.913818
v 3497.268555 137.657684 1365.945801
v 3497.268555 137.657684 1329.369873
v 3241.236816 229.097702 1365.945801
v 3241.236816 137.657684 1365.945801
v 2985.204590 485.129700 195.513840
v 2869.023193 -8.646305 -9.953041
v 2869.018799 -8.646305 137.420776
v 2985.204590 -8.646305 195.513840
v 2850.079102 -89.136375 127.951126
v 2985.204590 -104.155373 195.513840
v 3058.356689 -113.636520 238.185547
v 2856.114258 -63.510311 -0.270653
v 2869.023193 -8.646305 12.633820
v 2856.114258 -63.510311 12.633820
v 1083.252808 119.369713 469.833862
v 1083.252808 27.929699 469.833862
v 1083.252808 265.673706 634.425781
v 1083.252808 265.673706 561.273865
v 1083.252808 229.097702 524.697876
v 1083.252808 210.809692 506.409882
v 1083.252808 174.233688 469.833862
v 1083.252808 -8.646305 945.321899
v 1083.252808 265.673706 945.321899
v 1083.252808 229.097702 634.425781
v 1083.252808 119.369713 634.425781
v 1083.252808 9.641697 634.425781
v 1083.252808 -8.646305 634.425781
v 1064.964722 174.233688 469.833862
v 1064.964722 27.929699 469.833862
v 1064.964722 265.673706 945.321899
v 1064.964722 265.673706 561.273865
v 1064.964722 229.097702 524.697876
v 1083.252808 -8.646305 1055.049927
v 1083.252808 9.641697 1055.049927
v 1083.252808 210.809692 1055.049927
v 1064.964722 210.809692 1055.049927
v 1083.252808 -136.662292 634.425781
v 1083.252808 -136.662292 945.321899
v 1083.252808 -136.662292 1055.049927
v 2232.779297 82.793709 1804.857910
v 2253.684814 119.369713 1804.857910
v 2473.140869 302.249695 1804.857910
v 2875.476807 302.249695 1585.401855
v 2656.020752 302.249695 1585.401855
v 2473.140869 302.249695 1585.401855
v 2473.140869 -8.646305 1585.401855
v 2509.716797 -8.646305 1585.401855
v 2509.716797 9.641697 1585.401855
v 2509.716797 119.369713 1585.401855
v 2509.716797 229.097702 1585.401855
v 2509.716797 302.249695 1585.401855
v 2253.684814 119.369713 1658.553833
v 2180.532715 -8.646305 1695.129883
v 2253.684814 -8.646305 1658.553833
v 2188.659424 5.572636 1691.060547
v 2211.885254 46.217701 1731.705933
v 2180.532715 -8.646305 1731.705933
v 2232.779297 82.793709 1768.281860
v 2509.716797 -136.662292 1585.401855
v 2473.140869 -136.662292 1585.401855
v 2107.380859 -136.662292 1731.705933
v 2253.684814 -136.662292 1658.553833
v 1522.164673 119.369713 1804.857910
v 1543.070190 82.793709 1804.857910
v 1302.708618 302.249695 1804.857910
v 1064.964722 302.249695 1804.857910
v 1064.964722 327.275391 1585.401855
v 1302.708618 302.249695 1585.401855
v 1064.964722 302.249695 1585.401855
v 1302.708618 9.641697 1585.401855
v 1064.964722 327.275391 1522.837769
v 1064.964722 9.641697 1522.837769
v 1064.964722 201.665695 1073.337769
v 1064.964722 9.641697 1073.337769
v 1522.164673 119.369713 1695.129883
v 1577.028809 23.357698 1708.845825
v 1584.866455 9.641697 1710.805298
v 1584.865112 9.641697 1731.705933
v 1563.964233 46.217701 1731.705933
v 1543.070190 82.793709 1768.281860
v 1522.164673 9.641697 1695.129883
v 1668.468750 -136.662292 1731.705933
v 1302.708618 -136.662292 1585.401855
v 1375.860718 -136.662292 1621.977905
v 1522.164673 -136.662292 1695.129883
v 1064.964722 -136.662292 1073.337769
v 1064.964722 -136.662292 1522.834106
v 1064.964722 0.497696 1073.337769
v -233.483307 265.673706 -682.310181
v -233.483307 -136.662292 -79.091949
v -233.483307 82.793709 -118.834076
v 461.460693 485.129700 -828.614136
v 461.460693 485.129700 -901.766174
v 955.236694 137.657684 -828.614136
v 699.204651 137.657684 -828.614136
v 461.460693 137.657684 -828.614136
v 443.172668 471.413727 -828.614136
v 443.172668 137.657684 -828.614136
v 388.308685 430.265717 -828.614136
v 443.172668 119.369713 -828.614136
v 388.308685 119.369713 -828.614136
v 461.460693 119.369713 -828.614136
v 461.460693 9.641697 -828.614136
v 461.460693 7.355711 -828.614136
v 388.308685 7.355711 -828.614136
v 388.308685 430.265717 -901.766174
v 461.460693 -136.662292 -828.614136
v 388.308685 -136.662292 -828.614136
v -160.331299 265.673706 -682.310181
v -160.331299 375.401703 -682.310181
v 315.156708 -136.662292 -828.614136
v 358.590698 -136.662292 -828.614136
v 315.156708 -136.662292 -719.606323
v 300.297699 -136.662292 -682.310181
v -160.331299 375.401703 -901.766174
v -160.331299 375.401703 -828.614136
v 315.156708 375.401703 -828.614136
v 95.700668 375.401703 -828.614136
v 95.700668 375.401703 -901.766174
v 315.156708 375.401703 -901.766174
v 300.297699 375.401703 -682.310181
v 315.156708 375.401703 -719.606323
v 300.297699 0.497696 -682.310181
v -160.331299 265.673706 -536.006165
v 242.004684 0.497696 -536.006165
v 242.004684 265.673706 -536.006165
v -87.179291 265.673706 -243.398209
v -160.331299 265.673706 -170.246201
v -160.331299 265.673706 -243.398209
v 95.700668 265.673706 -426.278168
v -160.331299 265.673706 -426.278168
v 95.700668 0.497696 -426.278168
v -160.331299 0.497696 -170.246201
v -233.483307 265.673706 -151.958191
v -233.483307 265.673706 -536.006165
v -188.204865 0.497696 -115.252304
v -233.483307 0.497696 -103.932724
v -202.622375 -136.662292 -86.807213
v -160.331299 -136.662292 -170.246201
v 95.700668 -136.662292 -426.278168
v 205.428680 -136.662292 -508.574188
v 242.004684 -136.662292 -536.006165
v -270.059296 82.793709 -109.690018
v -965.003296 265.673706 -682.310181
v -452.939331 265.673706 -682.310181
v -1221.035278 247.385681 -682.310181
v -1477.067261 229.097702 -682.310181
v -452.939331 265.673706 -97.094193
v -452.939331 82.793709 -97.094193
v -599.243347 82.793709 -97.094193
v -599.243347 265.673706 -97.094193
v -1477.067261 82.793709 -97.094193
v -1477.067261 229.097702 -97.094193
v -965.003296 265.673706 -97.094193
v -1147.883301 192.521698 -97.094193
v -1422.203369 82.793709 -97.094193
v -1196.651367 82.793709 -97.094193
v -452.939331 265.673706 -536.006165
v -782.123413 265.673706 -97.094193
v -965.003296 265.673706 -536.006165
v -306.635315 265.673706 -133.670197
v -1477.067261 229.097702 -206.822205
v -1477.067261 229.097702 -536.006165
v -1221.035278 247.385681 -536.006165
v -306.635315 82.793709 -100.551796
v -233.483307 119.369713 -125.463409
v -320.455200 82.793709 -97.094193
v -629.723328 265.673706 -78.806190
v -658.679382 265.673706 -78.806190
v -782.123413 265.673706 -78.806190
v -965.003296 265.673706 -78.806190
v -1147.883301 192.521698 -78.806190
v -434.651337 139.450653 -78.806190
v -434.651337 82.793709 -78.806190
v -629.723328 82.793709 -78.806190
v -1196.651367 82.793709 -78.806190
v -393.607330 82.793709 -78.806190
v -306.635315 -37.271011 -78.806190
v -306.635315 46.217701 -93.928070
v -1477.067261 -136.662292 -97.094193
v -1294.187256 -136.662292 -97.094193
v -1269.803345 -136.662292 -78.806190
v -629.723328 -136.662292 -78.806190
v -599.243347 -136.662292 -97.094193
v -452.939331 -136.662292 -97.094193
v -434.651337 -136.662292 -78.806190
v -434.651337 -12.075298 -78.806190
v -1477.067261 -100.086288 -97.094193
v -1269.803345 -81.798317 -78.806190
v -1269.803345 -100.086288 -78.806190
v -629.723328 -12.075298 -78.806190
v -1239.323364 -13.218306 -78.806190
v -324.881073 -12.075298 -78.806190
v -2281.739502 155.945694 -170.246201
v -2281.739502 -100.086288 -170.246201
v -2281.739502 -136.662292 -170.246201
v -2281.739502 -136.662292 -499.430176
v -2281.739502 -26.934307 -499.430176
v -2281.739502 155.945694 -499.430176
v -2281.739502 -26.934307 -536.006165
v -2281.739502 82.793709 -536.006165
v -2281.739502 155.945694 -536.006165
v -1842.827393 -100.086288 -184.876556
v -1769.675293 -100.086288 -206.822205
v -1696.523315 -100.086288 -206.822205
v -1659.947266 -100.086288 -188.534210
v -2135.435547 229.097702 -682.310181
v -2281.739502 258.358490 -682.310181
v -2135.435547 229.097702 -206.822205
v -2135.435547 229.097702 -170.246201
v -2216.714111 188.452621 -137.739258
v -2135.435547 229.097702 -536.006165
v -2281.739502 258.358490 -536.006165
v -2135.435547 229.097702 -572.582214
v -2281.739502 258.358490 -572.582214
v -1696.523315 229.097702 -206.822205
v -1769.675293 229.097702 -206.822205
v -1891.599121 229.097702 -170.246201
v -1769.675293 -87.890488 -206.822205
v -2164.696289 155.945694 -111.724548
v -2135.435547 137.657684 -97.094193
v -2135.435547 -100.086288 -97.094193
v -1842.844238 -100.086288 -184.871399
v -2135.435547 155.945694 -111.724548
v -2135.435547 -136.662292 -97.094193
v -2062.283447 -136.662292 -119.039841
v -2464.619385 155.945694 -536.006165
v -2610.923340 265.673706 -536.006165
v -2610.923340 127.633591 -536.006165
v -2610.923340 91.457657 -536.006165
v -2610.923340 82.793709 -536.006165
v -2647.499512 82.793709 -536.006165
v -2647.499512 265.673706 -536.006165
v -2535.485352 142.229691 -536.006165
v -2594.921387 102.224701 -536.006165
v -2607.626953 82.793709 -536.006165
v -2464.619385 265.673706 -536.006165
v -2464.619385 189.927078 -536.006165
v -2393.753418 142.229691 -536.006165
v -2441.187744 265.673706 -536.006165
v -2334.317383 102.224701 -536.006165
v -2303.324463 82.793709 -536.006165
v -2321.611084 82.793709 -536.006165
v -2318.315186 265.673706 -536.006165
v -2793.803223 265.673706 -536.006165
v -2793.803223 265.673706 -572.582214
v -2793.803223 265.673706 -682.310181
v -2318.315186 265.673706 -682.310181
v -2318.315186 265.673706 -572.582214
v -2464.619385 155.945694 -572.582214
v -2406.097900 119.369713 -572.582214
v -2523.140625 119.369713 -572.582214
v -2367.087158 94.989502 -572.582214
v -2347.574707 82.793709 -572.582214
v -2354.891602 82.793709 -572.582214
v -2647.499512 265.673706 -499.430176
v -2647.499512 82.793709 -499.430176
v -2647.499512 82.793709 -279.974152
v -2647.499512 192.521698 -279.974152
v -2647.499512 82.793709 -78.806190
v -2647.499512 192.521698 -78.806190
v -2793.803223 192.521698 -78.806190
v -2793.803223 192.521698 -279.974152
v -2793.803223 265.673706 -499.430176
v -2647.499512 21.814634 -536.006165
v -2647.499512 -26.934307 -536.006165
v -2647.499512 -26.934307 -499.430176
v -2647.499512 -136.662292 -499.430176
v -2647.499512 -136.662292 -78.806190
v -2318.315186 64.505699 -572.582214
v -2318.315186 46.217701 -572.582214
v -2633.783203 42.788708 -536.006165
v -2295.455566 42.788708 -536.006165
v 1046.676758 192.521698 1091.625977
v 1046.676758 0.497696 1091.625977
v 1046.676758 -136.662292 1091.625977
v 936.948669 -136.662292 1091.625977
v 936.948669 0.497696 1091.625977
v 936.948669 192.521698 1091.625977
v 205.428680 375.401703 927.033813
v 351.732697 375.401703 927.033813
v 392.880676 375.401703 1091.625977
v 205.428680 375.401703 1091.625977
v 717.492676 0.497696 945.321899
v 717.492676 265.673706 945.321899
v 242.004684 0.497696 780.729797
v 242.004684 302.249695 780.729797
v 205.428680 297.024567 738.928772
v 205.428680 0.497696 738.928772
v 351.732697 0.497696 927.033813
v 392.880676 0.497696 1091.625977
v 392.880676 9.641697 1091.625977
v 205.428680 302.249695 780.729797
v 863.796692 265.673706 945.321899
v 644.340637 265.673706 799.017883
v 644.340637 265.673706 579.561890
v 656.536499 265.673706 561.273865
v 863.796692 265.673706 561.273865
v 717.492676 174.233688 469.833862
v 717.492676 27.929699 469.833862
v 955.236694 27.929699 469.833862
v 717.492676 9.641697 469.833862
v 680.918945 229.097702 524.697876
v 680.916626 9.641697 524.697876
v 717.492676 0.497696 469.833862
v 680.916626 0.497696 524.697876
v 644.340637 0.497696 579.561890
v 644.340637 0.497696 799.017883
v 351.732697 -136.662292 927.033813
v 392.880676 -136.662292 1091.625977
v 205.428680 -136.662292 738.930359
v 242.004684 -136.662292 780.729797
v 644.340637 -136.662292 799.017883
v 717.492676 -136.662292 945.321899
v 644.340637 -136.662292 634.425781
v 644.340637 -136.662292 579.561890
v 717.492676 -136.662292 469.833862
v 205.428680 -12.075298 738.928772
v -160.331299 265.673706 488.121887
v -379.787323 192.521698 488.121887
v -658.679382 192.521698 488.121887
v -160.331299 265.673706 414.969849
v -50.603344 265.673706 414.969849
v -14.027340 265.673706 488.121887
v -658.679382 265.673706 -61.432571
v -160.331299 265.673706 341.817871
v -160.331299 119.369713 341.817871
v -87.179291 -12.075298 341.817871
v -87.179291 119.369713 341.817871
v -160.331299 -12.075298 341.817871
v -14.027340 -12.075298 488.121887
v -412.697205 -12.075298 -56.852074
v -658.679382 -12.075298 -61.432571
v -658.679382 192.521698 -61.432571
v -379.787323 192.521698 341.817871
v -658.679382 192.521698 341.817871
v -658.679382 -12.075298 341.817871
v -379.787323 -12.075298 341.817871
v -185.581207 -12.075298 291.318054
v -233.483307 241.293503 337.382935
v -233.483307 46.217701 301.915619
v -233.483307 -12.075298 291.317383
v -367.248596 196.705078 329.279144
v -329.287872 -12.075298 291.318390
v -306.635315 -12.075298 291.317261
v -306.635315 46.217701 301.915619
v -306.635315 216.901886 332.948120
v -233.483307 82.793709 308.567963
v -233.483307 119.369713 315.220184
v -270.059296 82.793709 308.567963
v -160.331299 375.401703 927.033813
v -160.331299 375.401703 1091.625977
v -160.331299 302.249695 780.729797
v -160.331299 -136.662292 341.817871
v -87.179291 -136.662292 341.817871
v -14.027340 -136.662292 488.121887
v -658.679382 -100.086288 341.817871
v -658.679382 -136.662292 341.817871
v -379.787323 -136.662292 341.817871
v -306.635315 -136.662292 -60.803947
v -306.635315 -136.662292 268.665833
v -196.907303 -136.662292 268.665833
v -233.483307 -136.662292 268.665833
v -658.679382 -136.662292 -61.432571
v -394.646332 -136.662292 -38.801193
v -658.679382 -100.086288 -61.432571
v 205.428680 302.249695 1804.857910
v 845.508667 302.249695 1804.857910
v 424.884674 375.401703 1219.641846
v 205.428680 375.401703 1219.641846
v 607.764648 375.401703 1402.521851
v 607.764648 375.401703 1585.401855
v 205.428680 375.401703 1585.401855
v 845.508667 302.249695 1585.401855
v 607.764648 302.249695 1585.401855
v 863.796692 348.450958 1585.401855
v 205.428680 302.249695 1585.401855
v 863.796692 348.450958 1469.898438
v 607.764648 9.641697 1402.521851
v 424.884674 9.641697 1219.641846
v 607.764648 -136.662292 1402.521851
v 424.884674 -136.662292 1219.641846
v -160.331299 302.249695 1804.857910
v -160.331299 302.249695 1585.401855
v -160.331299 375.401703 1585.401855
v -2647.499512 192.521698 232.089844
v -2647.499512 192.521698 177.225830
v -2647.499512 82.793709 122.361832
v -2647.499512 -136.662292 12.633820
v -2647.499512 -100.086288 30.921822
v -2647.499512 -29.372671 66.278687
v -1659.947266 -100.086288 219.893982
v -1842.813599 -100.086288 283.290710
v -1842.827393 -100.086288 283.296326
v -1806.251343 -100.086288 268.665833
v -782.123413 265.673706 12.633820
v -965.003296 265.673706 12.633820
v -1989.131470 -100.086288 341.817871
v -1989.131470 192.521698 341.817871
v -2007.419189 192.521698 341.817871
v -2062.283447 192.521698 341.817871
v -2062.283447 -100.086288 341.817871
v -727.259399 192.521698 341.817871
v -1147.883301 192.521698 341.817871
v -1147.883301 -100.086288 341.817871
v -2354.891602 192.521698 232.089844
v -2647.499512 192.521698 341.817871
v -1806.251343 192.521698 341.817871
v -1806.251343 192.521698 268.665833
v -1586.795288 192.521698 232.089844
v -1367.339233 192.521698 232.089844
v -1367.339233 192.521698 341.817871
v -1247.635864 192.521698 291.941528
v -1696.523315 192.521698 232.089844
v -808.724060 192.521698 25.934143
v -782.123413 192.521698 12.633820
v -1078.064087 192.521698 25.936775
v -1134.579956 192.521698 25.937233
v -1135.481812 197.482315 25.035324
v -1147.883301 192.521698 12.633820
v -1743.077637 -83.455673 247.611694
v -1806.251343 -93.994141 268.665833
v -1598.989014 -100.086288 199.582336
v -1611.815552 -61.590080 203.857727
v -2354.891602 -100.086288 232.089844
v -1120.451294 114.810799 40.065880
v -2464.619385 82.793709 122.361832
v -2520.702637 -29.372671 66.278687
v -2507.845459 -100.086288 79.135666
v -2464.619385 -100.086288 122.361832
v -2556.059326 -100.086288 30.921822
v -1120.451294 -81.798317 40.065880
v -1129.595337 -100.086288 30.921822
v -1147.883301 -100.086288 12.633820
v -1120.451294 -100.086288 40.065880
v -782.123413 -100.086288 12.633820
v -1247.635864 -100.086288 291.941528
v -1432.363281 -100.086288 199.577866
v -1081.381104 -100.086288 79.136009
v -915.126953 -100.086288 79.135551
v -2647.499512 192.521698 488.121887
v -2007.419189 192.521698 488.121887
v -1367.339233 192.521698 488.121887
v -727.259399 192.521698 488.121887
v -1147.883301 -136.662292 341.817871
v -965.003296 -136.662292 341.817871
v -2062.283447 -136.662292 341.817871
v -1989.131470 -124.466469 341.817871
v -1477.067261 -136.662292 195.513840
v -1440.491333 -136.662292 195.513840
v -965.003296 -136.662292 85.785828
v -928.427429 -136.662292 85.785828
v -1074.731201 -136.662292 85.785828
v -782.123413 -136.662292 12.633820
v -1147.883301 -136.662292 12.633820
v -2574.347656 -136.662292 12.633820
v -2557.465332 -136.662292 29.515915
v -2464.619385 -136.662292 122.361832
v -2354.891602 -136.662292 232.089844
v -1594.636353 -113.150780 198.131332
v -2793.803223 192.521698 488.121887
s 0
f 1751 1767 1746
f 1757 1770 1766
f 1769 1772 1771
f 1775 1769 1770
f 1758 1770 1757
f 1777 1776 1772
f 1779 1756 1749
f 1777 1773 1779
f 1774 1775 1780
f 1782 1752 1753
f 1760 1783 1761
f 1759 1782 1760
f 1780 1762 1784
f 1785 1762 1761
f 1778 1786 1755
f 1783 1782 1788
f 1785 1788 1787
f 1786 1787 1788
f 1786 1754 1755
f 1753 1788 1782
f 1785 1787 1784
f 1787 1780 1784
f 1771 1776 1789
f 1789 1777 1747
f 1746 1790 1745
f 1791 1767 1768
f 1821 1819 1818
f 1826 1824 1823
f 1825 1828 1824
f 1830 1781 1759
f 1827 1822 1829
f 1822 1832 1831
f 1828 1834 1833
f 1838 1836 1835
f 1839 1825 1826
f 1825 1834 1828
f 1834 1837 1833
f 1843 1841 1840
f 1840 1841 1844
f 1846 1845 1821
f 1847 1848 1846
f 1849 1820 1845
f 1845 1841 1850
f 1846 1844 1841
f 1852 1833 1851
f 1854 1837 1838
f 1823 1855 1856
f 1832 1856 1857
f 1852 1824 1828
f 1833 1853 1851
f 1858 1817 1853
f 1856 1813 1805
f 1856 1806 1857
f 1814 1855 1852
f 1851 1817 1815
f 1859 1799 1794
f 1843 1861 1809
f 1809 1862 1812
f 1861 1844 1862
f 1847 1798 1796
f 1796 1848 1847
f 1801 1862 1844
f 1857 1803 1831
f 1863 1781 1829
f 1863 1831 1859
f 1859 1803 1804
f 1795 1860 1794
f 1863 1795 1793
f 1804 1802 1859
f 1811 1842 1843
f 1791 1870 1864
f 1807 1869 1811
f 1808 1872 1866
f 1873 1866 1871
f 1874 1864 1870
f 1864 1876 1875
f 1865 1869 1866
f 1818 1819 1874
f 1876 1819 1820
f 1842 1875 1876
f 1873 1867 1866
f 1792 1870 1768
f 1818 1792 1797
f 1884 1882 1881
f 1889 1888 1887
f 1883 1891 1892
f 1897 1895 1894
f 1902 1901 1900
f 1883 1892 1897
f 1888 1903 1887
f 1890 1905 1889
f 1905 1891 1884
f 1906 1908 1905
f 1912 1911 1907
f 1918 1911 1912
f 1920 1908 1909
f 1910 1917 1923
f 1925 1914 1913
f 1928 1915 1914
f 1918 1926 1923
f 1921 1929 1920
f 1930 1891 1907
f 1910 1930 1907
f 1878 1896 1930
f 1930 1926 1879
f 1938 1936 1931
f 1941 1939 1937
f 1933 1944 1943
f 1936 1945 1838
f 1944 1935 1946
f 1932 1835 1839
f 1945 1948 1947
f 1949 1858 1945
f 1950 1939 1940
f 1959 1958 1955
f 1935 1965 1964
f 1953 1958 1967
f 1951 1952 1968
f 1956 1969 1966
f 1952 1967 1970
f 1978 1976 1975
f 1977 1978 1980
f 1975 1982 1981
f 1909 1980 1978
f 1988 1986 1985
f 1990 1989 1985
f 1987 1899 1991
f 1988 1989 1992
f 1994 1972 1995
f 1973 1984 1996
f 1995 1993 1994
f 1996 1997 1995
f 1984 1998 1996
f 1992 1990 1999
f 1999 1980 1983
f 1890 2000 1906
f 2000 1909 1906
f 1993 1999 1986
f 1998 1976 1999
f 2010 2008 2007
f 2013 2007 2008
f 2016 2015 2013
f 1771 2011 1765
f 2004 2018 1791
f 2021 2020 2019
f 2020 2024 2023
f 2026 2027 2017
f 2028 2023 2024
f 2029 2024 2025
f 2031 2027 2022
f 2033 2031 2032
f 2034 2031 2035
f 2037 2034 2038
f 2036 2039 2015
f 2040 2037 2038
f 2030 2034 2016
f 2020 2042 2041
f 2010 1789 2042
f 2005 2041 1789
f 1745 2018 2043
f 2043 2015 2039
f 2047 2048 2049
f 2045 2050 2048
f 2054 2047 2049
f 2044 2002 2001
f 2054 2056 2003
f 2054 2058 2057
f 2052 2054 2055
f 2048 2059 2049
f 2048 2063 2061
f 2055 2059 2064
f 2053 2064 2065
f 2056 2066 2003
f 2057 2073 2071
f 2076 2072 2073
f 2070 2068 2067
f 2075 2069 2068
f 2074 2052 2078
f 2080 2073 2074
f 2079 2081 2076
f 2083 1873 2084
f 1872 2084 1871
f 2050 2083 2086
f 2086 2083 2085
f 2088 2085 2087
f 2086 2089 2062
f 2091 2090 2092
f 2092 2085 2091
f 1808 2084 1872
f 2102 2095 2100
f 2106 2093 2094
f 2109 2101 2095
f 2110 2097 2099
f 2101 2112 2111
f 2108 2113 2101
f 2100 2115 2105
f 2100 2117 2116
f 2126 2125 2123
f 2129 2123 2069
f 2132 2131 2130
f 2130 2124 2132
f 2130 2133 2119
f 2135 2133 2131
f 2136 2118 2119
f 2130 2120 2123
f 2137 2124 2125
f 2132 2138 2140
f 2140 2131 2132
f 2135 2131 2139
f 2147 2146 2145
f 2150 2146 2148
f 2112 2151 2152
f 2114 2151 2113
f 2145 2146 2149
f 2147 2143 2146
f 2141 2154 2153
f 2156 2154 2157
f 2158 2141 2142
f 2148 2153 2159
f 2159 2154 2155
f 2143 2153 2146
f 2166 2117 2111
f 2156 2160 2155
f 2150 2161 2165
f 2148 2163 2162
f 2163 2155 2160
f 1955 2174 2173
f 2174 2175 2176
f 2178 2176 2177
f 2181 2178 2179
f 2184 2175 2170
f 2186 2182 2183
f 2195 2190 2183
f 2197 2195 2198
f 2193 2196 2197
f 2198 2177 2184
f 2196 2188 2199
f 2195 2191 2189
f 2191 2199 2201
f 2187 2202 2188
f 2201 2204 2203
f 2207 2206 2205
f 2209 2205 2208
f 2202 2208 2204
f 2188 2204 2199
f 2210 2204 2208
f 2211 2208 2205
f 2213 2206 2207
f 2167 2202 2187
f 2212 2214 2206
f 2214 2211 2206
f 2201 2220 2192
f 2214 2217 2211
f 2218 2219 2203
f 2217 2210 2211
f 2215 2216 2214
f 2228 2226 2229
f 2233 2231 2230
f 2235 2233 2234
f 2238 2229 2236
f 2223 2213 2167
f 2236 2239 2212
f 2242 2240 2232
f 2224 2238 2222
f 2225 2242 2224
f 2244 2239 2243
f 2169 2244 2221
f 2245 2239 2226
f 2248 2247 2229
f 2237 2249 2248
f 2232 2250 2249
f 2251 2227 2252
f 2253 2229 2246
f 2250 2235 2254
f 2245 2251 2255
f 2221 2243 2257
f 2265 2227 2263
f 2262 2227 2228
f 2259 2234 2266
f 2268 2259 2260
f 2269 2262 2228
f 2235 2267 2270
f 2271 2243 2245
f 2276 2274 2273
f 2277 2279 2278
f 2277 2289 2287
f 2280 2290 2291
f 2286 2292 2285
f 2293 2290 2292
f 2240 2294 2231
f 2287 2296 2295
f 2290 2295 2241
f 2283 2295 2297
f 2284 2230 2294
f 2298 2289 2272
f 2299 2272 2273
f 2281 2282 2297
f 2297 2296 2300
f 2302 2298 2299
f 2288 2298 2302
f 2302 2296 2288
f 2266 2284 2258
f 2300 2274 2303
f 2304 2300 2303
f 2310 2308 2307
f 2312 2307 2308
f 2314 2308 2309
f 2305 2316 2306
f 2317 2316 2305
f 2318 2316 2319
f 2280 2322 2321
f 2327 2306 2315
f 2327 2325 2324
f 2327 2291 2293
f 2326 2293 2286
f 2330 2329 2328
f 2333 2332 2331
f 2335 2311 2334
f 2338 2337 2339
f 2337 2340 2339
f 2323 2334 2311
f 2342 2337 2334
f 2345 2343 2310
f 2347 2345 2336
f 2349 2332 2333
f 2350 2343 2344
f 2309 2343 2314
f 2351 2320 2321
f 2320 2278 2279
f 2356 2354 2353
f 2361 2359 2358
f 2357 2362 2356
f 2366 2364 2367
f 2370 2368 2359
f 2358 2365 2371
f 2371 2365 2366
f 2365 2368 2364
f 2152 2352 2353
f 2375 2373 2372
f 2376 2108 2109
f 2372 2357 2151
f 2379 2377 2106
f 2110 2377 2381
f 2381 2378 2380
f 2382 2383 2384
f 2373 2385 2386
f 2385 2375 2382
f 2381 2376 2109
f 2363 2386 2362
f 2386 2394 2393
f 2385 2384 2395
f 2166 2354 2164
f 2356 2392 2355
f 2362 2391 2392
f 2388 2368 2369
f 2396 2364 2390
f 2364 2387 2390
f 2397 2401 2400
f 2247 2403 2246
f 2405 2404 2400
f 2405 2406 2408
f 2400 2407 2405
f 2409 2407 2401
f 2410 2252 2265
f 2253 2403 2412
f 2255 2410 2271
f 2415 2413 2416
f 2419 2404 2417
f 2424 2422 2421
f 2428 2427 2426
f 2425 2427 2428
f 2404 2421 2413
f 2416 2421 2422
f 2417 2405 2408
f 2414 2398 2413
f 2413 2397 2400
f 2361 2429 2430
f 2371 2402 2397
f 2358 2431 2429
f 2409 2366 2367
f 2408 2433 2432
f 2396 2434 2409
f 2434 2406 2409
f 2437 2435 2415
f 2432 2417 2408
f 2420 2440 2441
f 2264 2410 2265
f 2411 2444 2261
f 2271 2443 2438
f 2423 2439 2422
f 2437 2422 2439
f 2448 2360 2361
f 2450 2447 2448
f 2454 2453 2452
f 2455 2450 2451
f 2457 2456 2149
f 2360 2458 2370
f 2457 2447 2449
f 2454 2149 2456
f 2450 2456 2449
f 2452 2144 2147
f 2453 2445 2446
f 2458 2388 2369
f 2165 2457 2150
f 2459 2458 2457
f 2462 2445 2455
f 2463 2455 2451
f 2430 2451 2448
f 2466 2465 2464
f 2468 2467 2338
f 2248 2403 2247
f 2249 2474 2248
f 2479 2478 2476
f 2483 2481 2415
f 2485 2484 2464
f 2487 2477 2486
f 2486 2489 2488
f 2490 2491 2489
f 2488 2492 2487
f 2494 2474 2493
f 2403 2494 2412
f 2474 2497 2495
f 2498 2496 2497
f 2498 2497 2475
f 2250 2475 2249
f 2473 2499 2470
f 2470 2502 2501
f 2500 2492 2502
f 2480 2484 2479
f 2495 2496 2504
f 2484 2505 2466
f 2508 2506 2505
f 2505 2503 2508
f 2466 2506 2469
f 2469 2509 2468
f 2512 2510 2496
f 2512 2267 2268
f 2270 2267 2498
f 2254 2498 2250
f 2511 2513 2510
f 2507 2509 2506
f 2464 2484 2466
f 2411 2494 2514
f 2491 2483 2515
f 2492 2488 2516
f 2517 2510 2513
f 2514 2493 2518
f 2493 2504 2517
f 2500 2471 2472
f 2500 2472 2477
f 2515 2489 2491
f 2481 2399 2414
f 2482 2521 2522
f 2477 2520 2521
f 2479 2519 2520
f 2436 2524 2483
f 2480 2526 2525
f 2533 2517 2513
f 2470 2501 2538
f 2260 2512 2268
f 2516 2515 2523
f 2501 2528 2527
f 2532 2518 2530
f 2514 2442 2444
f 2518 2531 2529
f 2525 2503 2480
f 2468 2534 2467
f 2526 2472 2471
f 2508 2537 2536
f 2535 2509 2507
f 2340 2485 2464
f 1751 1768 1767
f 1766 1764 1757
f 1770 1769 1766
f 1771 1765 1766
f 1769 1774 1773
f 1771 1766 1769
f 1769 1773 1772
f 1775 1774 1769
f 1758 1775 1770
f 1749 1750 1777
f 1779 1778 1756
f 1749 1777 1779
f 1777 1772 1773
f 1778 1779 1773
f 1778 1773 1774
f 1758 1763 1780
f 1780 1778 1774
f 1775 1758 1780
f 1782 1781 1752
f 1760 1782 1783
f 1759 1781 1782
f 1780 1763 1762
f 1761 1783 1785
f 1785 1784 1762
f 1755 1756 1778
f 1778 1787 1786
f 1785 1783 1788
f 1786 1788 1754
f 1753 1754 1788
f 1787 1778 1780
f 1771 1772 1776
f 1747 1748 1789
f 1789 1776 1777
f 1777 1750 1747
f 1746 1767 1790
f 1791 1790 1767
f 1797 1798 1821
f 1821 1820 1819
f 1818 1797 1821
f 1822 1827 1826
f 1826 1825 1824
f 1823 1822 1826
f 1830 1829 1781
f 1829 1830 1827
f 1822 1831 1829
f 1822 1823 1832
f 1838 1837 1836
f 1839 1835 1825
f 1825 1836 1834
f 1834 1836 1837
f 1843 1842 1841
f 1821 1847 1846
f 1845 1820 1821
f 1850 1849 1845
f 1845 1846 1841
f 1841 1842 1850
f 1846 1848 1844
f 1815 1814 1852
f 1852 1828 1833
f 1851 1815 1852
f 1854 1853 1837
f 1823 1824 1855
f 1832 1823 1856
f 1852 1855 1824
f 1833 1837 1853
f 1853 1854 1858
f 1858 1816 1817
f 1856 1855 1813
f 1856 1805 1806
f 1814 1813 1855
f 1851 1853 1817
f 1794 1860 1859
f 1859 1802 1799
f 1809 1810 1843
f 1843 1840 1861
f 1809 1861 1862
f 1861 1840 1844
f 1847 1821 1798
f 1796 1800 1848
f 1844 1848 1800
f 1801 1812 1862
f 1844 1800 1801
f 1831 1832 1857
f 1857 1806 1803
f 1859 1860 1863
f 1863 1829 1831
f 1859 1831 1803
f 1793 1752 1781
f 1863 1860 1795
f 1793 1781 1863
f 1843 1810 1811
f 1811 1869 1842
f 1864 1868 1791
f 1791 1768 1870
f 1807 1866 1869
f 1866 1807 1808
f 1872 1871 1866
f 1875 1865 1864
f 1864 1874 1876
f 1865 1875 1869
f 1849 1850 1876
f 1876 1874 1819
f 1820 1849 1876
f 1876 1850 1842
f 1842 1869 1875
f 1768 1751 1792
f 1792 1874 1870
f 1818 1874 1792
f 1881 1885 1884
f 1884 1883 1882
f 1886 1890 1889
f 1889 1885 1881
f 1889 1881 1888
f 1887 1886 1889
f 1883 1884 1891
f 1893 1898 1897
f 1897 1896 1895
f 1894 1893 1897
f 1899 1904 1903
f 1902 1898 1893
f 1899 1903 1902
f 1900 1899 1902
f 1902 1893 1901
f 1897 1882 1883
f 1892 1896 1897
f 1888 1902 1903
f 1890 1906 1905
f 1885 1889 1905
f 1905 1907 1891
f 1884 1885 1905
f 1906 1909 1908
f 1907 1905 1908
f 1907 1908 1912
f 1911 1910 1907
f 1912 1919 1918
f 1918 1917 1911
f 1909 1922 1921
f 1920 1919 1912
f 1909 1921 1920
f 1920 1912 1908
f 1910 1911 1917
f 1880 1926 1925
f 1925 1924 1914
f 1913 1880 1925
f 1914 1924 1929
f 1928 1927 1916
f 1914 1929 1928
f 1928 1916 1915
f 1923 1917 1918
f 1918 1925 1926
f 1921 1928 1929
f 1930 1892 1891
f 1910 1923 1930
f 1930 1877 1878
f 1878 1895 1896
f 1896 1892 1930
f 1879 1877 1930
f 1930 1923 1926
f 1926 1880 1879
f 1931 1933 1938
f 1938 1937 1936
f 1937 1942 1941
f 1941 1940 1939
f 1939 1936 1937
f 1943 1938 1933
f 1933 1934 1944
f 1835 1931 1936
f 1936 1939 1945
f 1945 1858 1854
f 1838 1835 1936
f 1945 1854 1838
f 1944 1934 1935
f 1932 1931 1835
f 1947 1949 1945
f 1945 1939 1948
f 1949 1816 1858
f 1950 1948 1939
f 1955 1962 1961
f 1955 1961 1960
f 1958 1954 1955
f 1955 1960 1959
f 1963 1946 1935
f 1935 1956 1966
f 1935 1966 1965
f 1964 1963 1935
f 1953 1954 1958
f 1956 1957 1969
f 1970 1968 1952
f 1952 1953 1967
f 1975 1979 1978
f 1978 1977 1976
f 1916 1927 1975
f 1975 1976 1982
f 1981 1916 1975
f 1979 1922 1909
f 1909 1983 1980
f 1978 1979 1909
f 1985 1989 1988
f 1988 1987 1986
f 1991 1986 1987
f 1987 1904 1899
f 1992 1890 1886
f 1992 1886 1988
f 1989 1990 1992
f 1994 1971 1972
f 1996 1995 1972
f 1973 1974 1984
f 1996 1972 1973
f 1995 1997 1993
f 1996 1998 1997
f 1984 1982 1998
f 1999 2000 1992
f 1990 1985 1999
f 1983 2000 1999
f 1999 1977 1980
f 1890 1992 2000
f 2000 1983 1909
f 1986 1991 1993
f 1993 1997 1999
f 1999 1985 1986
f 1999 1997 1998
f 1998 1982 1976
f 1976 1977 1999
f 2007 2011 2010
f 2010 2009 2008
f 2013 2012 2007
f 2013 2008 2009
f 2013 2009 2017
f 2015 2014 2013
f 2013 2017 2016
f 1771 2010 2011
f 1791 1868 2004
f 2004 2014 2015
f 2018 1790 1791
f 2004 2015 2018
f 2022 2026 2020
f 2020 2025 2024
f 2023 2022 2020
f 2017 2009 2026
f 2026 2022 2027
f 2022 2023 2032
f 2031 2030 2027
f 2022 2032 2031
f 2034 2030 2031
f 2037 2036 2034
f 2015 2016 2036
f 2036 2037 2039
f 2016 2017 2027
f 2016 2027 2030
f 2034 2036 2016
f 2041 2019 2020
f 2020 2026 2042
f 2042 2026 2009
f 2010 1771 1789
f 2042 2009 2010
f 1789 1748 2005
f 2041 2042 1789
f 2043 2006 1745
f 1745 1790 2018
f 2043 2018 2015
f 2047 2045 2048
f 2045 2046 2050
f 2049 2055 2054
f 2054 2044 2047
f 2044 2054 2002
f 2003 2002 2054
f 2054 2057 2056
f 2055 2053 2051
f 2052 2058 2054
f 2055 2051 2052
f 2048 2060 2059
f 2061 2060 2048
f 2048 2050 2063
f 2063 2062 2061
f 2055 2049 2059
f 2053 2055 2064
f 2056 2070 2066
f 2070 2056 2057
f 2057 2058 2074
f 2073 2072 2071
f 2057 2074 2073
f 2071 2070 2057
f 2076 2075 2072
f 2067 2066 2070
f 2070 2071 2068
f 2068 2071 2072
f 2075 2077 2069
f 2068 2072 2075
f 2074 2058 2052
f 2074 2078 2080
f 2080 2079 2073
f 2076 2073 2079
f 2079 2082 2081
f 2084 2085 2083
f 2083 1867 1873
f 1873 1871 2084
f 2086 2063 2050
f 2050 2046 2083
f 2088 2086 2085
f 2062 2063 2086
f 2086 2088 2089
f 2091 2084 2090
f 2092 2087 2085
f 1808 2090 2084
f 2100 2105 2104
f 2100 2104 2103
f 2095 2101 2100
f 2100 2103 2102
f 2094 2107 2106
f 2106 2099 2093
f 2095 2096 2109
f 2109 2108 2101
f 2099 2106 2110
f 2110 2109 2096
f 2097 2098 2099
f 2110 2096 2097
f 2111 2100 2101
f 2101 2113 2112
f 2108 2114 2113
f 2100 2116 2115
f 2100 2111 2117
f 2123 2129 2128
f 2123 2128 2127
f 2125 2124 2123
f 2123 2127 2126
f 2069 2077 2121
f 2069 2121 2122
f 2123 2120 2069
f 2069 2122 2129
f 2130 2123 2124
f 2135 2134 2133
f 2130 2119 2120
f 2137 2138 2124
f 2132 2124 2138
f 2140 2139 2131
f 2150 2149 2146
f 2112 2113 2151
f 2147 2144 2143
f 2156 2155 2154
f 2148 2146 2153
f 2159 2153 2154
f 2143 2141 2153
f 2112 2152 2166
f 2166 2164 2117
f 2111 2112 2166
f 2150 2148 2161
f 2162 2161 2148
f 2148 2159 2163
f 2163 2159 2155
f 2172 1962 1955
f 1955 2170 2174
f 2173 2172 1955
f 2174 2170 2175
f 2177 2179 2178
f 2176 2175 2177
f 2179 2183 2182
f 2181 2180 2178
f 2179 2182 2181
f 2170 2171 2184
f 2184 2177 2175
f 2186 2185 2182
f 2179 2177 2195
f 2195 2189 2190
f 2190 2186 2183
f 2183 2179 2195
f 2197 2196 2195
f 2193 2194 2196
f 2198 2195 2177
f 2199 2200 2195
f 2196 2194 2188
f 2199 2195 2196
f 2195 2200 2191
f 2201 2192 2191
f 2191 2200 2199
f 2201 2199 2204
f 2209 2207 2205
f 2202 2209 2208
f 2188 2202 2204
f 2210 2203 2204
f 2205 2206 2211
f 2211 2210 2208
f 2209 2202 2213
f 2213 2212 2206
f 2207 2209 2213
f 2167 2213 2202
f 2212 2215 2214
f 2201 2203 2220
f 2214 2216 2217
f 2203 2210 2218
f 2219 2220 2203
f 2217 2218 2210
f 2215 2168 2216
f 2228 2227 2226
f 2230 2234 2233
f 2233 2232 2231
f 2236 2223 2222
f 2238 2232 2237
f 2236 2222 2238
f 2229 2226 2236
f 2238 2237 2229
f 2223 2236 2213
f 2212 2213 2236
f 2236 2226 2239
f 2232 2238 2242
f 2242 2241 2240
f 2240 2231 2232
f 2224 2242 2238
f 2225 2241 2242
f 2243 2221 2244
f 2244 2212 2239
f 2245 2243 2239
f 2229 2237 2248
f 2247 2246 2229
f 2237 2232 2249
f 2232 2233 2250
f 2251 2226 2227
f 2253 2228 2229
f 2250 2233 2235
f 2245 2226 2251
f 2263 2264 2265
f 2265 2252 2227
f 2262 2263 2227
f 2266 2258 2259
f 2259 2235 2234
f 2234 2230 2266
f 2268 2267 2259
f 2228 2253 2269
f 2269 2261 2262
f 2270 2254 2235
f 2235 2259 2267
f 2245 2255 2271
f 2271 2256 2243
f 2272 2277 2276
f 2276 2275 2274
f 2273 2272 2276
f 2278 2276 2277
f 2277 2280 2279
f 2287 2290 2280
f 2277 2272 2289
f 2287 2280 2277
f 2289 2288 2287
f 2286 2293 2292
f 2293 2291 2290
f 2287 2288 2296
f 2241 2225 2285
f 2241 2285 2292
f 2294 2240 2241
f 2290 2287 2295
f 2295 2294 2241
f 2241 2292 2290
f 2297 2282 2283
f 2283 2294 2295
f 2294 2283 2284
f 2284 2266 2230
f 2230 2231 2294
f 2273 2300 2299
f 2299 2298 2272
f 2300 2301 2297
f 2297 2295 2296
f 2296 2299 2300
f 2288 2289 2298
f 2302 2299 2296
f 2300 2273 2274
f 2304 2301 2300
f 2306 2311 2310
f 2310 2309 2308
f 2307 2306 2310
f 2314 2313 2308
f 2306 2307 2305
f 2316 2315 2306
f 2318 2315 2316
f 2320 2279 2280
f 2280 2291 2322
f 2322 2318 2321
f 2321 2320 2280
f 2318 2322 2327
f 2327 2324 2323
f 2327 2323 2311
f 2315 2318 2327
f 2327 2311 2306
f 2327 2326 2325
f 2327 2322 2291
f 2326 2327 2293
f 2334 2337 2336
f 2335 2310 2311
f 2334 2336 2335
f 2338 2336 2337
f 2337 2341 2340
f 2323 2342 2334
f 2342 2341 2337
f 2310 2335 2345
f 2345 2344 2343
f 2336 2338 2347
f 2347 2346 2345
f 2345 2335 2336
f 2349 2348 2332
f 2309 2310 2343
f 2352 2357 2356
f 2356 2355 2354
f 2353 2352 2356
f 2361 2360 2359
f 2357 2363 2362
f 2366 2365 2364
f 2359 2360 2370
f 2370 2369 2368
f 2358 2359 2365
f 2365 2359 2368
f 2353 2166 2152
f 2152 2151 2352
f 2372 2376 2375
f 2375 2374 2373
f 2373 2363 2372
f 2376 2372 2108
f 2114 2108 2372
f 2372 2363 2357
f 2357 2352 2151
f 2151 2114 2372
f 2106 2107 2379
f 2379 2378 2377
f 2110 2106 2377
f 2380 2382 2381
f 2381 2377 2378
f 2382 2380 2383
f 2373 2374 2385
f 2382 2384 2385
f 2385 2374 2375
f 2375 2381 2382
f 2109 2110 2381
f 2381 2375 2376
f 2363 2373 2386
f 2393 2391 2386
f 2386 2385 2394
f 2395 2394 2385
f 2384 2383 2395
f 2166 2353 2354
f 2356 2362 2392
f 2362 2386 2391
f 2388 2387 2368
f 2390 2389 2396
f 2396 2367 2364
f 2364 2368 2387
f 2397 2402 2401
f 2405 2407 2406
f 2400 2401 2407
f 2401 2402 2409
f 2409 2406 2407
f 2410 2251 2252
f 2411 2269 2253
f 2253 2246 2403
f 2412 2411 2253
f 2255 2251 2410
f 2415 2414 2413
f 2417 2420 2419
f 2419 2418 2404
f 2421 2425 2424
f 2424 2423 2422
f 2428 2424 2425
f 2425 2418 2427
f 2416 2413 2421
f 2417 2404 2405
f 2414 2399 2398
f 2400 2404 2413
f 2413 2398 2397
f 2361 2358 2429
f 2397 2431 2371
f 2371 2366 2402
f 2358 2371 2431
f 2367 2396 2409
f 2409 2402 2366
f 2408 2406 2433
f 2396 2389 2434
f 2434 2433 2406
f 2415 2416 2437
f 2437 2436 2435
f 2432 2440 2417
f 2420 2417 2440
f 2264 2443 2410
f 2261 2269 2411
f 2444 2442 2261
f 2438 2256 2271
f 2271 2410 2443
f 2437 2416 2422
f 2448 2447 2360
f 2448 2451 2450
f 2450 2449 2447
f 2452 2147 2145
f 2454 2450 2453
f 2452 2145 2454
f 2455 2453 2450
f 2149 2150 2457
f 2457 2449 2456
f 2360 2447 2458
f 2457 2458 2447
f 2454 2145 2149
f 2450 2454 2456
f 2452 2446 2144
f 2446 2452 2453
f 2453 2455 2445
f 2369 2370 2458
f 2458 2460 2388
f 2165 2459 2457
f 2459 2460 2458
f 2462 2461 2445
f 2463 2462 2455
f 2448 2361 2430
f 2430 2463 2451
f 2338 2339 2465
f 2466 2469 2468
f 2338 2465 2466
f 2467 2347 2338
f 2338 2466 2468
f 2248 2474 2403
f 2249 2475 2474
f 2476 2480 2479
f 2478 2477 2476
f 2415 2435 2483
f 2483 2482 2481
f 2481 2414 2415
f 2485 2479 2484
f 2488 2487 2486
f 2486 2490 2489
f 2490 2482 2491
f 2403 2474 2494
f 2495 2493 2474
f 2474 2475 2497
f 2497 2496 2495
f 2250 2498 2475
f 2473 2500 2499
f 2470 2499 2502
f 2500 2487 2492
f 2480 2503 2484
f 2508 2507 2506
f 2505 2484 2503
f 2466 2505 2506
f 2469 2506 2509
f 2496 2498 2512
f 2512 2511 2510
f 2510 2504 2496
f 2512 2498 2267
f 2254 2270 2498
f 2514 2444 2411
f 2411 2412 2494
f 2491 2482 2483
f 2516 2501 2492
f 2488 2489 2516
f 2517 2504 2510
f 2514 2494 2493
f 2517 2518 2493
f 2493 2495 2504
f 2500 2473 2471
f 2477 2487 2500
f 2472 2476 2477
f 2515 2516 2489
f 2481 2522 2399
f 2522 2481 2482
f 2482 2490 2521
f 2521 2490 2486
f 2477 2478 2520
f 2521 2486 2477
f 2520 2478 2479
f 2479 2485 2519
f 2483 2435 2436
f 2524 2523 2483
f 2480 2476 2526
f 2511 2512 2533
f 2533 2531 2517
f 2513 2511 2533
f 2260 2533 2512
f 2523 2528 2516
f 2515 2483 2523
f 2527 2538 2501
f 2501 2516 2528
f 2532 2514 2518
f 2514 2532 2442
f 2529 2530 2518
f 2518 2517 2531
f 2525 2537 2503
f 2468 2509 2534
f 2526 2476 2472
f 2508 2503 2537
f 2507 2508 2536
f 2535 2534 2509
f 2507 2536 2535
f 2465 2339 2340
f 2340 2539 2519
f 2340 2519 2485
f 2464 2465 2340
o de_nuke_world_geometry.008
v 1951.932617 0.497696 -1180.658203
v 1933.644775 0.497696 -1180.658203
v 1933.644775 9.641697 -1180.658203
v 1951.932617 9.641697 -1180.658203
v 1110.684692 0.497696 -1180.658203
v 1092.396729 0.497696 -1180.658203
v 1092.396729 9.641697 -1180.658203
v 1110.684692 9.641697 -1180.658203
v 1110.684692 0.497696 -1253.810181
v 1092.396729 0.497696 -1253.810181
v 1951.932617 0.497696 -1253.810181
v 1933.644775 0.497696 -1253.810181
v 1933.644775 9.641697 -1253.810181
v 1951.932617 9.641697 -1253.810181
v 1092.396729 9.641697 -1253.810181
v 1110.684692 9.641697 -1253.810181
v 2217.108887 0.497696 -453.710175
v 2217.108887 0.497696 -435.422180
v 2290.260742 0.497696 -435.422180
v 2290.260742 0.497696 -453.710175
v 2290.260742 9.641697 -435.422180
v 2290.260742 9.641697 -453.710175
v 2217.108887 9.641697 -453.710175
v 2217.108887 9.641697 -435.422180
v 3008.064941 137.657684 959.037903
v 3008.064941 137.657684 977.325806
v 3081.216797 137.657684 977.325806
v 3081.216797 137.657684 959.037903
v 3081.216797 146.801697 977.325806
v 3081.216797 146.801697 959.037903
v 3008.064941 146.801697 959.037903
v 3008.064941 146.801697 977.325806
v 3008.064941 137.657684 1155.633911
v 3008.064941 137.657684 1137.345825
v 3008.064941 146.801697 1137.345825
v 3008.064941 146.801697 1155.633911
v 3035.954102 91.149040 1315.653931
v 3035.954102 91.149040 1333.941772
v 3043.063232 85.182571 1333.941772
v 3043.063232 85.182571 1315.653931
v 3090.006348 141.120987 1333.941772
v 3090.006348 141.120987 1315.653931
v 3083.239746 146.801697 1315.653931
v 3083.239746 146.801697 1333.941772
v 3082.885498 147.087448 1315.653931
v 3081.216797 137.657684 1137.345825
v 3081.216797 137.657684 1155.633911
v 3081.216797 146.801697 1155.633911
v 3081.216797 146.801697 1137.345825
v 3082.645508 146.801697 1315.653931
v 3082.645508 146.801697 1333.941772
v 3082.885498 147.087448 1333.941772
v 296.868683 0.497696 -234.254211
v 296.868683 0.497696 -215.966202
v 370.020660 0.497696 -215.966202
v 370.020660 0.497696 -234.254211
v 296.868683 9.641697 -215.966202
v 370.020660 9.641697 -215.966202
v 296.868683 9.641697 -234.254211
v 370.020660 9.641697 -234.254211
v 1485.588623 0.497696 616.137878
v 1558.740723 0.497696 616.137878
v 1558.740723 9.641697 616.137878
v 1485.588623 9.641697 616.137878
v 1485.588623 0.497696 579.561890
v 1485.588623 0.497696 561.273865
v 1485.588623 9.641697 561.273865
v 1485.588623 9.641697 579.561890
v 1558.740723 0.497696 561.273865
v 1558.740723 0.497696 579.561890
v 1558.740723 9.641697 579.561890
v 1558.740723 9.641697 561.273865
v 1485.588623 0.497696 634.425781
v 1485.588623 9.641697 634.425781
v 1558.740723 0.497696 634.425781
v 1558.740723 9.641697 634.425781
v 1485.588623 0.497696 -773.750122
v 1558.740723 0.497696 -773.750122
v 1558.740723 9.641697 -773.750122
v 1485.588623 9.641697 -773.750122
v 1485.588623 0.497696 -810.326172
v 1485.588623 0.497696 -828.614136
v 1485.588623 9.641697 -828.614136
v 1485.588623 9.641697 -810.326172
v 1558.740723 0.497696 -828.614136
v 1558.740723 0.497696 -810.326172
v 1558.740723 9.641697 -810.326172
v 1558.740723 9.641697 -828.614136
v 1485.588623 0.497696 -755.462158
v 1485.588623 9.641697 -755.462158
v 1558.740723 0.497696 -755.462158
v 1558.740723 9.641697 -755.462158
v 1513.020752 242.813690 -60.518188
v 1513.020752 242.813690 -133.670197
v 1513.020752 251.957687 -133.670197
v 1513.020752 251.957687 -60.518188
v 1691.328735 242.813690 -60.518188
v 1691.328735 242.813690 -133.670197
v 1691.328735 251.957687 -133.670197
v 1691.328735 251.957687 -60.518188
v 1709.616699 242.813690 -60.518188
v 1709.616699 251.957687 -60.518188
v 1709.616699 242.813690 -133.670197
v 1709.616699 251.957687 -133.670197
v 1531.308716 242.813690 -133.670197
v 1531.308716 242.813690 -60.518188
v 1531.308716 251.957687 -60.518188
v 1531.308716 251.957687 -133.670197
v 1353.000732 242.813690 -133.670197
v 1353.000732 242.813690 -60.518188
v 1353.000732 251.957687 -60.518188
v 1353.000732 251.957687 -133.670197
v 1334.712769 242.813690 -60.518188
v 1334.712769 251.957687 -60.518188
v 1334.712769 242.813690 -133.670197
v 1334.712769 251.957687 -133.670197
v 1513.020752 242.813690 -1628.714233
v 1513.020752 242.813690 -1701.866211
v 1513.020752 251.957687 -1701.866211
v 1513.020752 251.957687 -1628.714233
v 1691.328735 242.813690 -1628.714233
v 1691.328735 242.813690 -1701.866211
v 1691.328735 251.957687 -1701.866211
v 1691.328735 251.957687 -1628.714233
v 1709.616699 242.813690 -1628.714233
v 1709.616699 251.957687 -1628.714233
v 1709.616699 242.813690 -1701.866211
v 1709.616699 251.957687 -1701.866211
v 1531.308716 242.813690 -1701.866211
v 1531.308716 242.813690 -1628.714233
v 1531.308716 251.957687 -1628.714233
v 1531.308716 251.957687 -1701.866211
v 1353.000732 242.813690 -1701.866211
v 1353.000732 242.813690 -1628.714233
v 1353.000732 251.957687 -1628.714233
v 1353.000732 251.957687 -1701.866211
v 1334.712769 242.813690 -1628.714233
v 1334.712769 251.957687 -1628.714233
v 1334.712769 242.813690 -1701.866211
v 1334.712769 251.957687 -1701.866211
v 1513.020752 242.813690 -1180.658203
v 1513.020752 242.813690 -1253.810181
v 1513.020752 251.957687 -1253.810181
v 1513.020752 251.957687 -1180.658203
v 1691.328735 242.813690 -1180.658203
v 1691.328735 242.813690 -1253.810181
v 1691.328735 251.957687 -1253.810181
v 1691.328735 251.957687 -1180.658203
v 1709.616699 242.813690 -1180.658203
v 1709.616699 251.957687 -1180.658203
v 1709.616699 242.813690 -1253.810181
v 1709.616699 251.957687 -1253.810181
v 1531.308716 242.813690 -1253.810181
v 1531.308716 242.813690 -1180.658203
v 1531.308716 251.957687 -1180.658203
v 1531.308716 251.957687 -1253.810181
v 1353.000732 242.813690 -1253.810181
v 1353.000732 242.813690 -1180.658203
v 1353.000732 251.957687 -1180.658203
v 1353.000732 251.957687 -1253.810181
v 1334.712769 242.813690 -1180.658203
v 1334.712769 251.957687 -1180.658203
v 1334.712769 242.813690 -1253.810181
v 1334.712769 251.957687 -1253.810181
v 1558.740723 110.225708 -2255.078125
v 1558.740723 110.225708 -2236.790283
v 1558.740723 119.369713 -2236.790283
v 1558.740723 119.369713 -2255.078125
v 1686.756714 110.225708 -2145.350098
v 1705.044678 110.225708 -2145.350098
v 1705.044678 119.369713 -2145.350098
v 1686.756714 119.369713 -2145.350098
v 1686.756714 110.225708 -2072.198242
v 1686.756714 119.369713 -2072.198242
v 1705.044678 110.225708 -2072.198242
v 1705.044678 119.369713 -2072.198242
v 1485.588623 110.225708 -2236.790283
v 1485.588623 110.225708 -2255.078125
v 1485.588623 119.369713 -2255.078125
v 1485.588623 119.369713 -2236.790283
v 1339.284668 110.225708 -2145.350098
v 1357.572754 110.225708 -2145.350098
v 1357.572754 119.369713 -2145.350098
v 1339.284668 119.369713 -2145.350098
v 1357.572754 110.225708 -2072.198242
v 1357.572754 119.369713 -2072.198242
v 1339.284668 110.225708 -2072.198242
v 1339.284668 119.369713 -2072.198242
v 1339.284668 -177.810333 -1253.810181
v 1339.284668 -177.810333 -1262.954224
v 1339.284668 -173.238297 -1262.954224
v 1339.284668 -173.238297 -1253.810181
v 1705.044678 -177.810333 -1262.954224
v 1705.044678 -177.810333 -1253.810181
v 1705.044678 -173.238297 -1253.810181
v 1705.044678 -173.238297 -1262.954224
v 1595.316650 -177.810333 -1253.810181
v 1449.012695 -173.238297 -1253.810181
v 1595.316650 -173.238297 -1253.810181
v 1449.012695 -173.238297 -1262.954224
v 1595.316650 -173.238297 -1262.954224
v 1595.316650 -177.810333 -1262.954224
v 2143.956787 -255.534317 -298.262146
v 2217.108887 -255.534317 -298.262146
v 2217.108887 -246.390305 -298.262146
v 2143.956787 -246.390305 -298.262146
v 2217.108887 -255.534317 -590.870178
v 2143.956787 -255.534317 -590.870178
v 2143.956787 -246.390305 -590.870178
v 2217.108887 -246.390305 -590.870178
v 2143.956787 -255.534317 -609.158203
v 2143.956787 -246.390305 -609.158203
v 2217.108887 -255.534317 -609.158203
v 2217.108887 -246.390305 -609.158203
v 2217.108887 -255.534317 -279.974152
v 2217.108887 -246.390305 -279.974152
v 2143.956787 -255.534317 -279.974152
v 2143.956787 -246.390305 -279.974152
v 1796.484741 -218.958313 -1020.638245
v 1796.484741 -218.958313 -1093.790283
v 1796.484741 -209.814301 -1093.790283
v 1796.484741 -209.814301 -1020.638245
v 1814.772705 -218.958313 -1093.790283
v 1814.772705 -209.814301 -1093.790283
v 1814.772705 -218.958313 -1020.638245
v 1814.772705 -209.814301 -1020.638245
v 1247.844727 -218.958313 -1093.790283
v 1247.844727 -218.958313 -1020.638245
v 1247.844727 -209.814301 -1020.638245
v 1247.844727 -209.814301 -1093.790283
v 1229.556641 -218.958313 -1020.638245
v 1229.556641 -209.814301 -1020.638245
v 1229.556641 -218.958313 -1093.790283
v 1229.556641 -209.814301 -1093.790283
v 2912.052734 0.497696 725.865784
v 2838.900635 0.497696 725.865784
v 2838.900635 9.641697 725.865784
v 2912.052734 9.641697 725.865784
v 2912.052734 0.497696 707.577759
v 2912.052734 9.641697 707.577759
v 2838.900635 0.497696 707.577759
v 2838.900635 9.641697 707.577759
v 2912.052734 0.497696 762.441772
v 2912.052734 0.497696 780.729797
v 2912.052734 9.641697 780.729797
v 2912.052734 9.641697 762.441772
v 2838.900635 0.497696 780.729797
v 2838.900635 0.497696 762.441772
v 2838.900635 9.641697 762.441772
v 2838.900635 9.641697 780.729797
s 0
f 2542 2540 2543
f 2546 2544 2547
f 2553 2551 2552
f 2543 2550 2553
f 2552 2541 2542
f 2555 2549 2554
f 2554 2545 2546
f 2547 2548 2555
f 2560 2559 2561
f 2562 2557 2563
f 2561 2556 2562
f 2563 2558 2560
f 2568 2567 2569
f 2570 2565 2571
f 2569 2564 2570
f 2571 2566 2568
f 2569 2571 2568
f 2574 2572 2575
f 2578 2576 2579
f 2580 2582 2583
f 2584 2579 2576
f 2587 2585 2588
f 2575 2586 2587
f 2588 2573 2574
f 2588 2575 2587
f 2589 2577 2590
f 2591 2578 2580
f 2598 2593 2596
f 2597 2595 2599
f 2596 2594 2597
f 2599 2592 2598
f 2602 2600 2603
f 2606 2604 2607
f 2610 2608 2611
f 2607 2609 2610
f 2611 2607 2610
f 2611 2605 2606
f 2603 2612 2613
f 2615 2601 2602
f 2613 2614 2615
f 2602 2613 2615
f 2618 2616 2619
f 2622 2620 2623
f 2626 2624 2627
f 2623 2625 2626
f 2627 2623 2626
f 2627 2621 2622
f 2619 2628 2629
f 2631 2617 2618
f 2629 2630 2631
f 2618 2629 2631
f 2634 2632 2635
f 2638 2636 2639
f 2639 2640 2641
f 2643 2637 2638
f 2638 2641 2643
f 2641 2642 2643
f 2646 2644 2647
f 2647 2633 2634
f 2635 2645 2646
f 2634 2646 2647
f 2650 2648 2651
f 2653 2649 2650
f 2651 2654 2655
f 2655 2650 2651
f 2655 2652 2653
f 2658 2656 2659
f 2662 2660 2663
f 2663 2664 2665
f 2667 2661 2662
f 2662 2665 2667
f 2665 2666 2667
f 2670 2668 2671
f 2671 2657 2658
f 2659 2669 2670
f 2658 2670 2671
f 2674 2672 2675
f 2677 2673 2674
f 2675 2678 2679
f 2679 2674 2675
f 2679 2676 2677
f 2682 2680 2683
f 2686 2684 2687
f 2687 2688 2689
f 2691 2685 2686
f 2686 2689 2691
f 2689 2690 2691
f 2694 2692 2695
f 2695 2681 2682
f 2683 2693 2694
f 2682 2694 2695
f 2698 2696 2699
f 2701 2697 2698
f 2699 2702 2703
f 2703 2698 2699
f 2703 2700 2701
f 2706 2704 2707
f 2710 2708 2711
f 2711 2712 2713
f 2713 2714 2715
f 2711 2715 2710
f 2715 2709 2710
f 2718 2716 2719
f 2719 2705 2706
f 2707 2717 2718
f 2707 2719 2706
f 2722 2720 2723
f 2725 2721 2722
f 2727 2724 2725
f 2723 2726 2727
f 2723 2725 2722
f 2730 2728 2731
f 2734 2732 2735
f 2737 2728 2736
f 2738 2733 2734
f 2738 2735 2740
f 2739 2731 2737
f 2739 2741 2729
f 2735 2741 2740
f 2744 2742 2745
f 2748 2746 2749
f 2751 2747 2748
f 2749 2752 2753
f 2753 2748 2749
f 2753 2750 2751
f 2755 2743 2744
f 2745 2756 2757
f 2757 2754 2755
f 2744 2757 2755
f 2760 2758 2761
f 2763 2759 2760
f 2761 2764 2765
f 2765 2762 2763
f 2760 2765 2763
f 2768 2766 2769
f 2771 2767 2768
f 2769 2772 2773
f 2773 2768 2769
f 2773 2770 2771
f 2776 2774 2777
f 2777 2778 2779
f 2781 2775 2776
f 2779 2780 2781
f 2779 2776 2777
f 2784 2782 2785
f 2788 2786 2789
f 2785 2787 2788
f 2785 2789 2784
f 2789 2783 2784
f 2542 2541 2540
f 2546 2545 2544
f 2553 2550 2551
f 2543 2540 2550
f 2552 2551 2541
f 2555 2548 2549
f 2554 2549 2545
f 2547 2544 2548
f 2560 2558 2559
f 2562 2556 2557
f 2561 2559 2556
f 2563 2557 2558
f 2568 2566 2567
f 2570 2564 2565
f 2569 2567 2564
f 2571 2565 2566
f 2569 2570 2571
f 2574 2573 2572
f 2578 2577 2576
f 2580 2581 2582
f 2584 2581 2579
f 2587 2586 2585
f 2575 2572 2586
f 2588 2585 2573
f 2588 2574 2575
f 2589 2576 2577
f 2591 2577 2578
f 2598 2592 2593
f 2597 2594 2595
f 2596 2593 2594
f 2599 2595 2592
f 2602 2601 2600
f 2606 2605 2604
f 2610 2609 2608
f 2607 2604 2609
f 2611 2606 2607
f 2611 2608 2605
f 2603 2600 2612
f 2615 2614 2601
f 2613 2612 2614
f 2602 2603 2613
f 2618 2617 2616
f 2622 2621 2620
f 2626 2625 2624
f 2623 2620 2625
f 2627 2622 2623
f 2627 2624 2621
f 2619 2616 2628
f 2631 2630 2617
f 2629 2628 2630
f 2618 2619 2629
f 2634 2633 2632
f 2638 2637 2636
f 2639 2636 2640
f 2643 2642 2637
f 2638 2639 2641
f 2641 2640 2642
f 2646 2645 2644
f 2647 2644 2633
f 2635 2632 2645
f 2634 2635 2646
f 2650 2649 2648
f 2653 2652 2649
f 2651 2648 2654
f 2655 2653 2650
f 2655 2654 2652
f 2658 2657 2656
f 2662 2661 2660
f 2663 2660 2664
f 2667 2666 2661
f 2662 2663 2665
f 2665 2664 2666
f 2670 2669 2668
f 2671 2668 2657
f 2659 2656 2669
f 2658 2659 2670
f 2674 2673 2672
f 2677 2676 2673
f 2675 2672 2678
f 2679 2677 2674
f 2679 2678 2676
f 2682 2681 2680
f 2686 2685 2684
f 2687 2684 2688
f 2691 2690 2685
f 2686 2687 2689
f 2689 2688 2690
f 2694 2693 2692
f 2695 2692 2681
f 2683 2680 2693
f 2682 2683 2694
f 2698 2697 2696
f 2701 2700 2697
f 2699 2696 2702
f 2703 2701 2698
f 2703 2702 2700
f 2706 2705 2704
f 2710 2709 2708
f 2711 2708 2712
f 2713 2712 2714
f 2711 2713 2715
f 2715 2714 2709
f 2718 2717 2716
f 2719 2716 2705
f 2707 2704 2717
f 2707 2718 2719
f 2722 2721 2720
f 2725 2724 2721
f 2727 2726 2724
f 2723 2720 2726
f 2723 2727 2725
f 2730 2729 2728
f 2734 2733 2732
f 2736 2738 2737
f 2737 2731 2728
f 2738 2736 2733
f 2739 2737 2738
f 2738 2734 2735
f 2740 2739 2738
f 2739 2730 2731
f 2729 2730 2739
f 2739 2740 2741
f 2735 2732 2741
f 2744 2743 2742
f 2748 2747 2746
f 2751 2750 2747
f 2749 2746 2752
f 2753 2751 2748
f 2753 2752 2750
f 2755 2754 2743
f 2745 2742 2756
f 2757 2756 2754
f 2744 2745 2757
f 2760 2759 2758
f 2763 2762 2759
f 2761 2758 2764
f 2765 2764 2762
f 2760 2761 2765
f 2768 2767 2766
f 2771 2770 2767
f 2769 2766 2772
f 2773 2771 2768
f 2773 2772 2770
f 2776 2775 2774
f 2777 2774 2778
f 2781 2780 2775
f 2779 2778 2780
f 2779 2781 2776
f 2784 2783 2782
f 2788 2787 2786
f 2785 2782 2787
f 2785 2788 2789
f 2789 2786 2783
o de_nuke_world_geometry.009
v 1064.964722 9.641697 305.241852
v 1064.964722 9.641697 378.393860
v 1961.076782 9.641697 -1304.102173
v 1961.076782 9.641697 -1253.810181
v 1961.076782 9.641697 -1180.658203
v 1993.080566 9.641697 -1180.658203
v 2180.532715 9.641697 -1180.658203
v 2180.532715 9.641697 -1267.526245
v 2143.956787 9.641697 -1304.102173
v 1083.252808 9.641697 -1304.102173
v 1083.252808 9.641697 -1253.810181
v 1083.252808 9.641697 -1180.658203
v 1064.964722 9.641697 -1304.102173
v 1064.964722 9.641697 -1180.658203
v 2180.532715 9.641697 -1084.646240
v 2180.532715 9.641697 -828.614136
v 1993.080566 9.641697 -828.614136
v 2418.276611 119.106812 -426.278168
v 2418.276611 9.641697 -188.534210
v 2249.112793 119.369713 -517.718201
v 2308.548828 119.369713 -517.718201
v 1993.080566 119.369713 -517.718201
v 2308.548828 119.369713 -755.462158
v 2249.112793 119.369713 -755.462158
v 1993.080566 119.369713 -755.462158
v 2326.836670 119.369713 -755.462158
v 2326.836670 119.369713 -517.718201
v 1993.080566 119.369713 -462.854187
v 2249.112793 119.369713 -462.854187
v 2326.836670 119.369713 -462.854187
v 1993.080566 119.369713 -765.749207
v 2068.518555 119.369713 -765.749207
v 2070.804688 119.369713 -765.749207
v 2242.254639 119.369713 -765.749207
v 2244.540771 119.369713 -765.749207
v 2326.836670 119.369713 -765.749207
v 2326.836670 119.369713 -792.038147
v 2249.112793 119.369713 -792.038147
v 1993.080566 119.369713 -792.038147
v 2326.836670 119.369713 -763.463196
v 2244.540771 119.369713 -763.463196
v 2242.254639 119.369713 -763.463196
v 2070.804688 119.369713 -763.463196
v 2068.518555 119.369713 -763.463196
v 1993.080566 119.369713 -763.463196
v 2377.128662 9.641697 -188.534210
v 2249.112793 9.641697 -188.534210
v 1993.080566 9.641697 -188.534210
v 2249.112793 18.065607 -206.822205
v 2377.128662 18.065607 -206.822205
v 2399.988770 18.065607 -206.822205
v 1993.080566 18.065607 -206.822205
v 2363.412842 119.106812 -426.278168
v 2363.412842 26.478102 -225.110199
v 2399.988770 119.106812 -426.278168
v 2418.276611 18.065607 -206.822205
v 2249.112793 119.106812 -426.278168
v 1993.080566 119.106812 -426.278168
v 2249.112793 26.478102 -225.110199
v 1993.080566 26.478102 -225.110199
v 1083.252808 119.369713 -828.614136
v 1064.964722 119.369713 -828.614136
v 1961.076782 9.641697 -1121.222168
v 1961.076782 9.641697 -1084.646240
v 1961.076782 9.641697 -828.614136
v 1083.252808 9.641697 -1121.222168
v 1064.964722 9.641697 -1121.222168
v 1083.252808 27.929699 -1084.646240
v 1083.252808 119.369713 -901.766174
v 1064.964722 119.369713 -901.766174
v 1064.964722 119.369713 -866.333191
v 1064.964722 119.369713 -864.047180
v 1961.076782 9.641697 -188.534210
v 1961.076782 18.065607 -206.822205
v 1961.076782 119.369713 -755.462158
v 1961.076782 119.369713 -792.038147
v 1961.076782 119.369713 -462.854187
v 1961.076782 119.369713 -517.718201
v 1961.076782 26.478102 -225.110199
v 1961.076782 119.106812 -426.278168
v 1961.076782 338.825714 -572.582214
v 1961.076782 338.825714 -718.886169
v 1979.364624 119.369713 -755.462158
v 1979.364624 119.369713 -517.718201
v 1083.252808 119.369713 -353.126160
v 1083.252808 119.369713 -316.550171
v 1083.252808 119.369713 -279.974152
v 1083.252808 119.369713 -792.038147
v 1083.252808 119.369713 -645.734192
v 1083.252808 119.369713 -389.702179
v 1156.404785 338.825714 -371.414154
v 1156.404785 338.825714 -316.550171
v 1156.404785 338.825714 -60.518188
v 1229.556641 338.825714 -60.518188
v 1229.556641 338.825714 -243.398209
v 1229.556641 338.825714 -371.414154
v 1156.404785 338.825714 -755.462158
v 1156.404785 338.825714 -572.582214
v 1229.556641 338.825714 -499.430176
v 1229.556641 338.825714 -536.006165
v 1229.556641 338.825714 -755.462158
v 1814.772705 338.825714 -188.534210
v 1814.772705 338.825714 -60.518188
v 1887.924683 338.825714 -60.518188
v 1887.924683 338.825714 -188.534210
v 1887.924683 338.825714 -316.550171
v 1887.924683 338.825714 -536.006165
v 1887.924683 338.825714 -572.582214
v 1814.772705 338.825714 -572.582214
v 1814.772705 338.825714 -536.006165
v 1814.772705 338.825714 -499.430176
v 1814.772705 338.825714 -243.398209
v 1887.924683 338.825714 -718.886169
v 1814.772705 338.825714 -718.886169
v 1814.772705 338.825714 -755.462158
v 1887.924683 338.825714 -755.462158
v 1741.620728 363.209717 -755.462158
v 1485.588623 411.977722 -755.462158
v 1595.316650 411.977722 -755.462158
v 1449.012695 411.977722 -755.462158
v 1449.012695 411.977722 -499.430176
v 1449.012695 411.977722 -536.006165
v 1449.012695 411.977722 -243.398209
v 1449.012695 411.977722 -371.414154
v 1595.316650 411.977722 -536.006165
v 1595.316650 411.977722 -499.430176
v 1595.316650 411.977722 -371.414154
v 1595.316650 411.977722 -243.398209
v 1595.316650 411.977722 -60.518188
v 1449.012695 411.977722 -60.518188
v 1064.964722 119.369713 -279.974152
v 1064.964722 119.369713 -792.038147
v 1064.964722 119.369713 -700.598145
v 1064.964722 119.369713 -601.157166
v 1064.964722 119.369713 -598.871216
v 1064.964722 119.369713 -389.702179
v 1064.964722 119.369713 -353.126160
v 3497.268555 119.369713 835.593933
v 3497.268555 119.369713 853.881775
v 3149.796875 302.249695 780.729797
v 3168.084961 302.249695 780.729797
v 3168.084961 302.249695 1073.337769
v 3168.084961 302.249695 817.305786
v 3149.796875 302.249695 1055.049927
v 3149.796875 302.249695 1073.337769
v 3241.236816 119.369713 835.593933
v 3241.236816 119.369713 853.881775
v 3241.236816 119.369713 1073.337769
v 3241.236816 119.369713 890.457825
v 3460.692871 119.369713 1073.337769
v 3460.692871 119.369713 890.457825
v 3460.692871 119.369713 853.881775
v 3149.796875 302.249695 1512.249878
v 3168.084961 302.249695 1512.249878
v 3168.084961 302.249695 1457.385742
v 3149.796875 302.249695 1457.385742
v 3168.084961 302.249695 1256.217896
v 3149.796875 302.249695 1439.097900
v 3241.236816 119.369713 1329.369873
v 3241.236816 119.369713 1193.352905
v 3241.236816 119.369713 1191.066895
v 3460.692871 119.369713 1329.369873
v 3460.692871 119.369713 1191.066895
v 3460.692871 119.369713 1193.352905
v 3348.678711 119.369713 1193.352905
v 3348.678711 119.369713 1191.066895
v 3350.964600 119.369713 1193.352905
v 3350.964600 119.369713 1191.066895
v 2509.716797 119.369713 890.457825
v 2509.716797 119.369713 1055.049927
v 2656.020752 229.097702 853.881775
v 2656.020752 229.097702 780.729797
v 2656.020752 229.097702 1055.049927
v 2656.020752 229.097702 1000.185791
v 2582.868896 229.097702 853.881775
v 2582.868896 229.097702 1055.049927
v 2912.052734 302.249695 780.729797
v 2875.476807 302.249695 780.729797
v 2875.476807 302.249695 1055.049927
v 2875.476807 302.249695 1000.185791
v 2290.260742 9.641697 927.033813
v 2290.260742 9.641697 890.457825
v 2290.260742 9.641697 1055.049927
v 1814.772705 338.825714 323.529846
v 1814.772705 338.825714 341.817871
v 1814.772705 338.825714 561.273865
v 1851.348755 338.825714 561.273865
v 1887.924683 338.825714 561.273865
v 1887.924683 338.825714 323.529846
v 1814.772705 338.825714 49.209824
v 1814.772705 338.825714 85.785828
v 1887.924683 338.825714 305.241852
v 1887.924683 338.825714 49.209824
v 1156.404785 338.825714 323.529846
v 1156.404785 338.825714 561.273865
v 1192.980713 338.825714 561.273865
v 1229.556641 338.825714 561.273865
v 1229.556641 338.825714 341.817871
v 1229.556641 338.825714 323.529846
v 1156.404785 338.825714 49.209824
v 1156.404785 338.825714 305.241852
v 1229.556641 338.825714 85.785828
v 1229.556641 338.825714 49.209824
v 1741.620728 363.209717 561.273865
v 1595.316650 411.977722 561.273865
v 1485.588623 411.977722 561.273865
v 1449.012695 411.977722 561.273865
v 1595.316650 411.977722 49.209824
v 1595.316650 411.977722 85.785828
v 1595.316650 411.977722 323.529846
v 1595.316650 411.977722 341.817871
v 1449.012695 411.977722 85.785828
v 1449.012695 411.977722 49.209824
v 1449.012695 411.977722 341.817871
v 1449.012695 411.977722 323.529846
v 1796.484741 9.641697 945.321899
v 1705.044678 9.641697 945.321899
v 1577.028809 9.641697 945.321899
v 1320.996826 9.641697 945.321899
v 1631.892700 119.369713 634.425781
v 1741.620728 119.369713 634.425781
v 1375.860718 119.369713 634.425781
v 1320.996826 119.369713 634.425781
v 1339.284668 119.369713 634.425781
v 1796.484741 119.369713 634.425781
v 1778.196777 119.369713 634.425781
v 1796.484741 16.099655 927.033813
v 1778.196777 16.099655 927.033813
v 1705.044678 16.099655 927.033813
v 1595.316650 16.099655 927.033813
v 1339.284668 16.099655 927.033813
v 1320.996826 16.099655 927.033813
v 1375.860718 29.004128 890.457825
v 1631.892700 29.004128 890.457825
v 1741.620728 29.004128 890.457825
v 1083.252808 9.641697 232.089844
v 1083.252808 9.641697 305.241852
v 1083.252808 9.641697 378.393860
v 1083.252808 9.641697 451.545868
v 1083.252808 119.369713 232.089844
v 1083.252808 119.369713 250.377838
v 1083.252808 119.369713 85.785828
v 1083.252808 119.369713 195.513840
v 1064.964722 119.369713 195.513840
v 1064.964722 119.369713 85.785828
v 1064.964722 119.369713 232.089844
v 1064.964722 9.641697 232.089844
v 1064.964722 119.369713 250.377838
v 1064.964722 9.641697 451.545868
v 2509.716797 119.369713 1256.217896
v 2656.020752 229.097702 1512.249878
v 2656.020752 229.097702 1439.097900
v 2582.868896 229.097702 1439.097900
v 2582.868896 229.097702 1512.249878
v 2656.020752 229.097702 1292.793823
v 2582.868896 229.097702 1256.217896
v 2912.052734 302.249695 1512.249878
v 2875.476807 302.249695 1512.249878
v 2875.476807 302.249695 1292.793823
v 2875.476807 302.249695 1439.097900
v 2290.260742 9.641697 1256.217896
v 2290.260742 9.641697 1219.641846
v 900.372681 9.641697 -1304.102173
v 863.796692 119.369713 -828.614136
v 443.172668 119.369713 -828.614136
v 461.460693 119.369713 -828.614136
v 863.796692 9.641697 -1121.222168
v 863.796692 9.641697 -1267.526245
v 863.796692 27.929699 -1084.646240
v 863.796692 119.369713 -864.047180
v 863.796692 119.369713 -866.333191
v 863.796692 119.369713 -901.766174
v 971.238708 119.369713 -866.333191
v 973.524658 119.369713 -866.333191
v 973.524658 119.369713 -864.047180
v 971.238708 119.369713 -864.047180
v 443.172668 119.369713 -700.598145
v 754.068665 119.369713 -792.038147
v 754.068665 119.369713 -700.598145
v 790.644653 119.369713 -792.038147
v 790.644653 119.369713 -700.598145
v 498.036652 119.369713 -700.598145
v 498.036652 119.369713 -792.038147
v 680.916626 119.369713 -700.598145
v 461.460693 119.369713 -700.598145
v 498.036652 119.369713 -78.806190
v 498.036652 119.369713 -233.111176
v 498.036652 119.369713 -235.397186
v 498.036652 119.369713 -353.126160
v 498.036652 119.369713 -645.734192
v 498.036652 119.369713 -389.702179
v 498.036652 119.369713 -608.015198
v 498.036652 119.369713 -610.301147
v 955.236694 119.369713 -279.974152
v 699.204651 119.369713 -279.974152
v 680.916626 119.369713 -279.974152
v 680.916626 119.369713 -235.397186
v 680.916626 119.369713 -233.111176
v 680.916626 119.369713 -78.806190
v 790.644653 119.369713 -598.871216
v 971.238708 119.369713 -598.871216
v 971.238708 119.369713 -601.157166
v 790.644653 119.369713 -601.157166
v 973.524658 119.369713 -598.871216
v 973.524658 119.369713 -601.157166
v 790.644653 119.369713 -389.702179
v 1010.100708 119.369713 -353.126160
v 754.068665 119.369713 -353.126160
v 680.916626 119.369713 -353.126160
v 680.916626 119.369713 -610.301147
v 680.916626 119.369713 -608.015198
v 680.916626 119.369713 -389.702179
v 754.068665 119.369713 -389.702179
v 754.068665 119.369713 -645.734192
v 790.644653 119.369713 -645.734192
v 632.910645 119.369713 -610.301147
v 635.196655 119.369713 -610.301147
v 632.910645 119.369713 -235.397186
v 635.196655 119.369713 -235.397186
v 635.196655 119.369713 -608.015198
v 632.910645 119.369713 -608.015198
v 635.196655 119.369713 -233.111176
v 632.910645 119.369713 -233.111176
v 443.172668 119.369713 -243.398209
v 461.460693 119.369713 -243.398209
v 461.460693 119.369713 -316.550171
v 443.172668 119.369713 -316.550171
v 461.460693 119.369713 -499.430176
v 443.172668 119.369713 -499.430176
v 388.308685 95.856102 -206.822205
v 443.172668 119.369713 -206.822205
v 461.460693 119.369713 -206.822205
v 443.172668 119.369713 -78.806190
v 461.460693 119.369713 -78.806190
v 388.308685 95.856102 -78.806190
v 205.428680 17.482674 -243.398209
v 187.140686 9.641697 -243.398209
v 187.140686 9.641697 -78.806190
v 242.004684 33.153214 -78.806190
v 242.004684 33.153214 -206.822205
v 205.428680 17.482674 -78.806190
v 205.428680 17.482674 -23.942184
v 205.428680 17.482674 232.089844
v 443.172668 9.641697 469.833862
v 461.460693 9.641697 469.833862
v 461.460693 9.641697 451.545868
v 461.460693 9.641697 232.089844
v 443.172668 9.641697 232.089844
v 900.372681 9.641697 378.393860
v 900.372681 9.641697 305.241852
v 516.324646 9.641697 378.393860
v 882.084656 9.641697 378.393860
v 882.084656 9.641697 305.241852
v 516.324646 9.641697 305.241852
v 882.084656 9.641697 451.545868
v 1010.100708 9.641697 451.545868
v 498.036652 9.641697 451.545868
v 754.068665 9.641697 451.545868
v 498.036652 9.641697 378.393860
v 936.948669 9.641697 232.089844
v 882.084656 9.641697 232.089844
v 827.220642 9.641697 232.089844
v 754.068665 9.641697 232.089844
v 498.036652 9.641697 232.089844
v 498.036652 9.641697 305.241852
v 973.524658 119.369713 232.089844
v 827.220642 119.369713 232.089844
v 827.220642 119.369713 250.377838
v 955.236694 119.369713 250.377838
v 717.492676 119.369713 232.089844
v 461.460693 119.369713 232.089844
v 443.172668 119.369713 232.089844
v 443.172668 119.369713 250.377838
v 699.204651 119.369713 250.377838
v 955.236694 119.369713 85.785828
v 699.204651 119.369713 85.785828
v 680.916626 119.369713 85.785828
v 680.916626 119.369713 195.513840
v 717.492676 119.369713 195.513840
v 973.524658 119.369713 195.513840
v 443.172668 119.369713 -23.942184
v 461.460693 119.369713 -23.942184
v 680.916626 119.369713 -23.942184
v 498.036652 119.369713 -23.942184
v 632.910645 119.369713 38.922844
v 635.196655 119.369713 38.922844
v 680.916626 119.369713 38.922844
v 443.172668 119.369713 38.922844
v 461.460693 119.369713 195.513840
v 680.916626 119.369713 41.208801
v 635.196655 119.369713 41.208801
v 632.910645 119.369713 41.208801
v 443.172668 119.369713 41.208801
v 443.172668 119.369713 195.513840
v 242.004684 33.153214 195.513840
v 205.428680 17.479412 250.377838
v 187.140686 9.641697 250.377838
v 187.140686 9.641697 -5.654182
v 187.140686 9.641697 232.089844
s 0
f 2797 2795 2793
f 2802 2800 2801
f 2796 2804 2806
f 2818 2809 2810
f 2827 2823 2822
f 2831 2830 2812
f 2823 2832 2822
f 2825 2830 2824
f 2821 2834 2820
f 2807 2840 2844
f 2846 2843 2848
f 2840 2808 2835
f 2838 2835 2836
f 2806 2853 2852
f 2801 2856 2803
f 2855 2857 2859
f 2858 2851 2861
f 2872 2865 2820
f 2866 2873 2811
f 2837 2863 2841
f 2849 2869 2847
f 2884 2882 2881
f 2888 2887 2886
f 2893 2891 2894
f 2900 2899 2896
f 2897 2903 2902
f 2902 2904 2905
f 2903 2899 2908
f 2918 2901 2891
f 2917 2919 2912
f 2915 2910 2907
f 2911 2890 2909
f 2883 2912 2919
f 2923 2922 2878
f 2874 2875 2920
f 2933 2930 2932
f 2939 2938 2940
f 2941 2935 2927
f 2944 2942 2945
f 2947 2931 2946
f 2954 2950 2955
f 2952 2956 2957
f 2951 2949 2954
f 2957 2955 2937
f 2964 2963 2962
f 2933 2969 2966
f 2969 2960 2961
f 2959 2970 2971
f 2976 2974 2973
f 2981 2980 2979
f 2987 2985 2983
f 2991 2990 2989
f 2979 2918 2892
f 2993 3000 2974
f 3000 2995 3003
f 2998 3001 3002
f 3002 2883 2919
f 2986 3003 2996
f 3017 3005 3006
f 3007 3020 3019
f 3017 3014 3016
f 3023 3011 3009
f 3021 3013 3020
f 3033 3031 3032
f 3035 3030 3037
f 2790 3025 3026
f 3027 3038 2791
f 3042 3040 3043
f 3045 2962 3044
f 2945 3046 3049
f 2934 3049 3048
f 3041 3048 3049
f 3039 3051 2972
f 2803 3056 3057
f 2859 3058 3056
f 3062 3061 2859
f 3064 2851 3053
f 2860 3064 3063
f 3062 3059 3060
f 3069 2922 3070
f 3068 3073 3072
f 3054 3074 3066
f 3091 3089 3092
f 2923 3093 3094
f 3093 2925 3095
f 3083 3084 3097
f 3103 3100 3099
f 2922 3091 3104
f 3079 3073 3106
f 3078 3085 3108
f 3110 3109 3101
f 3106 3100 3109
f 3081 3105 3110
f 3112 3111 3088
f 3108 3087 3111
f 3076 3107 3112
f 3115 3113 3116
f 3118 3074 3117
f 3123 3120 3121
f 3120 3124 3119
f 3124 3129 3119
f 3127 3125 3130
f 3136 3135 3133
f 2790 3138 3139
f 3142 3138 3141
f 3138 3038 3145
f 3140 3144 3147
f 3139 3150 3149
f 3143 3152 3151
f 3158 3156 3155
f 3163 3160 3159
f 3168 3165 3164
f 3171 3122 3123
f 3075 3172 3173
f 3171 3173 3175
f 3180 3166 3178
f 3175 3179 3180
f 3182 3174 3181
f 3182 3184 3124
f 3132 3162 3185
f 3185 3188 3132
f 3131 3188 3187
f 2792 2798 2797
f 2797 2796 2795
f 2795 2794 2793
f 2793 2792 2797
f 2801 2803 2802
f 2802 2799 2800
f 2806 2795 2796
f 2804 2805 2806
f 2816 2819 2818
f 2818 2817 2811
f 2818 2811 2809
f 2810 2816 2818
f 2820 2828 2827
f 2827 2826 2825
f 2827 2825 2824
f 2821 2820 2827
f 2822 2821 2827
f 2827 2824 2823
f 2814 2834 2833
f 2814 2833 2832
f 2813 2814 2832
f 2813 2832 2831
f 2829 2815 2812
f 2812 2813 2831
f 2830 2829 2812
f 2823 2831 2832
f 2825 2829 2830
f 2821 2833 2834
f 2807 2845 2840
f 2849 2847 2846
f 2846 2842 2843
f 2848 2849 2846
f 2835 2839 2840
f 2840 2845 2808
f 2837 2841 2838
f 2838 2839 2835
f 2836 2837 2838
f 2794 2795 2806
f 2806 2854 2853
f 2852 2794 2806
f 2801 2855 2856
f 2859 2856 2855
f 2857 2858 2859
f 2860 2859 2858
f 2858 2850 2851
f 2861 2860 2858
f 2834 2814 2872
f 2872 2864 2865
f 2865 2828 2820
f 2820 2834 2872
f 2811 2817 2866
f 2866 2867 2873
f 2837 2862 2863
f 2849 2868 2869
f 2880 2885 2884
f 2884 2883 2882
f 2881 2880 2884
f 2886 2890 2889
f 2888 2885 2880
f 2886 2889 2888
f 2888 2880 2887
f 2893 2892 2891
f 2895 2894 2891
f 2895 2891 2901
f 2898 2897 2896
f 2896 2895 2901
f 2896 2901 2900
f 2899 2898 2896
f 2902 2871 2870
f 2897 2898 2903
f 2902 2870 2897
f 2902 2903 2904
f 2906 2904 2903
f 2903 2898 2899
f 2899 2914 2908
f 2908 2906 2903
f 2891 2892 2918
f 2918 2917 2901
f 2913 2916 2917
f 2917 2918 2919
f 2912 2913 2917
f 2907 2908 2914
f 2915 2916 2913
f 2907 2914 2915
f 2911 2909 2907
f 2915 2913 2910
f 2910 2911 2907
f 2911 2889 2890
f 2883 2884 2912
f 2878 2879 2925
f 2878 2925 2924
f 2921 2877 2878
f 2922 2921 2878
f 2878 2924 2923
f 2920 2926 2874
f 2875 2876 2920
f 2931 2934 2933
f 2933 2929 2930
f 2932 2931 2933
f 2939 2937 2938
f 2927 2928 2941
f 2941 2936 2935
f 2944 2943 2942
f 2944 2945 2947
f 2947 2934 2931
f 2946 2944 2947
f 2954 2949 2950
f 2952 2953 2956
f 2956 2953 2951
f 2951 2948 2949
f 2954 2956 2951
f 2937 2939 2952
f 2937 2952 2957
f 2955 2950 2937
f 2962 2965 2964
f 2964 2960 2963
f 2966 2929 2933
f 2933 2968 2969
f 2969 2967 2966
f 2961 2967 2969
f 2969 2963 2960
f 2971 2958 2959
f 2959 2972 2970
f 2973 2978 2977
f 2976 2975 2974
f 2973 2977 2976
f 2892 2893 2982
f 2981 2978 2973
f 2892 2982 2981
f 2979 2892 2981
f 2981 2973 2980
f 2983 2988 2987
f 2987 2986 2985
f 2985 2984 2983
f 2882 2883 2992
f 2991 2988 2983
f 2882 2992 2991
f 2989 2882 2991
f 2991 2983 2990
f 2979 2997 2918
f 2974 2975 2993
f 2993 2994 3000
f 3004 2999 3000
f 3000 2994 2995
f 2995 2996 3003
f 3003 3004 3000
f 2919 2918 2997
f 2998 2999 3004
f 2919 2997 2998
f 3002 2919 2998
f 2998 3004 3001
f 3002 2992 2883
f 2986 2987 3003
f 3006 3018 3017
f 3017 3016 3005
f 3019 3018 3006
f 3007 3008 3021
f 3019 3006 3007
f 3007 3021 3020
f 3017 3015 3014
f 3010 3024 3023
f 3023 3022 3011
f 3009 3010 3023
f 3021 3012 3013
f 3033 3034 3031
f 3035 3029 3030
f 2790 3036 3025
f 3027 3028 3038
f 3042 3041 3040
f 3041 3042 3045
f 3045 2965 2962
f 3044 3041 3045
f 3049 2947 2945
f 2945 2942 3046
f 3046 3047 3049
f 2968 2933 2934
f 2934 2947 3049
f 3048 2968 2934
f 3049 3047 3040
f 3041 3044 3048
f 3049 3040 3041
f 2972 2959 3039
f 3039 3050 3051
f 3057 3052 2802
f 2803 2856 3056
f 3057 2802 2803
f 3056 2856 2859
f 2859 3061 3058
f 2859 2860 3063
f 3062 3060 3061
f 2859 3063 3062
f 3053 3059 3065
f 3064 2861 2851
f 3053 3065 3064
f 2860 2861 3064
f 3062 3065 3059
f 3069 2921 2922
f 3072 3067 3068
f 3073 3071 3072
f 3054 3055 3074
f 3091 3090 3089
f 2923 2924 3093
f 3095 3089 3090
f 3093 2924 2925
f 3095 3090 3093
f 3096 2926 2920
f 3096 2920 3083
f 3085 3098 3097
f 3097 3096 3083
f 3084 3085 3097
f 3073 3068 3103
f 3103 3102 3101
f 3103 3101 3100
f 3099 3073 3103
f 3104 3070 2922
f 2922 2923 3094
f 3091 3092 3104
f 2922 3094 3091
f 3105 3082 3079
f 3079 3071 3073
f 3073 3099 3106
f 3106 3105 3079
f 3107 3077 3078
f 3078 3098 3085
f 3085 3086 3108
f 3108 3107 3078
f 3101 3080 3081
f 3101 3081 3110
f 3109 3100 3101
f 3106 3099 3100
f 3081 3082 3105
f 3088 3075 3076
f 3088 3076 3112
f 3111 3087 3088
f 3108 3086 3087
f 3076 3077 3107
f 3115 3114 3113
f 3115 3116 3118
f 3118 3066 3074
f 3117 3115 3118
f 3123 3122 3120
f 3120 3122 3124
f 3124 3128 3129
f 3127 3126 3125
f 3133 3137 3136
f 3135 3134 3133
f 2790 2791 3138
f 3140 3143 3142
f 3142 3139 3138
f 3141 3140 3142
f 3144 3141 3138
f 3138 2791 3038
f 3145 3144 3138
f 3146 3148 3140
f 3140 3141 3144
f 3147 3146 3140
f 3036 2790 3139
f 3139 3142 3150
f 3149 3036 3139
f 3150 3142 3143
f 3143 3154 3153
f 3143 3153 3152
f 3151 3150 3143
f 3035 3037 3158
f 3158 3157 3156
f 3155 3035 3158
f 3156 3157 3163
f 3163 3162 3161
f 3163 3161 3160
f 3159 3156 3163
f 3034 3033 3169
f 3168 3167 3166
f 3034 3169 3168
f 3164 3034 3168
f 3168 3166 3165
f 3171 3170 3122
f 3075 3088 3172
f 3174 3177 3170
f 3174 3170 3171
f 3172 3176 3175
f 3175 3174 3171
f 3173 3172 3175
f 3178 3183 3182
f 3178 3182 3181
f 3166 3167 3178
f 3180 3179 3166
f 3178 3181 3180
f 3175 3176 3179
f 3182 3177 3174
f 3124 3122 3170
f 3124 3170 3177
f 3184 3128 3124
f 3182 3183 3184
f 3124 3177 3182
f 3132 3161 3162
f 3185 3186 3188
f 3127 3130 3131
f 3131 3132 3188
f 3187 3127 3131
o de_nuke_world_geometry.010
v 1961.076782 9.641697 -1304.102173
v 2180.532715 9.641697 -1180.658203
v 2180.532715 9.641697 -1267.526245
v 2143.956787 9.641697 -1304.102173
v 2180.532715 0.497696 -1180.658203
v 2180.532715 -136.662292 -1180.658203
v 2180.532715 -136.662292 -1267.526245
v 1961.076782 -136.662292 -1304.102173
v 2143.956787 -136.662292 -1304.102173
v 1961.076782 0.497696 -1304.102173
v 1705.044678 9.641697 -1999.046143
v 1339.284668 9.641697 -1999.046143
v 1339.284668 0.497696 -1999.046143
v 1339.284668 9.641697 -2200.214111
v 1339.284668 0.497696 -2200.214111
v 1705.044678 0.497696 -1999.046143
v 1705.044678 0.497696 -2200.214111
v 1705.044678 9.641697 -2200.214111
v 1650.180786 9.641697 -2255.078125
v 1394.148804 9.641697 -2255.078125
v 1394.148804 0.497696 -2255.078125
v 1650.180786 0.497696 -2255.078125
v 1119.828735 9.641697 -1340.678223
v 1119.828735 0.497696 -1340.678223
v 1119.828735 0.497696 -1304.102173
v 1119.828735 9.641697 -1304.102173
v 1119.828735 9.641697 -1962.470215
v 1119.828735 9.641697 -1852.742188
v 1119.828735 9.641697 -1692.722168
v 1119.828735 9.641697 -1596.710083
v 1119.828735 9.641697 -1436.690186
v 1119.828735 0.497696 -1962.470215
v 1119.828735 0.497696 -1852.742188
v 1119.828735 0.497696 -1596.710083
v 1924.500732 9.641697 -1692.722168
v 1924.500732 9.641697 -1852.742188
v 1924.500732 9.641697 -1962.470215
v 1924.500732 9.641697 -1436.690186
v 1924.500732 9.641697 -1596.710083
v 1924.500732 9.641697 -1304.102173
v 1924.500732 9.641697 -1340.678223
v 1924.500732 0.497696 -1852.742188
v 1924.500732 0.497696 -1962.470215
v 1924.500732 0.497696 -1596.710083
v 1924.500732 0.497696 -1340.678223
v 1924.500732 0.497696 -1304.102173
v 1887.924683 9.641697 -1962.470215
v 1705.044678 9.641697 -1962.470215
v 1339.284668 9.641697 -1962.470215
v 1339.284668 0.497696 -1962.470215
v 1705.044678 0.497696 -1962.470215
v 1083.252808 9.641697 -1304.102173
v 1064.964722 9.641697 -1304.102173
v 1064.964722 0.497696 -1304.102173
v 1119.828735 -136.662292 -1340.678223
v 1119.828735 -136.662292 -1304.102173
v 1119.828735 -136.662292 -1962.470215
v 1119.828735 -136.662292 -1852.742188
v 1119.828735 -136.662292 -1743.014160
v 1119.828735 -136.662292 -1596.710083
v 1119.828735 -136.662292 -1486.982178
v 1119.828735 -136.662292 -1468.694214
v 1119.828735 -136.662292 -1395.542236
v 1705.044678 -136.662292 -2200.214111
v 1595.316650 -136.662292 -2255.078125
v 1650.180786 -136.662292 -2255.078125
v 1339.284668 -136.662292 -2200.214111
v 1394.148804 -136.662292 -2255.078125
v 1924.500732 -136.662292 -1304.102173
v 1924.500732 -136.662292 -1486.982178
v 1924.500732 -136.662292 -1340.678223
v 1339.284668 -136.662292 -1962.470215
v 1924.500732 -136.662292 -1962.470215
v 1705.044678 -136.662292 -1962.470215
v 1705.044678 -136.662292 -1999.046143
v 1339.284668 -136.662292 -1999.046143
v 1924.500732 -136.662292 -1852.742188
v 1924.500732 -136.662292 -1596.710083
v 1924.500732 -136.662292 -1743.014160
v 1064.964722 -136.662292 -1304.102173
v 2180.532715 0.497696 -1084.646240
v 2180.532715 9.641697 -1084.646240
v 2180.532715 9.641697 -828.614136
v 2180.532715 0.497696 -828.614136
v 2249.112793 18.065607 -206.822205
v 2377.128662 18.065607 -206.822205
v 2399.988770 18.065607 -206.822205
v 2399.988770 0.497696 -206.822205
v 2249.112793 0.497696 -206.822205
v 1993.080566 0.497696 -206.822205
v 1993.080566 18.065607 -206.822205
v 2363.412842 9.641697 -225.110199
v 2363.412842 0.497696 -225.110199
v 2363.412842 0.497696 -426.278168
v 2363.412842 9.641697 -426.278168
v 2363.412842 0.497696 -499.430176
v 2363.412842 9.641697 -499.430176
v 2363.412842 9.641697 -462.854187
v 2363.412842 0.497696 -462.854187
v 2363.412842 9.641697 -718.886169
v 2363.412842 9.641697 -609.158203
v 2363.412842 0.497696 -609.158203
v 2363.412842 0.497696 -792.038147
v 2363.412842 9.641697 -792.038147
v 2363.412842 26.478102 -225.110199
v 2399.988770 9.641697 -499.430176
v 2399.988770 0.497696 -499.430176
v 2180.532715 0.497696 -462.854187
v 2180.532715 9.641697 -462.854187
v 1993.080566 9.641697 -462.854187
v 1993.080566 0.497696 -462.854187
v 2326.836670 9.641697 -462.854187
v 2326.836670 0.497696 -462.854187
v 2180.532715 9.641697 -792.038147
v 2249.112793 9.641697 -792.038147
v 2180.532715 0.497696 -792.038147
v 2326.836670 9.641697 -426.278168
v 2326.836670 0.497696 -426.278168
v 2249.112793 26.478102 -225.110199
v 2249.112793 0.497696 -225.110199
v 1993.080566 26.478102 -225.110199
v 1993.080566 0.497696 -225.110199
v 2180.532715 -136.662292 -1084.646240
v 2180.532715 -136.662292 -1121.222168
v 2180.532715 -136.662292 -828.614136
v 2399.988770 -136.662292 -206.822205
v 2399.988770 -136.662292 -499.430176
v 2249.112793 -136.662292 -206.822205
v 1993.080566 -136.662292 -206.822205
v 2180.532715 -136.662292 -462.854187
v 2326.836670 -136.662292 -462.854187
v 2326.836670 -136.662292 -426.278168
v 2363.412842 -136.662292 -499.430176
v 2363.412842 -136.662292 -462.854187
v 1993.080566 -136.662292 -462.854187
v 2363.412842 -136.662292 -609.158203
v 2180.532715 -136.662292 -792.038147
v 2363.412842 -136.662292 -792.038147
v 2363.412842 -136.662292 -426.278168
v 2363.412842 -136.662292 -225.110199
v 2249.112793 -136.662292 -225.110199
v 1993.080566 -136.662292 -225.110199
v 2399.988770 -81.798317 -206.822205
v 2399.988770 -26.934307 -206.822205
v 1993.080566 -8.646305 -462.854187
v 2249.112793 -26.934307 -225.110199
v 2363.412842 -26.934307 -225.110199
v 1993.080566 -8.646305 -225.110199
v 1993.080566 -26.934307 -225.110199
v 2134.812744 -26.934307 -225.110199
v 2363.412842 -81.798317 -225.110199
v 2249.112793 -81.798317 -225.110199
v 2134.812744 -81.798317 -225.110199
v 1993.080566 -81.798317 -225.110199
v 2249.112793 -26.934307 -206.822205
v 2134.812744 -26.934307 -206.822205
v 1993.080566 -26.934307 -206.822205
v 1993.080566 -8.646305 -206.822205
v 2249.112793 -81.798317 -206.822205
v 1993.080566 -81.798317 -206.822205
v 2134.812744 -81.798317 -206.822205
v 2134.812744 -81.798317 -211.394180
v 2134.812744 -26.934307 -211.394180
v 2134.812744 -81.798317 -215.966202
v 2134.812744 -26.934307 -215.966202
v 1993.080566 -81.798317 -211.394180
v 2130.240723 -81.798317 -211.394180
v 2130.240723 -81.798317 -215.966202
v 1993.080566 -81.798317 -215.966202
v 2130.240723 -26.934307 -211.394180
v 1993.080566 -26.934307 -211.394180
v 1993.080566 -26.934307 -215.966202
v 2130.240723 -26.934307 -215.966202
v 1993.080566 -538.998291 -78.806190
v 2180.532715 -538.998291 -78.806190
v 2454.853027 -392.694305 -78.806190
v 2329.648682 -392.694305 -78.806190
v 2328.242676 -392.694305 -78.806190
v 2073.616211 -392.694305 -78.806190
v 2180.532715 -529.854370 -78.806190
v 2198.820557 -529.854370 -78.806190
v 2454.853027 -401.838318 -78.806190
v 2454.853027 -397.266296 -78.806190
v 2072.210449 -397.266296 -78.806190
v 1993.080566 -397.266296 -78.806190
v 2436.564697 -397.266296 -78.806190
v 2328.242676 -397.266296 -78.806190
v 2249.112793 -397.266296 -78.806190
v 2436.564697 -410.982300 -78.806190
v 2436.564697 -406.410278 -78.806190
v 2436.564697 -401.838318 -78.806190
v 2418.276611 -410.982300 -78.806190
v 2418.276611 -406.410278 -78.806190
v 2381.700928 -429.270325 -78.806190
v 2381.700928 -406.410278 -78.806190
v 2399.988770 -406.410278 -78.806190
v 2399.988770 -420.126312 -78.806190
v 2399.988770 -429.270325 -78.806190
v 2345.124756 -447.558319 -78.806190
v 2345.124756 -406.410278 -78.806190
v 2363.412842 -406.410278 -78.806190
v 2363.412842 -438.414307 -78.806190
v 2363.412842 -447.558319 -78.806190
v 2308.548828 -465.846313 -78.806190
v 2308.548828 -406.410278 -78.806190
v 2326.836670 -406.410278 -78.806190
v 2326.836670 -456.702332 -78.806190
v 2326.836670 -465.846313 -78.806190
v 2271.972656 -484.134277 -78.806190
v 2271.972656 -406.410278 -78.806190
v 2290.260742 -406.410278 -78.806190
v 2290.260742 -474.990326 -78.806190
v 2290.260742 -484.134277 -78.806190
v 2235.396973 -502.422302 -78.806190
v 2235.396973 -406.410278 -78.806190
v 2249.112793 -406.410278 -78.806190
v 2253.684814 -406.410278 -78.806190
v 2253.684814 -493.278351 -78.806190
v 2253.684814 -502.422302 -78.806190
v 2198.820557 -520.710327 -78.806190
v 2198.820557 -406.410278 -78.806190
v 2217.108887 -406.410278 -78.806190
v 2217.108887 -511.566345 -78.806190
v 2217.108887 -520.710327 -78.806190
v 1993.080566 -529.854370 -78.806190
v 1993.080566 -406.410278 -78.806190
v 2235.396973 -511.566345 -78.806190
v 2271.972656 -493.278351 -78.806190
v 2308.548828 -474.990326 -78.806190
v 2345.124756 -456.702332 -78.806190
v 2381.700928 -438.414307 -78.806190
v 2418.276611 -420.126312 -78.806190
v 1083.252808 9.641697 -828.614136
v 1887.924683 9.641697 -828.614136
v 1924.500732 9.641697 -828.614136
v 1119.828735 9.641697 -828.614136
v 1156.404785 9.641697 -828.614136
v 1119.828735 -8.646305 -828.614136
v 1156.404785 -8.646305 -828.614136
v 1668.468750 9.641697 -828.614136
v 1412.436646 9.641697 -828.614136
v 1631.892700 9.641697 -828.614136
v 1887.924683 -8.646305 -828.614136
v 1924.500732 -8.646305 -828.614136
v 1631.892700 -8.646305 -828.614136
v 1412.436646 -8.646305 -828.614136
v 1924.500732 -8.646305 -1084.646240
v 1924.500732 -8.646305 -1121.222168
v 1924.500732 9.641697 -1121.222168
v 1924.500732 9.641697 -1084.646240
v 1961.076782 9.641697 -1121.222168
v 1961.076782 -8.646305 -1121.222168
v 1961.076782 -8.646305 -1084.646240
v 1961.076782 9.641697 -1084.646240
v 1961.076782 -8.646305 -828.614136
v 1961.076782 9.641697 -828.614136
v 1083.252808 9.641697 -1121.222168
v 1119.828735 9.641697 -1121.222168
v 1083.252808 9.641697 -1084.646240
v 1119.828735 9.641697 -1084.646240
v 1083.252808 -8.646305 -1121.222168
v 1119.828735 -8.646305 -1121.222168
v 1119.828735 -8.646305 -1084.646240
v 1083.252808 -8.646305 -1084.646240
v 1083.252808 -8.646305 -828.614136
v 1961.076782 9.641697 -206.822205
v 1961.076782 -8.646305 -206.822205
v 1961.076782 -8.646305 -462.854187
v 1961.076782 9.641697 -462.854187
v 1961.076782 -8.646305 -225.110199
v 1961.076782 9.641697 -225.110199
v 1961.076782 18.065607 -206.822205
v 1961.076782 26.478102 -225.110199
v 1083.252808 9.641697 -645.734192
v 1083.252808 9.641697 -792.038147
v 1083.252808 9.641697 -389.702179
v 1083.252808 -8.646305 -353.126160
v 1083.252808 0.497696 -353.126160
v 1083.252808 0.497696 -316.550171
v 1083.252808 -8.646305 -316.550171
v 1083.252808 0.497696 -97.094193
v 1083.252808 0.497696 -60.518188
v 1083.252808 -8.646305 -60.518188
v 1083.252808 -8.646305 -645.734192
v 1083.252808 -8.646305 -389.702179
v 1887.924683 9.641697 -572.582214
v 1887.924683 9.641697 -755.462158
v 1887.924683 9.641697 -316.550171
v 1887.924683 9.641697 -60.518188
v 1887.924683 -8.646305 -755.462158
v 1887.924683 -8.646305 -572.582214
v 1887.924683 -8.646305 -316.550171
v 1887.924683 -8.646305 -60.518188
v 1156.404785 -8.646305 -87.950134
v 1156.404785 -8.646305 -60.518188
v 1156.404785 0.497696 -60.518188
v 1156.404785 9.641697 -60.518188
v 1156.404785 9.641697 -87.950134
v 1156.404785 9.641697 -609.158203
v 1156.404785 9.641697 -755.462158
v 1156.404785 -8.646305 -755.462158
v 1156.404785 -8.646305 -609.158203
v 1156.404785 9.641697 -353.126160
v 1156.404785 -8.646305 -353.126160
v 1156.404785 -8.646305 -97.094193
v 1156.404785 9.641697 -97.094193
v 1668.468750 9.641697 -755.462158
v 1631.892700 9.641697 -755.462158
v 1412.436646 9.641697 -755.462158
v 1631.892700 -8.646305 -755.462158
v 1412.436646 -8.646305 -755.462158
v 1631.892700 9.641697 -810.326172
v 1631.892700 -8.646305 -810.326172
v 1631.892700 -8.646305 -773.750122
v 1631.892700 9.641697 -773.750122
v 1412.436646 -8.646305 -810.326172
v 1412.436646 9.641697 -810.326172
v 1412.436646 9.641697 -773.750122
v 1412.436646 -8.646305 -773.750122
v 1064.964722 9.641697 -389.702179
v 1064.964722 0.497696 -389.702179
v 1064.964722 -8.646305 -389.702179
v 1064.964722 0.497696 -353.126160
v 1064.964722 -8.646305 -353.126160
v 1924.500732 -136.662292 -1084.646240
v 1924.500732 -136.662292 -1121.222168
v 1924.500732 -136.662292 -828.614136
v 1961.076782 -136.662292 -1121.222168
v 1961.076782 -136.662292 -828.614136
v 1961.076782 -136.662292 -1084.646240
v 1961.076782 -136.662292 -206.822205
v 1961.076782 -136.662292 -462.854187
v 1961.076782 -136.662292 -225.110199
v 1961.076782 -81.798317 -225.110199
v 1988.508667 -81.798317 -225.110199
v 1988.508667 -26.934307 -225.110199
v 1961.076782 -26.934307 -225.110199
v 1988.508667 -26.934307 -206.822205
v 1988.508667 -81.798317 -206.822205
v 1961.076782 -81.798317 -206.822205
v 1961.076782 -26.934307 -206.822205
v 1988.508667 -81.798317 -211.394180
v 1988.508667 -81.798317 -215.966202
v 1988.508667 -26.934307 -211.394180
v 1988.508667 -26.934307 -215.966202
v 1924.500732 -538.998291 -78.806190
v 1974.792725 -538.998291 -78.806190
v 1983.936768 -538.998291 -78.806190
v 1983.936768 -406.410278 -78.806190
v 1974.792725 -406.410278 -78.806190
v 1974.792725 -397.266296 -78.806190
v 1983.936768 -397.266296 -78.806190
v 1924.500732 -406.410278 -78.806190
v 1924.500732 -397.266296 -78.806190
v 1974.792725 -529.854370 -78.806190
v 1983.936768 -529.854370 -78.806190
v 1924.500732 -529.854370 -78.806190
v 1119.828735 -136.662292 -1121.222168
v 1119.828735 -136.662292 -1084.646240
v 1119.828735 -136.662292 -828.614136
v 1705.044678 -392.694305 -536.006165
v 1631.892700 -392.694305 -536.006165
v 1631.892700 -392.694305 -737.174133
v 1705.044678 -392.694305 -737.174133
v 1412.436646 -392.694305 -536.006165
v 1247.844727 -392.694305 -536.006165
v 1412.436646 -392.694305 -737.174133
v 1412.436646 -136.662292 -755.462158
v 1357.572754 -136.662292 -755.462158
v 1284.420776 -136.662292 -755.462158
v 1156.404785 -136.662292 -755.462158
v 1156.404785 -100.086288 -755.462158
v 1887.924683 -136.662292 -755.462158
v 1686.756714 -136.662292 -755.462158
v 1631.892700 -136.662292 -755.462158
v 1156.404785 -136.662292 -828.614136
v 1412.436646 -136.662292 -828.614136
v 1887.924683 -136.662292 -828.614136
v 1631.892700 -136.662292 -828.614136
v 1631.892700 -136.662292 -810.326172
v 1631.892700 -136.662292 -773.750122
v 1412.436646 -136.662292 -810.326172
v 1412.436646 -136.662292 -773.750122
v 1887.924683 -136.662292 -572.582214
v 1887.924683 -136.662292 -316.550171
v 1887.924683 -136.662292 -60.518188
v 1887.924683 -136.662292 -243.398209
v 1156.404785 -100.086288 -87.950134
v 1156.404785 -100.086288 -60.518188
v 1156.404785 -100.086288 -609.158203
v 1156.404785 -100.086288 -554.294189
v 1156.404785 -100.086288 -353.126160
v 1156.404785 -100.086288 -298.262146
v 1156.404785 -100.086288 -279.974152
v 1156.404785 -100.086288 -261.686157
v 1156.404785 -100.086288 -243.398209
v 1156.404785 -100.086288 -97.094193
v 1156.404785 -118.374290 -279.974152
v 1156.404785 -127.518288 -298.262146
v 1156.404785 -127.518288 -279.974152
v 1156.404785 -136.662292 -554.294189
v 1156.404785 -136.662292 -298.262146
v 1156.404785 -109.230286 -261.686157
v 1156.404785 -109.230286 -243.398209
v 1156.404785 -118.374290 -261.686157
v 1887.924683 -538.998291 -828.614136
v 1705.044678 -538.998291 -828.614136
v 1705.044678 -401.838318 -828.614136
v 1887.924683 -401.838318 -828.614136
v 1887.924683 -538.998291 -115.382195
v 1631.892700 -538.998291 -243.398209
v 1412.436646 -538.998291 -243.398209
v 1119.828735 -538.998291 -78.806190
v 1156.404785 -538.998291 -115.382195
v 1631.892700 -538.998291 -371.414154
v 1412.436646 -538.998291 -371.414154
v 1887.924683 -538.998291 -279.974152
v 1631.892700 -538.998291 -499.430176
v 1631.892700 -538.998291 -536.006165
v 1705.044678 -538.998291 -536.006165
v 1887.924683 -538.998291 -536.006165
v 1887.924683 -538.998291 -371.414154
v 1887.924683 -538.998291 -572.582214
v 1705.044678 -538.998291 -572.582214
v 1887.924683 -538.998291 -627.446167
v 1705.044678 -538.998291 -737.174133
v 1156.404785 -538.998291 -279.974152
v 1156.404785 -538.998291 -371.414154
v 1156.404785 -538.998291 -536.006165
v 1412.436646 -538.998291 -536.006165
v 1412.436646 -538.998291 -499.430176
v 1412.436646 -452.301788 -536.006165
v 1412.436646 -401.838318 -536.006165
v 1412.436646 -463.138763 -499.430176
v 1631.892700 -463.138763 -499.430176
v 1631.892700 -452.301788 -536.006165
v 1705.044678 -401.838318 -737.174133
v 1887.924683 -401.838318 -115.382195
v 1887.924683 -397.266296 -115.382195
v 1887.924683 -401.838318 -737.174133
v 1887.924683 -401.838318 -627.446167
v 1887.924683 -401.838318 -572.582214
v 1887.924683 -401.838318 -371.414154
v 1887.924683 -401.838318 -316.550171
v 1247.844727 -401.838318 -536.006165
v 1156.404785 -401.838318 -536.006165
v 1156.404785 -401.838318 -115.382195
v 1156.404785 -397.266296 -115.382195
v 1156.404785 -401.838318 -371.414154
v 1156.404785 -401.838318 -316.550171
v 1119.828735 -397.266296 -78.806190
v 1119.828735 -529.854370 -78.806190
v 1119.828735 -406.410278 -78.806190
v 1083.252808 -136.662292 -1121.222168
v 1083.252808 -136.662292 -1084.646240
v 1083.252808 -136.662292 -828.614136
v 1083.252808 -136.662292 -353.126160
v 1083.252808 -136.662292 -316.550171
v 1083.252808 -136.662292 -60.518188
v 1064.964722 -136.662292 -353.126160
v 1083.252808 -136.662292 -645.734192
v 1083.252808 -136.662292 -389.702179
v 1064.964722 -136.662292 -389.702179
v 1083.252808 -100.086288 -60.518188
v 1069.536621 -406.410278 -78.806190
v 1064.964722 -406.410278 -78.806190
v 1069.536621 -397.266296 -78.806190
v 1064.964722 -529.854370 -78.806190
v 1069.536621 -529.854370 -78.806190
v 1069.536621 -538.998291 -78.806190
v 3424.116699 9.641697 853.881775
v 3277.812744 9.641697 853.881775
v 3277.812744 9.641697 890.457825
v 3424.116699 9.641697 890.457825
v 3168.084961 9.641697 945.321899
v 3168.084961 9.641697 1055.049927
v 3497.268555 9.641697 853.881775
v 3497.268555 9.641697 1073.337769
v 3149.796875 9.641697 707.577759
v 3241.236816 9.641697 707.577759
v 3241.236816 9.641697 780.729797
v 3241.236816 9.641697 853.881775
v 3241.236816 9.641697 890.457825
v 3241.236816 9.641697 1073.337769
v 3460.692871 9.641697 1073.337769
v 3460.692871 9.641697 890.457825
v 3460.692871 9.641697 853.881775
v 3168.084961 9.641697 780.729797
v 3149.796875 9.641697 780.729797
v 3168.084961 9.641697 817.305786
v 3168.084961 9.641697 1073.337769
v 3149.796875 -8.646305 707.577759
v 3149.796875 -136.662292 707.577759
v 3241.236816 -136.662292 707.577759
v 3497.268555 -136.662292 853.881775
v 3497.268555 -136.662292 1073.337769
v 3241.236816 -136.662292 780.729797
v 3241.236816 -136.662292 853.881775
v 3241.236816 -136.662292 890.457825
v 3241.236816 -136.662292 1073.337769
v 3460.692871 -136.662292 853.881775
v 3424.116699 -136.662292 853.881775
v 3277.812744 -136.662292 853.881775
v 3424.116699 -136.662292 890.457825
v 3460.692871 -136.662292 890.457825
v 3460.692871 -136.662292 1073.337769
v 3277.812744 -136.662292 890.457825
v 3168.084961 -136.662292 945.321899
v 3168.084961 -136.662292 780.729797
v 3149.796875 -136.662292 780.729797
v 3149.796875 -8.646305 780.729797
v 3168.084961 -136.662292 1055.049927
v 3168.084961 -136.662292 1073.337769
v 3149.796875 9.641697 1512.249878
v 3168.084961 9.641697 1512.249878
v 3149.796875 -8.646305 1512.249878
v 3149.796875 -136.662292 1512.249878
v 3168.084961 -136.662292 1512.249878
v 3241.236816 9.641697 1329.369873
v 3241.236816 -136.662292 1329.369873
v 3277.812744 -136.662292 1329.369873
v 3424.116699 -136.662292 1329.369873
v 3460.692871 9.641697 1329.369873
v 3460.692871 -136.662292 1329.369873
v 3168.084961 -136.662292 1256.217896
v 3168.084961 9.641697 1256.217896
v 2509.716797 -8.646305 927.033813
v 2509.716797 -8.646305 1055.049927
v 2582.868896 -8.646305 1055.049927
v 2582.868896 -8.646305 927.033813
v 2509.716797 -8.646305 890.457825
v 2509.716797 9.641697 890.457825
v 2509.716797 9.641697 1055.049927
v 2509.716797 9.641697 780.729797
v 2509.716797 -8.646305 780.729797
v 2509.716797 -8.646305 707.577759
v 2509.716797 9.641697 707.577759
v 2509.716797 9.641697 853.881775
v 2509.716797 -8.646305 853.881775
v 3021.780762 9.641697 707.577759
v 2765.748535 9.641697 707.577759
v 2985.204590 9.641697 707.577759
v 2985.204590 -8.646305 707.577759
v 2765.748535 -8.646305 707.577759
v 2582.868896 -8.646305 890.457825
v 2582.868896 9.641697 1055.049927
v 2582.868896 9.641697 780.729797
v 2582.868896 -8.646305 780.729797
v 2765.748535 9.641697 780.729797
v 2765.748535 -8.646305 780.729797
v 2985.204590 -8.646305 780.729797
v 2985.204590 9.641697 780.729797
v 3094.932861 9.641697 780.729797
v 2765.748535 9.641697 762.441772
v 2765.748535 -8.646305 762.441772
v 2765.748535 -8.646305 725.865784
v 2765.748535 9.641697 725.865784
v 2985.204590 -8.646305 762.441772
v 2985.204590 9.641697 762.441772
v 2985.204590 9.641697 725.865784
v 2985.204590 -8.646305 725.865784
v 2326.836670 9.641697 927.033813
v 2290.260742 9.641697 927.033813
v 2290.260742 9.641697 890.457825
v 2326.836670 9.641697 890.457825
v 2290.260742 9.641697 853.881775
v 2290.260742 -8.646305 927.033813
v 2290.260742 -8.646305 890.457825
v 2290.260742 -8.646305 853.881775
v 2326.836670 -8.646305 927.033813
v 2326.836670 -8.646305 890.457825
v 2509.716797 -136.662292 707.577759
v 2509.716797 -136.662292 780.729797
v 2509.716797 -136.662292 799.017883
v 2399.988770 -136.662292 890.457825
v 2509.716797 -136.662292 890.457825
v 3058.356689 -136.662292 780.729797
v 2582.868896 -136.662292 890.457825
v 2582.868896 -136.662292 780.729797
v 2765.748535 -136.662292 780.729797
v 2985.204590 -136.662292 780.729797
v 2765.748535 -136.662292 762.441772
v 2765.748535 -136.662292 725.865784
v 2765.748535 -136.662292 707.577759
v 2985.204590 -136.662292 707.577759
v 2985.204590 -136.662292 725.865784
v 2985.204590 -136.662292 762.441772
v 2326.836670 -136.662292 890.457825
v 2326.836670 -136.662292 927.033813
v 2509.716797 -136.662292 853.881775
v 2290.260742 -136.662292 853.881775
v 2290.260742 -136.662292 890.457825
v 2290.260742 -136.662292 927.033813
v 2509.716797 -45.222309 890.457825
v 2765.748535 -26.934307 762.441772
v 2765.748535 -26.934307 725.865784
v 2985.204590 -26.934307 725.865784
v 2985.204590 -26.934307 762.441772
v 2582.868896 -45.222309 890.457825
v 2454.853027 -392.694305 76.641769
v 2363.412842 -392.694305 76.641769
v 2107.380859 -392.694305 76.641769
v 2198.820557 -529.854370 76.641769
v 2180.532715 -529.854370 76.641769
v 2454.853027 -397.266296 76.641769
v 2454.853027 -401.838318 76.641769
v 2363.412842 -406.410278 76.641769
v 2381.700928 -406.410278 76.641769
v 2399.988770 -406.410278 76.641769
v 2418.276611 -406.410278 76.641769
v 2436.564697 -406.410278 76.641769
v 2436.564697 -401.838318 76.641769
v 2436.564697 -397.266296 76.641769
v 2363.412842 -397.266296 76.641769
v 2107.380859 -406.410278 76.641769
v 2198.820557 -406.410278 76.641769
v 2217.108887 -406.410278 76.641769
v 2235.396973 -406.410278 76.641769
v 2253.684814 -406.410278 76.641769
v 2271.972656 -406.410278 76.641769
v 2290.260742 -406.410278 76.641769
v 2308.548828 -406.410278 76.641769
v 2326.836670 -406.410278 76.641769
v 2345.124756 -406.410278 76.641769
v 2107.380859 -397.266296 76.641769
v 2436.564697 -410.982300 76.641769
v 2418.276611 -410.982300 76.641769
v 2399.988770 -429.270325 76.641769
v 2399.988770 -420.126312 76.641769
v 2381.700928 -429.270325 76.641769
v 2363.412842 -447.558319 76.641769
v 2363.412842 -438.414307 76.641769
v 2345.124756 -447.558319 76.641769
v 2326.836670 -465.846313 76.641769
v 2326.836670 -456.702332 76.641769
v 2308.548828 -465.846313 76.641769
v 2290.260742 -484.134277 76.641769
v 2290.260742 -474.990326 76.641769
v 2271.972656 -484.134277 76.641769
v 2253.684814 -502.422302 76.641769
v 2253.684814 -493.278351 76.641769
v 2235.396973 -502.422302 76.641769
v 2217.108887 -520.710327 76.641769
v 2217.108887 -511.566345 76.641769
v 2198.820557 -520.710327 76.641769
v 2107.380859 -529.854370 76.641769
v 2235.396973 -511.566345 76.641769
v 2271.972656 -493.278351 76.641769
v 2308.548828 -474.990326 76.641769
v 2345.124756 -456.702332 76.641769
v 2381.700928 -438.414307 76.641769
v 2418.276611 -420.126312 76.641769
v 2107.380859 -538.998291 76.641769
v 2180.532715 -538.998291 76.641769
v 1156.404785 0.497696 305.241852
v 1156.404785 -8.646305 305.241852
v 1156.404785 -8.646305 378.393860
v 1156.404785 0.497696 378.393860
v 1156.404785 0.497696 561.273865
v 1156.404785 -8.646305 561.273865
v 1156.404785 0.497696 241.233795
v 1156.404785 0.497696 122.361832
v 1156.404785 -8.646305 122.361832
v 1156.404785 -8.646305 241.233795
v 1156.404785 9.641697 561.273865
v 1156.404785 9.641697 378.393860
v 1156.404785 0.497696 -14.798126
v 1156.404785 9.641697 -14.798126
v 1156.404785 0.497696 12.633820
v 1156.404785 9.641697 241.233795
v 1156.404785 9.641697 158.937836
v 1156.404785 9.641697 85.785828
v 1156.404785 9.641697 305.241852
v 1156.404785 9.641697 250.377838
v 1156.404785 -8.646305 250.377838
v 1156.404785 -8.646305 12.633820
v 1668.468750 9.641697 561.273865
v 1887.924683 9.641697 561.273865
v 1412.436646 9.641697 561.273865
v 1631.892700 9.641697 561.273865
v 1631.892700 -8.646305 561.273865
v 1677.612793 -8.646305 561.273865
v 1769.052734 -8.646305 561.273865
v 1887.924683 -8.646305 561.273865
v 1275.276733 -8.646305 561.273865
v 1366.716675 -8.646305 561.273865
v 1412.436646 -8.646305 561.273865
v 1887.924683 9.641697 49.209824
v 1887.924683 9.641697 305.241852
v 1887.924683 -8.646305 49.209824
v 1887.924683 -8.646305 305.241852
v 1741.620728 9.641697 634.425781
v 1631.892700 9.641697 634.425781
v 1412.436646 9.641697 634.425781
v 1375.860718 9.641697 634.425781
v 1339.284668 9.641697 634.425781
v 1156.404785 9.641697 634.425781
v 1631.892700 -8.646305 634.425781
v 1741.620728 -8.646305 634.425781
v 1887.924683 9.641697 634.425781
v 1887.924683 -8.646305 634.425781
v 1778.196777 -8.646305 634.425781
v 1778.196777 9.641697 634.425781
v 1156.404785 -8.646305 634.425781
v 1339.284668 -8.646305 634.425781
v 1412.436646 -8.646305 634.425781
v 1375.860718 -8.646305 634.425781
v 1412.436646 9.641697 616.137878
v 1412.436646 -8.646305 616.137878
v 1412.436646 -8.646305 579.561890
v 1412.436646 9.641697 579.561890
v 1631.892700 9.641697 579.561890
v 1631.892700 -8.646305 579.561890
v 1631.892700 -8.646305 616.137878
v 1631.892700 9.641697 616.137878
v 1741.620728 9.641697 671.001770
v 1741.620728 9.641697 853.881775
v 1778.196777 9.641697 853.881775
v 1778.196777 9.641697 671.001770
v 1778.196777 9.641697 890.457825
v 1778.196777 9.641697 927.033813
v 1339.284668 9.641697 671.001770
v 1339.284668 9.641697 890.457825
v 1339.284668 9.641697 927.033813
v 1631.892700 9.641697 890.457825
v 1741.620728 9.641697 890.457825
v 1375.860718 9.641697 890.457825
v 1631.892700 9.641697 927.033813
v 1595.316650 9.641697 927.033813
v 1375.860718 9.641697 927.033813
v 1375.860718 -8.646305 890.457825
v 1778.196777 -8.646305 890.457825
v 1778.196777 -8.646305 927.033813
v 1778.196777 -8.646305 853.881775
v 1778.196777 -8.646305 671.001770
v 1741.620728 -8.646305 853.881775
v 1741.620728 -8.646305 671.001770
v 1631.892700 -8.646305 890.457825
v 1741.620728 -8.646305 890.457825
v 1631.892700 -8.646305 927.033813
v 1375.860718 -8.646305 927.033813
v 1339.284668 -8.646305 927.033813
v 1339.284668 -8.646305 671.001770
v 1083.252808 -8.646305 305.241852
v 1083.252808 0.497696 305.241852
v 1083.252808 0.497696 378.393860
v 1083.252808 -8.646305 378.393860
v 1083.252808 0.497696 451.545868
v 1083.252808 -8.646305 451.545868
v 1083.252808 -8.646305 122.361832
v 1083.252808 0.497696 122.361832
v 1083.252808 0.497696 195.513840
v 1083.252808 -8.646305 195.513840
v 1083.252808 9.641697 232.089844
v 1083.252808 9.641697 305.241852
v 1083.252808 -8.646305 232.089844
v 1083.252808 9.641697 378.393860
v 1083.252808 9.641697 451.545868
v 1083.252808 0.497696 12.633820
v 1083.252808 -8.646305 12.633820
v 1083.252808 9.641697 634.425781
v 1083.252808 -8.646305 634.425781
v 1064.964722 0.497696 195.513840
v 1064.964722 -8.646305 195.513840
v 1064.964722 -8.646305 232.089844
v 1064.964722 0.497696 232.089844
v 1064.964722 9.641697 232.089844
v 1064.964722 9.641697 451.545868
v 1064.964722 0.497696 451.545868
v 1064.964722 -8.646305 451.545868
v 1156.404785 -538.998291 963.609802
v 1156.404785 -538.998291 1018.473938
v 1887.924683 -538.998291 963.609802
v 1887.924683 -538.998291 1018.473938
v 1887.924683 -538.998291 1055.049927
v 1156.404785 -538.998291 1055.049927
v 1796.484741 -538.998291 890.457825
v 1887.924683 -538.998291 890.457825
v 1558.740723 -538.998291 890.457825
v 1577.028809 -538.998291 890.457825
v 1412.436646 -538.998291 890.457825
v 1485.588623 -538.998291 890.457825
v 1156.404785 -538.998291 890.457825
v 1119.828735 -538.998291 76.641769
v 1069.536621 -538.998291 76.641769
v 1974.792725 -538.998291 76.641769
v 1924.500732 -538.998291 76.641769
v 1983.936768 -538.998291 76.641769
v 1887.924683 -538.998291 113.217773
v 1421.580688 -538.998291 378.393860
v 1622.748779 -538.998291 378.393860
v 1156.404785 -538.998291 113.217773
v 1668.468750 -538.998291 378.393860
v 1887.924683 -538.998291 378.393860
v 1412.436646 -538.998291 378.393860
v 1156.404785 -538.998291 378.393860
v 2073.617432 -392.694305 76.641769
v 1083.252808 -136.662292 634.425781
v 1083.252808 -100.086288 12.633820
v 1083.252808 -100.086288 -5.654182
v 1083.252808 -100.086288 -23.942184
v 1083.252808 -100.086288 -42.230186
v 1083.252808 -26.934307 305.241852
v 1083.252808 -136.662292 305.241852
v 1083.252808 -136.662292 232.089844
v 1083.252808 -109.230286 -5.654182
v 1083.252808 -118.374290 -5.654182
v 1083.252808 -118.374290 -23.942184
v 1083.252808 -109.230286 12.633820
v 1083.252808 -127.518288 -42.230186
v 1083.252808 -136.662292 -42.230186
v 1083.252808 -127.518288 -23.942184
v 1083.252808 -100.086288 195.513840
v 1083.252808 -100.086288 122.361832
v 1083.252808 -136.662292 451.545868
v 1083.252808 -136.662292 378.393860
v 1083.252808 -100.086288 378.393860
v 1083.252808 -26.934307 378.393860
v 1887.924683 -136.662292 49.209824
v 1887.924683 -136.662292 305.241852
v 1887.924683 -136.662292 561.273865
v 1887.924683 -136.662292 488.121887
v 1887.924683 -136.662292 634.425781
v 1275.276733 -45.222309 561.273865
v 1366.716675 -45.222309 561.273865
v 1156.404785 -136.662292 561.273865
v 1275.276733 -136.662292 561.273865
v 1366.716675 -136.662292 561.273865
v 1412.436646 -136.662292 561.273865
v 1769.052734 -45.222309 561.273865
v 1769.052734 -136.662292 561.273865
v 1631.892700 -136.662292 561.273865
v 1677.612793 -136.662292 561.273865
v 1677.612793 -45.222309 561.273865
v 1156.404785 -54.366310 250.377838
v 1156.404785 -100.086288 250.377838
v 1156.404785 -136.662292 250.377838
v 1156.404785 -54.366310 241.233795
v 1156.404785 -100.086288 241.233795
v 1156.404785 -100.086288 12.633820
v 1156.404785 -100.086288 122.361832
v 1156.404785 -100.086288 195.513840
v 1156.404785 -100.086288 378.393860
v 1156.404785 -26.934307 378.393860
v 1156.404785 -136.662292 378.393860
v 1156.404785 -136.662292 305.241852
v 1156.404785 -26.934307 305.241852
v 1156.404785 -136.662292 634.425781
v 1138.116699 -136.662292 634.425781
v 1412.436646 -136.662292 634.425781
v 1375.860718 -136.662292 634.425781
v 1339.284668 -136.662292 634.425781
v 1778.196777 -136.662292 634.425781
v 1741.620728 -136.662292 634.425781
v 1631.892700 -136.662292 634.425781
v 1412.436646 -136.662292 579.561890
v 1412.436646 -136.662292 616.137878
v 1412.436646 -26.934307 616.137878
v 1412.436646 -26.934307 579.561890
v 1631.892700 -136.662292 616.137878
v 1631.892700 -26.934307 616.137878
v 1631.892700 -26.934307 579.561890
v 1631.892700 -136.662292 579.561890
v 1778.196777 -136.662292 927.033813
v 1778.196777 -136.662292 890.457825
v 1778.196777 -136.662292 853.881775
v 1741.620728 -136.662292 671.001770
v 1375.860718 -136.662292 671.001770
v 1339.284668 -136.662292 671.001770
v 1339.284668 -136.662292 927.033813
v 1778.196777 -136.662292 671.001770
v 1650.180786 -136.662292 927.033813
v 1375.860718 -136.662292 927.033813
v 1631.892700 -136.662292 927.033813
v 1741.620728 -136.662292 853.881775
v 1375.860718 -136.662292 853.881775
v 1741.620728 -136.662292 890.457825
v 1631.892700 -136.662292 890.457825
v 1375.860718 -136.662292 890.457825
v 1064.964722 -100.086288 195.513840
v 1064.964722 -136.662292 232.089844
v 1064.964722 -136.662292 451.545868
v 1887.924683 -401.838318 113.217773
v 1887.924683 -397.266296 113.217773
v 1887.924683 -401.838318 323.529846
v 1887.924683 -401.838318 378.393860
v 1924.500732 -397.266296 76.641769
v 1974.792725 -397.266296 76.641769
v 1983.936768 -397.266296 76.641769
v 2072.210449 -397.266296 76.641769
v 1924.500732 -406.410278 76.641769
v 1974.792725 -406.410278 76.641769
v 1983.936768 -406.410278 76.641769
v 1924.500732 -529.854370 76.641769
v 1974.792725 -529.854370 76.641769
v 1983.936768 -529.854370 76.641769
v 1156.404785 -401.838318 323.529846
v 1156.404785 -401.838318 113.217773
v 1156.404785 -401.838318 378.393860
v 1156.404785 -397.266296 113.217773
v 1668.468750 -401.838318 378.393860
v 1412.436646 -401.838318 378.393860
v 1119.828735 -397.266296 76.641769
v 1069.536621 -397.266296 76.641769
v 1119.828735 -529.854370 76.641769
v 1069.536621 -529.854370 76.641769
v 1064.964722 -529.854370 76.641769
v 1119.828735 -406.410278 76.641769
v 1069.536621 -406.410278 76.641769
v 1064.964722 -406.410278 76.641769
v 1156.404785 -401.838318 1055.049927
v 1156.404785 -401.838318 945.321899
v 1156.404785 -401.838318 890.457825
v 1887.924683 -401.838318 890.457825
v 1887.924683 -401.838318 945.321899
v 1887.924683 -401.838318 1055.049927
v 1686.756714 -447.558319 890.457825
v 1577.028809 -447.558319 890.457825
v 1577.028809 -401.838318 890.457825
v 1668.468750 -401.838318 890.457825
v 1796.484741 -401.838318 890.457825
v 1796.484741 -447.558319 890.457825
v 1558.740723 -465.846313 890.457825
v 1558.740723 -401.838318 890.457825
v 1485.588623 -465.846313 890.457825
v 1412.436646 -401.838318 890.457825
v 1485.588623 -401.838318 890.457825
v 2509.716797 -8.646305 1219.641846
v 2582.868896 -8.646305 1219.641846
v 2509.716797 -8.646305 1585.401855
v 2509.716797 9.641697 1585.401855
v 2509.716797 -8.646305 1329.369873
v 2509.716797 -8.646305 1292.793823
v 2509.716797 9.641697 1292.793823
v 2509.716797 9.641697 1329.369873
v 2509.716797 9.641697 1256.217896
v 2509.716797 -8.646305 1256.217896
v 2582.868896 -8.646305 1256.217896
v 2582.868896 9.641697 1256.217896
v 2582.868896 9.641697 1512.249878
v 2582.868896 -8.646305 1292.793823
v 2582.868896 -8.646305 1402.521851
v 2582.868896 -8.646305 1512.249878
v 3094.932861 9.641697 1512.249878
v 2838.900635 9.641697 1512.249878
v 3094.932861 -8.646305 1512.249878
v 2838.900635 -8.646305 1512.249878
v 2290.260742 9.641697 1292.793823
v 2290.260742 -8.646305 1292.793823
v 2290.260742 9.641697 1256.217896
v 2290.260742 -8.646305 1256.217896
v 2290.260742 -8.646305 1219.641846
v 2290.260742 9.641697 1219.641846
v 2326.836670 9.641697 1256.217896
v 2326.836670 9.641697 1219.641846
v 2326.836670 -8.646305 1219.641846
v 2326.836670 -8.646305 1256.217896
v 2454.853027 -392.694305 1347.657715
v 2454.853027 -392.694305 1192.209839
v 2290.260742 -136.662292 1219.641846
v 2290.260742 -136.662292 1256.217896
v 2290.260742 -136.662292 1292.793823
v 2326.836670 -136.662292 1219.641846
v 2399.988770 -136.662292 1256.217896
v 2326.836670 -136.662292 1256.217896
v 2509.716797 -136.662292 1292.793823
v 2509.716797 -136.662292 1329.369873
v 2509.716797 -136.662292 1585.401855
v 2582.868896 -136.662292 1256.217896
v 2509.716797 -136.662292 1256.217896
v 2582.868896 -136.662292 1292.793823
v 2582.868896 -136.662292 1402.521851
v 3058.356689 -136.662292 1512.249878
v 2838.900635 -136.662292 1512.249878
v 2582.868896 -136.662292 1512.249878
v 3094.932861 -136.662292 1512.249878
v 2582.868896 -45.222309 1256.217896
v 2582.868896 -45.222309 1402.521851
v 2582.868896 -45.222309 1292.793823
v 2509.716797 -45.222309 1256.217896
v 2363.412842 -392.694305 1347.657715
v 2107.380859 -392.694305 1347.657715
v 2363.412842 -392.694305 1192.209839
v 2107.380859 -392.694305 1192.209839
v 2436.564697 -401.838318 1192.209839
v 2436.564697 -397.266296 1192.209839
v 2454.853027 -397.266296 1192.209839
v 2454.853027 -401.838318 1192.209839
v 2436.564697 -406.410278 1192.209839
v 2418.276611 -406.410278 1192.209839
v 2399.988770 -406.410278 1192.209839
v 2381.700928 -406.410278 1192.209839
v 2363.412842 -406.410278 1192.209839
v 2363.412842 -397.266296 1192.209839
v 2345.124756 -406.410278 1192.209839
v 2326.836670 -406.410278 1192.209839
v 2308.548828 -406.410278 1192.209839
v 2290.260742 -406.410278 1192.209839
v 2271.972656 -406.410278 1192.209839
v 2253.684814 -406.410278 1192.209839
v 2235.396973 -406.410278 1192.209839
v 2217.108887 -406.410278 1192.209839
v 2198.820557 -406.410278 1192.209839
v 2107.380859 -406.410278 1192.209839
v 2107.380859 -397.266296 1192.209839
v 2399.988770 -420.126312 1192.209839
v 2418.276611 -410.982300 1192.209839
v 2418.276611 -420.126312 1192.209839
v 2363.412842 -438.414307 1192.209839
v 2381.700928 -429.270325 1192.209839
v 2381.700928 -438.414307 1192.209839
v 2326.836670 -456.702332 1192.209839
v 2345.124756 -447.558319 1192.209839
v 2345.124756 -456.702332 1192.209839
v 2290.260742 -474.990326 1192.209839
v 2308.548828 -465.846313 1192.209839
v 2308.548828 -474.990326 1192.209839
v 2253.684814 -493.278351 1192.209839
v 2271.972656 -484.134277 1192.209839
v 2271.972656 -493.278351 1192.209839
v 2217.108887 -511.566345 1192.209839
v 2235.396973 -502.422302 1192.209839
v 2235.396973 -511.566345 1192.209839
v 2198.820557 -520.710327 1192.209839
v 2198.820557 -529.854370 1192.209839
v 2180.532715 -529.854370 1192.209839
v 2107.380859 -529.854370 1192.209839
v 2217.108887 -520.710327 1192.209839
v 2253.684814 -502.422302 1192.209839
v 2290.260742 -484.134277 1192.209839
v 2326.836670 -465.846313 1192.209839
v 2363.412842 -447.558319 1192.209839
v 2399.988770 -429.270325 1192.209839
v 2436.564697 -410.982300 1192.209839
v 2180.532715 -538.998291 1192.209839
v 2107.380859 -538.998291 1192.209839
v 2180.532715 -538.998291 1347.657715
v 2107.380859 -538.998291 1347.657715
v 2363.412842 -406.410278 1347.657715
v 2381.700928 -406.410278 1347.657715
v 2399.988770 -406.410278 1347.657715
v 2418.276611 -406.410278 1347.657715
v 2436.564697 -406.410278 1347.657715
v 2436.564697 -401.838318 1347.657715
v 2436.564697 -397.266296 1347.657715
v 2363.412842 -397.266296 1347.657715
v 2107.380859 -406.410278 1347.657715
v 2198.820557 -406.410278 1347.657715
v 2217.108887 -406.410278 1347.657715
v 2235.396973 -406.410278 1347.657715
v 2253.684814 -406.410278 1347.657715
v 2271.972656 -406.410278 1347.657715
v 2290.260742 -406.410278 1347.657715
v 2308.548828 -406.410278 1347.657715
v 2326.836670 -406.410278 1347.657715
v 2345.124756 -406.410278 1347.657715
v 2107.380859 -397.266296 1347.657715
v 2454.853027 -401.838318 1347.657715
v 2454.853027 -397.266296 1347.657715
v 2436.564697 -410.982300 1347.657715
v 2418.276611 -410.982300 1347.657715
v 2399.988770 -429.270325 1347.657715
v 2399.988770 -420.126312 1347.657715
v 2381.700928 -429.270325 1347.657715
v 2363.412842 -447.558319 1347.657715
v 2363.412842 -438.414307 1347.657715
v 2345.124756 -447.558319 1347.657715
v 2326.836670 -465.846313 1347.657715
v 2326.836670 -456.702332 1347.657715
v 2308.548828 -465.846313 1347.657715
v 2290.260742 -484.134277 1347.657715
v 2290.260742 -474.990326 1347.657715
v 2271.972656 -484.134277 1347.657715
v 2253.684814 -502.422302 1347.657715
v 2253.684814 -493.278351 1347.657715
v 2235.396973 -502.422302 1347.657715
v 2217.108887 -520.710327 1347.657715
v 2217.108887 -511.566345 1347.657715
v 2198.820557 -520.710327 1347.657715
v 2107.380859 -529.854370 1347.657715
v 2180.532715 -529.854370 1347.657715
v 2198.820557 -529.854370 1347.657715
v 2235.396973 -511.566345 1347.657715
v 2271.972656 -493.278351 1347.657715
v 2308.548828 -474.990326 1347.657715
v 2345.124756 -456.702332 1347.657715
v 2381.700928 -438.414307 1347.657715
v 2418.276611 -420.126312 1347.657715
v 1412.436646 -538.998291 1640.265747
v 1412.436646 -538.998291 1804.857910
v 1156.404785 -538.998291 1804.857910
v 1156.404785 -538.998291 1640.265747
v 1156.404785 -538.998291 1548.825928
v 1156.404785 -538.998291 1384.233765
v 1887.924683 -538.998291 1155.633911
v 1412.436646 -538.998291 1548.825928
v 1412.436646 -538.998291 1512.249878
v 1631.892700 -538.998291 1640.265747
v 1631.892700 -538.998291 1548.825928
v 1631.892700 -538.998291 1512.249878
v 1924.500732 -538.998291 1192.209839
v 1924.500732 -538.998291 1347.657715
v 1887.924683 -538.998291 1384.233765
v 1119.828735 -538.998291 1347.657715
v 1119.828735 -538.998291 1192.209839
v 1156.404785 -538.998291 1155.633911
v 1887.924683 -538.998291 1804.857910
v 1631.892700 -538.998291 1804.857910
v 1887.924683 -538.998291 1640.265747
v 1887.924683 -538.998291 1548.825928
v 1983.936768 -538.998291 1347.657715
v 1983.936768 -538.998291 1192.209839
v 1974.792725 -538.998291 1347.657715
v 1974.792725 -538.998291 1192.209839
v 1069.536621 -538.998291 1347.657715
v 1069.536621 -538.998291 1192.209839
v 1974.792725 -406.410278 1192.209839
v 1924.500732 -406.410278 1192.209839
v 1924.500732 -397.266296 1192.209839
v 1974.792725 -397.266296 1192.209839
v 1983.936768 -406.410278 1192.209839
v 1983.936768 -397.266296 1192.209839
v 2072.210449 -397.266296 1192.209839
v 1983.936768 -529.854370 1192.209839
v 1974.792725 -529.854370 1192.209839
v 1924.500732 -529.854370 1192.209839
v 2073.616211 -392.694305 1192.209839
v 1924.500732 -397.266296 1347.657715
v 1974.792725 -397.266296 1347.657715
v 1983.936768 -397.266296 1347.657715
v 2072.210449 -397.266296 1347.657715
v 2073.616211 -392.694305 1347.657715
v 1924.500732 -406.410278 1347.657715
v 1974.792725 -406.410278 1347.657715
v 1983.936768 -406.410278 1347.657715
v 1924.500732 -529.854370 1347.657715
v 1974.792725 -529.854370 1347.657715
v 1983.936768 -529.854370 1347.657715
v 1631.892700 -392.694305 2006.025635
v 1631.892700 -392.694305 1804.857910
v 1796.484741 -392.694305 1804.857910
v 1412.436646 -392.694305 2006.025635
v 1247.844727 -392.694305 1804.857910
v 1412.436646 -392.694305 1804.857910
v 1412.436646 -528.161194 1548.825928
v 1412.436646 -452.301788 1804.857910
v 1412.436646 -401.838318 1804.857910
v 1631.892700 -452.301788 1804.857910
v 1631.892700 -401.838318 1804.857910
v 1631.892700 -528.161194 1548.825928
v 1796.484741 -401.838318 1804.857910
v 1887.924683 -401.838318 1804.857910
v 1887.924683 -401.838318 1155.633911
v 1887.924683 -401.838318 1384.233765
v 1887.924683 -397.266296 1384.233765
v 1887.924683 -397.266296 1155.633911
v 1887.924683 -401.838318 1548.825928
v 1156.404785 -401.838318 1384.233765
v 1156.404785 -401.838318 1155.633911
v 1156.404785 -397.266296 1155.633911
v 1156.404785 -397.266296 1384.233765
v 1156.404785 -401.838318 1548.825928
v 1156.404785 -401.838318 1804.857910
v 1247.844727 -401.838318 1804.857910
v 1119.828735 -397.266296 1192.209839
v 1069.536621 -397.266296 1192.209839
v 1069.536621 -397.266296 1347.657715
v 1119.828735 -397.266296 1347.657715
v 1119.828735 -529.854370 1347.657715
v 1069.536621 -529.854370 1347.657715
v 1064.964722 -529.854370 1347.657715
v 1119.828735 -406.410278 1347.657715
v 1069.536621 -406.410278 1347.657715
v 1064.964722 -406.410278 1347.657715
v 1119.828735 -406.410278 1192.209839
v 1069.536621 -406.410278 1192.209839
v 1119.828735 -529.854370 1192.209839
v 1069.536621 -529.854370 1192.209839
v 1064.964722 -529.854370 1192.209839
v 1064.964722 -406.410278 1192.209839
v 970.712891 -392.694305 -78.806190
v 845.508667 -392.694305 -78.806190
v 827.220642 -392.694305 -78.806190
v 589.476624 -392.694305 -78.806190
v 972.118774 -397.266296 -78.806190
v 863.796692 -397.266296 -78.806190
v 845.508667 -397.266296 -78.806190
v 607.764648 -397.266296 -78.806190
v 589.476624 -397.266296 -78.806190
v 1060.392700 -538.998291 -78.806190
v 863.796692 -538.998291 -78.806190
v 863.796692 -529.854370 -78.806190
v 1060.392700 -529.854370 -78.806190
v 607.764648 -410.982300 -78.806190
v 607.764648 -406.410278 -78.806190
v 626.052673 -406.410278 -78.806190
v 626.052673 -410.982300 -78.806190
v 644.340637 -429.270325 -78.806190
v 644.340637 -420.126312 -78.806190
v 644.340637 -406.410278 -78.806190
v 662.628662 -406.410278 -78.806190
v 662.628662 -429.270325 -78.806190
v 680.916626 -447.558319 -78.806190
v 680.916626 -438.414307 -78.806190
v 680.916626 -406.410278 -78.806190
v 699.204651 -406.410278 -78.806190
v 699.204651 -447.558319 -78.806190
v 717.492676 -465.846313 -78.806190
v 717.492676 -456.702332 -78.806190
v 717.492676 -406.410278 -78.806190
v 735.780640 -406.410278 -78.806190
v 735.780640 -465.846313 -78.806190
v 754.068665 -484.134277 -78.806190
v 754.068665 -474.990326 -78.806190
v 754.068665 -406.410278 -78.806190
v 772.356628 -406.410278 -78.806190
v 772.356628 -484.134277 -78.806190
v 790.644653 -502.422302 -78.806190
v 790.644653 -493.278351 -78.806190
v 790.644653 -406.410278 -78.806190
v 808.932678 -406.410278 -78.806190
v 808.932678 -502.422302 -78.806190
v 827.220642 -520.710327 -78.806190
v 827.220642 -511.566345 -78.806190
v 827.220642 -406.410278 -78.806190
v 845.508667 -406.410278 -78.806190
v 845.508667 -520.710327 -78.806190
v 845.508667 -529.854370 -78.806190
v 863.796692 -406.410278 -78.806190
v 1060.392700 -406.410278 -78.806190
v 808.932678 -511.566345 -78.806190
v 772.356628 -493.278351 -78.806190
v 735.780640 -474.990326 -78.806190
v 699.204651 -456.702332 -78.806190
v 662.628662 -438.414307 -78.806190
v 626.052673 -420.126312 -78.806190
v 1060.392700 -397.266296 -78.806190
v 607.764648 -401.838318 -78.806190
v 589.476624 -401.838318 -78.806190
v 900.372681 -136.662292 -1304.102173
v 900.372681 7.355711 -1304.102173
v 900.372681 9.641697 -1304.102173
v 388.308685 9.641697 -206.822205
v 388.308685 0.497696 -206.822205
v 388.308685 -136.662292 -206.822205
v 388.308685 -136.662292 -243.398209
v 388.308685 0.497696 -243.398209
v 388.308685 9.641697 -243.398209
v 863.796692 9.641697 -828.614136
v 461.460693 9.641697 -828.614136
v 461.460693 7.355711 -828.614136
v 863.796692 9.641697 -1084.646240
v 863.796692 9.641697 -1121.222168
v 863.796692 9.641697 -1267.526245
v 863.796692 7.355711 -1267.526245
v 863.796692 7.355711 -1084.646240
v 863.796692 7.355711 -828.614136
v 754.068665 7.355711 -792.038147
v 754.068665 9.641697 -792.038147
v 754.068665 9.641697 -700.598145
v 754.068665 7.355711 -700.598145
v 790.644653 9.641697 -792.038147
v 790.644653 7.355711 -792.038147
v 790.644653 7.355711 -700.598145
v 790.644653 9.641697 -700.598145
v 863.796692 9.641697 -792.038147
v 863.796692 7.355711 -792.038147
v 498.036652 9.641697 -792.038147
v 498.036652 9.641697 -700.598145
v 498.036652 7.355711 -700.598145
v 498.036652 7.355711 -792.038147
v 461.460693 9.641697 -700.598145
v 461.460693 7.355711 -700.598145
v 461.460693 0.497696 -700.598145
v 461.460693 -136.662292 -700.598145
v 461.460693 -136.662292 -828.614136
v 863.796692 -136.662292 -1267.526245
v 863.796692 -136.662292 -1121.222168
v 863.796692 -136.662292 -1084.646240
v 863.796692 -136.662292 -828.614136
v 754.068665 0.497696 -700.598145
v 754.068665 -136.662292 -700.598145
v 754.068665 -136.662292 -792.038147
v 790.644653 -136.662292 -792.038147
v 790.644653 -136.662292 -700.598145
v 790.644653 0.497696 -700.598145
v 863.796692 -136.662292 -792.038147
v 498.036652 -136.662292 -792.038147
v 498.036652 -136.662292 -700.598145
v 498.036652 0.497696 -700.598145
v 571.188660 -136.662292 -792.038147
v 516.324646 -136.662292 -792.038147
v 1010.100708 0.497696 -353.126160
v 936.948669 0.497696 -353.126160
v 936.948669 0.497696 -78.806190
v 1055.820679 0.497696 -353.126160
v 754.068665 9.641697 -682.310181
v 754.068665 9.641697 -572.582214
v 790.644653 9.641697 -572.582214
v 790.644653 9.641697 -682.310181
v 680.916626 9.641697 -389.702179
v 571.188660 9.641697 -389.702179
v 571.188660 9.641697 -353.126160
v 680.916626 9.641697 -353.126160
v 936.948669 9.641697 -353.126160
v 936.948669 9.641697 -78.806190
v 498.036652 9.641697 -353.126160
v 498.036652 9.641697 -78.806190
v 498.036652 9.641697 -645.734192
v 498.036652 9.641697 -389.702179
v 790.644653 9.641697 -389.702179
v 754.068665 9.641697 -389.702179
v 754.068665 9.641697 -353.126160
v 461.460693 9.641697 -243.398209
v 461.460693 9.641697 -499.430176
v 461.460693 9.641697 -206.822205
v 461.460693 9.641697 -78.806190
v 680.916626 0.497696 -353.126160
v 680.916626 0.497696 -389.702179
v 790.644653 0.497696 -389.702179
v 754.068665 0.497696 -389.702179
v 790.644653 0.497696 -572.582214
v 790.644653 0.497696 -682.310181
v 754.068665 0.497696 -572.582214
v 754.068665 0.497696 -682.310181
v 571.188660 0.497696 -389.702179
v 571.188660 0.497696 -353.126160
v 498.036652 0.497696 -78.806190
v 498.036652 0.497696 -353.126160
v 498.036652 0.497696 -645.734192
v 498.036652 0.497696 -389.702179
v 461.460693 0.497696 -243.398209
v 461.460693 0.497696 -499.430176
v 461.460693 0.497696 -206.822205
v 461.460693 0.497696 -78.806190
v 461.460693 -136.662292 -499.430176
v 461.460693 -136.662292 -243.398209
v 1010.100708 -136.662292 -353.126160
v 498.036652 -136.662292 -78.806190
v 498.036652 -136.662292 -353.126160
v 571.188660 -136.662292 -353.126160
v 680.916626 -136.662292 -353.126160
v 936.948669 -136.662292 -353.126160
v 571.188660 -136.662292 -389.702179
v 498.036652 -136.662292 -389.702179
v 498.036652 -136.662292 -645.734192
v 754.068665 -136.662292 -682.310181
v 790.644653 -136.662292 -682.310181
v 754.068665 -136.662292 -389.702179
v 680.916626 -136.662292 -389.702179
v 754.068665 -136.662292 -572.582214
v 790.644653 -136.662292 -389.702179
v 790.644653 -136.662292 -572.582214
v 461.460693 -136.662292 -206.822205
v 461.460693 -136.662292 -78.806190
v 205.428680 9.641697 -243.398209
v 242.004684 9.641697 -243.398209
v 278.580688 9.641697 -243.398209
v 205.428680 0.497696 -243.398209
v 242.004684 0.497696 -243.398209
v 278.580688 0.497696 -243.398209
v 278.580688 9.641697 -206.822205
v 242.004684 9.641697 -206.822205
v 242.004684 9.641697 -78.806190
v 205.428680 9.641697 -78.806190
v 242.004684 0.497696 -78.806190
v 242.004684 0.497696 -206.822205
v 278.580688 0.497696 -206.822205
v 205.428680 0.497696 -78.806190
v 205.428680 -136.662292 -243.398209
v 205.428680 -136.662292 -78.806190
v 278.580688 -136.662292 -243.398209
v 242.004684 -136.662292 -243.398209
v 278.580688 -136.662292 -206.822205
v 242.004684 -136.662292 -206.822205
v 242.004684 -136.662292 -78.806190
v 205.428680 9.641697 -23.942184
v 205.428680 9.641697 232.089844
v 205.428680 -136.662292 -23.942184
v 205.428680 0.497696 232.089844
v 205.428680 -26.934307 232.089844
v 205.428680 -136.662292 232.089844
v 973.524658 0.497696 12.633820
v 936.948669 0.497696 12.633820
v 973.524658 0.497696 195.513840
v 1010.100708 0.497696 195.513840
v 498.036652 0.497696 305.241852
v 498.036652 0.497696 378.393860
v 242.004684 9.641697 232.089844
v 370.020660 9.641697 232.089844
v 936.948669 9.641697 195.513840
v 461.460693 9.641697 469.833862
v 461.460693 9.641697 451.545868
v 461.460693 9.641697 232.089844
v 443.172668 9.641697 232.089844
v 882.084656 9.641697 451.545868
v 1010.100708 9.641697 451.545868
v 498.036652 9.641697 451.545868
v 754.068665 9.641697 451.545868
v 498.036652 9.641697 378.393860
v 936.948669 9.641697 232.089844
v 827.220642 9.641697 232.089844
v 754.068665 9.641697 232.089844
v 498.036652 9.641697 232.089844
v 498.036652 9.641697 305.241852
v 827.220642 9.641697 195.513840
v 717.492676 9.641697 469.833862
v 461.460693 9.641697 195.513840
v 443.172668 9.641697 195.513840
v 717.492676 9.641697 195.513840
v 498.036652 9.641697 -23.942184
v 461.460693 9.641697 -23.942184
v 242.004684 9.641697 195.513840
v 461.460693 0.497696 451.545868
v 461.460693 0.497696 232.089844
v 461.460693 0.497696 -23.942184
v 461.460693 0.497696 469.833862
v 827.220642 0.497696 232.089844
v 754.068665 0.497696 232.089844
v 498.036652 0.497696 232.089844
v 936.948669 0.497696 232.089844
v 827.220642 0.497696 195.513840
v 936.948669 0.497696 195.513840
v 498.036652 0.497696 -23.942184
v 717.492676 0.497696 195.513840
v 461.460693 0.497696 195.513840
v 1010.100708 0.497696 451.545868
v 754.068665 0.497696 451.545868
v 498.036652 0.497696 451.545868
v 717.492676 0.497696 469.833862
v 370.020660 0.497696 232.089844
v 242.004684 0.497696 232.089844
v 242.004684 0.497696 195.513840
v 571.188660 -136.662292 195.513840
v 516.324646 -136.662292 195.513840
v 936.948669 -136.662292 232.089844
v 827.220642 -136.662292 232.089844
v 827.220642 -136.662292 195.513840
v 936.948669 -136.662292 195.513840
v 717.492676 -136.662292 195.513840
v 936.948669 -136.662292 12.633820
v 973.524658 -136.662292 12.633820
v 498.036652 -136.662292 -23.942184
v 461.460693 -136.662292 195.513840
v 461.460693 -136.662292 -23.942184
v 1010.100708 -136.662292 232.089844
v 1010.100708 -136.662292 451.545868
v 754.068665 -136.662292 451.545868
v 498.036652 -136.662292 451.545868
v 498.036652 -136.662292 232.089844
v 754.068665 -136.662292 232.089844
v 461.460693 -136.662292 451.545868
v 461.460693 -136.662292 469.833862
v 370.020660 -136.662292 232.089844
v 461.460693 -136.662292 232.089844
v 717.492676 -136.662292 469.833862
v 242.004684 -136.662292 195.513840
v 242.004684 -26.934307 232.089844
v 973.524658 -100.086288 12.633820
v 973.524658 -100.086288 195.513840
v 1060.392700 -529.854370 76.641769
v 863.796692 -529.854370 76.641769
v 845.508667 -529.854370 76.641769
v 827.220642 -392.694305 76.641769
v 845.508667 -392.694305 76.641769
v 970.712891 -392.694305 76.641769
v 589.476624 -392.694305 76.641769
v 845.508667 -397.266296 76.641769
v 863.796692 -397.266296 76.641769
v 972.118774 -397.266296 76.641769
v 589.476624 -397.266296 76.641769
v 607.764648 -397.266296 76.641769
v 626.052673 -410.982300 76.641769
v 626.052673 -406.410278 76.641769
v 607.764648 -406.410278 76.641769
v 607.764648 -410.982300 76.641769
v 662.628662 -429.270325 76.641769
v 662.628662 -406.410278 76.641769
v 644.340637 -406.410278 76.641769
v 644.340637 -420.126312 76.641769
v 644.340637 -429.270325 76.641769
v 699.204651 -447.558319 76.641769
v 699.204651 -406.410278 76.641769
v 680.916626 -406.410278 76.641769
v 680.916626 -438.414307 76.641769
v 680.916626 -447.558319 76.641769
v 735.780640 -465.846313 76.641769
v 735.780640 -406.410278 76.641769
v 717.492676 -406.410278 76.641769
v 717.492676 -456.702332 76.641769
v 717.492676 -465.846313 76.641769
v 772.356628 -484.134277 76.641769
v 772.356628 -406.410278 76.641769
v 754.068665 -406.410278 76.641769
v 754.068665 -474.990326 76.641769
v 754.068665 -484.134277 76.641769
v 808.932678 -502.422302 76.641769
v 808.932678 -406.410278 76.641769
v 790.644653 -406.410278 76.641769
v 790.644653 -493.278351 76.641769
v 790.644653 -502.422302 76.641769
v 845.508667 -520.710327 76.641769
v 845.508667 -406.410278 76.641769
v 827.220642 -406.410278 76.641769
v 827.220642 -511.566345 76.641769
v 827.220642 -520.710327 76.641769
v 1060.392700 -406.410278 76.641769
v 863.796692 -406.410278 76.641769
v 808.932678 -511.566345 76.641769
v 772.356628 -493.278351 76.641769
v 735.780640 -474.990326 76.641769
v 699.204651 -456.702332 76.641769
v 662.628662 -438.414307 76.641769
v 626.052673 -420.126312 76.641769
v 1060.392700 -397.266296 76.641769
v 607.764648 -401.838318 76.641769
v 589.476624 -401.838318 76.641769
v 863.796692 -538.998291 76.641769
v 1060.392700 -538.998291 76.641769
v 1060.392700 -538.998291 1347.657715
v 863.796692 -538.998291 1347.657715
v 863.796692 -538.998291 1192.209839
v 1060.392700 -538.998291 1192.209839
v 970.712891 -392.694305 1192.209839
v 845.508667 -392.694305 1192.209839
v 827.220642 -392.694305 1192.209839
v 589.476624 -392.694305 1192.209839
v 589.476624 -401.838318 1192.209839
v 589.476624 -397.266296 1192.209839
v 607.764648 -397.266296 1192.209839
v 607.764648 -401.838318 1192.209839
v 1060.392700 -406.410278 1192.209839
v 863.796692 -406.410278 1192.209839
v 863.796692 -397.266296 1192.209839
v 972.118774 -397.266296 1192.209839
v 1060.392700 -397.266296 1192.209839
v 845.508667 -406.410278 1192.209839
v 827.220642 -406.410278 1192.209839
v 808.932678 -406.410278 1192.209839
v 790.644653 -406.410278 1192.209839
v 772.356628 -406.410278 1192.209839
v 754.068665 -406.410278 1192.209839
v 735.780640 -406.410278 1192.209839
v 717.492676 -406.410278 1192.209839
v 699.204651 -406.410278 1192.209839
v 680.916626 -406.410278 1192.209839
v 662.628662 -406.410278 1192.209839
v 644.340637 -406.410278 1192.209839
v 626.052673 -406.410278 1192.209839
v 607.764648 -406.410278 1192.209839
v 845.508667 -397.266296 1192.209839
v 626.052673 -420.126312 1192.209839
v 626.052673 -410.982300 1192.209839
v 644.340637 -420.126312 1192.209839
v 662.628662 -438.414307 1192.209839
v 662.628662 -429.270325 1192.209839
v 680.916626 -438.414307 1192.209839
v 699.204651 -456.702332 1192.209839
v 699.204651 -447.558319 1192.209839
v 717.492676 -456.702332 1192.209839
v 735.780640 -474.990326 1192.209839
v 735.780640 -465.846313 1192.209839
v 754.068665 -474.990326 1192.209839
v 772.356628 -493.278351 1192.209839
v 772.356628 -484.134277 1192.209839
v 790.644653 -493.278351 1192.209839
v 808.932678 -511.566345 1192.209839
v 808.932678 -502.422302 1192.209839
v 827.220642 -511.566345 1192.209839
v 1060.392700 -529.854370 1192.209839
v 863.796692 -529.854370 1192.209839
v 845.508667 -529.854370 1192.209839
v 845.508667 -520.710327 1192.209839
v 827.220642 -520.710327 1192.209839
v 790.644653 -502.422302 1192.209839
v 754.068665 -484.134277 1192.209839
v 717.492676 -465.846313 1192.209839
v 680.916626 -447.558319 1192.209839
v 644.340637 -429.270325 1192.209839
v 607.764648 -410.982300 1192.209839
v 1060.392700 -529.854370 1347.657715
v 863.796692 -529.854370 1347.657715
v 845.508667 -529.854370 1347.657715
v 863.796692 -406.410278 1347.657715
v 1060.392700 -406.410278 1347.657715
v 1060.392700 -397.266296 1347.657715
v 972.118774 -397.266296 1347.657715
v 863.796692 -397.266296 1347.657715
v 607.764648 -401.838318 1347.657715
v 607.764648 -406.410278 1347.657715
v 626.052673 -406.410278 1347.657715
v 644.340637 -406.410278 1347.657715
v 662.628662 -406.410278 1347.657715
v 680.916626 -406.410278 1347.657715
v 699.204651 -406.410278 1347.657715
v 717.492676 -406.410278 1347.657715
v 735.780640 -406.410278 1347.657715
v 754.068665 -406.410278 1347.657715
v 772.356628 -406.410278 1347.657715
v 790.644653 -406.410278 1347.657715
v 808.932678 -406.410278 1347.657715
v 827.220642 -406.410278 1347.657715
v 845.508667 -406.410278 1347.657715
v 845.508667 -397.266296 1347.657715
v 607.764648 -397.266296 1347.657715
v 589.476624 -397.266296 1347.657715
v 589.476624 -401.838318 1347.657715
v 626.052673 -410.982300 1347.657715
v 607.764648 -410.982300 1347.657715
v 662.628662 -429.270325 1347.657715
v 644.340637 -420.126312 1347.657715
v 644.340637 -429.270325 1347.657715
v 699.204651 -447.558319 1347.657715
v 680.916626 -438.414307 1347.657715
v 680.916626 -447.558319 1347.657715
v 735.780640 -465.846313 1347.657715
v 717.492676 -456.702332 1347.657715
v 717.492676 -465.846313 1347.657715
v 772.356628 -484.134277 1347.657715
v 754.068665 -474.990326 1347.657715
v 754.068665 -484.134277 1347.657715
v 808.932678 -502.422302 1347.657715
v 790.644653 -493.278351 1347.657715
v 790.644653 -502.422302 1347.657715
v 845.508667 -520.710327 1347.657715
v 827.220642 -511.566345 1347.657715
v 827.220642 -520.710327 1347.657715
v 808.932678 -511.566345 1347.657715
v 772.356628 -493.278351 1347.657715
v 735.780640 -474.990326 1347.657715
v 699.204651 -456.702332 1347.657715
v 662.628662 -438.414307 1347.657715
v 626.052673 -420.126312 1347.657715
v 970.712891 -392.694305 1347.657715
v 845.508667 -392.694305 1347.657715
v 827.220642 -392.694305 1347.657715
v 589.476624 -392.694305 1347.657715
s 0
f 3191 3194 3193
f 3189 3198 3197
f 3197 3191 3192
f 3202 3201 3203
f 3205 3199 3206
f 3207 3209 3210
f 3210 3206 3207
f 3203 3208 3202
f 3213 3211 3214
f 3220 3216 3221
f 3221 3217 3218
f 3218 3219 3212
f 3225 3230 3224
f 3223 3230 3232
f 3232 3229 3226
f 3233 3228 3229
f 3189 3234 3198
f 3220 3237 3215
f 3239 3225 3235
f 3238 3200 3237
f 3204 3236 3199
f 3242 3214 3240
f 3244 3212 3213
f 3221 3245 3220
f 3222 3247 3246
f 3212 3250 3249
f 3245 3238 3220
f 3262 3231 3239
f 3263 3239 3204
f 3252 3204 3205
f 3260 3201 3238
f 3201 3255 3203
f 3209 3253 3254
f 3254 3205 3210
f 3255 3209 3203
f 3234 3196 3198
f 3259 3234 3233
f 3231 3265 3230
f 3230 3267 3266
f 3266 3258 3233
f 3268 3213 3242
f 3190 3269 3270
f 3269 3271 3270
f 3276 3274 3273
f 3273 3278 3277
f 3282 3280 3283
f 3286 3284 3287
f 3291 3289 3288
f 3295 3285 3294
f 3298 3296 3299
f 3287 3300 3286
f 3272 3302 3271
f 3292 3303 3304
f 3301 3305 3300
f 3307 3280 3281
f 3310 3307 3308
f 3193 3312 3311
f 3311 3272 3269
f 3313 3304 3272
f 3304 3326 3291
f 3326 3290 3291
f 3319 3306 3301
f 3315 3284 3295
f 3322 3301 3287
f 3284 3322 3287
f 3296 3323 3333
f 3281 3334 3308
f 3308 3338 3336
f 3329 3339 3328
f 3330 3341 3340
f 3340 3338 3334
f 3327 3339 3335
f 3277 3332 3276
f 3346 3344 3343
f 3314 3347 3316
f 3316 3349 3348
f 3343 3349 3347
f 3355 3348 3349
f 3356 3341 3342
f 3358 3344 3345
f 3361 3337 3338
f 3365 3375 3374
f 3367 3376 3375
f 3371 3379 3370
f 3378 3380 3377
f 3385 3383 3382
f 3390 3388 3387
f 3395 3393 3392
f 3400 3398 3397
f 3406 3404 3402
f 3411 3409 3408
f 3414 3368 3408
f 3402 3410 3411
f 3397 3405 3406
f 3392 3399 3400
f 3387 3394 3395
f 3382 3389 3390
f 3380 3384 3385
f 3375 3388 3389
f 3372 3410 3403
f 3413 3363 3368
f 3426 3425 3427
f 3423 3431 3422
f 3431 3430 3428
f 3434 3425 3429
f 3437 3435 3438
f 3435 3423 3438
f 3441 3439 3442
f 3444 3441 3442
f 3440 3437 3439
f 3450 3445 3446
f 3451 3446 3448
f 3424 3451 3448
f 3445 3452 3447
f 3452 3421 3447
f 3299 3456 3457
f 3459 3309 3310
f 3278 3460 3454
f 3467 3465 3468
f 3471 3469 3467
f 3472 3463 3421
f 3473 3462 3472
f 3474 3478 3479
f 3480 3474 3479
f 3481 3476 3480
f 3485 3484 3482
f 3489 3487 3490
f 3490 3491 3492
f 3491 3493 3492
f 3498 3475 3495
f 3489 3497 3488
f 3500 3433 3501
f 3502 3496 3503
f 3504 3429 3505
f 3506 3499 3507
f 3509 3464 3473
f 3465 3511 3512
f 3436 3513 3435
f 3513 3432 3435
f 3516 3436 3440
f 3518 3440 3441
f 3443 3518 3441
f 3323 3456 3333
f 3524 3522 3525
f 3521 3523 3342
f 3336 3524 3525
f 3528 3526 3529
f 3348 3527 3519
f 3455 3526 3345
f 3530 3348 3354
f 3357 3523 3531
f 3359 3526 3532
f 3533 3337 3360
f 3526 3530 3532
f 3533 3523 3524
f 3540 3414 3373
f 3542 3538 3539
f 3538 3543 3544
f 3544 3362 3413
f 3545 3535 3543
f 3547 3450 3451
f 3426 3547 3451
f 3560 3557 3499
f 3563 3562 3478
f 3565 3427 3434
f 3432 3566 3431
f 3566 3433 3431
f 3564 3426 3427
f 3433 3568 3501
f 3569 3498 3502
f 3570 3434 3504
f 3499 3571 3507
f 3478 3572 3479
f 3479 3573 3480
f 3480 3575 3574
f 3483 3576 3482
f 3490 3560 3489
f 3492 3579 3578
f 3493 3582 3581
f 3587 3582 3586
f 3559 3578 3579
f 3589 3580 3587
f 3591 3584 3592
f 3586 3583 3591
f 3596 3594 3597
f 3621 3555 3553
f 3618 3622 3620
f 3604 3622 3619
f 3607 3623 3606
f 3623 3603 3606
f 3551 3624 3550
f 3614 3596 3625
f 3612 3625 3552
f 3628 3594 3613
f 3630 3611 3609
f 3605 3626 3632
f 3626 3545 3541
f 3624 3608 3549
f 3633 3553 3554
f 3617 3620 3633
f 3637 3617 3634
f 3638 3602 3615
f 3640 3635 3636
f 3546 3449 3450
f 3449 3643 3452
f 3643 3453 3452
f 3473 3651 3510
f 3453 3649 3472
f 3649 3473 3472
f 3648 3465 3512
f 3646 3465 3645
f 3647 3652 3468
f 3653 3639 3655
f 3657 3641 3653
f 3658 3640 3657
f 3668 3681 3680
f 3684 3665 3666
f 3686 3669 3670
f 3672 3687 3671
f 3685 3668 3669
f 3683 3675 3665
f 3689 3659 3675
f 3691 3670 3660
f 3690 3662 3659
f 3692 3674 3662
f 3674 3694 3673
f 3695 3660 3661
f 3687 3661 3671
f 3677 3699 3697
f 3678 3697 3696
f 3664 3701 3679
f 3703 3705 3704
f 3707 3688 3672
f 3710 3709 3707
f 3694 3711 3673
f 3679 3713 3714
f 3714 3706 3703
f 3720 3715 3716
f 3724 3722 3725
f 3726 3723 3727
f 3680 3730 3728
f 3732 3725 3729
f 3735 3717 3718
f 3736 3737 3735
f 3677 3741 3739
f 3742 3738 3743
f 3744 3729 3745
f 3746 3740 3747
f 3748 3731 3749
f 3752 3750 3753
f 3756 3751 3752
f 3757 3752 3754
f 3755 3750 3751
f 3727 3754 3726
f 3758 3753 3750
f 3759 3720 3753
f 3723 3762 3778
f 3760 3723 3724
f 3719 3782 3715
f 3738 3770 3783
f 3784 3772 3732
f 3783 3771 3784
f 3739 3765 3698
f 3785 3775 3786
f 3731 3774 3785
f 3786 3769 3739
f 3681 3731 3680
f 3767 3738 3736
f 3772 3724 3732
f 3764 3787 3782
f 3787 3767 3736
f 3718 3787 3733
f 3782 3718 3715
f 3780 3755 3756
f 3779 3756 3757
f 3781 3758 3755
f 3778 3757 3727
f 3777 3759 3758
f 3763 3782 3719
f 3800 3797 3796
f 3802 3808 3807
f 3801 3794 3800
f 3798 3814 3815
f 3796 3817 3816
f 3812 3820 3819
f 3810 3823 3822
f 3808 3826 3825
f 3806 3829 3828
f 3804 3832 3831
f 3833 3792 3834
f 3805 3830 3835
f 3807 3827 3836
f 3809 3824 3837
f 3811 3821 3838
f 3795 3818 3839
f 3797 3815 3840
f 3788 3801 3802
f 3789 3813 3790
f 3792 3841 3834
f 3845 3843 3846
f 3845 3847 3848
f 3851 3849 3852
f 3853 3846 3854
f 3856 3484 3485
f 3859 3850 3857
f 3863 3861 3843
f 3484 3855 3864
f 3870 3869 3865
f 3847 3867 3874
f 3876 3481 3878
f 3879 3876 3878
f 3872 3877 3879
f 3880 3886 3887
f 3890 3888 3891
f 3884 3892 3893
f 3895 3882 3883
f 3896 3894 3897
f 3898 3867 3899
f 3900 3869 3901
f 3902 3881 3903
f 3919 3883 3915
f 3921 3908 3909
f 3920 3906 3908
f 3923 3891 3907
f 3922 3905 3906
f 3887 3904 3880
f 3925 3907 3904
f 3914 3926 3913
f 3926 3915 3913
f 3924 3914 3905
f 3928 3909 3916
f 3917 3929 3928
f 3930 3918 3912
f 3884 3931 3910
f 3931 3912 3911
f 3934 3932 3935
f 3937 3934 3935
f 3940 3938 3941
f 3932 3933 3942
f 3945 3936 3946
f 3471 3947 3470
f 3892 3949 3950
f 3939 3851 3938
f 3850 3947 3857
f 3857 3948 3864
f 3951 3941 3952
f 3954 3944 3942
f 3957 3946 3936
f 3989 3988 3948
f 3993 3991 3932
f 3995 3994 3989
f 3997 3988 3994
f 3999 3998 3652
f 4000 3996 3990
f 3938 4001 3941
f 4005 4003 3937
f 3932 4006 3935
f 3481 4007 3878
f 3878 4008 3879
f 3879 4010 4009
f 4013 3873 3874
f 4012 4014 3848
f 3875 4016 4013
f 3872 4019 4018
f 4022 4020 3869
f 3870 4018 4022
f 3864 3577 3483
f 4026 4030 3851
f 3851 4002 3938
f 3948 4028 3864
f 4032 4005 4006
f 4005 4033 4004
f 4032 3844 3845
f 4035 4024 4023
f 3991 4034 4035
f 4014 4031 4032
f 3986 4037 3892
f 4039 3894 3895
f 3892 4040 3893
f 4041 3889 3890
f 3886 4042 3887
f 4046 4044 4047
f 4047 4017 3875
f 3894 4045 4046
f 4049 4043 3886
f 3869 4051 4050
f 4050 4048 4049
f 4064 4056 3895
f 4052 3920 3921
f 4053 3922 3920
f 4059 3890 3923
f 4054 3924 3922
f 4042 3925 3887
f 4055 3923 3925
f 4062 4060 3921
f 3929 4062 3928
f 4063 3927 3924
f 3927 4066 3926
f 4066 3919 3926
f 4058 3929 3930
f 3893 4057 3931
f 4057 3930 3931
f 3952 4001 4068
f 4069 3944 3953
f 3958 4003 4070
f 4073 3977 3982
f 3985 3813 4078
f 4080 4075 4076
f 4078 3803 4081
f 4084 4083 4080
f 3834 3976 4084
f 3974 4082 4083
f 4082 4071 4072
f 3984 4086 4085
f 4074 3981 4089
f 4089 3979 3978
f 4090 3984 4087
f 4093 3973 4094
f 4097 4093 4094
f 4091 4097 4092
f 4086 4093 4096
f 4100 3960 3959
f 4103 3961 3962
f 4108 4106 4105
f 4111 3968 4106
f 4109 4110 3966
f 4114 3970 4113
f 4101 3969 4114
f 4112 4113 4111
f 4122 4120 4123
f 4120 4119 4123
f 3716 4116 4124
f 4127 4117 3717
f 4127 4131 4130
f 3702 4134 4132
f 4132 4135 4133
f 4135 4128 4133
f 4137 4122 4136
f 4140 4138 4141
f 4139 4136 4138
f 4141 4142 4143
f 4144 4141 4143
f 4145 4143 4142
f 4142 4125 4145
f 4126 4165 4117
f 4131 4160 4166
f 4167 4157 4165
f 4129 4166 4167
f 3704 4164 4134
f 4134 4161 4162
f 4162 4131 4135
f 4150 4121 4137
f 4153 4144 4145
f 4116 4168 4125
f 4157 4168 4165
f 4168 4152 4153
f 4151 4140 4144
f 4149 4137 4139
f 4148 4139 4140
f 4121 4155 4120
f 4155 4118 4120
f 4175 4173 4176
f 4182 4178 4177
f 4193 4187 4186
f 4195 4179 4194
f 4198 4181 4197
f 4201 4184 4200
f 4204 4186 4203
f 4207 4188 4206
f 4210 4190 4209
f 4192 4214 4212
f 4209 4191 4212
f 4206 4189 4210
f 4203 4187 4207
f 4200 4185 4204
f 4197 4183 4201
f 4194 4180 4198
f 4177 4195 4222
f 4215 4223 4214
f 4171 4174 4175
f 4172 4182 4171
f 4232 4229 4228
f 4234 4240 4239
f 4233 4246 4232
f 4230 4248 4249
f 4228 4251 4250
f 4244 4254 4253
f 4242 4257 4256
f 4240 4260 4259
f 4238 4263 4262
f 4236 4266 4265
f 4267 4269 4268
f 4237 4264 4271
f 4239 4261 4272
f 4241 4258 4273
f 4243 4255 4274
f 4227 4252 4275
f 4229 4249 4276
f 4269 4226 4268
f 4146 4233 4234
f 4169 4245 4170
f 4307 4305 4308
f 4311 4309 4192
f 4305 4313 4312
f 4312 4224 4215
f 4314 4302 4313
f 4315 4193 4172
f 4320 4245 4319
f 4322 4316 4317
f 4319 4235 4323
f 4326 4325 4322
f 4268 4299 4326
f 4301 4324 4325
f 4284 4333 4285
f 4277 4334 4333
f 4330 4335 4332
f 4337 4327 4328
f 4287 4288 4338
f 4286 4338 4336
f 4295 4336 4339
f 4339 4328 4329
f 4342 4298 4345
f 4345 4297 4295
f 3963 4341 4104
f 4341 4314 4306
f 4324 4342 4343
f 4281 4346 4350
f 4351 4280 4281
f 4347 3964 4099
f 4334 4279 4352
f 4332 4352 4331
f 4357 4303 4358
f 4361 4357 4358
f 4356 4361 4355
f 4364 4353 4354
f 4366 4363 4364
f 4304 4365 4366
f 4365 4347 4348
f 4346 4357 4360
f 4370 4374 4373
f 4371 4377 4376
f 4380 4378 4381
f 4384 4382 4385
f 4389 4387 4386
f 4394 4392 4391
f 4399 4397 4396
f 4404 4402 4401
f 4409 4407 4406
f 4414 4412 4411
f 4417 4416 4380
f 4413 4410 4419
f 4408 4405 4420
f 4403 4400 4421
f 4398 4395 4422
f 4393 4390 4423
f 4388 4385 4424
f 4373 4417 4418
f 4426 4399 4403
f 4376 4427 4426
f 4429 3268 3242
f 4435 4433 4432
f 4443 4441 4440
f 4440 4445 4444
f 4443 4430 4442
f 4448 4446 4449
f 4452 4450 4453
f 4451 4454 4450
f 4455 4437 4454
f 4456 4458 4459
f 4447 4459 4446
f 4460 4439 4461
f 4439 4463 4462
f 4444 4466 4465
f 4445 4467 4444
f 4465 4429 4443
f 4446 4470 4469
f 4474 4472 4451
f 4475 4445 4455
f 4472 4455 4451
f 4458 4478 4476
f 4459 4480 4479
f 4507 4492 4489
f 4499 3509 4508
f 4509 4489 4500
f 4508 4487 4499
f 4452 4488 4511
f 4510 4486 4487
f 4513 4488 4485
f 4449 4513 4485
f 4512 4500 4486
f 4493 4483 4494
f 4493 4501 4506
f 4515 4490 4491
f 4495 4516 4517
f 4478 4458 4497
f 4497 4519 4518
f 4514 4498 4490
f 4517 4491 4495
f 4520 4436 4502
f 4503 4461 4462
f 4520 4503 4521
f 4432 4504 4431
f 4505 4522 4523
f 4538 4506 4507
f 4537 4507 4509
f 3509 3510 4540
f 4511 4473 4474
f 4540 4510 4508
f 4541 4512 4510
f 4535 4511 4513
f 4470 4513 4469
f 4539 4509 4512
f 4526 3512 4484
f 4506 4531 4482
f 4518 4477 4478
f 4519 4534 4518
f 4516 4528 4517
f 4532 4519 4514
f 4528 4515 4517
f 4529 4514 4515
f 4525 4435 4520
f 4462 4524 4521
f 4521 4525 4520
f 4433 4522 4432
f 4522 4543 4523
f 4548 4544 4545
f 4549 4545 4546
f 4551 4554 4555
f 4555 4550 4551
f 4556 4546 4550
f 4553 4547 4557
f 4554 4563 4555
f 4560 4548 4549
f 4563 4556 4555
f 4562 4549 4556
f 4557 4558 4559
f 4561 4547 4548
f 4567 4553 4557
f 4569 4568 4565
f 4603 4581 4582
f 4523 4600 4505
f 4580 4602 4605
f 4607 4590 4591
f 4592 4607 4591
f 3955 4609 3954
f 4606 4594 4590
f 4483 4572 4579
f 4611 4589 4579
f 4604 4599 4600
f 4496 4612 4516
f 4594 4613 4598
f 4613 4596 4598
f 4575 4592 4593
f 4615 3956 3957
f 4616 4584 4585
f 4617 4587 4616
f 4586 4576 4588
f 4595 4605 4618
f 4603 4583 4578
f 4577 4568 4620
f 4601 4597 4614
f 4552 4621 4554
f 4609 4634 3953
f 4639 4606 4607
f 4608 4639 4607
f 4568 4646 4620
f 4642 4603 4619
f 4543 4604 4523
f 4625 4610 4606
f 4647 4629 4572
f 4629 4611 4572
f 4627 4609 4611
f 4648 4574 3952
f 4648 4571 4573
f 4633 4612 4604
f 4612 4527 4516
f 4610 4628 4613
f 4622 4623 4614
f 4614 4645 4621
f 4621 4564 4554
f 4643 4602 4603
f 4605 4640 4641
f 4618 4641 4644
f 4637 4608 4575
f 3957 3958 4635
f 4615 4636 4616
f 4636 4617 4616
f 4654 4657 4656
f 4652 4656 4660
f 4663 4661 4664
f 4668 4666 4665
f 4673 4671 4670
f 4678 4676 4675
f 4683 4681 4680
f 4688 4686 4685
f 4693 4691 4690
f 4695 4649 4690
f 4685 4692 4693
f 4680 4687 4688
f 4675 4682 4683
f 4670 4677 4678
f 4665 4672 4673
f 4661 4667 4668
f 4658 4695 4696
f 4656 4676 4677
f 4659 4704 4705
f 4649 4706 4650
f 4718 4716 4719
f 4723 4721 4720
f 4719 4731 4730
f 4736 4741 4740
f 4734 4744 4743
f 4732 4747 4746
f 4730 4750 4749
f 4728 4753 4752
f 4726 4756 4755
f 4721 4760 4759
f 4725 4757 4762
f 4727 4754 4763
f 4729 4751 4764
f 4731 4748 4765
f 4733 4745 4766
f 4735 4742 4767
f 4737 4768 4741
f 4759 4711 4758
f 4713 4722 4723
f 4714 4717 4718
f 4775 4773 4772
f 4792 4785 4784
f 4794 4777 4795
f 4778 4796 4797
f 4799 4781 4798
f 4802 4783 4801
f 4805 4785 4804
f 4808 4787 4807
f 4811 4789 4810
f 4814 4791 4813
f 4773 4769 4813
f 4810 4790 4814
f 4807 4788 4811
f 4804 4786 4808
f 4801 4784 4805
f 4798 4782 4802
f 4796 4780 4799
f 4822 4776 4792
f 4824 4792 4793
f 4769 4709 4770
f 3193 3190 3191
f 3191 3195 3194
f 3197 3192 3189
f 3198 3196 3197
f 3197 3195 3191
f 3202 3200 3201
f 3205 3204 3199
f 3207 3208 3209
f 3210 3205 3206
f 3203 3209 3208
f 3213 3212 3211
f 3220 3215 3216
f 3218 3222 3221
f 3221 3216 3217
f 3212 3222 3218
f 3219 3211 3212
f 3225 3231 3230
f 3232 3227 3223
f 3223 3224 3230
f 3226 3227 3232
f 3232 3233 3229
f 3233 3234 3228
f 3189 3228 3234
f 3220 3238 3237
f 3235 3236 3239
f 3239 3231 3225
f 3238 3201 3200
f 3204 3239 3236
f 3240 3241 3242
f 3242 3213 3214
f 3244 3243 3212
f 3221 3246 3245
f 3246 3221 3222
f 3222 3248 3247
f 3248 3222 3212
f 3212 3243 3251
f 3212 3251 3250
f 3249 3248 3212
f 3245 3260 3238
f 3262 3261 3231
f 3263 3262 3239
f 3252 3263 3204
f 3260 3264 3201
f 3201 3264 3255
f 3254 3210 3209
f 3209 3256 3253
f 3254 3252 3205
f 3255 3256 3209
f 3234 3257 3196
f 3259 3257 3234
f 3231 3261 3265
f 3266 3232 3230
f 3230 3265 3267
f 3233 3232 3266
f 3258 3259 3233
f 3268 3244 3213
f 3190 3193 3269
f 3269 3272 3271
f 3273 3277 3276
f 3276 3275 3274
f 3273 3279 3278
f 3282 3281 3280
f 3286 3285 3284
f 3288 3292 3291
f 3291 3290 3289
f 3295 3284 3285
f 3298 3297 3296
f 3287 3301 3300
f 3272 3304 3302
f 3304 3291 3292
f 3303 3302 3304
f 3301 3306 3305
f 3281 3308 3307
f 3307 3293 3280
f 3310 3309 3307
f 3311 3269 3193
f 3193 3194 3312
f 3311 3313 3272
f 3313 3325 3304
f 3304 3325 3326
f 3326 3324 3290
f 3319 3320 3306
f 3315 3321 3284
f 3322 3319 3301
f 3284 3321 3322
f 3333 3299 3296
f 3296 3318 3323
f 3281 3335 3334
f 3336 3310 3308
f 3308 3334 3338
f 3338 3337 3336
f 3329 3340 3339
f 3340 3329 3330
f 3330 3342 3341
f 3334 3335 3339
f 3340 3341 3338
f 3334 3339 3340
f 3281 3282 3327
f 3327 3328 3339
f 3335 3281 3327
f 3277 3343 3332
f 3343 3277 3278
f 3346 3345 3344
f 3343 3278 3346
f 3314 3331 3347
f 3348 3317 3316
f 3316 3347 3349
f 3331 3332 3343
f 3343 3344 3349
f 3347 3331 3343
f 3349 3350 3355
f 3355 3354 3348
f 3342 3357 3356
f 3356 3352 3341
f 3345 3359 3358
f 3358 3351 3344
f 3338 3353 3361
f 3361 3360 3337
f 3371 3364 3365
f 3365 3366 3375
f 3374 3371 3365
f 3375 3366 3367
f 3367 3372 3376
f 3371 3374 3379
f 3378 3381 3380
f 3382 3386 3385
f 3385 3384 3383
f 3387 3391 3390
f 3390 3389 3388
f 3392 3396 3395
f 3395 3394 3393
f 3397 3401 3400
f 3400 3399 3398
f 3402 3407 3406
f 3406 3405 3404
f 3404 3403 3402
f 3408 3412 3411
f 3411 3410 3409
f 3408 3409 3414
f 3414 3413 3368
f 3368 3369 3408
f 3411 3415 3402
f 3402 3403 3410
f 3406 3416 3397
f 3397 3398 3405
f 3400 3417 3392
f 3392 3393 3399
f 3395 3418 3387
f 3387 3388 3394
f 3390 3419 3382
f 3382 3383 3389
f 3385 3420 3380
f 3380 3381 3384
f 3379 3374 3375
f 3375 3376 3404
f 3375 3404 3405
f 3378 3379 3375
f 3381 3378 3375
f 3375 3405 3398
f 3375 3398 3399
f 3384 3381 3375
f 3383 3384 3375
f 3375 3399 3393
f 3375 3393 3394
f 3389 3383 3375
f 3375 3394 3388
f 3404 3376 3372
f 3372 3373 3414
f 3372 3414 3409
f 3403 3404 3372
f 3372 3409 3410
f 3413 3362 3363
f 3426 3424 3425
f 3423 3432 3431
f 3428 3422 3431
f 3431 3433 3430
f 3434 3427 3425
f 3437 3436 3435
f 3435 3432 3423
f 3441 3440 3439
f 3444 3443 3441
f 3440 3436 3437
f 3450 3449 3445
f 3451 3450 3446
f 3424 3426 3451
f 3445 3449 3452
f 3452 3453 3421
f 3457 3298 3299
f 3299 3333 3456
f 3336 3458 3459
f 3459 3461 3309
f 3310 3336 3459
f 3455 3346 3278
f 3278 3279 3460
f 3454 3455 3278
f 3467 3466 3465
f 3467 3468 3471
f 3471 3470 3469
f 3421 3453 3472
f 3472 3462 3463
f 3473 3464 3462
f 3474 3475 3478
f 3480 3476 3474
f 3481 3477 3476
f 3482 3486 3485
f 3484 3483 3482
f 3489 3488 3487
f 3490 3487 3491
f 3491 3494 3493
f 3495 3496 3498
f 3498 3478 3475
f 3489 3499 3497
f 3500 3430 3433
f 3502 3498 3496
f 3504 3434 3429
f 3506 3497 3499
f 3473 3510 3509
f 3509 3508 3464
f 3465 3466 3511
f 3436 3514 3513
f 3513 3515 3432
f 3516 3514 3436
f 3518 3516 3440
f 3443 3517 3518
f 3323 3520 3456
f 3524 3523 3522
f 3342 3330 3521
f 3521 3522 3523
f 3525 3458 3336
f 3336 3337 3524
f 3528 3527 3526
f 3519 3317 3348
f 3527 3528 3519
f 3345 3346 3455
f 3455 3529 3526
f 3530 3527 3348
f 3357 3342 3523
f 3359 3345 3526
f 3533 3524 3337
f 3526 3527 3530
f 3533 3531 3523
f 3540 3537 3414
f 3542 3541 3538
f 3413 3414 3537
f 3538 3541 3545
f 3413 3537 3538
f 3544 3413 3538
f 3538 3545 3543
f 3544 3536 3362
f 3545 3534 3535
f 3547 3546 3450
f 3426 3548 3547
f 3499 3489 3560
f 3560 3559 3558
f 3557 3556 3499
f 3560 3558 3557
f 3478 3498 3563
f 3562 3561 3478
f 3565 3564 3427
f 3432 3515 3566
f 3566 3567 3433
f 3564 3548 3426
f 3433 3567 3568
f 3569 3563 3498
f 3570 3565 3434
f 3499 3556 3571
f 3478 3561 3572
f 3479 3572 3573
f 3574 3481 3480
f 3480 3573 3575
f 3483 3577 3576
f 3490 3578 3560
f 3578 3490 3492
f 3492 3580 3579
f 3580 3492 3493
f 3493 3585 3584
f 3493 3584 3583
f 3581 3580 3493
f 3493 3583 3582
f 3586 3588 3587
f 3587 3581 3582
f 3579 3589 3559
f 3559 3560 3578
f 3587 3590 3589
f 3589 3579 3580
f 3580 3581 3587
f 3591 3583 3584
f 3591 3593 3586
f 3586 3582 3583
f 3596 3595 3594
f 3621 3620 3555
f 3618 3619 3622
f 3604 3600 3622
f 3607 3624 3623
f 3623 3599 3603
f 3614 3595 3596
f 3552 3549 3608
f 3612 3614 3625
f 3552 3608 3612
f 3613 3629 3628
f 3628 3597 3594
f 3610 3631 3630
f 3630 3629 3613
f 3630 3613 3611
f 3609 3610 3630
f 3632 3631 3610
f 3605 3598 3626
f 3632 3610 3605
f 3542 3627 3626
f 3626 3598 3534
f 3626 3534 3545
f 3541 3542 3626
f 3549 3550 3624
f 3624 3607 3608
f 3633 3621 3553
f 3633 3634 3617
f 3617 3618 3620
f 3620 3621 3633
f 3637 3616 3617
f 3616 3637 3638
f 3638 3635 3602
f 3615 3616 3638
f 3636 3639 3641
f 3640 3601 3602
f 3636 3641 3640
f 3640 3602 3635
f 3546 3642 3449
f 3449 3642 3643
f 3643 3644 3453
f 3473 3650 3651
f 3453 3644 3649
f 3649 3650 3473
f 3648 3645 3465
f 3646 3468 3465
f 3468 3646 3647
f 3652 3471 3468
f 3653 3641 3639
f 3653 3654 3656
f 3657 3640 3641
f 3653 3656 3657
f 3658 3601 3640
f 3680 3667 3668
f 3668 3682 3681
f 3684 3683 3665
f 3686 3685 3669
f 3672 3688 3687
f 3685 3682 3668
f 3683 3689 3675
f 3689 3690 3659
f 3691 3686 3670
f 3690 3692 3662
f 3692 3693 3674
f 3674 3693 3694
f 3695 3691 3660
f 3687 3695 3661
f 3697 3676 3677
f 3699 3698 3697
f 3696 3663 3678
f 3678 3676 3697
f 3664 3700 3701
f 3704 3702 3703
f 3703 3706 3705
f 3707 3708 3688
f 3707 3711 3712
f 3707 3712 3710
f 3709 3708 3707
f 3694 3712 3711
f 3679 3701 3713
f 3714 3713 3706
f 3716 3721 3720
f 3720 3719 3715
f 3724 3723 3722
f 3726 3722 3723
f 3728 3667 3680
f 3680 3731 3730
f 3732 3724 3725
f 3733 3736 3735
f 3735 3734 3717
f 3718 3733 3735
f 3736 3738 3737
f 3739 3699 3677
f 3741 3740 3739
f 3742 3737 3738
f 3744 3732 3729
f 3746 3739 3740
f 3748 3730 3731
f 3752 3751 3750
f 3756 3755 3751
f 3757 3756 3752
f 3755 3758 3750
f 3727 3757 3754
f 3758 3759 3753
f 3759 3719 3720
f 3778 3727 3723
f 3723 3761 3762
f 3760 3761 3723
f 3783 3743 3738
f 3738 3768 3770
f 3732 3744 3784
f 3784 3771 3772
f 3783 3770 3771
f 3698 3699 3739
f 3739 3769 3765
f 3785 3774 3775
f 3785 3749 3731
f 3731 3773 3774
f 3739 3746 3786
f 3786 3775 3769
f 3681 3773 3731
f 3767 3768 3738
f 3772 3760 3724
f 3764 3766 3787
f 3736 3733 3787
f 3787 3766 3767
f 3782 3787 3718
f 3780 3781 3755
f 3779 3780 3756
f 3781 3777 3758
f 3778 3779 3757
f 3777 3776 3759
f 3719 3759 3776
f 3763 3764 3782
f 3719 3776 3763
f 3795 3802 3801
f 3800 3799 3798
f 3795 3801 3800
f 3796 3795 3800
f 3800 3798 3797
f 3803 3813 3802
f 3802 3795 3812
f 3802 3812 3811
f 3804 3803 3802
f 3805 3804 3802
f 3802 3811 3810
f 3802 3810 3809
f 3806 3805 3802
f 3807 3806 3802
f 3802 3809 3808
f 3801 3793 3794
f 3798 3799 3814
f 3816 3818 3796
f 3796 3797 3817
f 3819 3821 3812
f 3812 3795 3820
f 3822 3824 3810
f 3810 3811 3823
f 3825 3827 3808
f 3808 3809 3826
f 3828 3830 3806
f 3806 3807 3829
f 3831 3833 3804
f 3804 3805 3832
f 3834 3803 3804
f 3833 3791 3792
f 3834 3804 3833
f 3835 3832 3805
f 3805 3806 3830
f 3836 3829 3807
f 3807 3808 3827
f 3837 3826 3809
f 3809 3810 3824
f 3838 3823 3811
f 3811 3812 3821
f 3839 3820 3795
f 3795 3796 3818
f 3840 3817 3797
f 3797 3798 3815
f 3802 3789 3788
f 3788 3793 3801
f 3789 3802 3813
f 3792 3842 3841
f 3845 3844 3843
f 3845 3846 3847
f 3851 3850 3849
f 3853 3847 3846
f 3856 3855 3484
f 3855 3856 3860
f 3859 3858 3849
f 3855 3860 3859
f 3857 3855 3859
f 3859 3849 3850
f 3843 3844 3863
f 3863 3862 3861
f 3864 3483 3484
f 3855 3857 3864
f 3865 3866 3872
f 3865 3872 3871
f 3869 3868 3865
f 3865 3871 3870
f 3873 3848 3847
f 3847 3853 3867
f 3867 3875 3874
f 3874 3873 3847
f 3876 3477 3481
f 3879 3877 3876
f 3872 3866 3877
f 3880 3881 3886
f 3890 3889 3888
f 3884 3885 3892
f 3895 3894 3882
f 3896 3882 3894
f 3898 3875 3867
f 3900 3868 3869
f 3902 3886 3881
f 3919 3895 3883
f 3921 3920 3908
f 3920 3922 3906
f 3923 3890 3891
f 3922 3924 3905
f 3887 3925 3904
f 3925 3923 3907
f 3914 3927 3926
f 3926 3919 3915
f 3924 3927 3914
f 3928 3921 3909
f 3928 3916 3917
f 3917 3918 3929
f 3930 3929 3918
f 3884 3893 3931
f 3911 3910 3931
f 3931 3930 3912
f 3934 3933 3932
f 3937 3936 3934
f 3940 3939 3938
f 3942 3944 3932
f 3933 3943 3942
f 3945 3934 3936
f 3471 3948 3947
f 3892 3885 3949
f 3939 3850 3851
f 3850 3939 3947
f 3857 3947 3948
f 3951 3940 3941
f 3942 3955 3954
f 3954 3953 3944
f 3937 3958 3957
f 3957 3956 3946
f 3936 3937 3957
f 3948 3471 3652
f 3948 3652 3990
f 3988 3987 3948
f 3948 3990 3989
f 3932 3944 3993
f 3993 3992 3991
f 3989 3996 3995
f 3994 3988 3989
f 3997 3987 3988
f 3652 3647 3999
f 3998 3990 3652
f 3990 3998 4000
f 3996 3989 3990
f 3938 4002 4001
f 3937 3935 4006
f 4005 4004 4003
f 3937 4006 4005
f 3932 3991 4006
f 3481 3574 4007
f 3878 4007 4008
f 4009 3872 3879
f 3879 4008 4010
f 4013 4012 3873
f 3848 3873 4012
f 4012 4015 4014
f 4013 3874 3875
f 3875 4017 4016
f 4018 3871 3872
f 3872 4009 4019
f 3869 3870 4022
f 4022 4021 4020
f 3870 3871 4018
f 3864 4028 3577
f 3851 3852 4026
f 4026 4027 4030
f 4030 4029 3851
f 3851 4029 4002
f 3948 3987 4028
f 4032 4031 4005
f 4005 4031 4033
f 4032 4035 3844
f 3863 3844 4035
f 4035 4034 4025
f 4035 4025 4024
f 4023 3863 4035
f 3991 3992 4034
f 3845 3848 4014
f 4014 4033 4031
f 4032 3845 4014
f 3892 3950 3986
f 4037 4036 3892
f 4039 4038 3894
f 3892 4036 4040
f 4041 4011 3889
f 3886 4043 4042
f 4046 4045 4044
f 3875 3898 4047
f 4047 4044 4017
f 4046 3897 3894
f 3894 4038 4045
f 3886 3902 4049
f 4049 4048 4043
f 4050 3901 3869
f 3869 4020 4051
f 4050 4051 4048
f 3895 3919 4067
f 3895 4067 4064
f 4056 4039 3895
f 4052 4053 3920
f 4053 4054 3922
f 4059 4041 3890
f 4054 4063 3924
f 4042 4055 3925
f 4055 4059 3923
f 3921 3928 4062
f 4060 4052 3921
f 3929 4061 4062
f 4063 4065 3927
f 3927 4065 4066
f 4066 4067 3919
f 4058 4061 3929
f 3893 4040 4057
f 4057 4058 3930
f 3952 3941 4001
f 4069 3993 3944
f 3958 3937 4003
f 3982 4074 4073
f 4073 4071 3977
f 3985 3790 3813
f 4080 4079 4075
f 4081 4077 4078
f 4078 3813 3803
f 4081 3803 3834
f 4081 3834 4084
f 4082 4079 4080
f 4080 4081 4084
f 4083 4082 4080
f 3834 3841 3976
f 3974 3975 4082
f 4072 4075 4079
f 4082 3975 3977
f 4072 4079 4082
f 4082 3977 4071
f 4085 4087 3984
f 3984 3980 4086
f 4074 3982 3981
f 3983 4090 4089
f 4089 3981 3979
f 3978 3983 4089
f 4090 3983 3984
f 4093 3972 3973
f 4095 4098 4097
f 4097 4096 4093
f 4094 4095 4097
f 4091 4096 4097
f 4091 4088 4086
f 4086 3980 3972
f 4086 3972 4093
f 4096 4091 4086
f 3971 4101 4100
f 4100 4099 3964
f 4100 3964 3960
f 3959 3971 4100
f 3963 4104 4103
f 4103 4102 3966
f 4103 3966 3961
f 3962 3963 4103
f 4105 4110 4109
f 4108 4107 4106
f 4105 4109 4108
f 4106 4107 4112
f 4111 3967 3968
f 4106 4112 4111
f 3966 4102 4109
f 4110 3965 3966
f 4113 4115 4114
f 4114 3969 3970
f 4101 3971 3969
f 4112 4115 4113
f 4122 4121 4120
f 4120 4118 4119
f 4124 3721 3716
f 4116 4125 4124
f 3717 3734 4127
f 4127 4126 4117
f 4129 4126 4127
f 4127 4128 4131
f 4130 4129 4127
f 3702 3704 4134
f 4132 4134 4135
f 4135 4131 4128
f 4137 4121 4122
f 4140 4139 4138
f 4139 4137 4136
f 4141 4138 4142
f 4144 4140 4141
f 4145 4144 4143
f 4142 4124 4125
f 4166 4130 4131
f 4131 4163 4160
f 4126 4129 4167
f 4167 4159 4157
f 4165 4126 4167
f 4129 4130 4166
f 3704 3705 4164
f 4162 4135 4134
f 4134 4164 4161
f 4162 4163 4131
f 4150 4154 4121
f 4153 4151 4144
f 4157 4158 4168
f 4153 4145 4125
f 4168 4158 4152
f 4153 4125 4168
f 4151 4148 4140
f 4149 4150 4137
f 4148 4149 4139
f 4121 4154 4155
f 4155 4156 4118
f 4175 4174 4173
f 4173 4174 4182
f 4182 4181 4180
f 4182 4180 4179
f 4177 4173 4182
f 4182 4179 4178
f 4181 4182 4193
f 4193 4192 4191
f 4193 4191 4190
f 4183 4181 4193
f 4184 4183 4193
f 4193 4190 4189
f 4193 4189 4188
f 4185 4184 4193
f 4186 4185 4193
f 4193 4188 4187
f 4194 4196 4195
f 4195 4178 4179
f 4197 4199 4198
f 4198 4180 4181
f 4200 4202 4201
f 4201 4183 4184
f 4203 4205 4204
f 4204 4185 4186
f 4206 4208 4207
f 4207 4187 4188
f 4209 4211 4210
f 4210 4189 4190
f 4212 4191 4192
f 4192 4215 4214
f 4214 4213 4212
f 4212 4216 4209
f 4209 4190 4191
f 4210 4217 4206
f 4206 4188 4189
f 4207 4218 4203
f 4203 4186 4187
f 4204 4219 4200
f 4200 4184 4185
f 4201 4220 4197
f 4197 4181 4183
f 4198 4221 4194
f 4194 4179 4180
f 4177 4178 4195
f 4215 4224 4223
f 4175 4147 4171
f 4171 4182 4174
f 4172 4193 4182
f 4227 4234 4233
f 4232 4231 4230
f 4227 4233 4232
f 4228 4227 4232
f 4232 4230 4229
f 4235 4245 4234
f 4234 4227 4244
f 4234 4244 4243
f 4236 4235 4234
f 4237 4236 4234
f 4234 4243 4242
f 4234 4242 4241
f 4238 4237 4234
f 4239 4238 4234
f 4234 4241 4240
f 4233 4247 4246
f 4230 4231 4248
f 4250 4252 4228
f 4228 4229 4251
f 4253 4255 4244
f 4244 4227 4254
f 4256 4258 4242
f 4242 4243 4257
f 4259 4261 4240
f 4240 4241 4260
f 4262 4264 4238
f 4238 4239 4263
f 4265 4267 4236
f 4236 4237 4266
f 4268 4235 4236
f 4267 4270 4269
f 4268 4236 4267
f 4271 4266 4237
f 4237 4238 4264
f 4272 4263 4239
f 4239 4240 4261
f 4273 4260 4241
f 4241 4242 4258
f 4274 4257 4243
f 4243 4244 4255
f 4275 4254 4227
f 4227 4228 4252
f 4276 4251 4229
f 4229 4230 4249
f 4269 4225 4226
f 4234 4169 4146
f 4146 4247 4233
f 4169 4234 4245
f 4307 4306 4305
f 4192 4193 4311
f 4311 4310 4309
f 4215 4192 4309
f 4305 4306 4314
f 4215 4309 4305
f 4312 4215 4305
f 4305 4314 4313
f 4312 4300 4224
f 4314 4289 4302
f 4315 4311 4193
f 4320 4170 4245
f 4322 4321 4316
f 4323 4318 4319
f 4319 4245 4235
f 4323 4235 4268
f 4323 4268 4326
f 4324 4321 4322
f 4322 4323 4326
f 4325 4324 4322
f 4268 4226 4299
f 4301 4290 4324
f 4333 4284 4277
f 4277 4278 4334
f 4330 4334 4335
f 4337 4336 4327
f 4336 4296 4286
f 4286 4287 4338
f 4339 4340 4295
f 4295 4296 4336
f 4336 4337 4339
f 4339 4337 4328
f 4342 4291 4298
f 4295 4340 4345
f 4345 4298 4297
f 3963 4283 4341
f 4307 4344 4341
f 4341 4283 4289
f 4341 4289 4314
f 4306 4307 4341
f 4343 4316 4321
f 4324 4290 4291
f 4343 4321 4324
f 4324 4291 4342
f 4281 4282 4346
f 4281 4350 4351
f 4351 4279 4280
f 4347 4294 3964
f 4352 4335 4334
f 4334 4278 4279
f 4279 4351 4352
f 4332 4335 4352
f 4357 4292 4303
f 4359 4362 4361
f 4361 4360 4357
f 4358 4359 4361
f 4356 4360 4361
f 4364 4363 4353
f 4364 4368 4367
f 4366 4365 4363
f 4364 4367 4366
f 4304 4293 4365
f 4348 4353 4363
f 4365 4293 4294
f 4348 4363 4365
f 4365 4294 4347
f 4356 4349 4346
f 4346 4282 4292
f 4346 4292 4357
f 4360 4356 4346
f 4373 4369 4370
f 4370 4375 4374
f 4375 4370 4371
f 4371 4372 4377
f 4376 4375 4371
f 4380 4379 4378
f 4384 4383 4382
f 4386 4390 4389
f 4389 4388 4387
f 4391 4395 4394
f 4394 4393 4392
f 4396 4400 4399
f 4399 4398 4397
f 4401 4405 4404
f 4404 4403 4402
f 4406 4410 4409
f 4409 4408 4407
f 4411 4415 4414
f 4414 4413 4412
f 3656 3654 4418
f 4417 4414 4415
f 3656 4418 4417
f 4381 3656 4417
f 4417 4415 4416
f 4380 4381 4417
f 4419 4412 4413
f 4413 4409 4410
f 4420 4407 4408
f 4408 4404 4405
f 4421 4402 4403
f 4403 4399 4400
f 4422 4397 4398
f 4398 4394 4395
f 4423 4392 4393
f 4393 4389 4390
f 4424 4387 4388
f 4388 4384 4385
f 4418 4425 4373
f 4373 4374 4417
f 4417 4374 4375
f 4375 4376 4426
f 4426 4383 4384
f 4426 4384 4388
f 4417 4375 4426
f 4414 4417 4426
f 4426 4388 4389
f 4426 4389 4393
f 4413 4414 4426
f 4409 4413 4426
f 4426 4393 4394
f 4426 4394 4398
f 4408 4409 4426
f 4404 4408 4426
f 4426 4398 4399
f 4403 4404 4426
f 4376 4377 4427
f 3242 3241 4430
f 4429 4428 3268
f 3242 4430 4429
f 4431 4436 4435
f 4435 4434 4433
f 4432 4431 4435
f 4440 4444 4443
f 4443 4442 4441
f 4440 4437 4445
f 4443 4429 4430
f 4448 4447 4446
f 4452 4451 4450
f 4451 4455 4454
f 4455 4445 4437
f 4456 4457 4458
f 4447 4456 4459
f 4460 4438 4439
f 4462 4461 4439
f 4439 4464 4463
f 4465 4443 4444
f 4444 4467 4466
f 4445 4468 4467
f 4465 4428 4429
f 4469 4449 4446
f 4446 4471 4470
f 4451 4452 4474
f 4474 4473 4472
f 4475 4468 4445
f 4472 4475 4455
f 4476 4459 4458
f 4478 4477 4476
f 4471 4446 4459
f 4459 4476 4480
f 4479 4471 4459
f 4507 4506 4492
f 4499 3508 3509
f 4509 4507 4489
f 4508 4510 4487
f 4511 4474 4452
f 4452 4453 4488
f 4510 4512 4486
f 4513 4511 4488
f 4485 4448 4449
f 4449 4469 4513
f 4512 4509 4500
f 4493 4482 4483
f 4506 4482 4493
f 4501 4492 4506
f 4515 4514 4490
f 4495 4496 4516
f 4497 4518 4478
f 4458 4457 4497
f 4497 4498 4519
f 4514 4519 4498
f 4517 4515 4491
f 4520 4435 4436
f 4462 4521 4503
f 4503 4460 4461
f 4520 4502 4503
f 4432 4522 4504
f 4505 4504 4522
f 4538 4530 4506
f 4537 4538 4507
f 4540 4508 3509
f 3510 3651 4540
f 4511 4536 4473
f 4540 4541 4510
f 4541 4539 4512
f 4535 4536 4511
f 4470 4535 4513
f 4539 4537 4509
f 4481 4482 4531
f 4526 3648 3512
f 4481 4531 4526
f 3512 3511 4484
f 4484 4481 4526
f 4506 4530 4531
f 4518 4534 4477
f 4519 4533 4534
f 4516 4527 4528
f 4532 4533 4519
f 4528 4529 4515
f 4529 4532 4514
f 4525 4434 4435
f 4462 4463 4524
f 4521 4524 4525
f 4433 4542 4522
f 4522 4542 4543
f 4548 4547 4544
f 4549 4548 4545
f 4551 4552 4554
f 4555 4556 4550
f 4556 4549 4546
f 4553 4544 4547
f 4554 4564 4563
f 4560 4561 4548
f 4563 4562 4556
f 4562 4560 4549
f 4557 4547 4558
f 4561 4558 4547
f 4557 4559 4567
f 4567 4565 4553
f 4565 4567 4570
f 4565 4570 4569
f 4568 4566 4565
f 4603 4602 4581
f 4523 4604 4600
f 4580 4581 4602
f 4607 4606 4590
f 4592 4608 4607
f 3955 4589 4609
f 4606 4610 4594
f 4579 4494 4483
f 4572 4611 4579
f 4611 4609 4589
f 4604 4612 4599
f 4496 4599 4612
f 4594 4610 4613
f 4613 4614 4596
f 4575 4608 4592
f 4615 4585 3956
f 4585 4615 4616
f 4616 4587 4584
f 4617 4586 4587
f 4586 4617 4576
f 4595 4580 4605
f 4578 4619 4603
f 4603 4582 4583
f 4577 4566 4568
f 4614 4621 4601
f 4597 4596 4614
f 4552 4601 4621
f 3953 3954 4609
f 4609 4624 4634
f 4634 4069 3953
f 4639 4625 4606
f 4608 4638 4639
f 4568 4569 4646
f 4642 4643 4603
f 4543 4633 4604
f 4625 4626 4610
f 4572 4571 4647
f 4647 4630 4629
f 4629 4627 4611
f 4627 4624 4609
f 3952 4068 4648
f 4648 4573 4574
f 4574 3951 3952
f 4648 4647 4571
f 4633 4631 4612
f 4612 4631 4527
f 4610 4626 4628
f 4614 4613 4628
f 4614 4628 4622
f 4623 4632 4614
f 4614 4632 4645
f 4621 4645 4564
f 4643 4640 4602
f 4605 4602 4640
f 4618 4605 4641
f 4576 4617 4637
f 4637 4638 4608
f 4575 4576 4637
f 4635 4615 3957
f 3958 4070 4635
f 4615 4635 4636
f 4636 4637 4617
f 4656 4653 4654
f 4654 4658 4657
f 4659 4655 4652
f 4652 4653 4656
f 4660 4659 4652
f 4663 4662 4661
f 4665 4669 4668
f 4668 4667 4666
f 4670 4674 4673
f 4673 4672 4671
f 4675 4679 4678
f 4678 4677 4676
f 4680 4684 4683
f 4683 4682 4681
f 4685 4689 4688
f 4688 4687 4686
f 4690 4694 4693
f 4693 4692 4691
f 4690 4691 4696
f 4695 4098 4095
f 4690 4696 4695
f 4650 4651 4690
f 4695 4095 4649
f 4649 4650 4690
f 4693 4697 4685
f 4685 4686 4692
f 4688 4698 4680
f 4680 4681 4687
f 4683 4699 4675
f 4675 4676 4682
f 4678 4700 4670
f 4670 4671 4677
f 4673 4701 4665
f 4665 4666 4672
f 4668 4702 4661
f 4661 4662 4667
f 4696 4657 4658
f 4658 4703 4695
f 4704 4660 4656
f 4656 4657 4696
f 4656 4696 4691
f 4663 4704 4656
f 4662 4663 4656
f 4656 4691 4692
f 4656 4692 4686
f 4667 4662 4656
f 4666 4667 4656
f 4656 4686 4687
f 4656 4687 4681
f 4672 4666 4656
f 4671 4672 4656
f 4656 4681 4682
f 4656 4682 4676
f 4677 4671 4656
f 4659 4660 4704
f 4649 4707 4706
f 4718 4717 4716
f 4720 4724 4723
f 4723 4722 4721
f 4721 4722 4739
f 4739 4718 4719
f 4719 4738 4737
f 4719 4737 4736
f 4721 4739 4719
f 4725 4721 4719
f 4719 4736 4735
f 4719 4735 4734
f 4726 4725 4719
f 4727 4726 4719
f 4719 4734 4733
f 4719 4733 4732
f 4728 4727 4719
f 4729 4728 4719
f 4719 4732 4731
f 4730 4729 4719
f 4740 4742 4736
f 4736 4737 4741
f 4743 4745 4734
f 4734 4735 4744
f 4746 4748 4732
f 4732 4733 4747
f 4749 4751 4730
f 4730 4731 4750
f 4752 4754 4728
f 4728 4729 4753
f 4755 4757 4726
f 4726 4727 4756
f 4367 4368 4720
f 4721 4725 4761
f 4367 4720 4721
f 4758 4367 4721
f 4721 4761 4760
f 4759 4758 4721
f 4762 4761 4725
f 4725 4726 4757
f 4763 4756 4727
f 4727 4728 4754
f 4764 4753 4729
f 4729 4730 4751
f 4765 4750 4731
f 4731 4732 4748
f 4766 4747 4733
f 4733 4734 4745
f 4767 4744 4735
f 4735 4736 4742
f 4737 4738 4768
f 4759 4710 4711
f 4723 4712 4713
f 4713 4739 4722
f 4739 4713 4714
f 4714 4715 4717
f 4718 4739 4714
f 4772 4776 4775
f 4775 4774 4773
f 4777 4793 4792
f 4792 4776 4772
f 4792 4772 4791
f 4778 4777 4792
f 4779 4778 4792
f 4792 4791 4790
f 4792 4790 4789
f 4780 4779 4792
f 4781 4780 4792
f 4792 4789 4788
f 4792 4788 4787
f 4782 4781 4792
f 4783 4782 4792
f 4792 4787 4786
f 4792 4786 4785
f 4784 4783 4792
f 4794 4793 4777
f 4778 4779 4796
f 4798 4800 4799
f 4799 4780 4781
f 4801 4803 4802
f 4802 4782 4783
f 4804 4806 4805
f 4805 4784 4785
f 4807 4809 4808
f 4808 4786 4787
f 4810 4812 4811
f 4811 4788 4789
f 4813 4815 4814
f 4814 4790 4791
f 4813 4791 4772
f 4773 4362 4359
f 4813 4772 4773
f 4770 4771 4813
f 4773 4359 4769
f 4769 4770 4813
f 4814 4816 4810
f 4810 4789 4790
f 4811 4817 4807
f 4807 4787 4788
f 4808 4818 4804
f 4804 4785 4786
f 4805 4819 4801
f 4801 4783 4784
f 4802 4820 4798
f 4798 4781 4782
f 4799 4821 4796
f 4796 4779 4780
f 4792 4823 4822
f 4822 4775 4776
f 4794 4825 4824
f 4824 4823 4792
f 4793 4794 4824
f 4769 4708 4709
o de_nuke_world_geometry.011
v 2180.532715 -136.662292 -1180.658203
v 2180.532715 -136.662292 -1267.526245
v 1961.076782 -136.662292 -1304.102173
v 2143.956787 -136.662292 -1304.102173
v 1993.080566 -136.662292 -1180.658203
v 1961.076782 -136.662292 -1180.658203
v 1119.828735 -136.662292 -1340.678223
v 1119.828735 -136.662292 -1304.102173
v 1119.828735 -136.662292 -1486.982178
v 1119.828735 -136.662292 -1468.694214
v 1119.828735 -136.662292 -1395.542236
v 1924.500732 -136.662292 -1180.658203
v 1924.500732 -136.662292 -1304.102173
v 1631.892700 -136.662292 -1180.658203
v 1394.148804 -136.662292 -1180.658203
v 1394.148804 -136.662292 -1340.678223
v 1394.148804 -136.662292 -1450.406250
v 1394.148804 -136.662292 -1486.982178
v 1668.468750 -136.662292 -1486.982178
v 1924.500732 -136.662292 -1486.982178
v 1924.500732 -136.662292 -1340.678223
v 1211.268799 -136.662292 -1468.694214
v 1211.268799 -136.662292 -1395.542236
v 1284.420776 -136.662292 -1486.982178
v 1284.420776 -136.662292 -1468.694214
v 1119.828735 -136.662292 -1180.658203
v 1284.420776 -136.662292 -1395.542236
v 1284.420776 -136.662292 -1340.678223
v 1284.420776 -136.662292 -1180.658203
v 1284.420776 -136.662292 -1450.406250
v 1375.860718 -136.662292 -1486.982178
v 1778.196777 -392.694305 -1249.238159
v 1741.620728 -392.694305 -1249.238159
v 1668.468750 -392.694305 -1249.238159
v 1668.468750 -173.238297 -1249.238159
v 1741.620728 -173.238297 -1249.238159
v 1778.196777 -173.238297 -1249.238159
v 1266.132690 -173.238297 -1249.238159
v 1375.860718 -173.238297 -1249.238159
v 1375.860718 -392.694305 -1249.238159
v 1266.132690 -392.694305 -1249.238159
v 1375.860718 -173.238297 -1486.982178
v 1485.588623 -392.694305 -1249.238159
v 1668.468750 -173.238297 -1486.982178
v 1631.892700 -173.238297 -1486.982178
v 1631.892700 -173.238297 -1249.238159
v 1485.588623 -173.238297 -1249.238159
v 1814.772705 -173.238297 -1212.662231
v 1814.772705 -173.238297 -1180.658203
v 1814.772705 -392.694305 -1180.658203
v 1814.772705 -392.694305 -1212.662231
v 1229.556641 -173.238297 -1180.658203
v 1229.556641 -173.238297 -1212.662231
v 1229.556641 -392.694305 -1212.662231
v 1229.556641 -392.694305 -1180.658203
v 1741.620728 -392.694305 -1180.658203
v 1485.588623 -392.694305 -1180.658203
v 1741.620728 -173.238297 -1180.658203
v 1485.588623 -173.238297 -1180.658203
v 1064.964722 -136.662292 -1180.658203
v 1064.964722 -136.662292 -1304.102173
v 2180.532715 -136.662292 -1084.646240
v 2180.532715 -136.662292 -1121.222168
v 2180.532715 -136.662292 -828.614136
v 1993.080566 -136.662292 -1121.222168
v 1993.080566 -136.662292 -828.614136
v 2399.988770 -136.662292 -499.430176
v 2399.988770 -136.662292 -609.158203
v 2180.532715 -136.662292 -462.854187
v 2326.836670 -136.662292 -462.854187
v 2326.836670 -136.662292 -426.278168
v 2180.532715 -136.662292 -426.278168
v 1993.080566 -136.662292 -499.430176
v 2363.412842 -136.662292 -499.430176
v 2363.412842 -136.662292 -462.854187
v 1993.080566 -136.662292 -462.854187
v 1993.080566 -136.662292 -609.158203
v 2363.412842 -136.662292 -609.158203
v 2180.532715 -136.662292 -792.038147
v 1993.080566 -136.662292 -792.038147
v 2363.412842 -136.662292 -792.038147
v 1993.080566 -136.662292 -426.278168
v 2363.412842 -136.662292 -426.278168
v 2363.412842 -136.662292 -225.110199
v 2249.112793 -136.662292 -225.110199
v 1993.080566 -136.662292 -225.110199
v 1993.080566 -538.998291 -78.806190
v 2180.532715 -538.998291 -78.806190
v 2180.532715 -538.998291 -60.518188
v 2107.380859 -538.998291 -60.518188
v 1993.080566 -538.998291 -60.518188
v 1924.500732 -136.662292 -1084.646240
v 1924.500732 -136.662292 -1121.222168
v 1924.500732 -136.662292 -828.614136
v 1961.076782 -136.662292 -1121.222168
v 1961.076782 -136.662292 -828.614136
v 1961.076782 -136.662292 -1084.646240
v 1961.076782 -136.662292 -462.854187
v 1961.076782 -136.662292 -718.886169
v 1961.076782 -136.662292 -225.110199
v 1961.076782 -136.662292 -426.278168
v 1924.500732 -538.998291 -60.518188
v 1924.500732 -538.998291 -78.806190
v 1974.792725 -538.998291 -78.806190
v 1974.792725 -538.998291 -60.518188
v 1983.936768 -538.998291 -60.518188
v 1983.936768 -538.998291 -78.806190
v 1924.500732 -397.266296 -78.806190
v 1924.500732 -397.266296 -60.518188
v 1119.828735 -136.662292 -1121.222168
v 1119.828735 -136.662292 -1084.646240
v 1119.828735 -136.662292 -828.614136
v 1705.044678 -392.694305 -536.006165
v 1631.892700 -392.694305 -536.006165
v 1631.892700 -392.694305 -737.174133
v 1668.468750 -392.694305 -737.174133
v 1705.044678 -392.694305 -737.174133
v 1412.436646 -392.694305 -536.006165
v 1247.844727 -392.694305 -536.006165
v 1156.404785 -392.694305 -536.006165
v 1156.404785 -392.694305 -572.582214
v 1156.404785 -392.694305 -737.174133
v 1412.436646 -392.694305 -737.174133
v 1668.468750 -392.694305 -828.614136
v 1705.044678 -392.694305 -828.614136
v 1412.436646 -392.694305 -828.614136
v 1485.588623 -392.694305 -828.614136
v 1156.404785 -392.694305 -828.614136
v 1229.556641 -392.694305 -828.614136
v 1741.620728 -392.694305 -828.614136
v 1814.772705 -392.694305 -828.614136
v 1229.556641 -392.694305 -1011.494202
v 1229.556641 -392.694305 -1084.646240
v 1229.556641 -392.694305 -1102.934204
v 1339.284668 -392.694305 -1102.934204
v 1339.284668 -392.694305 -1011.494202
v 1705.044678 -392.694305 -1102.934204
v 1741.620728 -392.694305 -1102.934204
v 1814.772705 -392.694305 -1102.934204
v 1814.772705 -392.694305 -1084.646240
v 1814.772705 -392.694305 -1011.494202
v 1741.620728 -392.694305 -1011.494202
v 1705.044678 -392.694305 -1011.494202
v 1595.316650 -392.694305 -1102.934204
v 1485.588623 -392.694305 -1102.934204
v 1485.588623 -392.694305 -1011.494202
v 1595.316650 -392.694305 -1011.494202
v 1814.772705 -173.238297 -828.614136
v 1741.620728 -173.238297 -828.614136
v 1485.588623 -173.238297 -828.614136
v 1229.556641 -173.238297 -828.614136
v 1741.620728 -173.238297 -1102.934204
v 1814.772705 -173.238297 -1102.934204
v 1485.588623 -173.238297 -1102.934204
v 1595.316650 -173.238297 -1102.934204
v 1705.044678 -173.238297 -1102.934204
v 1229.556641 -173.238297 -1102.934204
v 1339.284668 -173.238297 -1102.934204
v 1814.772705 -173.238297 -938.342163
v 1814.772705 -173.238297 -1011.494202
v 1741.620728 -173.238297 -1011.494202
v 1705.044678 -173.238297 -1011.494202
v 1595.316650 -173.238297 -1011.494202
v 1485.588623 -173.238297 -1011.494202
v 1229.556641 -173.238297 -938.342163
v 1339.284668 -173.238297 -1011.494202
v 1229.556641 -173.238297 -1011.494202
v 1412.436646 -136.662292 -755.462158
v 1357.572754 -136.662292 -755.462158
v 1284.420776 -136.662292 -755.462158
v 1156.404785 -136.662292 -755.462158
v 1887.924683 -136.662292 -755.462158
v 1686.756714 -136.662292 -755.462158
v 1631.892700 -136.662292 -755.462158
v 1156.404785 -136.662292 -828.614136
v 1412.436646 -136.662292 -828.614136
v 1887.924683 -136.662292 -828.614136
v 1631.892700 -136.662292 -828.614136
v 1631.892700 -136.662292 -810.326172
v 1631.892700 -136.662292 -773.750122
v 1412.436646 -136.662292 -810.326172
v 1412.436646 -136.662292 -773.750122
v 1887.924683 -136.662292 -572.582214
v 1887.924683 -136.662292 -316.550171
v 1887.924683 -136.662292 -60.518188
v 1887.924683 -136.662292 -243.398209
v 1156.404785 -136.662292 -554.294189
v 1156.404785 -136.662292 -298.262146
v 1247.844727 -136.662292 -261.686157
v 1247.844727 -136.662292 -279.974152
v 1247.844727 -136.662292 -298.262146
v 1284.420776 -136.662292 -298.262146
v 1284.420776 -136.662292 -243.398209
v 1247.844727 -136.662292 -243.398209
v 1421.580688 -136.662292 -60.518188
v 1357.572754 -136.662292 -60.518188
v 1357.572754 -136.662292 -243.398209
v 1686.756714 -136.662292 -243.398209
v 1686.756714 -136.662292 -60.518188
v 1339.284668 -136.662292 -243.398209
v 1339.284668 -136.662292 -60.518188
v 1887.924683 -538.998291 -828.614136
v 1705.044678 -538.998291 -828.614136
v 1887.924683 -538.998291 -115.382195
v 1887.924683 -538.998291 -60.518188
v 1631.892700 -538.998291 -243.398209
v 1759.908691 -538.998291 -243.398209
v 1631.892700 -538.998291 -60.518188
v 1375.860718 -538.998291 -243.398209
v 1412.436646 -538.998291 -243.398209
v 1375.860718 -538.998291 -60.518188
v 1119.828735 -538.998291 -60.518188
v 1119.828735 -538.998291 -78.806190
v 1156.404785 -538.998291 -115.382195
v 1284.420776 -538.998291 -243.398209
v 1631.892700 -538.998291 -371.414154
v 1723.332764 -538.998291 -279.974152
v 1320.996826 -538.998291 -279.974152
v 1412.436646 -538.998291 -371.414154
v 1887.924683 -538.998291 -279.974152
v 1631.892700 -538.998291 -499.430176
v 1631.892700 -538.998291 -536.006165
v 1705.044678 -538.998291 -536.006165
v 1887.924683 -538.998291 -536.006165
v 1887.924683 -538.998291 -371.414154
v 1887.924683 -538.998291 -572.582214
v 1705.044678 -538.998291 -572.582214
v 1887.924683 -538.998291 -627.446167
v 1705.044678 -538.998291 -737.174133
v 1156.404785 -538.998291 -279.974152
v 1156.404785 -538.998291 -371.414154
v 1156.404785 -538.998291 -536.006165
v 1412.436646 -538.998291 -536.006165
v 1412.436646 -538.998291 -499.430176
v 1887.924683 -397.266296 -60.518188
v 1887.924683 -397.266296 -115.382195
v 1412.436646 -468.555603 -481.142181
v 1631.892700 -468.555603 -481.142181
v 1156.404785 -397.266296 -115.382195
v 1156.404785 -397.266296 -60.518188
v 1119.828735 -397.266296 -78.806190
v 1119.828735 -397.266296 -60.518188
v 1083.252808 -136.662292 -1121.222168
v 1064.964722 -136.662292 -1121.222168
v 1083.252808 -136.662292 -1084.646240
v 1083.252808 -136.662292 -828.614136
v 1064.964722 -136.662292 -828.614136
v 1083.252808 -136.662292 -353.126160
v 1083.252808 -136.662292 -316.550171
v 1083.252808 -136.662292 -60.518188
v 1064.964722 -136.662292 -60.518188
v 1064.964722 -136.662292 -78.806190
v 1064.964722 -136.662292 -353.126160
v 1083.252808 -136.662292 -645.734192
v 1083.252808 -136.662292 -389.702179
v 1064.964722 -136.662292 -389.702179
v 1064.964722 -136.662292 -572.582214
v 1064.964722 -136.662292 -682.310181
v 1064.964722 -136.662292 -700.598145
v 1064.964722 -136.662292 -792.038147
v 1069.536621 -538.998291 -78.806190
v 1069.536621 -538.998291 -60.518188
v 3424.116699 -173.238297 981.897949
v 3277.812744 -173.238297 981.897949
v 3277.812744 -173.238297 963.609802
v 3424.116699 -173.238297 963.609802
v 3241.236816 -136.662292 890.457825
v 3241.236816 -136.662292 1073.337769
v 3424.116699 -136.662292 853.881775
v 3277.812744 -136.662292 853.881775
v 3424.116699 -164.094299 945.321899
v 3424.116699 -154.950302 945.321899
v 3424.116699 -136.662292 945.321899
v 3424.116699 -136.662292 963.609802
v 3424.116699 -164.094299 963.609802
v 3424.116699 -145.806305 908.745911
v 3424.116699 -136.662292 908.745911
v 3424.116699 -136.662292 927.033813
v 3424.116699 -145.806305 927.033813
v 3424.116699 -154.950302 927.033813
v 3424.116699 -173.238297 1073.337769
v 3424.116699 -173.238297 1055.049927
v 3424.116699 -173.238297 1036.761841
v 3424.116699 -173.238297 1018.473938
v 3424.116699 -173.238297 1000.185791
v 3424.116699 -136.662292 1073.337769
v 3424.116699 -136.662292 890.457825
v 3460.692871 -136.662292 890.457825
v 3460.692871 -136.662292 1073.337769
v 3277.812744 -164.094299 963.609802
v 3277.812744 -136.662292 963.609802
v 3277.812744 -136.662292 945.321899
v 3277.812744 -154.950302 945.321899
v 3277.812744 -164.094299 945.321899
v 3277.812744 -145.806305 927.033813
v 3277.812744 -136.662292 927.033813
v 3277.812744 -136.662292 908.745911
v 3277.812744 -145.806305 908.745911
v 3277.812744 -154.950302 927.033813
v 3277.812744 -173.238297 1000.185791
v 3277.812744 -173.238297 1018.473938
v 3277.812744 -173.238297 1036.761841
v 3277.812744 -173.238297 1055.049927
v 3277.812744 -173.238297 1073.337769
v 3277.812744 -136.662292 1073.337769
v 3277.812744 -136.662292 890.457825
v 3149.796875 -136.662292 945.321899
v 3168.084961 -136.662292 945.321899
v 3168.084961 -136.662292 780.729797
v 3149.796875 -136.662292 780.729797
v 3149.796875 -136.662292 1055.049927
v 3168.084961 -136.662292 1055.049927
v 3168.084961 -136.662292 1073.337769
v 3149.796875 -136.662292 1073.337769
v 3424.116699 -173.238297 1347.657715
v 3424.116699 -173.238297 1329.369873
v 3277.812744 -173.238297 1329.369873
v 3277.812744 -173.238297 1347.657715
v 3277.812744 -173.238297 1365.945801
v 3424.116699 -173.238297 1365.945801
v 3533.844971 -173.238297 1621.977905
v 3533.844971 -173.238297 1658.553833
v 3552.132568 -173.238297 1658.553833
v 3570.420654 -173.238297 1640.265747
v 3570.420654 -173.238297 1621.977905
v 3570.420654 -173.238297 1384.233765
v 3552.132568 -173.238297 1365.945801
v 3533.844971 -173.238297 1365.945801
v 3277.812744 -173.238297 1621.977905
v 3277.812744 -173.238297 1640.265747
v 3296.100830 -173.238297 1658.553833
v 3460.692871 -173.238297 1365.945801
v 3277.812744 -173.238297 1603.689819
v 3149.796875 -136.662292 1512.249878
v 3168.084961 -136.662292 1512.249878
v 3241.236816 -136.662292 1329.369873
v 3277.812744 -136.662292 1329.369873
v 3424.116699 -136.662292 1329.369873
v 3460.692871 -136.662292 1329.369873
v 3424.116699 -173.238297 1311.081787
v 3424.116699 -173.238297 1292.793823
v 3424.116699 -173.238297 1274.505737
v 3424.116699 -173.238297 1256.217896
v 3424.116699 -173.238297 1237.929688
v 3424.116699 -173.238297 1219.641846
v 3424.116699 -173.238297 1201.354004
v 3424.116699 -173.238297 1183.065796
v 3424.116699 -173.238297 1164.777954
v 3424.116699 -173.238297 1146.489868
v 3424.116699 -173.238297 1128.201904
v 3424.116699 -173.238297 1109.913818
v 3424.116699 -173.238297 1091.625977
v 3277.812744 -173.238297 1091.625977
v 3277.812744 -173.238297 1109.913818
v 3277.812744 -173.238297 1128.201904
v 3277.812744 -173.238297 1146.489868
v 3277.812744 -173.238297 1164.777954
v 3277.812744 -173.238297 1183.065796
v 3277.812744 -173.238297 1201.354004
v 3277.812744 -173.238297 1219.641846
v 3277.812744 -173.238297 1237.929688
v 3277.812744 -173.238297 1256.217896
v 3277.812744 -173.238297 1274.505737
v 3277.812744 -173.238297 1292.793823
v 3277.812744 -173.238297 1311.081787
v 3168.084961 -136.662292 1256.217896
v 3058.356689 -136.662292 1055.049927
v 2509.716797 -136.662292 890.457825
v 2509.716797 -136.662292 1055.049927
v 3058.356689 -136.662292 945.321899
v 3058.356689 -136.662292 890.457825
v 3058.356689 -136.662292 780.729797
v 2582.868896 -136.662292 890.457825
v 2582.868896 -136.662292 780.729797
v 2765.748535 -136.662292 780.729797
v 2985.204590 -136.662292 780.729797
v 2765.748535 -136.662292 762.441772
v 2765.748535 -136.662292 725.865784
v 2765.748535 -136.662292 707.577759
v 2930.340820 -136.662292 707.577759
v 2985.204590 -136.662292 707.577759
v 2985.204590 -136.662292 725.865784
v 2985.204590 -136.662292 762.441772
v 2107.380859 -538.998291 76.641769
v 2180.532715 -538.998291 76.641769
v 1412.436646 -538.998291 963.609802
v 1485.588623 -538.998291 963.609802
v 1558.740723 -538.998291 963.609802
v 1577.028809 -538.998291 963.609802
v 1686.756714 -538.998291 963.609802
v 1686.756714 -538.998291 1018.473938
v 1668.468750 -538.998291 1018.473938
v 1412.436646 -538.998291 1018.473938
v 1156.404785 -538.998291 963.609802
v 1156.404785 -538.998291 1018.473938
v 1741.620728 -538.998291 963.609802
v 1796.484741 -538.998291 963.609802
v 1887.924683 -538.998291 963.609802
v 1887.924683 -538.998291 1018.473938
v 1741.620728 -538.998291 1018.473938
v 1887.924683 -538.998291 1055.049927
v 1787.340820 -538.998291 1055.049927
v 1668.468750 -538.998291 1055.049927
v 1631.892700 -538.998291 1055.049927
v 1412.436646 -538.998291 1055.049927
v 1375.860718 -538.998291 1055.049927
v 1256.988770 -538.998291 1055.049927
v 1156.404785 -538.998291 1055.049927
v 1796.484741 -538.998291 890.457825
v 1887.924683 -538.998291 890.457825
v 1558.740723 -538.998291 890.457825
v 1577.028809 -538.998291 890.457825
v 1412.436646 -538.998291 890.457825
v 1485.588623 -538.998291 890.457825
v 1156.404785 -538.998291 890.457825
v 1119.828735 -538.998291 76.641769
v 1069.536621 -538.998291 76.641769
v 1974.792725 -538.998291 76.641769
v 1924.500732 -538.998291 76.641769
v 1983.936768 -538.998291 76.641769
v 1887.924683 -538.998291 113.217773
v 1805.628784 -538.998291 195.513840
v 1631.892700 -538.998291 369.249817
v 1631.892700 -538.998291 195.513840
v 1421.580688 -538.998291 378.393860
v 1375.860718 -538.998291 332.673798
v 1375.860718 -538.998291 195.513840
v 1622.748779 -538.998291 378.393860
v 1238.700684 -538.998291 195.513840
v 1156.404785 -538.998291 113.217773
v 1668.468750 -538.998291 378.393860
v 1887.924683 -538.998291 378.393860
v 1412.436646 -538.998291 378.393860
v 1156.404785 -538.998291 378.393860
v 1083.252808 -136.662292 305.241852
v 1083.252808 -136.662292 232.089844
v 1083.252808 -136.662292 -42.230186
v 1083.252808 -136.662292 451.545868
v 1083.252808 -136.662292 378.393860
v 1887.924683 -136.662292 49.209824
v 1887.924683 -136.662292 305.241852
v 1887.924683 -136.662292 561.273865
v 1887.924683 -136.662292 488.121887
v 1156.404785 -136.662292 561.273865
v 1275.276733 -136.662292 561.273865
v 1366.716675 -136.662292 561.273865
v 1412.436646 -136.662292 561.273865
v 1769.052734 -136.662292 561.273865
v 1631.892700 -136.662292 561.273865
v 1677.612793 -136.662292 561.273865
v 1686.756714 -136.662292 488.121887
v 1759.908691 -136.662292 488.121887
v 1769.052734 -136.662292 488.121887
v 1677.612793 -136.662292 488.121887
v 1421.580688 -136.662292 250.377838
v 1421.580688 -136.662292 488.121887
v 1421.580688 -136.662292 561.273865
v 1339.284668 -136.662292 250.377838
v 1275.276733 -136.662292 250.377838
v 1156.404785 -136.662292 250.377838
v 1339.284668 -136.662292 -5.654182
v 1275.276733 -136.662292 488.121887
v 1357.572754 -136.662292 488.121887
v 1366.716675 -136.662292 488.121887
v 1284.420776 -136.662292 488.121887
v 1275.276733 -136.662292 378.393860
v 1275.276733 -136.662292 305.241852
v 1156.404785 -136.662292 378.393860
v 1156.404785 -136.662292 305.241852
v 1412.436646 -136.662292 634.425781
v 1631.892700 -136.662292 634.425781
v 1412.436646 -136.662292 579.561890
v 1412.436646 -136.662292 616.137878
v 1631.892700 -136.662292 616.137878
v 1631.892700 -136.662292 579.561890
v 1064.964722 -136.662292 -42.230186
v 1064.964722 -136.662292 232.089844
v 1064.964722 -136.662292 451.545868
v 1887.924683 -397.266296 113.217773
v 1924.500732 -397.266296 -37.658157
v 1924.500732 -397.266296 35.493851
v 1924.500732 -397.266296 76.641769
v 1156.404785 -397.266296 113.217773
v 1119.828735 -397.266296 -37.658157
v 1119.828735 -397.266296 35.493851
v 1119.828735 -397.266296 76.641769
v 2656.020752 -136.662292 1292.793823
v 3058.356689 -136.662292 1292.793823
v 3058.356689 -136.662292 1402.521851
v 2656.020752 -136.662292 1402.521851
v 2582.868896 -136.662292 1256.217896
v 2509.716797 -136.662292 1256.217896
v 3058.356689 -136.662292 1256.217896
v 2582.868896 -136.662292 1292.793823
v 2582.868896 -136.662292 1402.521851
v 3058.356689 -136.662292 1512.249878
v 2838.900635 -136.662292 1512.249878
v 2582.868896 -136.662292 1512.249878
v 3094.932861 -136.662292 1512.249878
v 2180.532715 -538.998291 1192.209839
v 2107.380859 -538.998291 1192.209839
v 2180.532715 -538.998291 1347.657715
v 2107.380859 -538.998291 1347.657715
v 1412.436646 -538.998291 1640.265747
v 1412.436646 -538.998291 1804.857910
v 1156.404785 -538.998291 1804.857910
v 1156.404785 -538.998291 1640.265747
v 1284.420776 -538.998291 1512.249878
v 1156.404785 -538.998291 1548.825928
v 1156.404785 -538.998291 1384.233765
v 1887.924683 -538.998291 1155.633911
v 1412.436646 -538.998291 1548.825928
v 1375.860718 -538.998291 1512.249878
v 1412.436646 -538.998291 1512.249878
v 1759.908691 -538.998291 1512.249878
v 1631.892700 -538.998291 1640.265747
v 1631.892700 -538.998291 1548.825928
v 1631.892700 -538.998291 1512.249878
v 1887.924683 -538.998291 1311.081787
v 1924.500732 -538.998291 1192.209839
v 1924.500732 -538.998291 1347.657715
v 1887.924683 -538.998291 1384.233765
v 1631.892700 -538.998291 1311.081787
v 1375.860718 -538.998291 1311.081787
v 1119.828735 -538.998291 1347.657715
v 1119.828735 -538.998291 1311.081787
v 1119.828735 -538.998291 1192.209839
v 1156.404785 -538.998291 1155.633911
v 1887.924683 -538.998291 1804.857910
v 1631.892700 -538.998291 1804.857910
v 1887.924683 -538.998291 1640.265747
v 1887.924683 -538.998291 1548.825928
v 1983.936768 -538.998291 1347.657715
v 1983.936768 -538.998291 1192.209839
v 1974.792725 -538.998291 1347.657715
v 1974.792725 -538.998291 1192.209839
v 1069.536621 -538.998291 1347.657715
v 1069.536621 -538.998291 1192.209839
v 1924.500732 -397.266296 1192.209839
v 1924.500732 -397.266296 1233.357788
v 1924.500732 -397.266296 1306.509766
v 1924.500732 -397.266296 1347.657715
v 1887.924683 -392.694305 1841.433960
v 1887.924683 -392.694305 2006.025635
v 1668.468750 -392.694305 2006.025635
v 1631.892700 -392.694305 2006.025635
v 1631.892700 -392.694305 1804.857910
v 1796.484741 -392.694305 1804.857910
v 1887.924683 -392.694305 1804.857910
v 1412.436646 -392.694305 2006.025635
v 1156.404785 -392.694305 2006.025635
v 1156.404785 -392.694305 1841.433960
v 1156.404785 -392.694305 1804.857910
v 1247.844727 -392.694305 1804.857910
v 1412.436646 -392.694305 1804.857910
v 1887.924683 -392.694305 2097.465820
v 1668.468750 -392.694305 2097.465820
v 1412.436646 -392.694305 2097.465820
v 1156.404785 -392.694305 2097.465820
v 1887.924683 -397.266296 1384.233765
v 1887.924683 -397.266296 1155.633911
v 1412.436646 -463.136993 1768.281860
v 1631.892700 -463.136993 1768.281860
v 1156.404785 -397.266296 1155.633911
v 1156.404785 -397.266296 1384.233765
v 1119.828735 -397.266296 1192.209839
v 1119.828735 -397.266296 1233.357788
v 1119.828735 -397.266296 1347.657715
v 1119.828735 -397.266296 1306.509766
v 1060.392700 -538.998291 -78.806190
v 863.796692 -538.998291 -78.806190
v 900.372681 -136.662292 -1304.102173
v 388.308685 -136.662292 -206.822205
v 388.308685 -136.662292 -243.398209
v 571.188660 -136.662292 -700.598145
v 516.324646 -136.662292 -700.598145
v 863.796692 -136.662292 -1267.526245
v 863.796692 -136.662292 -1121.222168
v 863.796692 -136.662292 -1084.646240
v 863.796692 -136.662292 -828.614136
v 754.068665 -136.662292 -700.598145
v 754.068665 -136.662292 -792.038147
v 790.644653 -136.662292 -792.038147
v 790.644653 -136.662292 -700.598145
v 863.796692 -136.662292 -792.038147
v 498.036652 -136.662292 -792.038147
v 498.036652 -136.662292 -700.598145
v 571.188660 -136.662292 -792.038147
v 571.188660 -136.662292 -755.462158
v 516.324646 -136.662292 -755.462158
v 516.324646 -136.662292 -792.038147
v 571.188660 -136.662292 -718.886169
v 571.188660 -136.662292 -737.174133
v 516.324646 -136.662292 -737.174133
v 516.324646 -136.662292 -718.886169
v 1010.100708 -136.662292 -78.806190
v 1010.100708 -136.662292 -353.126160
v 571.188660 -136.662292 -78.806190
v 516.324646 -136.662292 -78.806190
v 498.036652 -136.662292 -78.806190
v 498.036652 -136.662292 -353.126160
v 571.188660 -136.662292 -353.126160
v 680.916626 -136.662292 -353.126160
v 936.948669 -136.662292 -353.126160
v 571.188660 -136.662292 -682.310181
v 571.188660 -136.662292 -572.582214
v 571.188660 -136.662292 -389.702179
v 498.036652 -136.662292 -389.702179
v 498.036652 -136.662292 -645.734192
v 754.068665 -136.662292 -682.310181
v 790.644653 -136.662292 -682.310181
v 754.068665 -136.662292 -389.702179
v 680.916626 -136.662292 -389.702179
v 754.068665 -136.662292 -572.582214
v 790.644653 -136.662292 -389.702179
v 790.644653 -136.662292 -572.582214
v 461.460693 -136.662292 -206.822205
v 461.460693 -136.662292 -78.806190
v 388.308685 -136.662292 -78.806190
v 278.580688 -136.662292 -243.398209
v 278.580688 -136.662292 -206.822205
v 242.004684 -136.662292 -206.822205
v 242.004684 -136.662292 -78.806190
v 571.188660 -136.662292 -42.230186
v 571.188660 -136.662292 12.633820
v 571.188660 -136.662292 195.513840
v 516.324646 -136.662292 195.513840
v 516.324646 -136.662292 -23.942184
v 936.948669 -136.662292 232.089844
v 827.220642 -136.662292 232.089844
v 827.220642 -136.662292 195.513840
v 936.948669 -136.662292 195.513840
v 717.492676 -136.662292 195.513840
v 936.948669 -136.662292 12.633820
v 991.812683 -136.662292 -42.230186
v 991.812683 -136.662292 -23.942184
v 991.812683 -136.662292 -5.654182
v 991.812683 -136.662292 12.633820
v 973.524658 -136.662292 12.633820
v 498.036652 -136.662292 -23.942184
v 461.460693 -136.662292 195.513840
v 461.460693 -136.662292 -23.942184
v 1010.100708 -136.662292 232.089844
v 1010.100708 -136.662292 451.545868
v 754.068665 -136.662292 451.545868
v 498.036652 -136.662292 451.545868
v 498.036652 -136.662292 232.089844
v 754.068665 -136.662292 232.089844
v 242.004684 -136.662292 195.513840
v 863.796692 -538.998291 76.641769
v 1060.392700 -538.998291 76.641769
v 1060.392700 -538.998291 1347.657715
v 863.796692 -538.998291 1347.657715
v 863.796692 -538.998291 1192.209839
v 1060.392700 -538.998291 1192.209839
s 0
f 4830 4827 4828
f 4828 4837 4831
f 4844 4842 4839
f 4847 4836 4848
f 4849 4835 4847
f 4853 4848 4833
f 4856 4850 4855
f 4841 4854 4840
f 4871 4869 4860
f 4872 4867 4870
f 4875 4857 4858
f 4881 4859 4868
f 4865 4879 4880
f 4861 4873 4874
f 4884 4871 4860
f 4877 4863 4864
f 4833 4885 4851
f 4830 4888 4826
f 4890 4889 4887
f 4896 4894 4897
f 4895 4899 4898
f 4899 4893 4903
f 4904 4891 4905
f 4903 4904 4905
f 4910 4896 4897
f 4915 4913 4912
f 4831 4918 4920
f 4920 4922 4891
f 4924 4898 4902
f 4907 4925 4911
f 4929 4927 4930
f 4912 4931 4916
f 4941 4939 4938
f 4946 4944 4943
f 4949 4942 4950
f 4952 4948 4940
f 4954 4947 4948
f 4960 4958 4957
f 4967 4965 4963
f 4964 4881 4963
f 4962 4881 4882
f 4882 4959 4960
f 4956 4967 4955
f 4950 4968 4972
f 4951 4971 4961
f 4874 4977 4883
f 4883 4981 4980
f 4884 4983 4982
f 4985 4984 4974
f 4987 4974 4975
f 4991 4975 4990
f 5002 4918 4837
f 4854 4936 5000
f 5004 5001 5006
f 4993 5005 5007
f 5018 5016 5015
f 5012 5016 4995
f 5023 5021 5020
f 4999 4993 5022
f 5021 5025 5026
f 4994 5017 5025
f 5024 5011 5023
f 5023 5009 5008
f 5030 4928 5029
f 5030 5032 5031
f 5033 5035 5034
f 5034 5039 5037
f 5031 5042 5041
f 5044 5043 5034
f 5045 5032 5029
f 5048 5046 5042
f 5048 5051 5052
f 5054 5051 5053
f 5055 5040 5043
f 5059 5056 5055
f 4933 5060 5061
f 5063 5035 5031
f 4940 5062 5063
f 5065 5066 5064
f 4885 5068 4935
f 5069 5071 5070
f 5077 5075 5074
f 5084 5083 5079
f 5038 5087 5037
f 5099 5097 5096
f 5103 5101 5104
f 5098 5104 5105
f 5100 5109 5108
f 5113 5098 5099
f 5118 5116 5115
f 5122 5120 5123
f 5120 5117 5118
f 5130 5126 5125
f 5131 5102 5112
f 5121 5122 5093
f 5133 5135 5132
f 5138 5136 5139
f 5143 5141 5140
f 5149 5147 5146
f 5146 5152 5151
f 5147 5155 5154
f 5158 5157 5153
f 5141 5162 5163
f 5111 5171 5170
f 5114 5163 5164
f 5130 5161 5162
f 5162 5184 5183
f 5159 5191 5138
f 5135 5196 5195
f 5195 5198 5194
f 5196 5201 5200
f 5207 5205 5203
f 4915 5210 4914
f 5217 5213 5212
f 5218 5219 5220
f 5224 5222 5221
f 5227 5225 5216
f 5229 5217 5218
f 5218 5233 5232
f 5223 5234 5222
f 5214 5236 5213
f 5212 5238 5211
f 5211 5240 5219
f 5087 5241 5037
f 4927 5243 4930
f 4916 5245 5209
f 5244 5030 5246
f 5249 5248 5247
f 5247 5030 5033
f 5248 5252 5250
f 5033 5252 5249
f 5252 5254 5251
f 5036 5241 5255
f 5247 5253 5256
f 5258 5251 5254
f 5278 5266 5265
f 5279 5024 5280
f 5267 5278 5273
f 5274 5279 5281
f 5286 5280 5021
f 5290 5288 5283
f 5272 5281 5289
f 5294 5264 5293
f 5285 5292 5284
f 5293 5270 5287
f 5300 5282 5297
f 5301 5075 5076
f 5264 5260 5302
f 5306 5304 5060
f 5308 5310 5309
f 5314 5312 5315
f 5192 5317 5316
f 5312 5318 5316
f 5322 5314 5315
f 5139 5313 5314
f 5326 5327 5325
f 5331 5329 5332
f 5334 5329 5333
f 5227 5336 5226
f 5338 5329 5337
f 5342 5340 5343
f 5346 5336 5344
f 5343 5347 5344
f 5344 5227 5228
f 5338 5339 5348
f 5348 5230 5231
f 5338 5351 5335
f 5231 5353 5351
f 5341 5354 5356
f 5357 5340 5341
f 5233 5353 5232
f 5359 5328 5326
f 5345 5360 5361
f 5363 5350 5351
f 5373 5370 5368
f 5379 5377 5375
f 5370 5381 5369
f 5371 5383 5382
f 5376 5383 5375
f 5366 5385 5386
f 5387 5371 5388
f 5343 5387 5388
f 5394 5392 5389
f 5397 5403 4885
f 5403 5404 5072
f 5085 5410 5409
f 5085 5405 5410
f 5415 5413 5416
f 5407 5418 5417
f 5419 5415 5411
f 5421 5078 5422
f 5427 5424 5423
f 5434 5430 5400
f 5400 5435 5406
f 5409 5083 5084
f 5431 5438 5437
f 5441 5081 5082
f 5435 5439 5441
f 5432 5428 5438
f 5443 5398 5444
f 5398 5445 5446
f 5444 5446 5447
f 5453 5450 5449
f 5456 5454 5457
f 5450 5458 5456
f 5421 5460 5076
f 5464 5461 5449
f 5465 5424 5425
f 5453 5465 5466
f 5303 5468 5469
f 5455 5473 5470
f 5474 5467 5444
f 5396 5476 5395
f 5479 5477 5480
f 4828 4831 4830
f 4830 4826 4827
f 4827 4829 4828
f 4828 4838 4837
f 4839 4837 4838
f 4846 4845 4844
f 4839 4838 4846
f 4841 4840 4839
f 4844 4843 4842
f 4842 4841 4839
f 4839 4846 4844
f 4847 4835 4836
f 4847 4850 4849
f 4849 4834 4835
f 4851 4854 4853
f 4853 4852 4848
f 4848 4836 4832
f 4833 4851 4853
f 4848 4832 4833
f 4855 4842 4843
f 4856 4849 4850
f 4855 4843 4856
f 4841 4853 4854
f 4871 4870 4869
f 4870 4871 4872
f 4872 4864 4867
f 4858 4881 4875
f 4875 4876 4857
f 4868 4882 4881
f 4881 4858 4859
f 4880 4882 4868
f 4865 4866 4879
f 4880 4868 4865
f 4874 4883 4861
f 4861 4862 4873
f 4861 4883 4884
f 4884 4872 4871
f 4860 4861 4884
f 4872 4884 4877
f 4877 4878 4863
f 4864 4872 4877
f 4833 4886 4885
f 4830 4890 4888
f 4887 4888 4890
f 4890 4891 4889
f 4896 4895 4894
f 4898 4901 4894
f 4895 4900 4899
f 4898 4894 4895
f 4902 4898 4899
f 4899 4892 4893
f 4903 4902 4899
f 4904 4889 4891
f 4905 4902 4903
f 4903 4906 4904
f 4907 4911 4910
f 4910 4909 4908
f 4910 4908 4896
f 4897 4907 4910
f 4912 4916 4915
f 4915 4914 4913
f 4890 4830 4831
f 4831 4837 4918
f 4920 4890 4831
f 4891 4890 4920
f 4922 4921 4891
f 4905 4891 4921
f 4924 4923 4901
f 4905 4921 4924
f 4902 4905 4924
f 4924 4901 4898
f 4907 4926 4925
f 4929 4928 4927
f 4912 4932 4931
f 4938 4942 4941
f 4941 4940 4939
f 4943 4948 4947
f 4946 4945 4944
f 4943 4947 4946
f 4949 4941 4942
f 4941 4949 4952
f 4952 4951 4948
f 4940 4941 4952
f 4948 4951 4954
f 4954 4953 4947
f 4957 4961 4960
f 4960 4959 4958
f 4962 4968 4967
f 4967 4966 4965
f 4965 4964 4963
f 4963 4962 4967
f 4964 4875 4881
f 4882 4970 4969
f 4962 4963 4881
f 4882 4969 4962
f 4960 4970 4882
f 4882 4880 4959
f 4956 4966 4967
f 4971 4952 4949
f 4950 4955 4967
f 4971 4949 4950
f 4972 4971 4950
f 4950 4967 4968
f 4957 4954 4951
f 4951 4952 4971
f 4961 4957 4951
f 4874 4978 4977
f 4979 4884 4883
f 4883 4977 4981
f 4980 4979 4883
f 4982 4877 4884
f 4884 4979 4983
f 4974 4986 4985
f 4984 4973 4974
f 4975 4989 4988
f 4987 4986 4974
f 4975 4988 4987
f 4990 4992 4991
f 4991 4989 4975
f 4975 4976 4990
f 4837 4839 5003
f 5002 4919 4917
f 4837 5003 5002
f 5002 4917 4918
f 5003 4839 4840
f 4854 4851 4935
f 5003 4840 4854
f 5001 5003 4854
f 4854 4935 4936
f 4936 4937 5000
f 5000 5001 4854
f 5004 5003 5001
f 4993 4999 5005
f 5014 5019 5018
f 5018 5017 5016
f 5015 5014 5018
f 4995 4996 5012
f 5012 5013 5016
f 5016 5017 4995
f 5020 5024 5023
f 5023 5022 5021
f 5022 5023 4998
f 5022 4998 4999
f 4993 4994 5022
f 5021 5022 5025
f 5025 5022 4994
f 4994 4995 5017
f 5017 5018 5025
f 5024 5010 5011
f 4997 4998 5023
f 5023 5011 5009
f 5008 4997 5023
f 5030 4927 4928
f 5031 5033 5030
f 5030 5029 5032
f 5034 5036 5033
f 5033 5031 5035
f 5037 5036 5034
f 5034 5040 5039
f 5039 5038 5037
f 5031 5032 5042
f 5034 5035 5044
f 5043 5040 5034
f 5045 5042 5032
f 5042 5045 5050
f 5050 5049 5048
f 5048 5047 5046
f 5046 5041 5042
f 5042 5050 5048
f 5048 5049 5051
f 5027 5028 5054
f 5054 5052 5051
f 5053 5027 5054
f 5055 5039 5040
f 5055 5043 5044
f 5059 5058 5057
f 5055 5044 5059
f 5059 5057 5056
f 4933 4934 5060
f 5063 5062 5035
f 4940 4948 5062
f 5065 5067 5066
f 4935 4851 4885
f 4885 5069 5068
f 5070 5068 5069
f 5069 5072 5071
f 5073 5078 5077
f 5077 5076 5075
f 5074 5073 5077
f 5079 5071 5072
f 5079 5072 5085
f 5081 5080 5079
f 5082 5081 5079
f 5079 5085 5084
f 5083 5082 5079
f 5038 5086 5087
f 5096 5100 5099
f 5099 5098 5097
f 5103 5102 5101
f 5105 5097 5098
f 5098 5103 5104
f 5106 5111 5099
f 5100 5091 5088
f 5106 5099 5100
f 5107 5106 5100
f 5100 5088 5110
f 5100 5110 5109
f 5108 5107 5100
f 5111 5114 5113
f 5113 5112 5102
f 5113 5102 5103
f 5099 5111 5113
f 5113 5103 5098
f 5115 5119 5118
f 5118 5117 5116
f 5122 5121 5120
f 5118 5124 5120
f 5120 5121 5117
f 5115 5116 5130
f 5130 5129 5128
f 5130 5128 5127
f 5090 5115 5130
f 5089 5090 5130
f 5130 5127 5126
f 5125 5089 5130
f 5112 5094 5095
f 5131 5122 5102
f 5112 5095 5131
f 5093 5130 5116
f 5093 5116 5117
f 5131 5092 5093
f 5122 5131 5093
f 5093 5117 5121
f 5133 5134 5135
f 5138 5137 5136
f 5140 5145 5144
f 5143 5142 5141
f 5140 5144 5143
f 5146 5150 5149
f 5149 5148 5147
f 5151 5150 5146
f 5146 5153 5152
f 5154 5146 5147
f 5147 5156 5155
f 5153 5146 5154
f 5158 5144 5145
f 5153 5154 5158
f 5158 5145 5157
f 5141 5142 5162
f 5141 5163 5111
f 5111 5106 5177
f 5111 5177 5176
f 5165 5141 5111
f 5166 5165 5111
f 5111 5176 5175
f 5111 5175 5174
f 5167 5166 5111
f 5168 5167 5111
f 5111 5174 5173
f 5111 5173 5172
f 5169 5168 5111
f 5170 5169 5111
f 5111 5172 5171
f 5114 5111 5163
f 5130 5093 5161
f 5129 5130 5162
f 5162 5142 5190
f 5162 5190 5189
f 5178 5129 5162
f 5179 5178 5162
f 5162 5189 5188
f 5162 5188 5187
f 5180 5179 5162
f 5181 5180 5162
f 5162 5187 5186
f 5162 5186 5185
f 5182 5181 5162
f 5183 5182 5162
f 5162 5185 5184
f 5138 5139 5159
f 5159 5160 5191
f 5195 5132 5135
f 5135 5197 5196
f 5194 5192 5195
f 5195 5196 5198
f 5198 5193 5194
f 5199 5198 5196
f 5196 5197 5201
f 5200 5199 5196
f 5202 5200 5201
f 5202 5201 5208
f 5205 5204 5203
f 5203 5202 5208
f 5207 5206 5205
f 5203 5208 5207
f 4915 5209 5210
f 5211 5218 5217
f 5217 5216 5215
f 5217 5215 5214
f 5212 5211 5217
f 5217 5214 5213
f 5218 5211 5219
f 5221 5225 5224
f 5224 5223 5222
f 5217 5228 5227
f 5227 5226 5224
f 5227 5224 5225
f 5216 5217 5227
f 5218 5230 5229
f 5229 5228 5217
f 5231 5230 5218
f 5218 5220 5233
f 5232 5231 5218
f 5223 5235 5234
f 5214 5237 5236
f 5212 5239 5238
f 5211 5238 5240
f 5087 5242 5241
f 4927 5244 5243
f 5209 4915 4916
f 4916 4931 5245
f 5244 4927 5030
f 5033 5249 5247
f 5247 5246 5030
f 5250 5253 5248
f 5248 5249 5252
f 5252 5251 5250
f 5033 5036 5252
f 5254 5252 5036
f 5036 5037 5241
f 5255 5254 5036
f 5256 5257 5246
f 5247 5248 5253
f 5256 5246 5247
f 5255 5259 5258
f 5258 5250 5251
f 5254 5255 5258
f 5010 5024 5276
f 5010 5276 5277
f 5265 5010 5277
f 5278 5268 5266
f 5265 5277 5278
f 5280 5281 5279
f 5279 5276 5024
f 5024 5020 5280
f 5267 5268 5278
f 5281 5282 5274
f 5274 5275 5279
f 5021 5026 5286
f 5286 5283 5280
f 5280 5020 5021
f 5283 5284 5292
f 5291 5287 5290
f 5283 5292 5291
f 5281 5280 5283
f 5289 5281 5283
f 5283 5291 5290
f 5288 5289 5283
f 5289 5271 5272
f 5272 5282 5281
f 5291 5292 5294
f 5294 5260 5264
f 5293 5291 5294
f 5285 5294 5292
f 5287 5291 5293
f 5293 5269 5270
f 5298 5295 5296
f 5298 5296 5299
f 5282 5272 5297
f 5297 5298 5299
f 5300 5274 5282
f 5297 5299 5300
f 5301 5262 5075
f 5302 5303 5263
f 5302 5263 5264
f 5260 5261 5302
f 5060 4934 5305
f 5306 5307 5304
f 5060 5305 5306
f 5067 5065 5308
f 5308 5311 5310
f 5309 5067 5308
f 5314 5313 5312
f 5316 5318 5192
f 5192 5194 5317
f 5316 5319 5312
f 5312 5313 5318
f 5320 5323 5322
f 5322 5321 5314
f 5315 5320 5322
f 5324 5159 5139
f 5139 5136 5192
f 5139 5192 5318
f 5321 5324 5139
f 5314 5321 5139
f 5139 5318 5313
f 5326 5328 5327
f 5331 5330 5329
f 5333 5335 5334
f 5334 5332 5329
f 5337 5339 5338
f 5338 5333 5329
f 5342 5341 5340
f 5344 5347 5346
f 5346 5345 5336
f 5344 5348 5343
f 5343 5340 5347
f 5229 5348 5344
f 5344 5336 5227
f 5228 5229 5344
f 5348 5349 5338
f 5339 5343 5348
f 5231 5349 5348
f 5348 5229 5230
f 5335 5333 5338
f 5338 5349 5351
f 5351 5350 5335
f 5351 5349 5231
f 5231 5232 5353
f 5353 5352 5351
f 5341 5355 5354
f 5341 5356 5357
f 5357 5347 5340
f 5359 5358 5328
f 5345 5346 5360
f 5351 5352 5363
f 5363 5362 5350
f 5368 5374 5373
f 5373 5372 5371
f 5370 5369 5368
f 5373 5371 5370
f 5375 5380 5379
f 5379 5378 5377
f 5377 5376 5375
f 5370 5382 5381
f 5382 5370 5371
f 5371 5375 5383
f 5376 5384 5383
f 5386 5364 5365
f 5366 5367 5385
f 5386 5365 5366
f 5387 5375 5371
f 5343 5339 5387
f 5389 5390 5393
f 5389 5393 5394
f 5392 5391 5389
f 4885 4886 5397
f 5397 5402 5403
f 5403 5069 4885
f 5072 5069 5403
f 5404 5405 5072
f 5409 5084 5085
f 5410 5408 5409
f 5085 5072 5405
f 5415 5414 5413
f 5400 5406 5407
f 5407 5413 5414
f 5407 5414 5418
f 5417 5400 5407
f 5411 5412 5401
f 5411 5401 5420
f 5415 5416 5411
f 5411 5420 5419
f 5421 5077 5078
f 5421 5422 5429
f 5421 5429 5428
f 5423 5421 5428
f 5427 5426 5425
f 5423 5428 5427
f 5427 5425 5424
f 5401 5412 5434
f 5434 5433 5432
f 5434 5432 5431
f 5400 5401 5434
f 5434 5431 5430
f 5400 5430 5435
f 5409 5436 5083
f 5437 5439 5431
f 5431 5432 5438
f 5441 5440 5081
f 5082 5083 5436
f 5435 5430 5431
f 5082 5436 5435
f 5441 5082 5435
f 5435 5431 5439
f 5432 5427 5428
f 5443 5442 5398
f 5398 5399 5445
f 5447 5448 5444
f 5444 5398 5446
f 5423 5424 5453
f 5453 5452 5451
f 5453 5451 5450
f 5449 5423 5453
f 5456 5455 5454
f 5457 5459 5450
f 5450 5451 5458
f 5456 5457 5450
f 5076 5077 5421
f 5421 5423 5449
f 5460 5301 5076
f 5421 5449 5460
f 5449 5450 5459
f 5464 5463 5462
f 5449 5459 5464
f 5461 5460 5449
f 5464 5462 5461
f 5465 5453 5424
f 5466 5452 5453
f 5465 5467 5466
f 5303 5302 5468
f 5470 5469 5468
f 5470 5468 5454
f 5472 5471 5470
f 5473 5472 5470
f 5470 5454 5455
f 5444 5448 5474
f 5474 5466 5467
f 5467 5443 5444
f 5396 5475 5476
f 5479 5478 5477
o de_nuke_world_geometry.012
v 1951.932617 0.497696 -1180.658203
v 1933.644775 0.497696 -1180.658203
v 1110.684692 0.497696 -1180.658203
v 1092.396729 0.497696 -1180.658203
v 1110.684692 0.497696 -1253.810181
v 1092.396729 0.497696 -1253.810181
v 1951.932617 0.497696 -1253.810181
v 1933.644775 0.497696 -1253.810181
v 2217.108887 0.497696 -453.710175
v 2217.108887 0.497696 -435.422180
v 2290.260742 0.497696 -435.422180
v 2290.260742 0.497696 -453.710175
v 3008.064941 137.657684 959.037903
v 3008.064941 137.657684 977.325806
v 3081.216797 137.657684 977.325806
v 3081.216797 137.657684 959.037903
v 3008.064941 137.657684 1155.633911
v 3008.064941 137.657684 1137.345825
v 3081.216797 137.657684 1137.345825
v 3081.216797 137.657684 1155.633911
v 296.868683 0.497696 -234.254211
v 296.868683 0.497696 -215.966202
v 370.020660 0.497696 -215.966202
v 370.020660 0.497696 -234.254211
v 1485.588623 0.497696 616.137878
v 1558.740723 0.497696 616.137878
v 1485.588623 0.497696 579.561890
v 1485.588623 0.497696 561.273865
v 1558.740723 0.497696 561.273865
v 1558.740723 0.497696 579.561890
v 1485.588623 0.497696 634.425781
v 1558.740723 0.497696 634.425781
v 1485.588623 0.497696 -773.750122
v 1558.740723 0.497696 -773.750122
v 1485.588623 0.497696 -810.326172
v 1485.588623 0.497696 -828.614136
v 1558.740723 0.497696 -828.614136
v 1558.740723 0.497696 -810.326172
v 1485.588623 0.497696 -755.462158
v 1558.740723 0.497696 -755.462158
v 1513.020752 242.813690 -60.518188
v 1513.020752 242.813690 -133.670197
v 1691.328735 242.813690 -60.518188
v 1691.328735 242.813690 -133.670197
v 1709.616699 242.813690 -60.518188
v 1709.616699 242.813690 -133.670197
v 1531.308716 242.813690 -133.670197
v 1531.308716 242.813690 -60.518188
v 1353.000732 242.813690 -133.670197
v 1353.000732 242.813690 -60.518188
v 1334.712769 242.813690 -60.518188
v 1334.712769 242.813690 -133.670197
v 1513.020752 242.813690 -1628.714233
v 1513.020752 242.813690 -1701.866211
v 1691.328735 242.813690 -1628.714233
v 1691.328735 242.813690 -1701.866211
v 1709.616699 242.813690 -1628.714233
v 1709.616699 242.813690 -1701.866211
v 1531.308716 242.813690 -1701.866211
v 1531.308716 242.813690 -1628.714233
v 1353.000732 242.813690 -1701.866211
v 1353.000732 242.813690 -1628.714233
v 1334.712769 242.813690 -1628.714233
v 1334.712769 242.813690 -1701.866211
v 1513.020752 242.813690 -1180.658203
v 1513.020752 242.813690 -1253.810181
v 1691.328735 242.813690 -1180.658203
v 1691.328735 242.813690 -1253.810181
v 1709.616699 242.813690 -1180.658203
v 1709.616699 242.813690 -1253.810181
v 1531.308716 242.813690 -1253.810181
v 1531.308716 242.813690 -1180.658203
v 1353.000732 242.813690 -1253.810181
v 1353.000732 242.813690 -1180.658203
v 1334.712769 242.813690 -1180.658203
v 1334.712769 242.813690 -1253.810181
v 1558.740723 110.225708 -2255.078125
v 1558.740723 110.225708 -2236.790283
v 1686.756714 110.225708 -2145.350098
v 1705.044678 110.225708 -2145.350098
v 1686.756714 110.225708 -2072.198242
v 1705.044678 110.225708 -2072.198242
v 1485.588623 110.225708 -2236.790283
v 1485.588623 110.225708 -2255.078125
v 1339.284668 110.225708 -2145.350098
v 1357.572754 110.225708 -2145.350098
v 1357.572754 110.225708 -2072.198242
v 1339.284668 110.225708 -2072.198242
v 1339.284668 -177.810333 -1253.810181
v 1339.284668 -177.810333 -1262.954224
v 1705.044678 -177.810333 -1262.954224
v 1705.044678 -177.810333 -1253.810181
v 1595.316650 -177.810333 -1253.810181
v 1595.316650 -177.810333 -1262.954224
v 1796.484741 -218.958313 -1020.638245
v 1796.484741 -218.958313 -1093.790283
v 1814.772705 -218.958313 -1093.790283
v 1814.772705 -218.958313 -1020.638245
v 1247.844727 -218.958313 -1093.790283
v 1247.844727 -218.958313 -1020.638245
v 1229.556641 -218.958313 -1020.638245
v 1229.556641 -218.958313 -1093.790283
v 2912.052734 0.497696 725.865784
v 2838.900635 0.497696 725.865784
v 2912.052734 0.497696 707.577759
v 2838.900635 0.497696 707.577759
v 2912.052734 0.497696 762.441772
v 2912.052734 0.497696 780.729797
v 2838.900635 0.497696 780.729797
v 2838.900635 0.497696 762.441772
v 2500.572754 -392.694305 -261.686157
v 2500.572754 -392.694305 -188.534210
v 2500.572754 -383.550323 -188.534210
v 2500.572754 -383.550323 -261.686157
v 2665.164551 -392.694305 -188.534210
v 2665.164551 -392.694305 -261.686157
v 2665.164551 -383.550323 -261.686157
v 2665.164551 -383.550323 -188.534210
v 2500.572754 -392.694305 186.369781
v 2500.572754 -392.694305 259.521790
v 2500.572754 -383.550323 259.521790
v 2500.572754 -383.550323 186.369781
v 2665.164551 -392.694305 259.521790
v 2665.164551 -392.694305 186.369781
v 2665.164551 -383.550323 186.369781
v 2665.164551 -383.550323 259.521790
v 2500.572754 -392.694305 634.425781
v 2500.572754 -392.694305 707.577759
v 2500.572754 -383.550323 707.577759
v 2500.572754 -383.550323 634.425781
v 2665.164551 -392.694305 707.577759
v 2665.164551 -392.694305 634.425781
v 2665.164551 -383.550323 634.425781
v 2665.164551 -383.550323 707.577759
v 379.164673 -392.694305 213.801849
v 379.164673 -392.694305 286.953857
v 379.164673 -383.550323 286.953857
v 379.164673 -383.550323 213.801849
v 543.756714 -392.694305 286.953857
v 543.756714 -392.694305 213.801849
v 543.756714 -383.550323 213.801849
v 543.756714 -383.550323 286.953857
v 379.164673 -392.694305 634.425781
v 379.164673 -392.694305 707.577759
v 379.164673 -383.550323 707.577759
v 379.164673 -383.550323 634.425781
v 543.756714 -392.694305 707.577759
v 543.756714 -392.694305 634.425781
v 543.756714 -383.550323 634.425781
v 543.756714 -383.550323 707.577759
v 2500.572754 -392.694305 1018.473938
v 2500.572754 -392.694305 1091.625977
v 2500.572754 -383.550323 1091.625977
v 2500.572754 -383.550323 1018.473938
v 2665.164551 -392.694305 1091.625977
v 2665.164551 -392.694305 1018.473938
v 2665.164551 -383.550323 1018.473938
v 2665.164551 -383.550323 1091.625977
v 379.164673 -392.694305 1000.185791
v 379.164673 -392.694305 1073.337769
v 379.164673 -383.550323 1073.337769
v 379.164673 -383.550323 1000.185791
v 543.756714 -392.694305 1073.337769
v 543.756714 -392.694305 1000.185791
v 543.756714 -383.550323 1000.185791
v 543.756714 -383.550323 1073.337769
s 0
f 5484 5485 5483
f 5482 5487 5481
f 5491 5489 5492
f 5495 5493 5496
f 5500 5498 5499
f 5503 5501 5504
f 5510 5508 5509
f 5512 5505 5506
f 5518 5516 5517
f 5520 5513 5514
f 5523 5526 5525
f 5521 5527 5528
f 5531 5529 5530
f 5535 5538 5537
f 5533 5539 5540
f 5543 5541 5542
f 5547 5550 5549
f 5545 5551 5552
f 5555 5553 5554
f 5561 5560 5562
f 5558 5564 5557
f 5568 5566 5567
f 5573 5570 5574
f 5571 5573 5574
f 5575 5577 5578
f 5581 5579 5580
f 5583 5586 5585
f 5588 5590 5587
f 5593 5591 5594
f 5597 5595 5598
f 5601 5599 5602
f 5605 5603 5606
f 5609 5607 5610
f 5613 5611 5614
f 5617 5615 5618
f 5621 5619 5622
f 5625 5623 5626
f 5629 5627 5630
f 5633 5631 5634
f 5637 5635 5638
f 5641 5639 5642
f 5645 5643 5646
f 5484 5486 5485
f 5482 5488 5487
f 5491 5490 5489
f 5495 5494 5493
f 5500 5497 5498
f 5503 5502 5501
f 5510 5507 5508
f 5512 5511 5505
f 5518 5515 5516
f 5520 5519 5513
f 5523 5524 5526
f 5521 5522 5527
f 5531 5532 5529
f 5535 5536 5538
f 5533 5534 5539
f 5543 5544 5541
f 5547 5548 5550
f 5545 5546 5551
f 5555 5556 5553
f 5561 5559 5560
f 5558 5563 5564
f 5568 5565 5566
f 5573 5569 5570
f 5571 5572 5573
f 5575 5576 5577
f 5581 5582 5579
f 5583 5584 5586
f 5588 5589 5590
f 5593 5592 5591
f 5597 5596 5595
f 5601 5600 5599
f 5605 5604 5603
f 5609 5608 5607
f 5613 5612 5611
f 5617 5616 5615
f 5621 5620 5619
f 5625 5624 5623
f 5629 5628 5627
f 5633 5632 5631
f 5637 5636 5635
f 5641 5640 5639
f 5645 5644 5643
o de_nuke_world_geometry.013
v 1933.644775 9.641697 -1180.658203
v 1951.932617 9.641697 -1180.658203
v 1092.396729 9.641697 -1180.658203
v 1110.684692 9.641697 -1180.658203
v 1961.076782 9.641697 -1304.102173
v 1961.076782 9.641697 -1253.810181
v 1961.076782 9.641697 -1180.658203
v 1595.316650 9.641697 -1999.046143
v 1705.044678 9.641697 -1999.046143
v 1705.044678 119.369713 -1999.046143
v 1668.468750 119.369713 -1999.046143
v 1595.316650 119.369713 -1999.046143
v 1339.284668 9.641697 -1999.046143
v 1412.436646 119.369713 -1999.046143
v 1339.284668 119.369713 -1999.046143
v 1887.924683 119.369713 -1999.046143
v 1156.404785 119.369713 -1999.046143
v 1705.044678 119.369713 -2072.198242
v 1705.044678 119.369713 -2200.214111
v 1650.180786 119.369713 -2255.078125
v 1595.316650 119.369713 -2255.078125
v 1394.148804 119.369713 -2255.078125
v 1339.284668 119.369713 -2200.214111
v 1339.284668 119.369713 -2072.198242
v 1339.284668 9.641697 -2200.214111
v 1705.044678 9.641697 -2200.214111
v 1650.180786 9.641697 -2255.078125
v 1394.148804 9.641697 -2255.078125
v 1119.828735 9.641697 -1340.678223
v 1119.828735 9.641697 -1304.102173
v 1119.828735 9.641697 -1962.470215
v 1119.828735 9.641697 -1852.742188
v 1119.828735 9.641697 -1692.722168
v 1119.828735 119.369713 -1692.722168
v 1119.828735 119.369713 -1706.438110
v 1119.828735 119.369713 -1962.470215
v 1119.828735 9.641697 -1596.710083
v 1119.828735 9.641697 -1436.690186
v 1119.828735 119.369713 -1436.690186
v 1119.828735 119.369713 -1450.406250
v 1119.828735 9.641697 -1253.810181
v 1119.828735 9.641697 -1180.658203
v 1119.828735 119.369713 -1180.658203
v 1924.500732 9.641697 -1692.722168
v 1924.500732 9.641697 -1852.742188
v 1924.500732 9.641697 -1962.470215
v 1924.500732 119.369713 -1962.470215
v 1924.500732 119.369713 -1706.438110
v 1924.500732 119.369713 -1692.722168
v 1924.500732 9.641697 -1436.690186
v 1924.500732 9.641697 -1596.710083
v 1924.500732 119.369713 -1450.406250
v 1924.500732 119.369713 -1436.690186
v 1924.500732 9.641697 -1180.658203
v 1924.500732 9.641697 -1253.810181
v 1924.500732 9.641697 -1304.102173
v 1924.500732 9.641697 -1340.678223
v 1924.500732 119.369713 -1180.658203
v 1933.644775 9.641697 -1253.810181
v 1951.932617 9.641697 -1253.810181
v 1887.924683 119.369713 -1962.470215
v 1668.468750 119.369713 -1962.470215
v 1631.892700 119.369713 -1962.470215
v 1412.436646 119.369713 -1962.470215
v 1375.860718 119.369713 -1962.470215
v 1156.404785 119.369713 -1962.470215
v 1887.924683 9.641697 -1962.470215
v 1705.044678 9.641697 -1962.470215
v 1631.892700 9.641697 -1962.470215
v 1595.316650 9.641697 -1962.470215
v 1375.860718 9.641697 -1962.470215
v 1339.284668 9.641697 -1962.470215
v 1083.252808 9.641697 -1304.102173
v 1083.252808 9.641697 -1253.810181
v 1092.396729 9.641697 -1253.810181
v 1110.684692 9.641697 -1253.810181
v 1083.252808 9.641697 -1180.658203
v 2399.988770 9.641697 -828.614136
v 2399.988770 119.369713 -828.614136
v 2180.532715 9.641697 -828.614136
v 1993.080566 9.641697 -828.614136
v 2217.108887 238.241684 -718.886169
v 2217.108887 238.241684 -682.310181
v 1993.080566 238.241684 -718.886169
v 2253.684814 238.241684 -718.886169
v 2253.684814 238.241684 -755.462158
v 2253.684814 238.241684 -682.310181
v 2052.516602 238.241684 -536.006165
v 2253.684814 238.241684 -536.006165
v 2253.684814 238.241684 -609.158203
v 2217.108887 238.241684 -609.158203
v 2253.684814 238.241684 -572.582214
v 2217.108887 238.241684 -572.582214
v 1993.080566 238.241684 -572.582214
v 1993.080566 238.241684 -536.006165
v 2253.684814 338.825714 -682.310181
v 2217.108887 338.825714 -682.310181
v 2217.108887 338.825714 -718.886169
v 1993.080566 338.825714 -718.886169
v 1993.080566 338.825714 -755.462158
v 2253.684814 338.825714 -755.462158
v 2253.684814 338.825714 -718.886169
v 1993.080566 238.241684 -755.462158
v 2249.112793 238.241684 -755.462158
v 2217.108887 338.825714 -609.158203
v 2253.684814 338.825714 -609.158203
v 1993.080566 338.825714 -572.582214
v 2217.108887 338.825714 -572.582214
v 2253.684814 338.825714 -572.582214
v 2253.684814 338.825714 -536.006165
v 1993.080566 338.825714 -536.006165
v 1993.080566 119.369713 -462.854187
v 2249.112793 119.369713 -462.854187
v 2326.836670 119.369713 -462.854187
v 2326.836670 119.369713 -792.038147
v 2249.112793 119.369713 -792.038147
v 1993.080566 119.369713 -792.038147
v 2363.412842 119.369713 -462.854187
v 2363.412842 119.369713 -536.006165
v 2363.412842 119.369713 -718.886169
v 2363.412842 119.369713 -792.038147
v 2399.988770 119.369713 -462.854187
v 2399.988770 119.369713 -426.278168
v 2399.988770 119.369713 -572.582214
v 2399.988770 119.369713 -792.038147
v 2399.988770 119.369713 -718.886169
v 2363.412842 9.641697 -225.110199
v 2363.412842 9.641697 -426.278168
v 2363.412842 9.641697 -499.430176
v 2363.412842 9.641697 -462.854187
v 2363.412842 9.641697 -718.886169
v 2363.412842 9.641697 -609.158203
v 2363.412842 9.641697 -792.038147
v 2363.412842 119.106812 -426.278168
v 2363.412842 26.478102 -225.110199
v 2399.988770 9.641697 -718.886169
v 2399.988770 9.641697 -792.038147
v 2399.988770 9.641697 -609.158203
v 2399.988770 9.641697 -426.278168
v 2399.988770 9.641697 -462.854187
v 2399.988770 9.641697 -499.430176
v 2399.988770 9.641697 -225.110199
v 2399.988770 119.106812 -426.278168
v 2399.988770 26.478102 -225.110199
v 2180.532715 9.641697 -462.854187
v 1993.080566 9.641697 -462.854187
v 2249.112793 9.641697 -462.854187
v 2290.260742 9.641697 -462.854187
v 2326.836670 9.641697 -462.854187
v 2217.108887 9.641697 -462.854187
v 1993.080566 9.641697 -792.038147
v 2180.532715 9.641697 -792.038147
v 2249.112793 9.641697 -792.038147
v 2180.532715 9.641697 -426.278168
v 1993.080566 9.641697 -426.278168
v 2326.836670 9.641697 -426.278168
v 2290.260742 9.641697 -426.278168
v 2249.112793 9.641697 -426.278168
v 2249.112793 119.106812 -426.278168
v 2217.108887 9.641697 -426.278168
v 1993.080566 119.106812 -426.278168
v 2290.260742 9.641697 -435.422180
v 2290.260742 9.641697 -453.710175
v 2217.108887 9.641697 -453.710175
v 2217.108887 9.641697 -435.422180
v 1083.252808 338.825714 -828.614136
v 1083.252808 229.097702 -828.614136
v 1961.076782 229.097702 -828.614136
v 1961.076782 338.825714 -828.614136
v 1064.964722 9.641697 -828.614136
v 1083.252808 9.641697 -828.614136
v 1083.252808 119.369713 -828.614136
v 1064.964722 119.369713 -828.614136
v 1887.924683 119.369713 -828.614136
v 1887.924683 9.641697 -828.614136
v 1924.500732 9.641697 -828.614136
v 1924.500732 119.369713 -828.614136
v 1119.828735 9.641697 -828.614136
v 1156.404785 9.641697 -828.614136
v 1156.404785 119.369713 -828.614136
v 1119.828735 119.369713 -828.614136
v 1668.468750 9.641697 -828.614136
v 1668.468750 119.369713 -828.614136
v 1412.436646 9.641697 -828.614136
v 1631.892700 9.641697 -828.614136
v 1412.436646 119.369713 -828.614136
v 1924.500732 9.641697 -1121.222168
v 1924.500732 9.641697 -1084.646240
v 1924.500732 119.369713 -1084.646240
v 1924.500732 119.369713 -924.626221
v 1961.076782 9.641697 -1121.222168
v 1961.076782 9.641697 -828.614136
v 1083.252808 9.641697 -1121.222168
v 1119.828735 9.641697 -1121.222168
v 1083.252808 9.641697 -1084.646240
v 1083.252808 27.929699 -1084.646240
v 1083.252808 119.369713 -901.766174
v 1119.828735 119.369713 -924.626221
v 1119.828735 119.369713 -1084.646240
v 1119.828735 9.641697 -1084.646240
v 1961.076782 229.097702 -572.582214
v 1961.076782 229.097702 -718.886169
v 1961.076782 238.241684 -718.886169
v 1961.076782 238.241684 -572.582214
v 1961.076782 9.641697 -60.518188
v 1961.076782 9.641697 -188.534210
v 1961.076782 9.641697 -206.822205
v 1961.076782 9.641697 -718.886169
v 1961.076782 9.641697 -792.038147
v 1961.076782 9.641697 -462.854187
v 1961.076782 9.641697 -225.110199
v 1961.076782 9.641697 -426.278168
v 1961.076782 27.792542 -188.534210
v 1961.076782 119.369713 -60.518188
v 1961.076782 119.369713 -188.534210
v 1961.076782 119.369713 -316.550171
v 1961.076782 119.369713 -386.707520
v 1961.076782 18.065607 -206.822205
v 1961.076782 18.077051 -206.822205
v 1961.076782 119.369713 -718.886169
v 1961.076782 119.369713 -755.462158
v 1961.076782 119.369713 -792.038147
v 1961.076782 119.369713 -462.854187
v 1961.076782 119.369713 -517.718201
v 1961.076782 26.478102 -225.110199
v 1961.076782 119.106812 -426.278168
v 1961.076782 338.825714 -764.606201
v 1961.076782 338.825714 -526.862183
v 1961.076782 338.825714 -316.550171
v 1961.076782 338.825714 -60.518188
v 1961.076782 229.097702 -755.462158
v 1961.076782 338.825714 -536.006165
v 1961.076782 238.241684 -536.006165
v 1961.076782 238.241684 -517.718201
v 1961.076782 238.241684 -316.550171
v 1961.076782 238.241684 -60.518188
v 1961.076782 238.241684 -755.462158
v 1961.076782 338.825714 -755.462158
v 1979.364624 238.241684 -718.886169
v 1979.364624 238.241684 -572.582214
v 1961.076782 338.825714 -572.582214
v 1961.076782 338.825714 -718.886169
v 1083.252808 119.369713 -353.126160
v 1083.252808 119.369713 -316.550171
v 1083.252808 9.641697 -316.550171
v 1083.252808 9.641697 -353.126160
v 1083.252808 119.369713 -279.974152
v 1083.252808 119.369713 -60.518188
v 1083.252808 9.641697 -60.518188
v 1083.252808 9.641697 -97.094193
v 1083.252808 119.369713 -792.038147
v 1083.252808 119.369713 -645.734192
v 1083.252808 9.641697 -645.734192
v 1083.252808 9.641697 -792.038147
v 1083.252808 119.369713 -389.702179
v 1083.252808 9.641697 -389.702179
v 1083.252808 229.097702 -572.582214
v 1083.252808 229.097702 -792.038147
v 1083.252808 338.825714 -572.582214
v 1083.252808 229.097702 -316.550171
v 1083.252808 229.097702 -536.006165
v 1083.252808 338.825714 -316.550171
v 1083.252808 229.097702 -60.518188
v 1083.252808 229.097702 -279.974152
v 1083.252808 338.825714 -60.518188
v 1887.924683 229.097702 -718.886169
v 1887.924683 229.097702 -755.462158
v 1887.924683 229.097702 -572.582214
v 1887.924683 338.825714 -60.518188
v 1887.924683 338.825714 -188.534210
v 1887.924683 338.825714 -316.550171
v 1887.924683 338.825714 -536.006165
v 1887.924683 338.825714 -572.582214
v 1887.924683 338.825714 -718.886169
v 1887.924683 338.825714 -755.462158
v 1887.924683 320.537720 -536.006165
v 1887.924683 251.957687 -536.006165
v 1887.924683 229.097702 -536.006165
v 1887.924683 320.537720 -316.550171
v 1887.924683 320.537720 -403.418213
v 1887.924683 320.537720 -60.518188
v 1887.924683 320.537720 -147.386169
v 1887.924683 229.097702 -316.550171
v 1887.924683 251.957687 -403.418213
v 1887.924683 251.957687 -316.550171
v 1887.924683 229.097702 -60.518188
v 1887.924683 251.957687 -147.386169
v 1887.924683 251.957687 -60.518188
v 1887.924683 119.369713 -572.582214
v 1887.924683 119.369713 -682.310181
v 1887.924683 119.369713 -316.550171
v 1887.924683 119.369713 -60.518188
v 1887.924683 9.641697 -572.582214
v 1887.924683 9.641697 -755.462158
v 1887.924683 119.369713 -755.462158
v 1887.924683 9.641697 -316.550171
v 1887.924683 9.641697 -60.518188
v 1156.404785 9.641697 -609.158203
v 1156.404785 9.641697 -755.462158
v 1156.404785 9.641697 -353.126160
v 1156.404785 9.641697 -97.094193
v 1156.404785 119.369713 -682.310181
v 1156.404785 119.369713 -609.158203
v 1156.404785 119.369713 -572.582214
v 1156.404785 119.369713 -353.126160
v 1156.404785 119.369713 -316.550171
v 1156.404785 119.369713 -97.094193
v 1156.404785 119.369713 -60.518188
v 1156.404785 27.929699 -97.094193
v 1156.404785 27.929699 -60.518188
v 1156.404785 119.369713 -755.462158
v 1668.468750 119.369713 -755.462158
v 1412.436646 119.369713 -755.462158
v 1668.468750 9.641697 -755.462158
v 1631.892700 9.641697 -755.462158
v 1412.436646 9.641697 -755.462158
v 1631.892700 9.641697 -810.326172
v 1631.892700 9.641697 -773.750122
v 1412.436646 9.641697 -810.326172
v 1412.436646 9.641697 -773.750122
v 1064.964722 119.369713 -792.038147
v 1064.964722 119.369713 -389.702179
v 1064.964722 119.369713 -353.126160
v 1064.964722 9.641697 -389.702179
v 1064.964722 9.641697 -792.038147
v 1064.964722 9.641697 -353.126160
v 3424.116699 9.641697 853.881775
v 3277.812744 9.641697 853.881775
v 3277.812744 9.641697 890.457825
v 3424.116699 9.641697 890.457825
v 3168.084961 9.641697 945.321899
v 3168.084961 9.641697 1055.049927
v 3497.268555 119.369713 853.881775
v 3497.268555 119.369713 1073.337769
v 3497.268555 9.641697 853.881775
v 3497.268555 9.641697 1073.337769
v 3241.236816 229.097702 707.577759
v 3241.236816 302.249695 707.577759
v 3149.796875 302.249695 707.577759
v 3149.796875 229.097702 707.577759
v 3149.796875 119.369713 707.577759
v 3241.236816 119.369713 707.577759
v 3149.796875 9.641697 707.577759
v 3241.236816 9.641697 707.577759
v 3168.084961 229.097702 817.305786
v 3168.084961 229.097702 853.881775
v 3149.796875 229.097702 780.729797
v 3168.084961 229.097702 780.729797
v 3241.236816 302.249695 780.729797
v 3241.236816 302.249695 817.305786
v 3241.236816 302.249695 1073.337769
v 3241.236816 229.097702 780.729797
v 3241.236816 229.097702 817.305786
v 3241.236816 229.097702 835.593933
v 3241.236816 229.097702 853.881775
v 3241.236816 229.097702 1073.337769
v 3149.796875 302.249695 780.729797
v 3168.084961 302.249695 780.729797
v 3168.084961 302.249695 1073.337769
v 3168.084961 302.249695 817.305786
v 3168.084961 229.097702 1073.337769
v 3241.236816 9.641697 780.729797
v 3241.236816 119.369713 780.729797
v 3241.236816 119.369713 835.593933
v 3241.236816 9.641697 853.881775
v 3241.236816 119.369713 853.881775
v 3241.236816 9.641697 890.457825
v 3241.236816 9.641697 1073.337769
v 3241.236816 46.217701 1073.337769
v 3241.236816 119.369713 1073.337769
v 3241.236816 119.369713 890.457825
v 3460.692871 119.369713 1073.337769
v 3460.692871 119.369713 890.457825
v 3460.692871 119.369713 853.881775
v 3460.692871 46.217701 1073.337769
v 3460.692871 9.641697 1073.337769
v 3460.692871 9.641697 890.457825
v 3460.692871 9.641697 853.881775
v 3168.084961 9.641697 780.729797
v 3149.796875 9.641697 780.729797
v 3149.796875 119.369713 780.729797
v 3168.084961 119.369713 780.729797
v 3168.084961 119.369713 853.881775
v 3168.084961 119.369713 817.305786
v 3168.084961 119.369713 1073.337769
v 3168.084961 9.641697 817.305786
v 3168.084961 46.217701 1073.337769
v 3168.084961 9.641697 1073.337769
v 3241.236816 302.249695 1365.945801
v 3149.796875 302.249695 1512.249878
v 3168.084961 302.249695 1512.249878
v 3168.084961 302.249695 1457.385742
v 3168.084961 302.249695 1256.217896
v 3241.236816 302.249695 1109.913818
v 3241.236816 302.249695 1329.369873
v 3168.084961 46.217701 1512.249878
v 3168.084961 119.369713 1512.249878
v 3149.796875 119.369713 1512.249878
v 3149.796875 46.217701 1512.249878
v 3168.084961 229.097702 1512.249878
v 3149.796875 229.097702 1512.249878
v 3241.236816 229.097702 1109.913818
v 3241.236816 229.097702 1365.945801
v 3241.236816 46.217701 1329.369873
v 3241.236816 119.369713 1329.369873
v 3241.236816 119.369713 1193.352905
v 3241.236816 119.369713 1191.066895
v 3460.692871 46.217701 1329.369873
v 3460.692871 119.369713 1329.369873
v 3460.692871 119.369713 1191.066895
v 3460.692871 119.369713 1193.352905
v 3168.084961 229.097702 1256.217896
v 3168.084961 119.369713 1256.217896
v 3168.084961 46.217701 1256.217896
v 3149.796875 9.641697 1512.249878
v 3168.084961 9.641697 1512.249878
v 3241.236816 9.641697 1329.369873
v 3460.692871 9.641697 1329.369873
v 3168.084961 9.641697 1256.217896
v 2509.716797 9.641697 890.457825
v 2509.716797 9.641697 1055.049927
v 2509.716797 9.641697 780.729797
v 2509.716797 9.641697 707.577759
v 2509.716797 119.369713 780.729797
v 2509.716797 119.369713 707.577759
v 2509.716797 9.641697 853.881775
v 2509.716797 119.369713 853.881775
v 2509.716797 119.369713 890.457825
v 2509.716797 119.369713 1055.049927
v 2912.052734 302.249695 707.577759
v 2912.052734 229.097702 707.577759
v 3021.780762 229.097702 707.577759
v 2875.476807 302.249695 707.577759
v 2656.020752 229.097702 707.577759
v 2765.748535 229.097702 707.577759
v 3021.780762 119.369713 707.577759
v 2765.748535 119.369713 707.577759
v 3021.780762 9.641697 707.577759
v 2765.748535 9.641697 707.577759
v 2985.204590 9.641697 707.577759
v 2912.052734 229.097702 780.729797
v 2656.020752 229.097702 780.729797
v 2912.052734 302.249695 780.729797
v 2875.476807 302.249695 780.729797
v 2582.868896 9.641697 1055.049927
v 2582.868896 9.641697 780.729797
v 2582.868896 119.369713 853.881775
v 2582.868896 119.369713 780.729797
v 2582.868896 119.369713 1055.049927
v 3094.932861 119.369713 780.729797
v 2838.900635 119.369713 780.729797
v 2765.748535 9.641697 780.729797
v 2985.204590 9.641697 780.729797
v 3094.932861 9.641697 780.729797
v 2838.900635 9.641697 780.729797
v 2765.748535 9.641697 762.441772
v 2765.748535 9.641697 725.865784
v 2985.204590 9.641697 762.441772
v 2985.204590 9.641697 725.865784
v 2290.260742 9.641697 890.457825
v 2326.836670 9.641697 890.457825
v 2290.260742 9.641697 853.881775
v 1814.772705 338.825714 561.273865
v 1851.348755 338.825714 561.273865
v 1887.924683 338.825714 561.273865
v 1887.924683 338.825714 323.529846
v 1887.924683 338.825714 305.241852
v 1887.924683 338.825714 49.209824
v 1156.404785 338.825714 561.273865
v 1192.980713 338.825714 561.273865
v 1229.556641 338.825714 561.273865
v 1229.556641 338.825714 634.425781
v 1192.980713 338.825714 634.425781
v 1156.404785 338.825714 634.425781
v 1083.252808 338.825714 634.425781
v 1595.316650 411.977722 634.425781
v 1485.588623 411.977722 634.425781
v 1449.012695 411.977722 634.425781
v 1961.076782 338.825714 634.425781
v 1887.924683 338.825714 634.425781
v 1851.348755 338.825714 634.425781
v 1814.772705 338.825714 634.425781
v 1741.620728 363.209717 634.425781
v 1741.620728 338.825714 634.425781
v 1705.044678 338.825714 634.425781
v 1485.588623 338.825714 634.425781
v 1449.012695 338.825714 634.425781
v 1961.076782 338.825714 122.361832
v 1961.076782 338.825714 378.393860
v 1741.620728 363.209717 561.273865
v 1741.620728 338.825714 561.273865
v 1595.316650 411.977722 561.273865
v 1485.588623 411.977722 561.273865
v 1485.588623 338.825714 561.273865
v 1705.044678 338.825714 561.273865
v 1449.012695 411.977722 561.273865
v 1449.012695 338.825714 561.273865
v 1083.252808 338.825714 122.361832
v 1083.252808 338.825714 378.393860
v 1961.076782 9.641697 378.393860
v 1961.076782 9.641697 232.089844
v 1961.076782 9.641697 634.425781
v 1961.076782 9.641697 122.361832
v 1961.076782 119.369713 122.361832
v 1961.076782 119.369713 378.393860
v 1961.076782 119.369713 634.425781
v 1961.076782 229.097702 634.425781
v 1961.076782 229.097702 616.137878
v 1961.076782 238.241684 104.073830
v 1961.076782 238.241684 122.361832
v 1961.076782 238.241684 360.105865
v 1961.076782 238.241684 378.393860
v 1961.076782 238.241684 616.137878
v 1961.076782 238.241684 634.425781
v 1156.404785 9.641697 561.273865
v 1156.404785 9.641697 378.393860
v 1156.404785 9.641697 305.241852
v 1156.404785 9.641697 250.377838
v 1156.404785 27.929699 250.377838
v 1156.404785 119.369713 305.241852
v 1156.404785 119.369713 250.377838
v 1156.404785 119.369713 561.273865
v 1156.404785 119.369713 488.121887
v 1156.404785 119.369713 -5.654182
v 1156.404785 119.369713 -23.942184
v 1156.404785 27.929699 -5.654182
v 1156.404785 119.369713 232.089844
v 1156.404785 251.957687 561.273865
v 1156.404785 320.537720 561.273865
v 1156.404785 229.097702 561.273865
v 1668.468750 9.641697 561.273865
v 1887.924683 9.641697 561.273865
v 1887.924683 119.369713 561.273865
v 1668.468750 119.369713 561.273865
v 1412.436646 9.641697 561.273865
v 1631.892700 9.641697 561.273865
v 1412.436646 119.369713 561.273865
v 1192.980713 229.097702 561.273865
v 1192.980713 265.673706 561.273865
v 1705.044678 265.673706 561.273865
v 1851.348755 265.673706 561.273865
v 1449.012695 265.673706 561.273865
v 1851.348755 229.097702 561.273865
v 1887.924683 229.097702 561.273865
v 1887.924683 251.957687 561.273865
v 1887.924683 320.537720 561.273865
v 1887.924683 320.537720 49.209824
v 1887.924683 320.537720 -46.802216
v 1887.924683 320.537720 305.241852
v 1887.924683 229.097702 49.209824
v 1887.924683 229.097702 -23.942184
v 1887.924683 251.957687 -46.802216
v 1887.924683 251.957687 49.209824
v 1887.924683 229.097702 305.241852
v 1887.924683 229.097702 232.089844
v 1887.924683 251.957687 305.241852
v 1887.924683 229.097702 488.121887
v 1887.924683 119.369713 -23.942184
v 1887.924683 119.369713 232.089844
v 1887.924683 119.369713 49.209824
v 1887.924683 119.369713 488.121887
v 1887.924683 119.369713 305.241852
v 1887.924683 9.641697 49.209824
v 1887.924683 9.641697 305.241852
v 1741.620728 9.641697 634.425781
v 1631.892700 9.641697 634.425781
v 1631.892700 119.369713 634.425781
v 1741.620728 119.369713 634.425781
v 1412.436646 9.641697 634.425781
v 1375.860718 9.641697 634.425781
v 1375.860718 119.369713 634.425781
v 1339.284668 9.641697 634.425781
v 1156.404785 9.641697 634.425781
v 1156.404785 119.369713 634.425781
v 1320.996826 119.369713 634.425781
v 1339.284668 119.369713 634.425781
v 1887.924683 9.641697 634.425781
v 1778.196777 9.641697 634.425781
v 1192.980713 265.673706 634.425781
v 1192.980713 229.097702 634.425781
v 1156.404785 229.097702 634.425781
v 1851.348755 265.673706 634.425781
v 1705.044678 265.673706 634.425781
v 1449.012695 265.673706 634.425781
v 1887.924683 229.097702 634.425781
v 1851.348755 229.097702 634.425781
v 1887.924683 119.369713 634.425781
v 1796.484741 119.369713 634.425781
v 1778.196777 119.369713 634.425781
v 1851.348755 229.097702 588.705811
v 1851.348755 265.673706 588.705811
v 1851.348755 229.097702 606.993835
v 1851.348755 265.673706 606.993835
v 1192.980713 229.097702 588.705811
v 1192.980713 265.673706 588.705811
v 1192.980713 229.097702 606.993835
v 1192.980713 265.673706 606.993835
v 1705.044678 265.673706 606.993835
v 1449.012695 265.673706 606.993835
v 1705.044678 265.673706 588.705811
v 1449.012695 265.673706 588.705811
v 1412.436646 9.641697 616.137878
v 1412.436646 9.641697 579.561890
v 1631.892700 9.641697 579.561890
v 1631.892700 9.641697 616.137878
v 1741.620728 9.641697 671.001770
v 1741.620728 9.641697 853.881775
v 1778.196777 9.641697 853.881775
v 1778.196777 9.641697 671.001770
v 1778.196777 16.099655 927.033813
v 1705.044678 16.099655 927.033813
v 1595.316650 16.099655 927.033813
v 1339.284668 16.099655 927.033813
v 1375.860718 29.004128 890.457825
v 1631.892700 29.004128 890.457825
v 1741.620728 29.004128 890.457825
v 1778.196777 9.641697 890.457825
v 1778.196777 29.004128 890.457825
v 1778.196777 9.641697 927.033813
v 1339.284668 9.641697 671.001770
v 1339.284668 29.004128 890.457825
v 1339.284668 9.641697 890.457825
v 1339.284668 9.641697 927.033813
v 1631.892700 9.641697 890.457825
v 1741.620728 9.641697 890.457825
v 1375.860718 9.641697 890.457825
v 1631.892700 9.641697 927.033813
v 1595.316650 9.641697 927.033813
v 1375.860718 9.641697 927.033813
v 1083.252808 119.369713 232.089844
v 1083.252808 119.369713 250.377838
v 1083.252808 119.369713 414.969849
v 1083.252808 119.369713 469.833862
v 1083.252808 27.929699 469.833862
v 1083.252808 27.929699 232.089844
v 1083.252808 119.369713 85.785828
v 1083.252808 119.369713 195.513840
v 1083.252808 9.641697 195.513840
v 1083.252808 265.673706 634.425781
v 1083.252808 265.673706 561.273865
v 1083.252808 229.097702 122.361832
v 1083.252808 229.097702 85.785828
v 1083.252808 229.097702 378.393860
v 1083.252808 229.097702 268.665833
v 1083.252808 229.097702 524.697876
v 1083.252808 229.097702 634.425781
v 1083.252808 119.369713 634.425781
v 1083.252808 9.641697 634.425781
v 1064.964722 119.369713 195.513840
v 1064.964722 82.793709 195.513840
v 1064.964722 46.217701 195.513840
v 1064.964722 9.641697 195.513840
v 1064.964722 46.217701 232.089844
v 1064.964722 82.793709 232.089844
v 1064.964722 119.369713 232.089844
v 1064.964722 27.929699 232.089844
v 2509.716797 9.641697 1585.401855
v 2509.716797 119.369713 1585.401855
v 2509.716797 9.641697 1292.793823
v 2509.716797 9.641697 1329.369873
v 2509.716797 119.369713 1329.369873
v 2509.716797 119.369713 1292.793823
v 2509.716797 9.641697 1256.217896
v 2509.716797 119.369713 1256.217896
v 2656.020752 229.097702 1512.249878
v 2912.052734 302.249695 1512.249878
v 2912.052734 229.097702 1512.249878
v 3094.932861 229.097702 1512.249878
v 2875.476807 302.249695 1512.249878
v 2838.900635 229.097702 1512.249878
v 2582.868896 9.641697 1256.217896
v 2582.868896 119.369713 1256.217896
v 2582.868896 9.641697 1512.249878
v 2582.868896 119.369713 1512.249878
v 3094.932861 9.641697 1512.249878
v 3094.932861 119.369713 1512.249878
v 2838.900635 9.641697 1512.249878
v 2838.900635 119.369713 1512.249878
v 2290.260742 9.641697 1292.793823
v 2290.260742 9.641697 1256.217896
v 2326.836670 9.641697 1256.217896
v 388.308685 9.641697 -206.822205
v 388.308685 9.641697 -243.398209
v 863.796692 9.641697 -828.614136
v 863.796692 119.369713 -828.614136
v 461.460693 119.369713 -828.614136
v 461.460693 9.641697 -828.614136
v 863.796692 9.641697 -1084.646240
v 863.796692 9.641697 -1121.222168
v 863.796692 27.929699 -1084.646240
v 863.796692 119.369713 -864.047180
v 863.796692 119.369713 -866.333191
v 863.796692 119.369713 -901.766174
v 754.068665 9.641697 -792.038147
v 754.068665 9.641697 -700.598145
v 754.068665 119.369713 -792.038147
v 754.068665 119.369713 -700.598145
v 790.644653 9.641697 -792.038147
v 790.644653 9.641697 -700.598145
v 790.644653 119.369713 -792.038147
v 790.644653 119.369713 -700.598145
v 863.796692 9.641697 -792.038147
v 498.036652 9.641697 -792.038147
v 498.036652 9.641697 -700.598145
v 498.036652 119.369713 -700.598145
v 498.036652 119.369713 -792.038147
v 461.460693 119.369713 -700.598145
v 461.460693 9.641697 -700.598145
v 754.068665 9.641697 -682.310181
v 754.068665 9.641697 -645.734192
v 754.068665 9.641697 -572.582214
v 790.644653 9.641697 -572.582214
v 790.644653 9.641697 -645.734192
v 790.644653 9.641697 -682.310181
v 680.916626 9.641697 -389.702179
v 571.188660 9.641697 -389.702179
v 571.188660 9.641697 -353.126160
v 680.916626 9.641697 -353.126160
v 936.948669 9.641697 -353.126160
v 1010.100708 9.641697 -353.126160
v 1055.820679 9.641697 -353.126160
v 498.036652 9.641697 -353.126160
v 498.036652 9.641697 -78.806190
v 498.036652 119.369713 -78.806190
v 498.036652 119.369713 -233.111176
v 498.036652 119.369713 -235.397186
v 498.036652 119.369713 -353.126160
v 498.036652 9.641697 -645.734192
v 498.036652 119.369713 -645.734192
v 498.036652 9.641697 -389.702179
v 498.036652 119.369713 -389.702179
v 498.036652 119.369713 -608.015198
v 498.036652 119.369713 -610.301147
v 790.644653 119.369713 -598.871216
v 790.644653 119.369713 -601.157166
v 790.644653 119.369713 -389.702179
v 1010.100708 119.369713 -353.126160
v 754.068665 119.369713 -353.126160
v 680.916626 119.369713 -353.126160
v 680.916626 119.369713 -389.702179
v 754.068665 119.369713 -389.702179
v 754.068665 119.369713 -645.734192
v 790.644653 119.369713 -645.734192
v 790.644653 9.641697 -389.702179
v 754.068665 9.641697 -389.702179
v 754.068665 9.641697 -353.126160
v 388.308685 95.856560 -243.398209
v 443.172668 119.369713 -243.398209
v 461.460693 9.641697 -243.398209
v 461.460693 119.369713 -243.398209
v 461.460693 119.369713 -316.550171
v 461.460693 119.369713 -499.430176
v 461.460693 9.641697 -499.430176
v 388.308685 95.856102 -206.822205
v 443.172668 119.369713 -206.822205
v 461.460693 119.369713 -206.822205
v 461.460693 9.641697 -206.822205
v 461.460693 119.369713 -78.806190
v 461.460693 9.641697 -78.806190
v 205.428680 17.482674 -243.398209
v 205.428680 9.641697 -243.398209
v 242.004684 9.641697 -243.398209
v 278.580688 9.641697 -243.398209
v 296.868683 9.641697 -243.398209
v 370.020660 9.641697 -243.398209
v 296.868683 9.641697 -215.966202
v 296.868683 9.641697 -206.822205
v 370.020660 9.641697 -206.822205
v 370.020660 9.641697 -215.966202
v 296.868683 9.641697 -234.254211
v 370.020660 9.641697 -234.254211
v 278.580688 9.641697 -206.822205
v 242.004684 33.153214 -78.806190
v 242.004684 33.153214 -206.822205
v 242.004684 9.641697 -206.822205
v 242.004684 9.641697 -78.806190
v 205.428680 9.641697 -78.806190
v 205.428680 17.482674 -78.806190
v 205.428680 9.641697 -23.942184
v 205.428680 17.482674 -23.942184
v 205.428680 17.482674 232.089844
v 205.428680 9.641697 232.089844
v 242.004684 9.641697 232.089844
v 370.020660 9.641697 232.089844
v 973.524658 9.641697 195.513840
v 936.948669 9.641697 195.513840
v 443.172668 9.641697 232.089844
v 936.948669 9.641697 232.089844
v 882.084656 9.641697 232.089844
v 827.220642 9.641697 232.089844
v 827.220642 9.641697 195.513840
v 443.172668 27.929699 232.089844
v 973.524658 119.369713 232.089844
v 827.220642 119.369713 232.089844
v 717.492676 119.369713 232.089844
v 461.460693 119.369713 232.089844
v 443.172668 119.369713 232.089844
v 680.916626 119.369713 195.513840
v 717.492676 119.369713 195.513840
v 973.524658 119.369713 195.513840
v 461.460693 119.369713 -23.942184
v 498.036652 119.369713 -23.942184
v 461.460693 119.369713 195.513840
v 443.172668 119.369713 195.513840
v 461.460693 9.641697 195.513840
v 461.460693 46.217701 195.513840
v 461.460693 82.793709 195.513840
v 443.172668 9.641697 195.513840
v 991.812683 82.793709 195.513840
v 991.812683 46.217701 195.513840
v 552.900635 46.217701 195.513840
v 552.900635 82.793709 195.513840
v 973.524658 46.217701 195.513840
v 808.932678 46.217701 195.513840
v 717.492676 46.217701 195.513840
v 717.492676 9.641697 195.513840
v 973.524658 82.793709 195.513840
v 717.492676 82.793709 195.513840
v 808.932678 82.793709 195.513840
v 498.036652 9.641697 -23.942184
v 461.460693 9.641697 -23.942184
v 461.460693 82.793709 232.089844
v 461.460693 46.217701 232.089844
v 461.460693 27.929699 232.089844
v 991.812683 46.217701 232.089844
v 991.812683 82.793709 232.089844
v 552.900635 82.793709 232.089844
v 552.900635 46.217701 232.089844
v 973.524658 46.217701 232.089844
v 973.524658 27.929699 232.089844
v 717.492676 46.217701 232.089844
v 808.932678 46.217701 232.089844
v 955.236694 27.929699 232.089844
v 717.492676 27.929699 232.089844
v 699.204651 27.929699 232.089844
v 973.524658 82.793709 232.089844
v 808.932678 82.793709 232.089844
v 717.492676 82.793709 232.089844
v 552.900635 46.217701 204.657776
v 552.900635 82.793709 204.657776
v 552.900635 46.217701 222.945786
v 552.900635 82.793709 222.945786
v 991.812683 46.217701 222.945786
v 991.812683 82.793709 222.945786
v 991.812683 46.217701 204.657776
v 991.812683 82.793709 204.657776
v 808.932678 46.217701 222.945786
v 808.932678 46.217701 204.657776
v 808.932678 82.793709 204.657776
v 808.932678 82.793709 222.945786
v 242.004684 33.153214 195.513840
v 242.004684 9.641697 195.513840
s 0
f 5657 5655 5654
f 5660 5654 5659
f 5670 5659 5671
f 5672 5656 5664
f 5667 5674 5673
f 5673 5665 5666
f 5671 5668 5669
f 5681 5679 5678
f 5686 5684 5683
f 5689 5676 5675
f 5694 5692 5691
f 5698 5690 5697
f 5699 5702 5701
f 5647 5701 5705
f 5652 5648 5706
f 5706 5705 5702
f 5656 5708 5707
f 5658 5710 5709
f 5661 5712 5711
f 5713 5693 5707
f 5708 5715 5714
f 5710 5717 5716
f 5712 5677 5718
f 5715 5654 5655
f 5717 5659 5654
f 5722 5721 5719
f 5687 5650 5722
f 5649 5720 5721
f 5729 5742 5743
f 5733 5748 5742
f 5731 5747 5748
f 5745 5728 5744
f 5747 5750 5749
f 5728 5743 5744
f 5736 5751 5752
f 5735 5755 5756
f 5738 5752 5755
f 5754 5740 5753
f 5737 5754 5751
f 5741 5734 5756
f 5767 5777 5766
f 5775 5776 5765
f 5781 5774 5773
f 5783 5725 5771
f 5789 5786 5768
f 5782 5771 5772
f 5770 5787 5784
f 5785 5790 5788
f 5787 5778 5784
f 5760 5795 5794
f 5759 5796 5791
f 5797 5726 5798
f 5761 5799 5779
f 5763 5798 5799
f 5805 5803 5802
f 5807 5800 5806
f 5808 5809 5795
f 5803 5804 5811
f 5810 5793 5794
f 5800 5796 5810
f 5818 5816 5819
f 5822 5820 5823
f 5826 5824 5827
f 5820 5828 5829
f 5829 5831 5830
f 5830 5826 5832
f 5704 5833 5834
f 5834 5823 5836
f 5837 5700 5647
f 5840 5723 5649
f 5842 5839 5841
f 5841 5818 5843
f 5845 5840 5688
f 5844 5824 5846
f 5860 5852 5859
f 5862 5859 5863
f 5852 5864 5865
f 5867 5854 5855
f 5870 5856 5854
f 5871 5858 5872
f 5880 5878 5874
f 5876 5881 5875
f 5883 5814 5873
f 5740 5886 5887
f 5888 5885 5730
f 5749 5884 5746
f 5878 5741 5757
f 5855 5727 5797
f 5868 5797 5763
f 5872 5801 5807
f 5792 5869 5758
f 5891 5889 5892
f 5896 5894 5893
f 5899 5897 5900
f 5902 5898 5899
f 5812 5904 5903
f 5905 5907 5906
f 5908 5910 5909
f 5850 5914 5919
f 5913 5920 5921
f 5912 5849 5888
f 5914 5923 5922
f 5918 5926 5925
f 5916 5925 5928
f 5930 5924 5929
f 5933 5929 5932
f 5922 5930 5926
f 5925 5930 5931
f 5936 5940 5939
f 5935 5942 5937
f 5937 5943 5938
f 5955 5954 5956
f 5948 5944 5945
f 5950 5946 5944
f 5952 5955 5946
f 5960 5941 5958
f 5959 5961 5960
f 5957 5962 5959
f 5965 5831 5963
f 5961 5966 5964
f 5901 5970 5968
f 5971 5897 5967
f 5971 5817 5900
f 5972 5889 5969
f 5975 5973 5976
f 5982 5979 5980
f 5985 5983 5986
f 5988 5989 5987
f 5984 5998 5983
f 5999 5995 5996
f 5997 6001 6000
f 5994 6003 5993
f 6004 5991 6006
f 6006 5992 6007
f 6008 5988 6009
f 6011 6009 6010
f 6016 6015 6013
f 6019 6022 6021
f 5981 6020 5979
f 5975 5976 6019
f 5973 5974 6012
f 6027 6025 6028
f 6028 6032 6030
f 6029 5978 6034
f 6044 6042 6045
f 6047 6037 6046
f 6040 6002 5997
f 6041 6049 6048
f 6053 6052 6050
f 6054 6051 6055
f 6021 6055 6057
f 6005 6058 6039
f 6038 6058 6046
f 6059 6033 6060
f 6042 6059 6060
f 6042 6061 6045
f 6050 6014 6015
f 6064 6050 6054
f 6022 6054 6021
f 6033 6065 6060
f 6060 6062 6042
f 6069 6070 6071
f 6070 6072 6073
f 6074 6067 6075
f 6078 6076 5985
f 6081 6079 6076
f 5987 6084 6082
f 6082 6086 6085
f 6085 6071 6083
f 5993 6089 6087
f 6087 6090 6088
f 6091 6094 6093
f 6096 6026 6027
f 6097 6099 6100
f 6094 6098 6101
f 6104 6101 6098
f 6103 6086 6105
f 6108 6073 6072
f 6074 6107 6066
f 6130 6128 6129
f 6131 6129 6123
f 6123 6118 6133
f 6137 6136 6109
f 6141 6139 6136
f 6143 6142 6139
f 6150 5851 5860
f 6151 6147 6149
f 6152 6146 6151
f 6134 6155 5882
f 6135 6157 6156
f 6125 6159 6158
f 6160 6154 6159
f 6166 6164 6165
f 6169 6161 6162
f 5956 6171 6170
f 6170 6173 6165
f 6179 6177 6180
f 6180 6182 6181
f 6181 6168 6183
f 6185 6174 6175
f 6109 6187 6186
f 6140 6186 6188
f 6188 6116 6117
f 6191 6187 6110
f 5915 6194 6193
f 6114 6195 6113
f 6112 6195 6192
f 6198 5932 6197
f 6199 6201 6200
f 6202 6203 6190
f 6194 6199 6193
f 6193 6202 6195
f 6195 6191 6192
f 6204 5943 6209
f 6205 6209 6210
f 6207 6210 6178
f 6213 6211 6214
f 6217 6215 6212
f 6221 6219 6218
f 6227 6225 6119
f 6229 6127 6128
f 6132 6230 6229
f 6118 6225 6230
f 6228 6231 6126
f 6223 6233 6234
f 6231 6160 6125
f 6187 6236 6237
f 6238 6228 6239
f 6240 6185 6241
f 6225 6242 6243
f 6239 6229 6244
f 6244 6230 6245
f 6230 6243 6245
f 6246 6187 6237
f 6247 6186 6246
f 6241 6188 6247
f 6249 6182 6250
f 6251 6215 6248
f 6254 6252 6255
f 6235 6263 6254
f 6263 6256 6265
f 6267 6218 6266
f 6259 6268 6269
f 6270 6262 6271
f 6272 6261 6270
f 6216 6260 6272
f 6262 6211 6252
f 6273 6256 6257
f 6258 6269 6275
f 6280 6278 6277
f 6284 6282 5894
f 6286 6285 6121
f 5911 6288 6287
f 6144 6290 6289
f 6289 6286 6121
f 6285 6227 6120
f 6294 6220 6293
f 6297 6296 6283
f 6281 6301 6300
f 6075 6309 6310
f 6308 6306 6307
f 6306 6304 6307
f 6314 6312 6036
f 6316 6315 6312
f 6318 6091 6095
f 6320 6317 6318
f 6044 6045 6321
f 6322 6323 6324
f 6323 6320 6324
f 6305 6308 6325
f 6310 6327 6326
f 5819 6330 6331
f 6334 6335 6336
f 6336 6337 6330
f 6342 6341 6343
f 6345 6346 6347
f 6346 6348 5971
f 6348 5816 5971
f 6351 6349 6352
f 6352 6340 6342
f 6332 6354 6353
f 6359 6357 6356
f 6363 6361 6364
f 6371 6369 6368
f 6375 6350 6351
f 6378 6376 6374
f 5968 6390 6382
f 6362 6376 6386
f 6389 6360 6345
f 6380 6358 6359
f 6343 6355 6356
f 6356 6357 6387
f 6383 6367 5972
f 6384 6365 6366
f 6385 6363 6364
f 6393 6396 6395
f 6353 6399 6398
f 6397 6399 6395
f 6403 6401 6400
f 6402 6405 6404
f 6409 6408 6393
f 6414 6412 6415
f 6416 6411 6417
f 6415 6417 6329
f 6418 6410 6416
f 6421 6419 6422
f 6414 6328 6420
f 6406 6423 6424
f 6424 6425 6426
f 6425 6427 6426
f 6435 6437 6432
f 6450 6453 6452
f 6297 6455 6296
f 6458 6452 6453
f 6431 6456 6297
f 6437 6460 6459
f 6451 6457 6461
f 6295 6455 6463
f 6446 6465 6464
f 6458 6449 6444
f 6448 6369 6370
f 6467 6448 6447
f 6405 6447 6404
f 6469 6468 6443
f 6472 6299 6300
f 6469 6473 6468
f 6302 6471 6475
f 6479 6475 6478
f 6474 6470 6481
f 6439 6472 6300
f 6440 6484 6483
f 6442 6473 6484
f 6486 6457 6458
f 6473 6487 6488
f 6490 6471 6472
f 6455 6491 6492
f 6493 6475 6471
f 6487 6477 6478
f 6491 6459 6460
f 6460 6461 6485
f 6495 6463 6455
f 6486 6464 6465
f 6490 6482 6483
f 6483 6484 6488
f 6454 6497 6450
f 6422 6497 6498
f 6438 6427 6429
f 5654 5658 5657
f 5657 5656 5655
f 5659 5661 5660
f 5660 5658 5654
f 5671 5669 5670
f 5670 5661 5659
f 5664 5665 5672
f 5672 5655 5656
f 5673 5666 5667
f 5667 5668 5674
f 5673 5672 5665
f 5671 5674 5668
f 5677 5682 5681
f 5681 5680 5679
f 5678 5677 5681
f 5679 5680 5686
f 5686 5685 5684
f 5683 5679 5686
f 5684 5685 5689
f 5689 5688 5687
f 5689 5687 5676
f 5675 5684 5689
f 5690 5695 5694
f 5694 5693 5692
f 5691 5690 5694
f 5696 5699 5698
f 5698 5695 5690
f 5697 5696 5698
f 5700 5704 5699
f 5699 5696 5703
f 5699 5703 5702
f 5701 5700 5699
f 5647 5700 5701
f 5652 5653 5648
f 5702 5651 5652
f 5702 5652 5706
f 5705 5701 5702
f 5707 5662 5656
f 5656 5657 5708
f 5708 5657 5658
f 5658 5660 5710
f 5709 5708 5658
f 5710 5660 5661
f 5661 5663 5712
f 5711 5710 5661
f 5713 5692 5693
f 5713 5707 5708
f 5708 5709 5715
f 5714 5713 5708
f 5715 5709 5710
f 5710 5711 5717
f 5716 5715 5710
f 5717 5711 5712
f 5712 5682 5677
f 5718 5717 5712
f 5655 5714 5715
f 5715 5716 5654
f 5654 5716 5717
f 5717 5718 5659
f 5719 5676 5687
f 5719 5687 5722
f 5721 5720 5719
f 5687 5688 5650
f 5649 5723 5720
f 5729 5733 5742
f 5733 5731 5748
f 5731 5732 5747
f 5745 5730 5728
f 5749 5746 5747
f 5747 5732 5750
f 5728 5729 5743
f 5736 5737 5751
f 5735 5738 5755
f 5738 5736 5752
f 5754 5739 5740
f 5737 5739 5754
f 5756 5757 5741
f 5734 5735 5756
f 5767 5779 5777
f 5765 5766 5777
f 5765 5777 5778
f 5776 5764 5765
f 5765 5778 5775
f 5781 5780 5774
f 5783 5724 5725
f 5768 5769 5789
f 5789 5785 5786
f 5782 5783 5771
f 5782 5772 5770
f 5770 5768 5786
f 5770 5786 5787
f 5784 5782 5770
f 5785 5789 5790
f 5787 5775 5778
f 5793 5759 5760
f 5760 5764 5776
f 5760 5776 5795
f 5794 5793 5760
f 5792 5758 5759
f 5759 5793 5796
f 5791 5792 5759
f 5797 5727 5726
f 5779 5767 5761
f 5761 5762 5799
f 5799 5762 5763
f 5763 5797 5798
f 5774 5780 5805
f 5805 5804 5803
f 5802 5774 5805
f 5804 5805 5807
f 5807 5801 5800
f 5806 5804 5807
f 5795 5802 5803
f 5795 5803 5808
f 5809 5794 5795
f 5811 5808 5803
f 5804 5806 5811
f 5794 5809 5810
f 5810 5796 5793
f 5811 5806 5800
f 5800 5791 5796
f 5810 5811 5800
f 5818 5817 5816
f 5822 5821 5820
f 5826 5825 5824
f 5820 5821 5828
f 5830 5832 5829
f 5829 5828 5831
f 5830 5825 5826
f 5834 5835 5704
f 5704 5700 5833
f 5836 5835 5834
f 5834 5822 5823
f 5648 5653 5837
f 5837 5833 5700
f 5647 5648 5837
f 5650 5688 5840
f 5840 5839 5723
f 5649 5650 5840
f 5843 5842 5841
f 5841 5817 5818
f 5688 5689 5845
f 5845 5846 5840
f 5846 5845 5844
f 5844 5827 5824
f 5859 5861 5860
f 5860 5851 5852
f 5862 5861 5859
f 5852 5853 5864
f 5855 5868 5867
f 5867 5866 5854
f 5854 5866 5870
f 5870 5869 5856
f 5871 5857 5858
f 5874 5875 5881
f 5880 5879 5878
f 5874 5881 5880
f 5876 5882 5881
f 5873 5884 5883
f 5883 5877 5814
f 5814 5815 5873
f 5887 5753 5740
f 5886 5850 5887
f 5730 5745 5888
f 5888 5849 5885
f 5749 5883 5884
f 5878 5879 5741
f 5855 5838 5727
f 5868 5855 5797
f 5872 5858 5801
f 5792 5856 5869
f 5891 5890 5889
f 5890 5891 5896
f 5896 5895 5894
f 5893 5890 5896
f 5899 5898 5897
f 5902 5901 5898
f 5903 5905 5812
f 5812 5813 5904
f 5906 5908 5905
f 5905 5903 5907
f 5909 5911 5908
f 5908 5906 5910
f 5919 5887 5850
f 5850 5847 5914
f 5913 5912 5920
f 5888 5920 5912
f 5912 5848 5849
f 5918 5919 5914
f 5914 5924 5923
f 5922 5918 5914
f 5925 5917 5918
f 5918 5922 5926
f 5927 5915 5916
f 5916 5917 5925
f 5928 5927 5916
f 5929 5931 5930
f 5930 5923 5924
f 5932 5934 5933
f 5933 5931 5929
f 5922 5923 5930
f 5933 5928 5925
f 5925 5926 5930
f 5931 5933 5925
f 5939 5935 5936
f 5936 5941 5940
f 5935 5939 5942
f 5937 5942 5943
f 5955 5953 5954
f 5945 5957 5948
f 5948 5949 5944
f 5944 5949 5950
f 5950 5951 5946
f 5946 5951 5952
f 5952 5953 5955
f 5955 5947 5946
f 5960 5940 5941
f 5960 5958 5959
f 5959 5962 5961
f 5957 5945 5962
f 5965 5830 5831
f 5961 5962 5966
f 5901 5902 5970
f 5971 5900 5897
f 5971 5816 5817
f 5972 5892 5889
f 5975 5974 5973
f 5982 5981 5979
f 5985 5984 5983
f 5988 5990 5989
f 5984 5995 5998
f 5999 5998 5995
f 5999 5996 5997
f 5997 6002 6001
f 6000 5999 5997
f 5994 6004 6003
f 6004 5994 5991
f 6007 6005 6006
f 6006 5991 5992
f 6008 5990 5988
f 6010 6012 6011
f 6011 6008 6009
f 6013 6017 6016
f 6015 6014 6013
f 6021 6018 6019
f 6019 6023 6022
f 5981 6024 6020
f 6019 6017 6013
f 6019 6013 5975
f 5976 6023 6019
f 6012 6020 6024
f 6012 6024 5973
f 5974 6011 6012
f 6027 6026 6025
f 6028 6025 6032
f 6033 6031 6029
f 6029 6030 6032
f 6029 6032 5977
f 6034 6033 6029
f 6029 5977 5978
f 6044 6043 6042
f 6047 6036 6037
f 6040 6048 6002
f 6048 6040 6041
f 6041 6035 6049
f 6050 6015 6016
f 6050 6016 6053
f 6052 6051 6050
f 6054 6050 6051
f 6056 6018 6021
f 6021 6054 6055
f 6057 6056 6021
f 6005 6007 6058
f 6046 6037 6038
f 6038 6039 6058
f 6059 6031 6033
f 6042 6043 6059
f 6042 6062 6061
f 6050 6063 6014
f 6064 6063 6050
f 6022 6064 6054
f 6033 6034 6065
f 6060 6065 6062
f 6069 6068 6070
f 6070 6068 6072
f 6074 6066 6067
f 5985 5986 6078
f 6078 6077 6076
f 6076 6077 6081
f 6081 6080 6079
f 5987 5989 6084
f 6085 6083 6082
f 6082 6084 6086
f 6085 6069 6071
f 5993 6003 6089
f 6087 6089 6090
f 6093 6095 6091
f 6091 6092 6094
f 6096 6100 6026
f 6100 6096 6097
f 6097 6101 6099
f 6101 6097 6094
f 6094 6092 6098
f 6098 6102 6104
f 6104 6099 6101
f 6103 6085 6086
f 6074 6106 6107
f 6123 6132 6131
f 6131 6130 6129
f 6129 6122 6123
f 6133 6132 6123
f 6123 6124 6118
f 6136 6137 6141
f 6141 6140 6139
f 6139 6138 6136
f 6139 6140 6143
f 6143 6117 6142
f 6150 6149 5851
f 6149 6150 6151
f 6151 6146 6147
f 6152 6148 6146
f 5882 5876 6134
f 6134 6156 6155
f 6156 6134 6135
f 6135 6158 6157
f 6158 6135 6125
f 6125 6160 6159
f 6160 6153 6154
f 6165 6167 6166
f 6166 6163 6164
f 6163 6166 6169
f 6169 6168 6161
f 6162 6163 6169
f 6170 6172 5956
f 5956 5954 6171
f 6165 6172 6170
f 6173 6167 6165
f 6179 6178 6177
f 6181 6183 6180
f 6180 6177 6182
f 6181 6161 6168
f 6115 6116 6185
f 6185 6184 6176
f 6185 6176 6174
f 6175 6115 6185
f 6186 6141 6137
f 6109 6110 6187
f 6186 6137 6109
f 6188 6143 6140
f 6140 6141 6186
f 6117 6143 6188
f 6188 6185 6116
f 6110 6111 6192
f 6191 6190 6189
f 6110 6192 6191
f 6191 6189 6187
f 6193 6114 5915
f 5915 5927 6194
f 6114 6193 6195
f 6192 6111 6112
f 6112 6113 6195
f 6196 6199 6198
f 6198 5934 5932
f 6197 6196 6198
f 6200 6202 6199
f 6199 6196 6201
f 6190 6191 6202
f 6202 6200 6203
f 6194 6198 6199
f 6193 6199 6202
f 6195 6202 6191
f 6209 6206 6204
f 6204 5938 5943
f 6210 6208 6205
f 6205 6206 6209
f 6178 6179 6207
f 6207 6208 6210
f 6213 6212 6211
f 6212 6213 6217
f 6217 6216 6215
f 6218 6222 6221
f 6221 6220 6219
f 6119 6120 6227
f 6227 6226 6225
f 6130 6131 6229
f 6229 6228 6127
f 6128 6130 6229
f 6229 6131 6132
f 6132 6133 6230
f 6230 6133 6118
f 6118 6119 6225
f 6126 6127 6228
f 6228 6232 6231
f 6234 6235 6224
f 6223 6148 6152
f 6234 6224 6223
f 6223 6152 6233
f 6125 6126 6231
f 6231 6153 6160
f 6187 6189 6236
f 6238 6232 6228
f 6240 6184 6185
f 6225 6226 6242
f 6239 6228 6229
f 6244 6229 6230
f 6230 6225 6243
f 6246 6186 6187
f 6247 6188 6186
f 6241 6185 6188
f 6249 6181 6182
f 6251 6212 6215
f 6254 6253 6252
f 6255 6224 6235
f 6235 6264 6263
f 6254 6255 6235
f 6263 6264 6256
f 6266 6268 6267
f 6267 6222 6218
f 6259 6267 6268
f 6270 6261 6262
f 6272 6260 6261
f 6216 6217 6260
f 6253 6271 6262
f 6262 6214 6211
f 6252 6253 6262
f 6258 6274 6273
f 6273 6265 6256
f 6257 6258 6273
f 6275 6274 6258
f 6258 6259 6269
f 6276 6281 6280
f 6280 6279 6278
f 6277 6276 6280
f 5894 5895 6284
f 6284 6283 6282
f 6287 6144 5911
f 5911 5909 6288
f 6289 6145 6144
f 6144 6287 6290
f 6121 6145 6289
f 6289 6291 6286
f 6120 6121 6285
f 6285 6292 6227
f 6294 6219 6220
f 6283 6284 6298
f 6283 6298 6297
f 6296 6295 6283
f 6299 6302 6281
f 6281 6276 6301
f 6300 6299 6281
f 6075 6067 6309
f 6308 6305 6306
f 6306 6303 6304
f 6036 6047 6314
f 6314 6313 6312
f 6312 6313 6316
f 6316 6311 6315
f 6318 6317 6091
f 6320 6319 6317
f 6321 6322 6044
f 6045 6061 6321
f 6322 6321 6323
f 6323 6319 6320
f 6310 6309 6327
f 5819 5816 6330
f 6330 6334 6336
f 6336 6339 6338
f 6337 6331 6330
f 6336 6338 6337
f 6342 6340 6341
f 6345 6344 6346
f 5971 5967 6346
f 6346 6344 6348
f 6348 6330 5816
f 6351 6350 6349
f 6352 6349 6340
f 6332 6333 6354
f 6355 6360 6359
f 6359 6358 6357
f 6356 6355 6359
f 6363 6362 6361
f 6368 6373 6372
f 6371 6370 6369
f 6368 6372 6371
f 6375 6374 6350
f 6374 6375 6379
f 6378 6377 6376
f 6374 6379 6378
f 5968 5970 6390
f 6386 6387 6391
f 6386 6391 6361
f 6376 6377 6386
f 6386 6361 6362
f 6345 6347 6389
f 6389 6359 6360
f 6359 6389 6381
f 6380 6382 6390
f 6359 6381 6380
f 6380 6390 6358
f 6356 6388 6343
f 6343 6341 6355
f 6387 6388 6356
f 6357 6391 6387
f 5972 5969 6383
f 6383 6366 6367
f 6366 6383 6384
f 6384 6392 6365
f 6392 6384 6385
f 6385 6373 6368
f 6385 6368 6363
f 6364 6392 6385
f 6395 6329 6393
f 6393 6394 6396
f 6353 6354 6399
f 6395 6396 6397
f 6397 6398 6399
f 6400 6328 6403
f 6403 6402 6401
f 6402 6403 6405
f 6393 6329 6411
f 6393 6411 6410
f 6407 6406 6393
f 6408 6407 6393
f 6393 6410 6409
f 6414 6413 6412
f 6416 6410 6411
f 6329 6328 6414
f 6329 6414 6415
f 6417 6411 6329
f 6412 6413 6418
f 6418 6409 6410
f 6416 6412 6418
f 6421 6420 6419
f 6420 6421 6418
f 6420 6418 6413
f 6328 6400 6420
f 6420 6413 6414
f 6406 6407 6423
f 6424 6423 6425
f 6425 6428 6427
f 6432 6434 6435
f 6435 6436 6437
f 6451 6454 6450
f 6450 6449 6453
f 6452 6451 6450
f 6297 6456 6455
f 6458 6457 6452
f 6297 6298 6431
f 6431 6459 6456
f 6459 6431 6432
f 6437 6462 6461
f 6459 6432 6437
f 6437 6461 6460
f 6461 6462 6451
f 6451 6452 6457
f 6463 6446 6295
f 6295 6296 6455
f 6464 6445 6446
f 6446 6463 6465
f 6444 6445 6464
f 6458 6453 6449
f 6444 6464 6458
f 6448 6466 6369
f 6467 6466 6448
f 6405 6467 6447
f 6443 6438 6470
f 6443 6470 6469
f 6468 6442 6443
f 6472 6471 6299
f 6469 6474 6473
f 6475 6476 6302
f 6302 6299 6471
f 6477 6480 6479
f 6479 6476 6475
f 6478 6477 6479
f 6481 6480 6477
f 6474 6469 6470
f 6481 6477 6474
f 6300 6301 6439
f 6439 6482 6472
f 6482 6439 6440
f 6440 6441 6484
f 6483 6482 6440
f 6484 6441 6442
f 6442 6468 6473
f 6486 6485 6457
f 6473 6474 6487
f 6490 6489 6471
f 6455 6456 6491
f 6471 6489 6493
f 6493 6478 6475
f 6478 6493 6487
f 6487 6474 6477
f 6460 6494 6491
f 6491 6456 6459
f 6485 6494 6460
f 6461 6457 6485
f 6455 6492 6495
f 6495 6465 6463
f 6465 6495 6486
f 6486 6458 6464
f 6483 6496 6490
f 6490 6472 6482
f 6488 6496 6483
f 6484 6473 6488
f 6454 6498 6497
f 6422 6419 6497
f 6430 6433 6438
f 6438 6443 6427
f 6427 6428 6429
f 6429 6430 6438
o de_nuke_world_geometry.014
v 1869.636719 251.957687 -60.518188
v 1869.636719 256.529694 -60.518188
v 1174.692749 251.957687 -60.518188
v 1174.692749 256.529694 -60.518188
v 1869.636719 315.965698 -60.518188
v 1869.636719 320.537720 -60.518188
v 1174.692749 315.965698 -60.518188
v 1174.692749 320.537720 -60.518188
v 1869.636719 315.965698 -1180.658203
v 1869.636719 320.537720 -1180.658203
v 1174.692749 315.965698 -1180.658203
v 1174.692749 320.537720 -1180.658203
v 1869.636719 251.957687 -1180.658203
v 1869.636719 256.529694 -1180.658203
v 1174.692749 251.957687 -1180.658203
v 1174.692749 256.529694 -1180.658203
v 1924.500732 320.537720 -1692.722168
v 1924.500732 320.537720 -1715.582153
v 1924.500732 320.537720 -1180.658203
v 1924.500732 320.537720 -1267.526245
v 1924.500732 320.537720 -1614.998291
v 1924.500732 251.957687 -1715.582153
v 1924.500732 251.957687 -1692.722168
v 1924.500732 251.957687 -1614.998291
v 1924.500732 251.957687 -1267.526245
v 1924.500732 251.957687 -1180.658203
v 1156.404785 320.537720 -1715.582153
v 1156.404785 320.537720 -1692.722168
v 1156.404785 320.537720 -1614.998291
v 1156.404785 320.537720 -1267.526245
v 1156.404785 320.537720 -1180.658203
v 1156.404785 251.957687 -1692.722168
v 1156.404785 251.957687 -1715.582153
v 1156.404785 251.957687 -1180.658203
v 1156.404785 251.957687 -1267.526245
v 1156.404785 251.957687 -1614.998291
v 1869.636719 251.957687 -1614.998291
v 1869.636719 256.529694 -1614.998291
v 1869.636719 315.965698 -1614.998291
v 1869.636719 320.537720 -1614.998291
v 1174.692749 315.965698 -1614.998291
v 1174.692749 256.529694 -1614.998291
v 1174.692749 251.957687 -1614.998291
v 1174.692749 320.537720 -1614.998291
v 1869.636719 251.957687 -1624.142212
v 1869.636719 256.529694 -1624.142212
v 1869.636719 251.957687 -1628.714233
v 1869.636719 251.957687 -1701.866211
v 1869.636719 256.529694 -1701.866211
v 1869.636719 256.529694 -1628.714233
v 1869.636719 251.957687 -1706.438110
v 1869.636719 251.957687 -1715.582153
v 1869.636719 256.529694 -1715.582153
v 1869.636719 256.529694 -1706.438110
v 1869.636719 315.965698 -1715.582153
v 1869.636719 315.965698 -1706.438110
v 1869.636719 315.965698 -1701.866211
v 1869.636719 315.965698 -1628.714233
v 1869.636719 315.965698 -1624.142212
v 1869.636719 320.537720 -1715.582153
v 1869.636719 320.537720 -1706.438110
v 1869.636719 320.537720 -1701.866211
v 1869.636719 320.537720 -1628.714233
v 1869.636719 320.537720 -1624.142212
v 1174.692749 251.957687 -1624.142212
v 1174.692749 256.529694 -1624.142212
v 1174.692749 251.957687 -1701.866211
v 1174.692749 251.957687 -1628.714233
v 1174.692749 256.529694 -1628.714233
v 1174.692749 256.529694 -1701.866211
v 1174.692749 251.957687 -1715.582153
v 1174.692749 251.957687 -1706.438110
v 1174.692749 256.529694 -1706.438110
v 1174.692749 256.529694 -1715.582153
v 1174.692749 315.965698 -1624.142212
v 1174.692749 315.965698 -1628.714233
v 1174.692749 315.965698 -1701.866211
v 1174.692749 315.965698 -1706.438110
v 1174.692749 315.965698 -1715.582153
v 1174.692749 320.537720 -1706.438110
v 1174.692749 320.537720 -1715.582153
v 1174.692749 320.537720 -1628.714233
v 1174.692749 320.537720 -1701.866211
v 1174.692749 320.537720 -1624.142212
v 1869.636719 320.537720 -1253.810181
v 1869.636719 315.965698 -1253.810181
v 1869.636719 315.965698 -1267.526245
v 1869.636719 320.537720 -1267.526245
v 1869.636719 320.537720 -1258.382202
v 1869.636719 315.965698 -1258.382202
v 1869.636719 256.529694 -1253.810181
v 1869.636719 256.529694 -1258.382202
v 1869.636719 256.529694 -1267.526245
v 1869.636719 251.957687 -1258.382202
v 1869.636719 251.957687 -1267.526245
v 1869.636719 251.957687 -1253.810181
v 1174.692749 320.537720 -1253.810181
v 1174.692749 315.965698 -1253.810181
v 1174.692749 320.537720 -1258.382202
v 1174.692749 320.537720 -1267.526245
v 1174.692749 315.965698 -1267.526245
v 1174.692749 315.965698 -1258.382202
v 1174.692749 256.529694 -1267.526245
v 1174.692749 256.529694 -1258.382202
v 1174.692749 256.529694 -1253.810181
v 1174.692749 251.957687 -1267.526245
v 1174.692749 251.957687 -1258.382202
v 1174.692749 251.957687 -1253.810181
v 1156.404785 251.957687 -1166.942139
v 1156.404785 320.537720 -1166.942139
v 1924.500732 251.957687 -1166.942139
v 1924.500732 320.537720 -1166.942139
v 1869.636719 320.537720 -1176.086182
v 1869.636719 320.537720 -1166.942139
v 1869.636719 315.965698 -1166.942139
v 1869.636719 315.965698 -1176.086182
v 1869.636719 256.529694 -1166.942139
v 1869.636719 256.529694 -1176.086182
v 1869.636719 251.957687 -1166.942139
v 1869.636719 251.957687 -1176.086182
v 1174.692749 315.965698 -1166.942139
v 1174.692749 320.537720 -1166.942139
v 1174.692749 320.537720 -1176.086182
v 1174.692749 315.965698 -1176.086182
v 1174.692749 256.529694 -1176.086182
v 1174.692749 256.529694 -1166.942139
v 1174.692749 251.957687 -1176.086182
v 1174.692749 251.957687 -1166.942139
v 1156.404785 251.957687 -147.386169
v 1156.404785 320.537720 -147.386169
v 1156.404785 251.957687 -60.518188
v 1156.404785 320.537720 -60.518188
v 1869.636719 320.537720 -133.670197
v 1869.636719 315.965698 -133.670197
v 1869.636719 315.965698 -147.386169
v 1869.636719 320.537720 -147.386169
v 1869.636719 320.537720 -138.242218
v 1869.636719 315.965698 -138.242218
v 1869.636719 256.529694 -133.670197
v 1869.636719 256.529694 -138.242218
v 1869.636719 256.529694 -147.386169
v 1869.636719 251.957687 -138.242218
v 1869.636719 251.957687 -147.386169
v 1869.636719 251.957687 -133.670197
v 1887.924683 320.537720 -60.518188
v 1887.924683 320.537720 -147.386169
v 1887.924683 251.957687 -147.386169
v 1887.924683 251.957687 -60.518188
v 1174.692749 320.537720 -133.670197
v 1174.692749 315.965698 -133.670197
v 1174.692749 320.537720 -138.242218
v 1174.692749 320.537720 -147.386169
v 1174.692749 315.965698 -147.386169
v 1174.692749 315.965698 -138.242218
v 1174.692749 256.529694 -147.386169
v 1174.692749 256.529694 -138.242218
v 1174.692749 256.529694 -133.670197
v 1174.692749 251.957687 -147.386169
v 1174.692749 251.957687 -138.242218
v 1174.692749 251.957687 -133.670197
v 1156.404785 251.957687 -46.802216
v 1156.404785 320.537720 -46.802216
v 1887.924683 320.537720 -46.802216
v 1887.924683 251.957687 -46.802216
v 1869.636719 251.957687 -46.802216
v 1869.636719 251.957687 -55.946159
v 1869.636719 256.529694 -55.946159
v 1869.636719 256.529694 -46.802216
v 1869.636719 315.965698 -55.946159
v 1869.636719 315.965698 -46.802216
v 1869.636719 320.537720 -55.946159
v 1869.636719 320.537720 -46.802216
v 1174.692749 315.965698 -46.802216
v 1174.692749 320.537720 -46.802216
v 1174.692749 320.537720 -55.946159
v 1174.692749 315.965698 -55.946159
v 1174.692749 256.529694 -55.946159
v 1174.692749 256.529694 -46.802216
v 1174.692749 251.957687 -55.946159
v 1174.692749 251.957687 -46.802216
s 0
f 6537 6536 6522
f 6527 6541 6540
f 6544 6535 6536
f 6547 6545 6548
f 6551 6549 6552
f 6555 6554 6552
f 6559 6553 6554
f 6556 6560 6555
f 6537 6562 6557
f 6516 6550 6551
f 6545 6546 6521
f 6560 6561 6515
f 6540 6563 6564
f 6567 6565 6568
f 6571 6569 6572
f 6574 6573 6564
f 6577 6578 6576
f 6575 6580 6574
f 6582 6539 6573
f 6577 6572 6531
f 6530 6570 6565
f 6526 6582 6580
f 6507 6583 6584
f 6587 6585 6588
f 6584 6588 6590
f 6591 6592 6590
f 6589 6511 6512
f 6518 6593 6591
f 6594 6592 6523
f 6518 6587 6583
f 6596 6510 6509
f 6599 6597 6600
f 6602 6600 6596
f 6602 6604 6601
f 6514 6606 6603
f 6599 6601 6533
f 6532 6604 6605
f 6597 6528 6529
f 6613 6611 6614
f 6616 6613 6614
f 6616 6617 6615
f 6613 6615 6609
f 6609 6618 6511
f 6508 6611 6610
f 6621 6619 6622
f 6622 6624 6623
f 6624 6625 6623
f 6608 6626 6624
f 6625 6607 6532
f 6529 6620 6621
f 6503 6631 6632
f 6635 6633 6636
f 6632 6636 6638
f 6639 6640 6638
f 6637 6499 6500
f 6644 6641 6639
f 6642 6640 6645
f 6644 6635 6631
f 6648 6506 6505
f 6651 6649 6652
f 6654 6652 6648
f 6654 6656 6653
f 6502 6658 6655
f 6651 6653 6627
f 6629 6656 6657
f 6649 6628 6630
f 6665 6663 6666
f 6665 6668 6667
f 6668 6669 6667
f 6668 6666 6662
f 6662 6664 6499
f 6504 6669 6661
f 6673 6671 6674
f 6674 6676 6675
f 6676 6677 6675
f 6660 6678 6676
f 6677 6659 6629
f 6630 6672 6673
f 6522 6519 6538
f 6522 6538 6537
f 6536 6535 6522
f 6539 6542 6527
f 6527 6534 6541
f 6540 6539 6527
f 6544 6543 6535
f 6547 6546 6545
f 6551 6550 6549
f 6544 6536 6537
f 6544 6537 6557
f 6548 6544 6557
f 6548 6557 6556
f 6547 6548 6556
f 6547 6556 6555
f 6553 6551 6552
f 6552 6547 6555
f 6554 6553 6552
f 6559 6558 6553
f 6556 6561 6560
f 6537 6538 6562
f 6553 6558 6516
f 6516 6520 6550
f 6551 6553 6516
f 6521 6522 6535
f 6521 6535 6543
f 6550 6520 6521
f 6549 6550 6521
f 6521 6543 6545
f 6546 6549 6521
f 6515 6516 6558
f 6515 6558 6559
f 6538 6519 6515
f 6562 6538 6515
f 6515 6559 6560
f 6561 6562 6515
f 6540 6541 6563
f 6567 6566 6565
f 6571 6570 6569
f 6571 6572 6577
f 6571 6577 6576
f 6568 6571 6576
f 6568 6576 6575
f 6567 6568 6575
f 6567 6575 6574
f 6539 6540 6564
f 6564 6567 6574
f 6573 6539 6564
f 6577 6579 6578
f 6575 6581 6580
f 6582 6542 6539
f 6531 6525 6579
f 6531 6579 6577
f 6572 6569 6531
f 6563 6541 6534
f 6530 6531 6569
f 6563 6534 6530
f 6566 6563 6530
f 6530 6569 6570
f 6565 6566 6530
f 6578 6579 6525
f 6526 6527 6542
f 6578 6525 6526
f 6581 6578 6526
f 6526 6542 6582
f 6580 6581 6526
f 6507 6508 6583
f 6587 6586 6585
f 6589 6512 6507
f 6589 6507 6584
f 6585 6591 6590
f 6590 6589 6584
f 6588 6585 6590
f 6591 6593 6592
f 6589 6594 6511
f 6585 6586 6518
f 6518 6523 6593
f 6591 6585 6518
f 6523 6524 6511
f 6523 6511 6594
f 6592 6593 6523
f 6508 6517 6518
f 6518 6586 6587
f 6583 6508 6518
f 6596 6595 6510
f 6599 6598 6597
f 6509 6514 6603
f 6602 6601 6599
f 6509 6603 6602
f 6596 6509 6602
f 6602 6599 6600
f 6602 6605 6604
f 6514 6513 6606
f 6533 6528 6598
f 6533 6598 6599
f 6601 6604 6533
f 6606 6513 6532
f 6532 6533 6604
f 6605 6606 6532
f 6529 6510 6595
f 6597 6598 6528
f 6529 6595 6597
f 6613 6612 6611
f 6507 6512 6616
f 6616 6615 6613
f 6614 6507 6616
f 6616 6618 6617
f 6609 6610 6612
f 6609 6612 6613
f 6615 6617 6609
f 6511 6524 6609
f 6609 6617 6618
f 6610 6517 6508
f 6611 6612 6610
f 6621 6620 6619
f 6623 6514 6509
f 6622 6619 6624
f 6623 6509 6622
f 6624 6626 6625
f 6619 6620 6608
f 6608 6607 6626
f 6624 6619 6608
f 6532 6513 6625
f 6625 6626 6607
f 6621 6510 6529
f 6529 6608 6620
f 6503 6504 6631
f 6635 6634 6633
f 6637 6500 6503
f 6637 6503 6632
f 6633 6639 6638
f 6638 6637 6632
f 6636 6633 6638
f 6639 6641 6640
f 6637 6642 6499
f 6633 6634 6644
f 6644 6645 6641
f 6639 6633 6644
f 6645 6646 6499
f 6645 6499 6642
f 6640 6641 6645
f 6504 6643 6644
f 6644 6634 6635
f 6631 6504 6644
f 6648 6647 6506
f 6651 6650 6649
f 6505 6502 6655
f 6654 6653 6651
f 6505 6655 6654
f 6648 6505 6654
f 6654 6651 6652
f 6654 6657 6656
f 6502 6501 6658
f 6627 6628 6650
f 6627 6650 6651
f 6653 6656 6627
f 6658 6501 6629
f 6629 6627 6656
f 6657 6658 6629
f 6630 6506 6647
f 6649 6650 6628
f 6630 6647 6649
f 6665 6664 6663
f 6503 6500 6665
f 6665 6666 6668
f 6667 6503 6665
f 6668 6670 6669
f 6662 6661 6670
f 6662 6670 6668
f 6666 6663 6662
f 6499 6646 6662
f 6662 6663 6664
f 6661 6643 6504
f 6669 6670 6661
f 6673 6672 6671
f 6675 6502 6505
f 6674 6671 6676
f 6675 6505 6674
f 6676 6678 6677
f 6671 6672 6660
f 6660 6659 6678
f 6676 6671 6660
f 6629 6501 6677
f 6677 6678 6659
f 6673 6506 6630
f 6630 6660 6672
o de_nuke_world_geometry.015
v 1202.124756 128.513687 -1999.046143
v 1202.124756 146.801697 -1999.046143
v 1814.772705 128.513687 -1999.046143
v 1814.772705 146.801697 -1999.046143
v 1229.556641 128.513687 -1999.046143
v 1229.556641 146.801697 -1999.046143
v 1842.204834 128.513687 -1999.046143
v 1842.204834 146.801697 -1999.046143
v 1842.204834 219.953705 -1999.046143
v 1814.772705 219.953705 -1999.046143
v 1229.556641 219.953705 -1999.046143
v 1202.124756 219.953705 -1999.046143
v 1814.772705 201.665695 -1999.046143
v 1842.204834 201.665695 -1999.046143
v 1202.124756 201.665695 -1999.046143
v 1229.556641 201.665695 -1999.046143
v 1814.772705 128.513687 -1948.754150
v 1814.772705 146.801697 -1948.754150
v 1814.772705 128.513687 -1692.722168
v 1814.772705 128.513687 -1743.014160
v 1814.772705 146.801697 -1743.014160
v 1814.772705 146.801697 -1692.722168
v 1814.772705 128.513687 -1436.690186
v 1814.772705 128.513687 -1486.982178
v 1814.772705 146.801697 -1486.982178
v 1814.772705 146.801697 -1436.690186
v 1814.772705 128.513687 -1180.658203
v 1814.772705 128.513687 -1230.950195
v 1814.772705 146.801697 -1230.950195
v 1814.772705 146.801697 -1180.658203
v 1814.772705 201.665695 -1948.754150
v 1814.772705 219.953705 -1948.754150
v 1814.772705 201.665695 -1692.722168
v 1814.772705 201.665695 -1743.014160
v 1814.772705 219.953705 -1743.014160
v 1814.772705 219.953705 -1692.722168
v 1814.772705 201.665695 -1436.690186
v 1814.772705 201.665695 -1486.982178
v 1814.772705 219.953705 -1486.982178
v 1814.772705 219.953705 -1436.690186
v 1814.772705 201.665695 -1180.658203
v 1814.772705 201.665695 -1230.950195
v 1814.772705 219.953705 -1230.950195
v 1814.772705 219.953705 -1180.658203
v 1842.204834 146.801697 -1230.950195
v 1842.204834 146.801697 -1180.658203
v 1842.204834 146.801697 -1486.982178
v 1842.204834 146.801697 -1436.690186
v 1842.204834 146.801697 -1743.014160
v 1842.204834 146.801697 -1692.722168
v 1842.204834 146.801697 -1948.754150
v 1842.204834 201.665695 -1180.658203
v 1842.204834 201.665695 -1230.950195
v 1842.204834 201.665695 -1436.690186
v 1842.204834 201.665695 -1486.982178
v 1842.204834 201.665695 -1692.722168
v 1842.204834 201.665695 -1743.014160
v 1842.204834 201.665695 -1948.754150
v 1842.204834 219.953705 -1948.754150
v 1842.204834 219.953705 -1692.722168
v 1842.204834 219.953705 -1743.014160
v 1842.204834 219.953705 -1436.690186
v 1842.204834 219.953705 -1486.982178
v 1842.204834 219.953705 -1180.658203
v 1842.204834 219.953705 -1230.950195
v 1842.204834 128.513687 -1948.754150
v 1842.204834 128.513687 -1743.014160
v 1842.204834 128.513687 -1692.722168
v 1842.204834 128.513687 -1486.982178
v 1842.204834 128.513687 -1436.690186
v 1842.204834 128.513687 -1230.950195
v 1842.204834 128.513687 -1180.658203
v 1229.556641 128.513687 -1948.754150
v 1229.556641 146.801697 -1948.754150
v 1229.556641 128.513687 -1743.014160
v 1229.556641 128.513687 -1692.722168
v 1229.556641 146.801697 -1692.722168
v 1229.556641 146.801697 -1743.014160
v 1229.556641 128.513687 -1486.982178
v 1229.556641 128.513687 -1436.690186
v 1229.556641 146.801697 -1436.690186
v 1229.556641 146.801697 -1486.982178
v 1229.556641 128.513687 -1230.950195
v 1229.556641 128.513687 -1180.658203
v 1229.556641 146.801697 -1180.658203
v 1229.556641 146.801697 -1230.950195
v 1229.556641 201.665695 -1948.754150
v 1229.556641 219.953705 -1948.754150
v 1229.556641 201.665695 -1743.014160
v 1229.556641 201.665695 -1692.722168
v 1229.556641 219.953705 -1692.722168
v 1229.556641 219.953705 -1743.014160
v 1229.556641 201.665695 -1486.982178
v 1229.556641 201.665695 -1436.690186
v 1229.556641 219.953705 -1436.690186
v 1229.556641 219.953705 -1486.982178
v 1229.556641 201.665695 -1230.950195
v 1229.556641 201.665695 -1180.658203
v 1229.556641 219.953705 -1180.658203
v 1229.556641 219.953705 -1230.950195
v 1202.124756 146.801697 -1180.658203
v 1202.124756 146.801697 -1230.950195
v 1202.124756 146.801697 -1436.690186
v 1202.124756 146.801697 -1486.982178
v 1202.124756 146.801697 -1692.722168
v 1202.124756 146.801697 -1743.014160
v 1202.124756 146.801697 -1948.754150
v 1202.124756 201.665695 -1230.950195
v 1202.124756 201.665695 -1180.658203
v 1202.124756 201.665695 -1486.982178
v 1202.124756 201.665695 -1436.690186
v 1202.124756 201.665695 -1743.014160
v 1202.124756 201.665695 -1692.722168
v 1202.124756 201.665695 -1948.754150
v 1202.124756 219.953705 -1948.754150
v 1202.124756 219.953705 -1743.014160
v 1202.124756 219.953705 -1692.722168
v 1202.124756 219.953705 -1486.982178
v 1202.124756 219.953705 -1436.690186
v 1202.124756 219.953705 -1230.950195
v 1202.124756 219.953705 -1180.658203
v 1202.124756 128.513687 -1948.754150
v 1202.124756 128.513687 -1692.722168
v 1202.124756 128.513687 -1743.014160
v 1202.124756 128.513687 -1436.690186
v 1202.124756 128.513687 -1486.982178
v 1202.124756 128.513687 -1180.658203
v 1202.124756 128.513687 -1230.950195
v 1814.772705 201.665695 -1085.789185
v 1814.772705 219.953705 -1085.789185
v 1814.772705 201.665695 -829.757202
v 1814.772705 201.665695 -924.626221
v 1814.772705 219.953705 -924.626221
v 1814.772705 219.953705 -829.757202
v 1814.772705 128.513687 -1085.789185
v 1814.772705 146.801697 -1085.789185
v 1814.772705 128.513687 -829.757202
v 1814.772705 128.513687 -924.626221
v 1814.772705 146.801697 -924.626221
v 1814.772705 146.801697 -829.757202
v 1842.204834 128.513687 -829.757202
v 1842.204834 146.801697 -829.757202
v 1842.204834 201.665695 -829.757202
v 1842.204834 219.953705 -829.757202
v 1842.204834 146.801697 -924.626221
v 1842.204834 146.801697 -1085.789185
v 1842.204834 201.665695 -924.626221
v 1842.204834 201.665695 -1085.789185
v 1842.204834 219.953705 -1085.789185
v 1842.204834 219.953705 -924.626221
v 1842.204834 128.513687 -1085.789185
v 1842.204834 128.513687 -924.626221
v 1229.556641 201.665695 -1085.789185
v 1229.556641 219.953705 -1085.789185
v 1229.556641 201.665695 -924.626221
v 1229.556641 201.665695 -829.757202
v 1229.556641 219.953705 -829.757202
v 1229.556641 219.953705 -924.626221
v 1229.556641 128.513687 -1085.789185
v 1229.556641 146.801697 -1085.789185
v 1229.556641 128.513687 -924.626221
v 1229.556641 128.513687 -829.757202
v 1229.556641 146.801697 -829.757202
v 1229.556641 146.801697 -924.626221
v 1202.124756 201.665695 -829.757202
v 1202.124756 219.953705 -829.757202
v 1202.124756 128.513687 -829.757202
v 1202.124756 146.801697 -829.757202
v 1202.124756 128.513687 -924.626221
v 1202.124756 128.513687 -1085.789185
v 1202.124756 201.665695 -924.626221
v 1202.124756 201.665695 -1085.789185
v 1202.124756 219.953705 -1085.789185
v 1202.124756 219.953705 -924.626221
v 1202.124756 146.801697 -1085.789185
v 1202.124756 146.801697 -924.626221
v 1814.772705 201.665695 -681.167236
v 1842.204834 201.665695 -681.167236
v 1842.204834 219.953705 -681.167236
v 1814.772705 219.953705 -681.167236
v 1814.772705 128.513687 -681.167236
v 1842.204834 128.513687 -681.167236
v 1842.204834 146.801697 -681.167236
v 1814.772705 146.801697 -681.167236
v 1202.124756 201.665695 -681.167236
v 1229.556641 201.665695 -681.167236
v 1229.556641 219.953705 -681.167236
v 1202.124756 219.953705 -681.167236
v 1202.124756 128.513687 -681.167236
v 1229.556641 128.513687 -681.167236
v 1229.556641 146.801697 -681.167236
v 1202.124756 146.801697 -681.167236
v 1814.772705 128.513687 -572.582214
v 1814.772705 146.801697 -572.582214
v 1814.772705 128.513687 -316.550171
v 1814.772705 128.513687 -425.135193
v 1814.772705 146.801697 -425.135193
v 1814.772705 146.801697 -316.550171
v 1814.772705 128.513687 -60.518188
v 1814.772705 128.513687 -169.103165
v 1814.772705 146.801697 -169.103165
v 1814.772705 146.801697 -60.518188
v 1814.772705 201.665695 -572.582214
v 1814.772705 219.953705 -572.582214
v 1814.772705 201.665695 -316.550171
v 1814.772705 201.665695 -425.135193
v 1814.772705 219.953705 -425.135193
v 1814.772705 219.953705 -316.550171
v 1814.772705 201.665695 -60.518188
v 1814.772705 201.665695 -169.103165
v 1814.772705 219.953705 -169.103165
v 1814.772705 219.953705 -60.518188
v 1842.204834 128.513687 -60.518188
v 1842.204834 128.513687 -169.103165
v 1842.204834 128.513687 -316.550171
v 1842.204834 128.513687 -425.135193
v 1842.204834 128.513687 -572.582214
v 1842.204834 201.665695 -60.518188
v 1842.204834 201.665695 -169.103165
v 1842.204834 201.665695 -316.550171
v 1842.204834 201.665695 -425.135193
v 1842.204834 201.665695 -572.582214
v 1842.204834 219.953705 -572.582214
v 1842.204834 219.953705 -316.550171
v 1842.204834 219.953705 -425.135193
v 1842.204834 219.953705 -60.518188
v 1842.204834 219.953705 -169.103165
v 1842.204834 146.801697 -572.582214
v 1842.204834 146.801697 -316.550171
v 1842.204834 146.801697 -425.135193
v 1842.204834 146.801697 -60.518188
v 1842.204834 146.801697 -169.103165
v 1202.124756 128.513687 -169.103165
v 1202.124756 128.513687 -60.518188
v 1229.556641 128.513687 -60.518188
v 1229.556641 128.513687 -169.103165
v 1202.124756 128.513687 -425.135193
v 1202.124756 128.513687 -316.550171
v 1229.556641 128.513687 -316.550171
v 1229.556641 128.513687 -425.135193
v 1229.556641 128.513687 -572.582214
v 1202.124756 128.513687 -572.582214
v 1229.556641 201.665695 -572.582214
v 1229.556641 219.953705 -572.582214
v 1229.556641 201.665695 -425.135193
v 1229.556641 201.665695 -316.550171
v 1229.556641 219.953705 -316.550171
v 1229.556641 219.953705 -425.135193
v 1229.556641 201.665695 -169.103165
v 1229.556641 201.665695 -60.518188
v 1229.556641 219.953705 -60.518188
v 1229.556641 219.953705 -169.103165
v 1229.556641 146.801697 -572.582214
v 1229.556641 146.801697 -316.550171
v 1229.556641 146.801697 -425.135193
v 1229.556641 146.801697 -60.518188
v 1229.556641 146.801697 -169.103165
v 1202.124756 201.665695 -169.103165
v 1202.124756 201.665695 -60.518188
v 1202.124756 201.665695 -425.135193
v 1202.124756 201.665695 -316.550171
v 1202.124756 201.665695 -572.582214
v 1202.124756 219.953705 -572.582214
v 1202.124756 219.953705 -425.135193
v 1202.124756 219.953705 -316.550171
v 1202.124756 219.953705 -169.103165
v 1202.124756 219.953705 -60.518188
v 1202.124756 146.801697 -572.582214
v 1202.124756 146.801697 -425.135193
v 1202.124756 146.801697 -316.550171
v 1202.124756 146.801697 -169.103165
v 1202.124756 146.801697 -60.518188
v 1741.620728 -173.238297 -60.518188
v 1814.772705 -173.238297 -60.518188
v 1814.772705 -173.238297 -316.550171
v 1814.772705 -173.238297 -572.582214
v 1814.772705 -173.238297 -609.158203
v 1741.620728 -173.238297 -609.158203
v 1485.588623 -173.238297 -609.158203
v 1229.556641 -173.238297 -609.158203
v 1229.556641 -173.238297 -572.582214
v 1229.556641 -173.238297 -316.550171
v 1229.556641 -173.238297 -60.518188
v 1741.620728 -173.238297 -682.310181
v 1814.772705 -173.238297 -682.310181
v 1814.772705 -173.238297 -828.614136
v 1741.620728 -173.238297 -828.614136
v 1485.588623 -173.238297 -828.614136
v 1229.556641 -173.238297 -828.614136
v 1229.556641 -173.238297 -682.310181
v 1485.588623 -173.238297 -682.310181
v 1842.204834 201.665695 486.978821
v 1814.772705 201.665695 486.978821
v 1814.772705 219.953705 486.978821
v 1842.204834 219.953705 486.978821
v 1842.204834 128.513687 486.978821
v 1814.772705 128.513687 486.978821
v 1814.772705 146.801697 486.978821
v 1842.204834 146.801697 486.978821
v 1229.556641 201.665695 486.978821
v 1202.124756 201.665695 486.978821
v 1202.124756 219.953705 486.978821
v 1229.556641 219.953705 486.978821
v 1229.556641 128.513687 486.978821
v 1202.124756 128.513687 486.978821
v 1202.124756 146.801697 486.978821
v 1229.556641 146.801697 486.978821
v 1814.772705 146.801697 451.545868
v 1842.204834 146.801697 451.545868
v 1814.772705 146.801697 230.946808
v 1814.772705 146.801697 195.513840
v 1842.204834 146.801697 195.513840
v 1842.204834 146.801697 230.946808
v 1814.772705 146.801697 -25.085220
v 1842.204834 146.801697 -25.085220
v 1202.124756 146.801697 451.545868
v 1229.556641 146.801697 451.545868
v 1202.124756 146.801697 230.946808
v 1202.124756 146.801697 195.513840
v 1229.556641 146.801697 195.513840
v 1229.556641 146.801697 230.946808
v 1202.124756 146.801697 -25.085220
v 1229.556641 146.801697 -25.085220
v 1229.556641 201.665695 -25.085220
v 1229.556641 219.953705 -25.085220
v 1229.556641 201.665695 195.513840
v 1229.556641 201.665695 230.946808
v 1229.556641 219.953705 230.946808
v 1229.556641 219.953705 195.513840
v 1229.556641 201.665695 451.545868
v 1229.556641 219.953705 451.545868
v 1814.772705 201.665695 -25.085220
v 1814.772705 219.953705 -25.085220
v 1814.772705 201.665695 230.946808
v 1814.772705 201.665695 195.513840
v 1814.772705 219.953705 195.513840
v 1814.772705 219.953705 230.946808
v 1814.772705 201.665695 451.545868
v 1814.772705 219.953705 451.545868
v 1842.204834 201.665695 451.545868
v 1842.204834 201.665695 230.946808
v 1842.204834 201.665695 195.513840
v 1842.204834 201.665695 -25.085220
v 1842.204834 219.953705 -25.085220
v 1842.204834 219.953705 230.946808
v 1842.204834 219.953705 195.513840
v 1842.204834 219.953705 451.545868
v 1202.124756 201.665695 451.545868
v 1202.124756 201.665695 195.513840
v 1202.124756 201.665695 230.946808
v 1202.124756 201.665695 -25.085220
v 1202.124756 219.953705 -25.085220
v 1202.124756 219.953705 195.513840
v 1202.124756 219.953705 230.946808
v 1202.124756 219.953705 451.545868
v 1814.772705 128.513687 -25.085220
v 1814.772705 128.513687 230.946808
v 1814.772705 128.513687 195.513840
v 1814.772705 128.513687 451.545868
v 1842.204834 128.513687 451.545868
v 1842.204834 128.513687 230.946808
v 1842.204834 128.513687 195.513840
v 1842.204834 128.513687 -25.085220
v 1229.556641 128.513687 -25.085220
v 1229.556641 128.513687 195.513840
v 1229.556641 128.513687 230.946808
v 1229.556641 128.513687 451.545868
v 1202.124756 128.513687 451.545868
v 1202.124756 128.513687 195.513840
v 1202.124756 128.513687 230.946808
v 1202.124756 128.513687 -25.085220
v 1814.772705 -173.238297 1055.049927
v 1814.772705 -173.238297 927.033813
v 1741.620728 -173.238297 927.033813
v 1741.620728 -173.238297 1055.049927
v 1485.588623 -173.238297 927.033813
v 1229.556641 -173.238297 927.033813
v 1229.556641 -173.238297 1055.049927
v 1741.620728 -173.238297 341.817871
v 1814.772705 -173.238297 341.817871
v 1814.772705 -173.238297 85.785828
v 1229.556641 -173.238297 85.785828
v 1229.556641 -173.238297 341.817871
v 1485.588623 -173.238297 341.817871
v 1229.556641 -173.238297 1109.913818
v 1229.556641 -173.238297 1365.945801
v 1229.556641 -173.238297 1621.977905
v 1229.556641 -173.238297 1567.113770
v 1229.556641 -173.238297 1878.009888
v 1814.772705 -173.238297 1109.913818
v 1814.772705 -173.238297 1365.945801
v 1814.772705 -173.238297 1567.113770
v 1814.772705 -173.238297 1621.977905
v 1814.772705 -173.238297 1878.009888
v 1741.620728 -173.238297 1878.009888
v 1485.588623 -173.238297 1878.009888
v 1741.620728 -173.238297 1567.113770
s 0
f 6682 6695 6696
f 6699 6695 6698
f 6703 6697 6702
f 6707 6701 6706
f 6688 6709 6710
f 6713 6709 6712
f 6717 6711 6716
f 6721 6715 6720
f 6723 6708 6724
f 6726 6703 6704
f 6728 6699 6700
f 6729 6682 6696
f 6730 6720 6731
f 6732 6720 6715
f 6734 6716 6711
f 6736 6712 6709
f 6737 6692 6687
f 6739 6734 6735
f 6741 6732 6733
f 6743 6730 6731
f 6743 6722 6742
f 6740 6717 6718
f 6738 6713 6714
f 6737 6688 6710
f 6729 6685 6686
f 6727 6746 6745
f 6725 6748 6747
f 6723 6750 6749
f 6750 6706 6749
f 6748 6706 6701
f 6746 6702 6697
f 6744 6698 6695
f 6752 6683 6684
f 6756 6754 6753
f 6760 6758 6757
f 6764 6762 6761
f 6766 6694 6689
f 6770 6768 6767
f 6774 6772 6771
f 6778 6776 6775
f 6764 6779 6763
f 6759 6782 6781
f 6755 6784 6783
f 6752 6680 6785
f 6776 6786 6775
f 6772 6786 6789
f 6768 6788 6791
f 6765 6790 6792
f 6690 6792 6793
f 6794 6792 6790
f 6796 6791 6788
f 6798 6789 6786
f 6778 6799 6777
f 6773 6796 6797
f 6769 6794 6795
f 6766 6690 6793
f 6680 6800 6785
f 6784 6800 6802
f 6782 6801 6804
f 6780 6803 6806
f 6762 6806 6761
f 6758 6806 6803
f 6754 6804 6801
f 6751 6802 6800
f 6722 6807 6808
f 6811 6807 6810
f 6708 6813 6814
f 6817 6813 6816
f 6817 6820 6823
f 6824 6708 6814
f 6821 6810 6825
f 6826 6810 6807
f 6827 6730 6742
f 6828 6821 6825
f 6811 6822 6828
f 6827 6722 6808
f 6824 6750 6724
f 6823 6819 6830
f 6819 6816 6830
f 6829 6816 6813
f 6832 6776 6777
f 6836 6834 6833
f 6838 6762 6763
f 6842 6840 6839
f 6840 6847 6839
f 6837 6847 6848
f 6834 6849 6833
f 6831 6849 6850
f 6799 6850 6851
f 6852 6850 6849
f 6852 6835 6836
f 6832 6799 6851
f 6779 6848 6853
f 6854 6848 6847
f 6854 6841 6842
f 6838 6779 6853
f 6862 6871 6872
f 6875 6871 6874
f 6879 6873 6878
f 6858 6881 6882
f 6885 6881 6884
f 6889 6883 6888
f 6891 6878 6892
f 6893 6878 6873
f 6871 6860 6895
f 6896 6888 6897
f 6898 6888 6883
f 6881 6856 6900
f 6901 6856 6857
f 6903 6898 6899
f 6905 6896 6897
f 6905 6890 6904
f 6902 6885 6886
f 6901 6858 6882
f 6906 6860 6861
f 6908 6893 6894
f 6910 6891 6892
f 6910 6880 6909
f 6907 6875 6876
f 6906 6862 6872
f 6913 6911 6914
f 6917 6911 6916
f 6920 6868 6919
f 6922 6864 6865
f 6926 6924 6923
f 6930 6928 6927
f 6931 6868 6869
f 6933 6917 6918
f 6935 6913 6914
f 6928 6936 6927
f 6924 6936 6939
f 6940 6864 6921
f 6866 6940 6941
f 6942 6940 6938
f 6944 6939 6936
f 6930 6945 6929
f 6925 6942 6943
f 6922 6866 6941
f 6870 6920 6946
f 6947 6920 6915
f 6949 6916 6911
f 6935 6950 6934
f 6932 6947 6948
f 6931 6870 6946
f 6954 6953 6951
f 6951 6959 6957
f 6964 6962 6965
f 6969 6967 6966
f 6986 6977 6987
f 6991 6989 6988
f 6993 6880 6992
f 6994 6985 6995
f 6999 6997 6996
f 7001 6950 7000
f 7003 6928 6929
f 7007 7005 7004
f 7009 6978 7008
f 6890 7010 7011
f 7014 7010 7013
f 7017 7012 7016
f 6970 7016 7018
f 7019 7016 7012
f 7021 7013 7010
f 7022 6896 6904
f 7024 7019 7020
f 7025 6970 7018
f 7017 6973 7025
f 7023 7014 7015
f 7022 6890 7011
f 6978 7026 7008
f 7005 7026 7028
f 7002 7027 7029
f 6945 7029 7030
f 7031 7029 7027
f 7033 7028 7026
f 7033 6981 7009
f 7006 7031 7032
f 7003 6945 7030
f 6880 7034 6992
f 6989 7034 7036
f 6986 7035 7037
f 6974 7037 7038
f 7039 7037 7035
f 7041 7036 7034
f 6993 6891 6909
f 6990 7039 7040
f 6987 6974 7038
f 7001 6913 6934
f 6998 7044 7043
f 6995 6982 7045
f 6982 7046 7045
f 7044 7046 7048
f 7042 7047 7049
f 6950 7049 7000
f 6997 7049 7047
f 6994 7048 7046
f 7052 7050 7053
f 7056 7054 7052
f 6952 7059 7057
f 7062 7060 6961
f 7070 7071 7073
f 7053 7068 7069
f 7075 7074 7065
f 7063 7053 7075
f 6682 6681 6695
f 6697 6700 6699
f 6699 6696 6695
f 6698 6697 6699
f 6701 6704 6703
f 6703 6700 6697
f 6702 6701 6703
f 6705 6708 6707
f 6707 6704 6701
f 6706 6705 6707
f 6688 6691 6709
f 6711 6714 6713
f 6713 6710 6709
f 6712 6711 6713
f 6715 6718 6717
f 6717 6714 6711
f 6716 6715 6717
f 6719 6722 6721
f 6721 6718 6715
f 6720 6719 6721
f 6723 6707 6708
f 6707 6723 6726
f 6726 6725 6703
f 6704 6707 6726
f 6703 6725 6728
f 6728 6727 6699
f 6700 6703 6728
f 6699 6727 6729
f 6729 6686 6682
f 6696 6699 6729
f 6730 6719 6720
f 6716 6733 6732
f 6732 6731 6720
f 6715 6716 6732
f 6712 6735 6734
f 6734 6733 6716
f 6711 6712 6734
f 6691 6692 6736
f 6736 6735 6712
f 6709 6691 6736
f 6737 6736 6692
f 6736 6737 6739
f 6739 6738 6734
f 6735 6736 6739
f 6734 6738 6741
f 6741 6740 6732
f 6733 6734 6741
f 6732 6740 6743
f 6743 6742 6730
f 6731 6732 6743
f 6743 6721 6722
f 6721 6743 6740
f 6740 6741 6717
f 6718 6721 6740
f 6717 6741 6738
f 6738 6739 6713
f 6714 6717 6738
f 6713 6739 6737
f 6737 6687 6688
f 6710 6713 6737
f 6729 6744 6685
f 6744 6729 6727
f 6727 6728 6746
f 6745 6744 6727
f 6746 6728 6725
f 6725 6726 6748
f 6747 6746 6725
f 6748 6726 6723
f 6723 6724 6750
f 6749 6748 6723
f 6750 6705 6706
f 6702 6747 6748
f 6748 6749 6706
f 6701 6702 6748
f 6698 6745 6746
f 6746 6747 6702
f 6697 6698 6746
f 6681 6685 6744
f 6744 6745 6698
f 6695 6681 6744
f 6752 6751 6683
f 6751 6752 6756
f 6756 6755 6754
f 6753 6751 6756
f 6754 6755 6760
f 6760 6759 6758
f 6757 6754 6760
f 6758 6759 6764
f 6764 6763 6762
f 6761 6758 6764
f 6766 6765 6694
f 6765 6766 6770
f 6770 6769 6768
f 6767 6765 6770
f 6768 6769 6774
f 6774 6773 6772
f 6771 6768 6774
f 6772 6773 6778
f 6778 6777 6776
f 6775 6772 6778
f 6764 6780 6779
f 6780 6764 6759
f 6759 6760 6782
f 6781 6780 6759
f 6782 6760 6755
f 6755 6756 6784
f 6783 6782 6755
f 6784 6756 6752
f 6752 6684 6680
f 6785 6784 6752
f 6776 6787 6786
f 6788 6771 6772
f 6772 6775 6786
f 6789 6788 6772
f 6790 6767 6768
f 6768 6771 6788
f 6791 6790 6768
f 6693 6694 6765
f 6765 6767 6790
f 6792 6693 6765
f 6690 6693 6792
f 6791 6795 6794
f 6794 6793 6792
f 6790 6791 6794
f 6789 6797 6796
f 6796 6795 6791
f 6788 6789 6796
f 6787 6799 6798
f 6798 6797 6789
f 6786 6787 6798
f 6778 6798 6799
f 6798 6778 6773
f 6773 6774 6796
f 6797 6798 6773
f 6796 6774 6769
f 6769 6770 6794
f 6795 6796 6769
f 6794 6770 6766
f 6766 6689 6690
f 6793 6794 6766
f 6680 6679 6800
f 6801 6783 6784
f 6784 6785 6800
f 6802 6801 6784
f 6803 6781 6782
f 6782 6783 6801
f 6804 6803 6782
f 6805 6779 6780
f 6780 6781 6803
f 6806 6805 6780
f 6762 6805 6806
f 6804 6757 6758
f 6758 6761 6806
f 6803 6804 6758
f 6802 6753 6754
f 6754 6757 6804
f 6801 6802 6754
f 6679 6683 6751
f 6751 6753 6802
f 6800 6679 6751
f 6722 6719 6807
f 6809 6812 6811
f 6811 6808 6807
f 6810 6809 6811
f 6708 6705 6813
f 6815 6818 6817
f 6817 6814 6813
f 6816 6815 6817
f 6817 6818 6820
f 6817 6823 6824
f 6824 6724 6708
f 6814 6817 6824
f 6821 6809 6810
f 6719 6730 6826
f 6826 6825 6810
f 6807 6719 6826
f 6827 6826 6730
f 6826 6827 6828
f 6828 6822 6821
f 6825 6826 6828
f 6811 6812 6822
f 6811 6828 6827
f 6827 6742 6722
f 6808 6811 6827
f 6824 6829 6750
f 6829 6824 6823
f 6823 6820 6819
f 6830 6829 6823
f 6819 6815 6816
f 6705 6750 6829
f 6829 6830 6816
f 6813 6705 6829
f 6832 6831 6776
f 6831 6832 6836
f 6836 6835 6834
f 6833 6831 6836
f 6838 6837 6762
f 6837 6838 6842
f 6842 6841 6840
f 6839 6837 6842
f 6840 6845 6847
f 6805 6762 6837
f 6837 6839 6847
f 6848 6805 6837
f 6834 6843 6849
f 6787 6776 6831
f 6831 6833 6849
f 6850 6787 6831
f 6799 6787 6850
f 6843 6844 6852
f 6852 6851 6850
f 6849 6843 6852
f 6852 6844 6835
f 6852 6836 6832
f 6832 6777 6799
f 6851 6852 6832
f 6779 6805 6848
f 6845 6846 6854
f 6854 6853 6848
f 6847 6845 6854
f 6854 6846 6841
f 6854 6842 6838
f 6838 6763 6779
f 6853 6854 6838
f 6862 6859 6871
f 6873 6876 6875
f 6875 6872 6871
f 6874 6873 6875
f 6877 6880 6879
f 6879 6876 6873
f 6878 6877 6879
f 6858 6855 6881
f 6883 6886 6885
f 6885 6882 6881
f 6884 6883 6885
f 6887 6890 6889
f 6889 6886 6883
f 6888 6887 6889
f 6891 6877 6878
f 6874 6894 6893
f 6893 6892 6878
f 6873 6874 6893
f 6895 6894 6874
f 6871 6859 6860
f 6895 6874 6871
f 6896 6887 6888
f 6884 6899 6898
f 6898 6897 6888
f 6883 6884 6898
f 6900 6899 6884
f 6881 6855 6856
f 6900 6884 6881
f 6901 6900 6856
f 6900 6901 6903
f 6903 6902 6898
f 6899 6900 6903
f 6898 6902 6905
f 6905 6904 6896
f 6897 6898 6905
f 6905 6889 6890
f 6889 6905 6902
f 6902 6903 6885
f 6886 6889 6902
f 6885 6903 6901
f 6901 6857 6858
f 6882 6885 6901
f 6906 6895 6860
f 6895 6906 6908
f 6908 6907 6893
f 6894 6895 6908
f 6893 6907 6910
f 6910 6909 6891
f 6892 6893 6910
f 6910 6879 6880
f 6879 6910 6907
f 6907 6908 6875
f 6876 6879 6907
f 6875 6908 6906
f 6906 6861 6862
f 6872 6875 6906
f 6913 6912 6911
f 6915 6918 6917
f 6917 6914 6911
f 6916 6915 6917
f 6919 6918 6915
f 6920 6867 6868
f 6919 6915 6920
f 6922 6921 6864
f 6921 6922 6926
f 6926 6925 6924
f 6923 6921 6926
f 6924 6925 6930
f 6930 6929 6928
f 6927 6924 6930
f 6931 6919 6868
f 6919 6931 6933
f 6933 6932 6917
f 6918 6919 6933
f 6917 6932 6935
f 6935 6934 6913
f 6914 6917 6935
f 6928 6937 6936
f 6938 6923 6924
f 6924 6927 6936
f 6939 6938 6924
f 6921 6923 6938
f 6940 6863 6864
f 6921 6938 6940
f 6866 6863 6940
f 6939 6943 6942
f 6942 6941 6940
f 6938 6939 6942
f 6937 6945 6944
f 6944 6943 6939
f 6936 6937 6944
f 6930 6944 6945
f 6944 6930 6925
f 6925 6926 6942
f 6943 6944 6925
f 6942 6926 6922
f 6922 6865 6866
f 6941 6942 6922
f 6870 6867 6920
f 6916 6948 6947
f 6947 6946 6920
f 6915 6916 6947
f 6912 6950 6949
f 6949 6948 6916
f 6911 6912 6949
f 6935 6949 6950
f 6949 6935 6932
f 6932 6933 6947
f 6948 6949 6932
f 6947 6933 6931
f 6931 6869 6870
f 6946 6947 6931
f 6951 6956 6955
f 6951 6955 6954
f 6953 6952 6951
f 6957 6956 6951
f 6951 6961 6960
f 6959 6958 6957
f 6951 6960 6959
f 6964 6963 6962
f 6966 6965 6962
f 6969 6968 6967
f 6966 6962 6969
f 6986 6976 6977
f 6986 6987 6991
f 6991 6990 6989
f 6988 6986 6991
f 6989 6990 6993
f 6993 6909 6880
f 6992 6989 6993
f 6994 6984 6985
f 6994 6995 6999
f 6999 6998 6997
f 6996 6994 6999
f 6997 6998 7001
f 7001 6934 6950
f 7000 6997 7001
f 7003 7002 6928
f 7002 7003 7007
f 7007 7006 7005
f 7004 7002 7007
f 7005 7006 7009
f 7009 6981 6978
f 7008 7005 7009
f 6890 6887 7010
f 7012 7015 7014
f 7014 7011 7010
f 7013 7012 7014
f 6971 6972 7017
f 7017 7015 7012
f 7016 6971 7017
f 6970 6971 7016
f 7013 7020 7019
f 7019 7018 7016
f 7012 7013 7019
f 6887 6896 7021
f 7021 7020 7013
f 7010 6887 7021
f 7022 7021 6896
f 7021 7022 7024
f 7024 7023 7019
f 7020 7021 7024
f 7019 7023 7025
f 7025 6973 6970
f 7018 7019 7025
f 7017 6972 6973
f 7017 7025 7023
f 7023 7024 7014
f 7015 7017 7023
f 7014 7024 7022
f 7022 6904 6890
f 7011 7014 7022
f 6978 6979 7026
f 7027 7004 7005
f 7005 7008 7026
f 7028 7027 7005
f 6937 6928 7002
f 7002 7004 7027
f 7029 6937 7002
f 6945 6937 7029
f 7028 7032 7031
f 7031 7030 7029
f 7027 7028 7031
f 6979 6980 7033
f 7033 7032 7028
f 7026 6979 7033
f 7033 6980 6981
f 7033 7009 7006
f 7006 7007 7031
f 7032 7033 7006
f 7031 7007 7003
f 7003 6929 6945
f 7030 7031 7003
f 6880 6877 7034
f 7035 6988 6989
f 6989 6992 7034
f 7036 7035 6989
f 6975 6976 6986
f 6986 6988 7035
f 7037 6975 6986
f 6974 6975 7037
f 7036 7040 7039
f 7039 7038 7037
f 7035 7036 7039
f 6877 6891 7041
f 7041 7040 7036
f 7034 6877 7041
f 6993 7041 6891
f 7041 6993 6990
f 6990 6991 7039
f 7040 7041 6990
f 7039 6991 6987
f 6987 6977 6974
f 7038 7039 6987
f 7001 7042 6913
f 7042 7001 6998
f 6998 6999 7044
f 7043 7042 6998
f 7044 6999 6995
f 6995 6985 6982
f 7045 7044 6995
f 6982 6983 7046
f 7047 7043 7044
f 7044 7045 7046
f 7048 7047 7044
f 6912 6913 7042
f 7042 7043 7047
f 7049 6912 7042
f 6950 6912 7049
f 7048 6996 6997
f 6997 7000 7049
f 7047 7048 6997
f 6983 6984 6994
f 6994 6996 7048
f 7046 6983 6994
f 7052 7051 7050
f 7052 7053 7056
f 7056 7055 7054
f 7057 6951 6952
f 7059 7058 7057
f 6961 6951 7057
f 7062 7061 7060
f 6961 7057 7062
f 7073 7075 7070
f 7071 7072 7073
f 7070 7075 7053
f 7053 7050 7068
f 7069 7070 7053
f 7065 7066 7075
f 7075 7073 7074
f 7074 7067 7065
f 7075 7066 7064
f 7063 7056 7053
f 7075 7064 7063
o de_nuke_world_geometry.016
v 1119.828735 -136.662292 -1962.470215
v 1119.828735 -136.662292 -1852.742188
v 1119.828735 -136.662292 -1743.014160
v 1119.828735 -136.662292 -1596.710083
v 1119.828735 -136.662292 -1486.982178
v 1119.828735 -209.814301 -1816.166138
v 1119.828735 -193.558319 -1743.014160
v 1119.828735 -209.814301 -1962.470215
v 1705.044678 -136.662292 -2200.214111
v 1595.316650 -136.662292 -2200.214111
v 1595.316650 -136.662292 -2255.078125
v 1650.180786 -136.662292 -2255.078125
v 1339.284668 -136.662292 -2200.214111
v 1394.148804 -136.662292 -2255.078125
v 1924.500732 -136.662292 -1486.982178
v 1339.284668 -136.662292 -1962.470215
v 1924.500732 -136.662292 -1962.470215
v 1705.044678 -136.662292 -1962.470215
v 1705.044678 -136.662292 -1999.046143
v 1339.284668 -136.662292 -1999.046143
v 1924.500732 -136.662292 -1852.742188
v 1924.500732 -136.662292 -1596.710083
v 1924.500732 -136.662292 -1743.014160
v 1924.500732 -209.814301 -1816.166138
v 1924.500732 -209.814301 -1962.470215
v 1924.500732 -193.558319 -1743.014160
v 1705.044678 -209.814301 -1962.470215
v 1705.044678 -209.814301 -1999.046143
v 1705.044678 -209.814301 -2072.198242
v 1705.044678 -209.814301 -2200.214111
v 1339.284668 -209.814301 -1999.046143
v 1339.284668 -209.814301 -1962.470215
v 1339.284668 -209.814301 -2200.214111
v 1339.284668 -209.814301 -2072.198242
v 1595.316650 -209.814301 -2200.214111
v 3424.116699 -218.958313 1073.337769
v 3424.116699 -228.102310 1073.337769
v 3277.812744 -228.102310 1073.337769
v 3277.812744 -218.958313 1073.337769
v 3424.116699 -173.238297 981.897949
v 3277.812744 -173.238297 981.897949
v 3424.116699 -173.238297 1073.337769
v 3424.116699 -173.238297 1055.049927
v 3424.116699 -173.238297 1036.761841
v 3424.116699 -173.238297 1018.473938
v 3424.116699 -173.238297 1000.185791
v 3277.812744 -173.238297 1000.185791
v 3277.812744 -173.238297 1018.473938
v 3277.812744 -173.238297 1036.761841
v 3277.812744 -173.238297 1055.049927
v 3277.812744 -173.238297 1073.337769
v 3277.812744 -209.814301 1055.049927
v 3277.812744 -218.958313 1055.049927
v 3277.812744 -200.670303 1036.761841
v 3277.812744 -191.526306 1018.473938
v 3277.812744 -200.670303 1018.473938
v 3277.812744 -182.382309 1000.185791
v 3277.812744 -182.382309 981.897949
v 3277.812744 -191.526306 1000.185791
v 3277.812744 -209.814301 1036.761841
v 3424.116699 -218.958313 1055.049927
v 3424.116699 -209.814301 1055.049927
v 3424.116699 -200.670303 1018.473938
v 3424.116699 -191.526306 1018.473938
v 3424.116699 -200.670303 1036.761841
v 3424.116699 -191.526306 1000.185791
v 3424.116699 -182.382309 1000.185791
v 3424.116699 -182.382309 981.897949
v 3424.116699 -209.814301 1036.761841
v 3424.116699 -173.238297 1347.657715
v 3424.116699 -173.238297 1329.369873
v 3277.812744 -173.238297 1329.369873
v 3277.812744 -173.238297 1347.657715
v 3277.812744 -173.238297 1365.945801
v 3424.116699 -173.238297 1365.945801
v 3533.844971 -173.238297 1658.553833
v 3552.132568 -173.238297 1658.553833
v 3570.420654 -173.238297 1640.265747
v 3570.420654 -173.238297 1621.977905
v 3570.420654 -173.238297 1384.233765
v 3552.132568 -173.238297 1365.945801
v 3533.844971 -173.238297 1365.945801
v 3277.812744 -173.238297 1621.977905
v 3277.812744 -173.238297 1640.265747
v 3296.100830 -173.238297 1658.553833
v 3460.692871 -173.238297 1365.945801
v 3277.812744 -173.238297 1603.689819
v 3424.116699 -173.238297 1311.081787
v 3424.116699 -173.238297 1292.793823
v 3424.116699 -173.238297 1274.505737
v 3424.116699 -173.238297 1256.217896
v 3424.116699 -173.238297 1237.929688
v 3424.116699 -173.238297 1219.641846
v 3424.116699 -173.238297 1201.354004
v 3424.116699 -173.238297 1183.065796
v 3424.116699 -173.238297 1164.777954
v 3424.116699 -173.238297 1146.489868
v 3424.116699 -173.238297 1128.201904
v 3424.116699 -173.238297 1109.913818
v 3424.116699 -173.238297 1091.625977
v 3277.812744 -173.238297 1091.625977
v 3277.812744 -173.238297 1109.913818
v 3277.812744 -173.238297 1128.201904
v 3277.812744 -173.238297 1146.489868
v 3277.812744 -173.238297 1164.777954
v 3277.812744 -173.238297 1183.065796
v 3277.812744 -173.238297 1201.354004
v 3277.812744 -173.238297 1219.641846
v 3277.812744 -173.238297 1237.929688
v 3277.812744 -173.238297 1256.217896
v 3277.812744 -173.238297 1274.505737
v 3277.812744 -173.238297 1292.793823
v 3277.812744 -173.238297 1311.081787
v 3424.116699 -356.118317 1347.657715
v 3424.116699 -365.262299 1347.657715
v 3277.812744 -365.262299 1347.657715
v 3277.812744 -356.118317 1347.657715
v 3424.116699 -301.254303 1219.641846
v 3424.116699 -292.110291 1219.641846
v 3424.116699 -301.254303 1237.929688
v 3424.116699 -246.390305 1109.913818
v 3424.116699 -237.246307 1109.913818
v 3424.116699 -246.390305 1128.201904
v 3424.116699 -237.246307 1091.625977
v 3424.116699 -228.102310 1091.625977
v 3424.116699 -264.678284 1146.489868
v 3424.116699 -255.534317 1146.489868
v 3424.116699 -264.678284 1164.777954
v 3424.116699 -282.966309 1183.065796
v 3424.116699 -273.822296 1183.065796
v 3424.116699 -282.966309 1201.354004
v 3424.116699 -292.110291 1201.354004
v 3424.116699 -273.822296 1164.777954
v 3424.116699 -255.534317 1128.201904
v 3424.116699 -319.542297 1256.217896
v 3424.116699 -310.398315 1256.217896
v 3424.116699 -319.542297 1274.505737
v 3424.116699 -337.830292 1292.793823
v 3424.116699 -328.686310 1292.793823
v 3424.116699 -337.830292 1311.081787
v 3424.116699 -346.974304 1311.081787
v 3424.116699 -346.974304 1329.369873
v 3424.116699 -328.686310 1274.505737
v 3424.116699 -310.398315 1237.929688
v 3424.116699 -356.118317 1329.369873
v 3277.812744 -301.254303 1237.929688
v 3277.812744 -292.110291 1219.641846
v 3277.812744 -301.254303 1219.641846
v 3277.812744 -246.390305 1128.201904
v 3277.812744 -237.246307 1109.913818
v 3277.812744 -246.390305 1109.913818
v 3277.812744 -228.102310 1091.625977
v 3277.812744 -237.246307 1091.625977
v 3277.812744 -264.678284 1164.777954
v 3277.812744 -255.534317 1146.489868
v 3277.812744 -264.678284 1146.489868
v 3277.812744 -282.966309 1201.354004
v 3277.812744 -273.822296 1183.065796
v 3277.812744 -282.966309 1183.065796
v 3277.812744 -292.110291 1201.354004
v 3277.812744 -273.822296 1164.777954
v 3277.812744 -255.534317 1128.201904
v 3277.812744 -319.542297 1274.505737
v 3277.812744 -310.398315 1256.217896
v 3277.812744 -319.542297 1256.217896
v 3277.812744 -337.830292 1311.081787
v 3277.812744 -328.686310 1292.793823
v 3277.812744 -337.830292 1292.793823
v 3277.812744 -346.974304 1329.369873
v 3277.812744 -346.974304 1311.081787
v 3277.812744 -328.686310 1274.505737
v 3277.812744 -310.398315 1237.929688
v 3277.812744 -209.814301 1347.657715
v 3277.812744 -356.118317 1329.369873
v 3277.812744 -209.814301 1365.945801
v 3277.812744 -209.814301 1384.233765
v 3277.812744 -209.814301 1567.113770
v 3277.812744 -209.814301 1585.401855
v 3277.812744 -209.814301 1603.689819
v 3277.812744 -228.102310 1585.401855
v 3277.812744 -228.102310 1365.945801
v 3277.812744 -374.406311 1603.689819
v 3277.812744 -374.406311 1621.977905
v 3277.812744 -374.406311 1640.265747
v 3277.812744 -374.406311 1585.401855
v 3277.812744 -365.262299 1365.945801
v 3460.692871 -374.406311 1365.945801
v 3424.116699 -374.406311 1365.945801
v 3424.116699 -365.262299 1365.945801
v 3533.844971 -374.406311 1365.945801
v 3552.132568 -374.406311 1365.945801
v 3277.812744 -374.406311 1365.945801
v 3533.844971 -374.406311 1658.553833
v 3552.132568 -374.406311 1658.553833
v 3296.100830 -374.406311 1658.553833
v 3570.420654 -374.406311 1621.977905
v 3570.420654 -374.406311 1384.233765
v 3570.420654 -374.406311 1640.265747
v 3259.524414 -383.550323 1585.401855
v 3259.524414 -374.406311 1585.401855
v 3259.524414 -228.102310 1585.401855
v 3241.236816 -228.102310 1585.401855
v 3241.236816 -383.550323 1585.401855
v 3149.796875 -392.694305 1585.401855
v 3241.236816 -392.694305 1585.401855
v 3149.796875 -228.102310 1585.401855
v 3149.796875 -209.814301 1567.113770
v 3149.796875 -209.814301 1384.233765
v 3241.236816 -383.550323 1365.945801
v 3241.236816 -228.102310 1365.945801
v 3259.524414 -228.102310 1365.945801
v 3259.524414 -374.406311 1365.945801
v 3259.524414 -383.550323 1365.945801
v 3241.236816 -392.694305 1365.945801
v 3149.796875 -392.694305 1365.945801
v 3149.796875 -228.102310 1365.945801
v 2509.716797 -8.646305 927.033813
v 2509.716797 -8.646305 1055.049927
v 2582.868896 -8.646305 1055.049927
v 2582.868896 -8.646305 927.033813
v 1083.252808 -26.934307 305.241852
v 1083.252808 -26.934307 378.393860
v 1156.404785 -26.934307 378.393860
v 1156.404785 -26.934307 305.241852
v 2509.716797 -8.646305 1219.641846
v 2582.868896 -8.646305 1219.641846
v 3076.644775 -392.694305 1585.401855
v 3076.644775 -392.694305 1365.945801
v 2820.613037 -392.694305 1585.401855
v 2820.613037 -392.694305 1365.945801
v 3076.644775 -209.814301 1567.113770
v 3076.644775 -209.814301 1384.233765
v 2820.613037 -209.814301 1384.233765
v 2820.613037 -209.814301 1567.113770
v 2582.868896 -45.222309 1256.217896
v 2509.716797 -45.222309 1256.217896
v 2820.613037 -246.390305 1384.233765
v 2820.613037 -246.390305 1365.945801
v 2820.613037 -246.390305 1567.113770
v 2820.613037 -246.390305 1585.401855
v 2820.613037 -246.390305 1439.097900
v 2820.613037 -246.390305 1512.249878
v 2820.613037 -228.102310 1365.945801
v 2820.613037 -228.102310 1585.401855
v 3076.644775 -228.102310 1365.945801
v 3076.644775 -228.102310 1585.401855
v 507.180725 -90.942314 -664.022217
v 507.180725 -95.514313 -664.022217
v 507.180725 -95.514313 -558.866150
v 507.180725 -90.942314 -618.302185
v 507.180725 -90.942314 -600.014160
v 507.180725 -90.942314 -595.442139
v 507.180725 -90.942314 -577.154175
v 507.180725 -90.942314 -558.866150
s 0
f 7077 7082 7081
f 7079 7082 7078
f 7087 7085 7084
f 7089 7085 7086
f 7096 7100 7099
f 7101 7097 7098
f 7103 7093 7094
f 7105 7104 7094
f 7102 7092 7093
f 7107 7095 7091
f 7095 7109 7108
f 7110 7084 7085
f 7088 7110 7085
f 7083 7091 7076
f 7127 7126 7114
f 7130 7124 7129
f 7116 7132 7133
f 7132 7123 7130
f 7129 7125 7127
f 7117 7137 7136
f 7119 7139 7138
f 7120 7142 7141
f 7121 7143 7142
f 7118 7140 7144
f 7167 7194 7193
f 7173 7197 7196
f 7174 7200 7199
f 7175 7111 7112
f 7171 7202 7201
f 7169 7205 7204
f 7168 7206 7207
f 7170 7203 7208
f 7172 7198 7209
f 7165 7211 7210
f 7163 7214 7213
f 7146 7215 7216
f 7164 7212 7218
f 7166 7195 7219
f 7145 7217 7220
f 7222 7184 7221
f 7225 7178 7224
f 7227 7177 7225
f 7114 7176 7227
f 7230 7180 7229
f 7233 7182 7232
f 7232 7183 7222
f 7229 7181 7233
f 7224 7179 7230
f 7239 7186 7238
f 7242 7188 7241
f 7241 7147 7244
f 7238 7187 7242
f 7221 7185 7239
f 7244 7148 7248
f 7252 7251 7149
f 7253 7255 7252
f 7251 7256 7250
f 7258 7254 7158
f 7257 7255 7253
f 7256 7191 7192
f 7264 7262 7161
f 7157 7262 7265
f 7189 7264 7150
f 7151 7269 7268
f 7154 7272 7271
f 7270 7159 7160
f 7266 7155 7156
f 7273 7152 7153
f 7277 7275 7274
f 7277 7278 7279
f 7276 7260 7275
f 7251 7282 7283
f 7287 7285 7284
f 7291 7289 7284
f 7287 7261 7256
f 7285 7286 7251
f 7252 7276 7277
f 7294 7292 7295
f 7297 7299 7298
f 7301 7293 7294
f 7283 7306 7307
f 7306 7308 7307
f 7310 7300 7301
f 7309 7318 7308
f 7319 7316 7312
f 7320 7290 7291
f 7318 7313 7303
f 7307 7291 7283
f 7308 7320 7307
f 7281 7302 7321
f 7302 7315 7319
f 7282 7321 7306
f 7321 7309 7306
f 7326 7325 7324
f 7081 7083 7076
f 7077 7078 7082
f 7081 7076 7077
f 7079 7080 7082
f 7087 7086 7085
f 7089 7088 7085
f 7099 7101 7098
f 7096 7092 7100
f 7099 7098 7096
f 7101 7090 7097
f 7103 7102 7093
f 7094 7084 7105
f 7104 7103 7094
f 7102 7100 7092
f 7107 7106 7095
f 7108 7088 7095
f 7095 7106 7109
f 7110 7105 7084
f 7088 7108 7110
f 7083 7107 7091
f 7114 7128 7127
f 7127 7125 7126
f 7129 7131 7130
f 7130 7123 7124
f 7116 7122 7132
f 7130 7134 7132
f 7132 7122 7123
f 7127 7135 7129
f 7129 7124 7125
f 7136 7111 7117
f 7117 7118 7137
f 7138 7140 7119
f 7119 7120 7139
f 7141 7139 7120
f 7120 7121 7142
f 7121 7115 7143
f 7144 7137 7118
f 7118 7119 7140
f 7193 7195 7167
f 7167 7168 7194
f 7196 7198 7173
f 7173 7174 7197
f 7199 7197 7174
f 7174 7175 7200
f 7112 7200 7175
f 7175 7117 7111
f 7201 7203 7171
f 7171 7172 7202
f 7204 7206 7169
f 7169 7170 7205
f 7207 7194 7168
f 7168 7169 7206
f 7208 7205 7170
f 7170 7171 7203
f 7209 7202 7172
f 7172 7173 7198
f 7210 7212 7165
f 7165 7166 7211
f 7213 7215 7163
f 7163 7164 7214
f 7216 7217 7146
f 7146 7163 7215
f 7218 7214 7164
f 7164 7165 7212
f 7219 7211 7166
f 7166 7167 7195
f 7220 7189 7145
f 7145 7146 7217
f 7221 7223 7222
f 7222 7183 7184
f 7224 7226 7225
f 7225 7177 7178
f 7225 7228 7227
f 7227 7176 7177
f 7227 7113 7114
f 7114 7126 7176
f 7229 7231 7230
f 7230 7179 7180
f 7232 7234 7233
f 7233 7181 7182
f 7222 7235 7232
f 7232 7182 7183
f 7233 7236 7229
f 7229 7180 7181
f 7230 7237 7224
f 7224 7178 7179
f 7238 7240 7239
f 7239 7185 7186
f 7241 7243 7242
f 7242 7187 7188
f 7244 7245 7241
f 7241 7188 7147
f 7242 7246 7238
f 7238 7186 7187
f 7239 7247 7221
f 7221 7184 7185
f 7192 7249 7244
f 7244 7147 7148
f 7248 7192 7244
f 7149 7162 7254
f 7149 7254 7253
f 7248 7148 7149
f 7250 7248 7149
f 7149 7253 7252
f 7251 7250 7149
f 7158 7159 7259
f 7258 7257 7254
f 7158 7259 7258
f 7254 7162 7158
f 7253 7254 7257
f 7257 7260 7255
f 7248 7250 7256
f 7256 7261 7191
f 7192 7248 7256
f 7161 7150 7264
f 7264 7263 7262
f 7265 7266 7156
f 7157 7161 7262
f 7265 7156 7157
f 7150 7145 7189
f 7189 7190 7264
f 7268 7270 7160
f 7151 7152 7269
f 7268 7160 7151
f 7271 7273 7153
f 7154 7155 7272
f 7271 7153 7154
f 7270 7259 7159
f 7266 7272 7155
f 7273 7269 7152
f 7274 7278 7277
f 7277 7276 7275
f 7279 7281 7277
f 7278 7280 7279
f 7276 7255 7260
f 7251 7252 7282
f 7284 7288 7287
f 7287 7286 7285
f 7284 7285 7291
f 7291 7290 7289
f 7256 7286 7287
f 7287 7267 7261
f 7251 7283 7291
f 7251 7291 7285
f 7286 7256 7251
f 7281 7282 7252
f 7252 7255 7276
f 7277 7281 7252
f 7294 7293 7292
f 7297 7296 7299
f 7301 7300 7293
f 7283 7282 7306
f 7306 7309 7308
f 7310 7311 7300
f 7309 7319 7318
f 7313 7318 7319
f 7319 7315 7314
f 7319 7314 7317
f 7312 7313 7319
f 7319 7317 7316
f 7320 7303 7290
f 7303 7320 7318
f 7313 7305 7303
f 7307 7320 7291
f 7308 7318 7320
f 7281 7279 7302
f 7319 7321 7302
f 7302 7304 7315
f 7282 7281 7321
f 7321 7319 7309
f 7324 7329 7328
f 7324 7328 7327
f 7322 7323 7324
f 7325 7322 7324
f 7324 7327 7326
o de_nuke_world_geometry.017
v 1458.156738 -136.662292 -1999.046143
v 1385.004761 -136.662292 -1999.046143
v 1385.004761 -136.662292 -2072.198242
v 1458.156738 -136.662292 -2072.198242
v 1385.004761 -209.814301 -2072.198242
v 1458.156738 -209.814301 -2072.198242
v 1458.156738 -209.814301 -1999.046143
v 1385.004761 -209.814301 -1999.046143
v 1522.164673 -63.510311 1292.793823
v 1522.164673 -63.510311 1365.945801
v 1449.012695 -63.510311 1292.793823
v 1449.012695 -63.510311 1365.945801
v 3076.644775 -136.662292 1055.049927
v 3003.492676 -136.662292 1055.049927
v 3003.492676 -136.662292 1128.201904
v 3076.644775 -136.662292 1128.201904
v 3076.644775 -63.510311 1055.049927
v 3076.644775 -63.510311 1128.201904
v 3003.492676 -63.510311 1055.049927
v 3003.492676 -63.510311 1128.201904
s 0
f 7332 7330 7333
f 7335 7332 7333
f 7337 7330 7331
f 7336 7333 7330
f 7334 7331 7332
f 7340 7339 7338
f 7344 7342 7345
f 7345 7346 7347
f 7342 7348 7346
f 7343 7349 7348
f 7348 7347 7346
f 7344 7347 7349
f 7332 7331 7330
f 7335 7334 7332
f 7337 7336 7330
f 7336 7335 7333
f 7334 7337 7331
f 7340 7341 7339
f 7344 7343 7342
f 7345 7342 7346
f 7342 7343 7348
f 7343 7344 7349
f 7348 7349 7347
f 7344 7345 7347
o de_nuke_world_geometry.020
v 1119.828735 -136.662292 -1486.982178
v 1119.828735 -209.814301 -1816.166138
v 1119.828735 -193.558319 -1743.014160
v 1119.828735 -209.814301 -1962.470215
v 1668.468750 -136.662292 -1486.982178
v 1924.500732 -136.662292 -1486.982178
v 1284.420776 -136.662292 -1486.982178
v 1375.860718 -136.662292 -1486.982178
v 1924.500732 -209.814301 -1816.166138
v 1924.500732 -209.814301 -1962.470215
v 1924.500732 -193.558319 -1743.014160
v 1705.044678 -209.814301 -1962.470215
v 1705.044678 -209.814301 -1999.046143
v 1705.044678 -209.814301 -2072.198242
v 1705.044678 -209.814301 -2200.214111
v 1705.044678 -209.814301 -1816.166138
v 1339.284668 -209.814301 -1999.046143
v 1339.284668 -209.814301 -1962.470215
v 1339.284668 -209.814301 -2200.214111
v 1339.284668 -209.814301 -2072.198242
v 1385.004761 -209.814301 -2072.198242
v 1458.156738 -209.814301 -2072.198242
v 1595.316650 -209.814301 -2200.214111
v 1458.156738 -209.814301 -1999.046143
v 1385.004761 -209.814301 -1999.046143
v 1668.468750 -209.814301 -1816.166138
v 1375.860718 -209.814301 -1816.166138
v 1339.284668 -209.814301 -1816.166138
v 1375.860718 -231.759903 -1750.329468
v 1375.860718 -246.390305 -1706.438110
v 1375.860718 -313.446320 -1505.270264
v 1375.860718 -392.694305 -1267.526245
v 1668.468750 -392.694305 -1267.526245
v 1668.468750 -313.446320 -1505.270264
v 1668.468750 -246.390305 -1706.438110
v 1668.468750 -231.759903 -1750.329468
v 1083.252808 9.641697 -316.550171
v 1083.252808 9.641697 -353.126160
v 1083.252808 9.641697 -60.518188
v 1083.252808 9.641697 -97.094193
v 1083.252808 0.497696 -353.126160
v 1083.252808 0.497696 -316.550171
v 1083.252808 0.497696 -97.094193
v 1083.252808 0.497696 -60.518188
v 1064.964722 9.641697 -353.126160
v 1064.964722 0.497696 -353.126160
v 1064.964722 9.641697 -60.518188
v 1064.964722 9.641697 -78.806190
v 1064.964722 9.641697 -97.094193
v 1064.964722 0.497696 -97.094193
v 1064.964722 0.497696 -78.806190
v 1064.964722 0.497696 -60.518188
v 1083.252808 0.497696 122.361832
v 1083.252808 0.497696 195.513840
v 1083.252808 9.641697 195.513840
v 1083.252808 0.497696 12.633820
v 1064.964722 9.641697 195.513840
v 1064.964722 0.497696 195.513840
v 1010.100708 0.497696 -78.806190
v 1010.100708 0.497696 -179.390198
v 1010.100708 0.497696 -188.534210
v 1010.100708 0.497696 -225.110199
v 1010.100708 0.497696 -234.254211
v 1010.100708 0.497696 -353.126160
v 936.948669 0.497696 -353.126160
v 936.948669 0.497696 -78.806190
v 1055.820679 0.497696 -353.126160
v 1055.820679 0.497696 -234.254211
v 1055.820679 0.497696 -225.110199
v 1055.820679 0.497696 -188.534210
v 1055.820679 0.497696 -179.390198
v 1055.820679 0.497696 -78.806190
v 1019.244629 0.497696 -234.254211
v 1046.676758 0.497696 -234.254211
v 1046.676758 0.497696 -179.390198
v 1019.244629 0.497696 -179.390198
v 936.948669 9.641697 -353.126160
v 1010.100708 9.641697 -353.126160
v 1010.100708 9.641697 -234.254211
v 1010.100708 9.641697 -225.110199
v 1010.100708 9.641697 -188.534210
v 1010.100708 9.641697 -179.390198
v 1010.100708 9.641697 -78.806190
v 936.948669 9.641697 -78.806190
v 1055.820679 9.641697 -78.806190
v 1055.820679 9.641697 -179.390198
v 1055.820679 9.641697 -188.534210
v 1055.820679 9.641697 -225.110199
v 1055.820679 9.641697 -234.254211
v 1055.820679 9.641697 -353.126160
v 1046.676758 9.641697 -234.254211
v 1019.244629 9.641697 -234.254211
v 1019.244629 9.641697 -179.390198
v 1046.676758 9.641697 -179.390198
v 973.524658 0.497696 12.633820
v 1010.100708 0.497696 12.633820
v 936.948669 0.497696 12.633820
v 973.524658 0.497696 195.513840
v 1010.100708 0.497696 195.513840
v 973.524658 9.641697 195.513840
v 936.948669 9.641697 195.513840
s 0
f 7361 7358 7359
f 7372 7370 7371
f 7362 7371 7373
f 7370 7366 7374
f 7367 7376 7361
f 7353 7377 7367
f 7365 7354 7360
f 7377 7352 7356
f 7379 7380 7383
f 7389 7397 7396
f 7386 7394 7398
f 7393 7400 7399
f 7399 7390 7391
f 7396 7404 7388
f 7402 7407 7401
f 7414 7410 7409
f 7419 7418 7399
f 7423 7422 7413
f 7408 7425 7424
f 7418 7423 7417
f 7412 7422 7411
f 7410 7425 7409
f 7420 7424 7419
f 7430 7429 7426
f 7398 7437 7436
f 7427 7441 7440
f 7443 7442 7432
f 7438 7440 7437
f 7428 7429 7441
f 7431 7442 7430
f 7436 7443 7435
f 7415 7445 7444
f 7445 7447 7444
f 7445 7421 7401
f 7449 7396 7434
f 7361 7365 7358
f 7371 7363 7364
f 7372 7368 7369
f 7371 7364 7372
f 7372 7369 7370
f 7362 7363 7371
f 7370 7369 7366
f 7361 7362 7373
f 7374 7366 7367
f 7361 7373 7374
f 7375 7365 7361
f 7367 7377 7376
f 7376 7375 7361
f 7361 7374 7367
f 7353 7351 7377
f 7360 7358 7365
f 7365 7375 7354
f 7354 7355 7360
f 7357 7376 7377
f 7377 7351 7352
f 7352 7350 7356
f 7356 7357 7377
f 7385 7375 7376
f 7385 7376 7378
f 7384 7385 7378
f 7384 7378 7379
f 7381 7382 7383
f 7383 7384 7379
f 7380 7381 7383
f 7396 7388 7389
f 7389 7398 7397
f 7398 7389 7386
f 7386 7387 7394
f 7399 7392 7393
f 7393 7401 7400
f 7391 7392 7399
f 7399 7395 7390
f 7396 7406 7404
f 7401 7393 7405
f 7402 7403 7407
f 7401 7405 7402
f 7408 7415 7414
f 7414 7413 7412
f 7414 7412 7411
f 7409 7408 7414
f 7414 7411 7410
f 7399 7400 7421
f 7399 7421 7420
f 7416 7395 7399
f 7417 7416 7399
f 7399 7420 7419
f 7418 7417 7399
f 7413 7416 7417
f 7413 7417 7423
f 7422 7412 7413
f 7420 7421 7408
f 7408 7409 7425
f 7424 7420 7408
f 7426 7433 7432
f 7426 7432 7431
f 7428 7427 7426
f 7429 7428 7426
f 7426 7431 7430
f 7434 7397 7398
f 7398 7394 7439
f 7398 7439 7438
f 7435 7434 7398
f 7436 7435 7398
f 7398 7438 7437
f 7438 7439 7427
f 7427 7428 7441
f 7440 7438 7427
f 7432 7434 7435
f 7432 7435 7443
f 7442 7431 7432
f 7444 7446 7415
f 7415 7408 7445
f 7445 7448 7447
f 7407 7448 7445
f 7445 7408 7421
f 7421 7400 7401
f 7401 7407 7445
f 7432 7433 7450
f 7449 7406 7396
f 7432 7450 7449
f 7396 7397 7434
f 7434 7432 7449
o de_nuke_world_geometry.021
v 1778.196777 -392.694305 -1249.238159
v 1741.620728 -392.694305 -1249.238159
v 1668.468750 -392.694305 -1249.238159
v 1668.468750 -246.390305 -1249.238159
v 1778.196777 -246.390305 -1249.238159
v 1375.860718 -246.390305 -1249.238159
v 1266.132690 -246.390305 -1249.238159
v 1375.860718 -392.694305 -1249.238159
v 1266.132690 -392.694305 -1249.238159
v 1375.860718 -246.390305 -1706.438110
v 1375.860718 -313.446320 -1505.270264
v 1375.860718 -246.390305 -1505.270264
v 1375.860718 -392.694305 -1267.526245
v 1668.468750 -392.694305 -1267.526245
v 1668.468750 -313.446320 -1505.270264
v 1668.468750 -246.390305 -1706.438110
v 1668.468750 -246.390305 -1505.270264
v 1814.772705 -246.390305 -1180.658203
v 1814.772705 -246.390305 -1212.662231
v 1814.772705 -392.694305 -1180.658203
v 1814.772705 -392.694305 -1212.662231
v 1229.556641 -246.390305 -1212.662231
v 1229.556641 -246.390305 -1180.658203
v 1229.556641 -392.694305 -1212.662231
v 1229.556641 -392.694305 -1180.658203
v 1993.080566 -246.390305 -279.974152
v 2015.940918 -246.390305 -279.974152
v 2015.940918 -246.390305 -353.126160
v 2015.940918 -246.390305 -536.006165
v 2015.940918 -246.390305 -609.158203
v 1993.080566 -246.390305 -609.158203
v 2015.940918 -392.694305 -353.126160
v 2015.940918 -392.694305 -279.974152
v 1993.080566 -392.694305 -279.974152
v 1993.080566 -392.694305 -609.158203
v 2015.940918 -392.694305 -609.158203
v 2015.940918 -392.694305 -536.006165
v 2015.940918 -264.678284 -609.158203
v 2015.940918 -356.118317 -609.158203
v 2015.940918 -356.118317 -279.974152
v 2015.940918 -264.678284 -279.974152
v 2015.940918 -356.118317 -316.550171
v 2015.940918 -356.118317 -536.006165
v 2015.940918 -356.118317 -572.582214
v 2015.940918 -264.678284 -572.582214
v 2015.940918 -264.678284 -536.006165
v 2015.940918 -264.678284 -316.550171
v 1924.500732 -246.390305 -279.974152
v 1924.500732 -246.390305 -609.158203
v 1924.500732 -392.694305 -279.974152
v 1924.500732 -392.694305 -609.158203
v 1156.404785 -392.694305 -536.006165
v 1156.404785 -392.694305 -572.582214
v 1156.404785 -392.694305 -737.174133
v 1156.404785 -392.694305 -828.614136
v 1229.556641 -392.694305 -828.614136
v 1887.924683 -392.694305 -737.174133
v 1814.772705 -392.694305 -828.614136
v 1887.924683 -392.694305 -828.614136
v 1887.924683 -392.694305 -645.734192
v 1887.924683 -392.694305 -243.398209
v 1887.924683 -392.694305 -60.518188
v 1156.404785 -392.694305 -316.550171
v 1156.404785 -392.694305 -60.518188
v 1229.556641 -392.694305 -1011.494202
v 1229.556641 -392.694305 -1084.646240
v 1229.556641 -392.694305 -1102.934204
v 1339.284668 -392.694305 -1102.934204
v 1339.284668 -392.694305 -1011.494202
v 1705.044678 -392.694305 -1102.934204
v 1814.772705 -392.694305 -1102.934204
v 1814.772705 -392.694305 -1084.646240
v 1814.772705 -392.694305 -1011.494202
v 1705.044678 -392.694305 -1011.494202
v 1595.316650 -392.694305 -1102.934204
v 1485.588623 -392.694305 -1102.934204
v 1485.588623 -392.694305 -1011.494202
v 1595.316650 -392.694305 -1011.494202
v 1814.772705 -246.390305 -938.342163
v 1814.772705 -246.390305 -1011.494202
v 1814.772705 -246.390305 -828.614136
v 1814.772705 -246.390305 -1102.934204
v 1814.772705 -246.390305 -1084.646240
v 1887.924683 -246.390305 -828.614136
v 1887.924683 -246.390305 -645.734192
v 1887.924683 -246.390305 -243.398209
v 1887.924683 -246.390305 -60.518188
v 1229.556641 -246.390305 -1102.934204
v 1229.556641 -246.390305 -1084.646240
v 1229.556641 -246.390305 -1011.494202
v 1229.556641 -246.390305 -938.342163
v 1229.556641 -246.390305 -828.614136
v 1705.044678 -246.390305 -1011.494202
v 1595.316650 -246.390305 -1011.494202
v 1339.284668 -246.390305 -1011.494202
v 1339.284668 -246.390305 -1102.934204
v 1705.044678 -246.390305 -1102.934204
v 1595.316650 -246.390305 -1102.934204
v 1156.404785 -246.390305 -828.614136
v 1156.404785 -246.390305 -316.550171
v 1156.404785 -246.390305 -60.518188
v 1156.404785 -246.390305 -572.582214
v 1887.924683 -392.694305 945.321899
v 1668.468750 -392.694305 890.457825
v 1887.924683 -392.694305 890.457825
v 1412.436646 -392.694305 890.457825
v 1156.404785 -392.694305 945.321899
v 1156.404785 -392.694305 890.457825
v 1887.924683 -392.694305 1055.049927
v 1156.404785 -392.694305 1055.049927
v 1887.924683 -392.694305 323.529846
v 1887.924683 -392.694305 378.393860
v 1668.468750 -392.694305 378.393860
v 1412.436646 -392.694305 378.393860
v 1156.404785 -392.694305 378.393860
v 1156.404785 -392.694305 323.529846
v 1887.924683 -392.694305 67.497826
v 1887.924683 -392.694305 122.361832
v 1156.404785 -392.694305 67.497826
v 1156.404785 -392.694305 122.361832
v 1887.924683 -246.390305 122.361832
v 1887.924683 -273.822296 378.393860
v 1887.924683 -346.974304 378.393860
v 1887.924683 -246.390305 195.513840
v 1887.924683 -246.390305 378.393860
v 1887.924683 -346.974304 890.457825
v 1887.924683 -273.822296 890.457825
v 1887.924683 -246.390305 890.457825
v 1887.924683 -246.390305 1055.049927
v 1759.908691 -273.822296 378.393860
v 1759.908691 -346.974304 378.393860
v 1686.756714 -346.974304 378.393860
v 1668.468750 -346.974304 378.393860
v 1613.604858 -346.974304 378.393860
v 1412.436646 -346.974304 378.393860
v 1357.572754 -346.974304 378.393860
v 1284.420776 -346.974304 378.393860
v 1156.404785 -346.974304 378.393860
v 1668.468750 -273.822296 378.393860
v 1686.756714 -273.822296 378.393860
v 1814.772705 -246.390305 378.393860
v 1741.620728 -246.390305 378.393860
v 1668.468750 -246.390305 378.393860
v 1412.436646 -273.822296 378.393860
v 1613.604858 -273.822296 378.393860
v 1485.588623 -246.390305 378.393860
v 1412.436646 -246.390305 378.393860
v 1229.556641 -246.390305 378.393860
v 1156.404785 -246.390305 378.393860
v 1156.404785 -273.822296 378.393860
v 1284.420776 -273.822296 378.393860
v 1357.572754 -273.822296 378.393860
v 1156.404785 -246.390305 195.513840
v 1156.404785 -246.390305 122.361832
v 1759.908691 -346.974304 890.457825
v 1759.908691 -273.822296 890.457825
v 1668.468750 -346.974304 890.457825
v 1686.756714 -346.974304 890.457825
v 1412.436646 -346.974304 890.457825
v 1613.604858 -346.974304 890.457825
v 1156.404785 -346.974304 890.457825
v 1284.420776 -346.974304 890.457825
v 1357.572754 -346.974304 890.457825
v 1741.620728 -246.390305 890.457825
v 1814.772705 -246.390305 890.457825
v 1686.756714 -273.822296 890.457825
v 1668.468750 -273.822296 890.457825
v 1668.468750 -246.390305 890.457825
v 1613.604858 -273.822296 890.457825
v 1412.436646 -273.822296 890.457825
v 1412.436646 -246.390305 890.457825
v 1485.588623 -246.390305 890.457825
v 1357.572754 -273.822296 890.457825
v 1284.420776 -273.822296 890.457825
v 1156.404785 -273.822296 890.457825
v 1156.404785 -246.390305 890.457825
v 1229.556641 -246.390305 890.457825
v 1156.404785 -246.390305 1055.049927
v 1887.924683 -392.694305 1841.433960
v 1887.924683 -392.694305 2006.025635
v 1887.924683 -392.694305 1804.857910
v 1156.404785 -392.694305 2006.025635
v 1156.404785 -392.694305 1841.433960
v 1156.404785 -392.694305 1804.857910
v 1887.924683 -392.694305 2097.465820
v 1668.468750 -392.694305 2097.465820
v 1412.436646 -392.694305 2097.465820
v 1156.404785 -392.694305 2097.465820
v 1887.924683 -392.694305 1292.793823
v 1887.924683 -392.694305 1329.369873
v 1887.924683 -392.694305 1548.825928
v 1887.924683 -392.694305 1585.401855
v 1156.404785 -392.694305 1292.793823
v 1156.404785 -392.694305 1548.825928
v 1156.404785 -392.694305 1329.369873
v 1156.404785 -392.694305 1585.401855
v 1887.924683 -246.390305 2097.465820
v 1814.772705 -246.390305 2097.465820
v 1741.620728 -246.390305 2097.465820
v 1668.468750 -246.390305 2097.465820
v 1485.588623 -246.390305 2097.465820
v 1412.436646 -246.390305 2097.465820
v 1229.556641 -246.390305 2097.465820
v 1156.404785 -246.390305 2097.465820
v 1887.924683 -246.390305 1841.433960
v 1887.924683 -246.390305 1823.145752
v 1887.924683 -246.390305 1585.401855
v 1887.924683 -246.390305 1567.113770
v 1887.924683 -246.390305 1329.369873
v 1887.924683 -246.390305 1311.081787
v 1156.404785 -246.390305 1841.433960
v 1156.404785 -246.390305 1823.145752
v 1156.404785 -246.390305 1567.113770
v 1156.404785 -246.390305 1585.401855
v 1156.404785 -246.390305 1311.081787
v 1156.404785 -246.390305 1329.369873
s 0
f 7454 7452 7451
f 7459 7456 7457
f 7462 7461 7460
f 7456 7463 7461
f 7467 7466 7465
f 7454 7465 7464
f 7469 7470 7468
f 7473 7474 7472
f 7474 7457 7472
f 7451 7469 7455
f 7485 7489 7488
f 7491 7490 7484
f 7480 7495 7496
f 7478 7496 7497
f 7489 7495 7488
f 7497 7490 7491
f 7487 7494 7489
f 7482 7490 7492
f 7484 7498 7476
f 7499 7485 7481
f 7532 7470 7521
f 7523 7529 7530
f 7531 7509 7534
f 7536 7512 7537
f 7509 7507 7535
f 7510 7499 7535
f 7500 7536 7498
f 7538 7516 7517
f 7541 7515 7516
f 7528 7543 7544
f 7545 7527 7528
f 7518 7545 7546
f 7524 7547 7543
f 7547 7525 7548
f 7525 7526 7546
f 7505 7542 7549
f 7504 7549 7552
f 7502 7552 7550
f 7513 7551 7514
f 7537 7567 7568
f 7574 7561 7573
f 7577 7576 7553
f 7573 7580 7572
f 7582 7581 7562
f 7564 7584 7583
f 7565 7587 7586
f 7591 7580 7590
f 7596 7589 7595
f 7601 7600 7598
f 7589 7582 7583
f 7585 7602 7594
f 7601 7588 7600
f 7569 7551 7604
f 7566 7603 7600
f 7606 7576 7577
f 7555 7605 7608
f 7554 7610 7609
f 7613 7612 7558
f 7616 7606 7615
f 7622 7620 7619
f 7627 7624 7623
f 7617 7610 7607
f 7620 7613 7609
f 7611 7624 7625
f 7557 7625 7628
f 7648 7635 7636
f 7651 7636 7637
f 7653 7637 7638
f 7660 7559 7639
f 7658 7640 7641
f 7656 7642 7631
f 7655 7630 7635
f 7643 7628 7665
f 7644 7666 7663
f 7634 7664 7662
f 7632 7661 7654
f 7451 7455 7454
f 7454 7453 7452
f 7459 7458 7456
f 7461 7462 7456
f 7456 7458 7463
f 7464 7453 7454
f 7454 7467 7465
f 7469 7471 7470
f 7473 7475 7474
f 7474 7459 7457
f 7451 7471 7469
f 7480 7481 7485
f 7485 7486 7489
f 7488 7480 7485
f 7484 7476 7477
f 7484 7477 7491
f 7490 7483 7484
f 7496 7479 7480
f 7480 7488 7495
f 7491 7477 7478
f 7478 7479 7496
f 7497 7491 7478
f 7489 7494 7495
f 7497 7492 7490
f 7489 7486 7487
f 7487 7493 7494
f 7493 7487 7482
f 7482 7483 7490
f 7492 7493 7482
f 7484 7500 7498
f 7499 7501 7485
f 7522 7533 7532
f 7532 7468 7470
f 7521 7522 7532
f 7530 7533 7522
f 7523 7508 7531
f 7530 7522 7523
f 7523 7531 7529
f 7531 7508 7509
f 7536 7511 7512
f 7535 7534 7509
f 7507 7510 7535
f 7510 7501 7499
f 7500 7511 7536
f 7475 7473 7538
f 7538 7539 7516
f 7517 7475 7538
f 7516 7539 7540
f 7541 7542 7506
f 7516 7540 7541
f 7541 7506 7515
f 7528 7524 7543
f 7528 7544 7545
f 7545 7519 7527
f 7518 7519 7545
f 7524 7520 7547
f 7547 7520 7525
f 7546 7548 7525
f 7526 7518 7546
f 7505 7506 7542
f 7552 7503 7504
f 7504 7505 7549
f 7550 7513 7502
f 7502 7503 7552
f 7513 7550 7551
f 7568 7571 7537
f 7537 7512 7567
f 7572 7575 7574
f 7574 7571 7568
f 7561 7562 7573
f 7574 7568 7561
f 7573 7572 7574
f 7559 7579 7578
f 7559 7578 7577
f 7576 7555 7553
f 7553 7559 7577
f 7573 7581 7580
f 7562 7563 7583
f 7562 7583 7582
f 7581 7573 7562
f 7583 7563 7564
f 7564 7585 7584
f 7585 7564 7565
f 7565 7588 7587
f 7586 7585 7565
f 7589 7593 7592
f 7591 7575 7572
f 7589 7592 7591
f 7590 7589 7591
f 7591 7572 7580
f 7594 7597 7596
f 7596 7593 7589
f 7595 7594 7596
f 7598 7597 7594
f 7598 7594 7602
f 7600 7599 7598
f 7598 7602 7601
f 7584 7595 7589
f 7589 7590 7582
f 7583 7584 7589
f 7594 7595 7584
f 7585 7586 7602
f 7594 7584 7585
f 7601 7587 7588
f 7604 7570 7569
f 7569 7514 7551
f 7588 7565 7566
f 7566 7570 7604
f 7603 7599 7600
f 7566 7604 7603
f 7600 7588 7566
f 7606 7605 7576
f 7607 7554 7555
f 7555 7576 7605
f 7608 7607 7555
f 7609 7556 7554
f 7554 7607 7610
f 7558 7556 7609
f 7558 7609 7613
f 7612 7611 7558
f 7614 7618 7617
f 7614 7617 7616
f 7577 7578 7615
f 7615 7614 7616
f 7606 7577 7615
f 7617 7618 7622
f 7622 7621 7620
f 7619 7617 7622
f 7620 7621 7627
f 7627 7626 7625
f 7627 7625 7624
f 7623 7620 7627
f 7608 7616 7617
f 7617 7619 7610
f 7607 7608 7617
f 7610 7619 7620
f 7620 7623 7613
f 7609 7610 7620
f 7611 7612 7624
f 7628 7560 7557
f 7557 7558 7611
f 7625 7626 7628
f 7557 7611 7625
f 7636 7650 7649
f 7648 7647 7635
f 7636 7649 7648
f 7637 7652 7651
f 7651 7650 7636
f 7638 7654 7653
f 7653 7652 7637
f 7640 7659 7660
f 7660 7579 7559
f 7639 7640 7660
f 7642 7657 7658
f 7658 7659 7640
f 7641 7642 7658
f 7629 7655 7656
f 7656 7657 7642
f 7631 7629 7656
f 7635 7647 7655
f 7655 7629 7630
f 7666 7645 7643
f 7643 7560 7628
f 7665 7666 7643
f 7664 7646 7644
f 7644 7645 7666
f 7663 7664 7644
f 7661 7633 7634
f 7634 7646 7664
f 7662 7661 7634
f 7654 7638 7632
f 7632 7633 7661
o de_nuke_world_geometry.022
v 1394.148804 -136.662292 -1486.982178
v 1668.468750 -136.662292 -1486.982178
v 1375.860718 -136.662292 -1486.982178
v 1668.468750 -209.814301 -1816.166138
v 1375.860718 -209.814301 -1816.166138
v 1375.860718 -231.759903 -1750.329468
v 1375.860718 -177.302277 -1505.270264
v 1375.860718 -173.238297 -1486.982178
v 1375.860718 -164.094299 -1486.982178
v 1375.860718 -145.806305 -1486.982178
v 1668.468750 -231.759903 -1750.329468
v 1668.468750 -177.302277 -1505.270264
v 1668.468750 -173.238297 -1486.982178
v 1668.468750 -145.806305 -1486.982178
v 1668.468750 -164.094299 -1486.982178
v 1631.892700 -173.238297 -1486.982178
v 1631.892700 -164.094299 -1486.982178
v 1613.604858 -164.094299 -1486.982178
v 1531.308716 -164.094299 -1486.982178
v 1513.020752 -164.094299 -1486.982178
v 1430.724854 -164.094299 -1486.982178
v 1412.436646 -164.094299 -1486.982178
v 1412.436646 -145.806305 -1486.982178
v 1430.724854 -145.806305 -1486.982178
v 1513.020752 -145.806305 -1486.982178
v 1531.308716 -145.806305 -1486.982178
v 1613.604858 -145.806305 -1486.982178
v 1631.892700 -145.806305 -1486.982178
s 0
f 7675 7673 7671
f 7678 7680 7668
f 7685 7684 7682
f 7667 7692 7691
f 7680 7683 7694
f 7693 7685 7692
f 7689 7675 7676
f 7691 7687 7690
f 7671 7669 7676
f 7675 7674 7673
f 7671 7676 7675
f 7673 7672 7671
f 7668 7670 7677
f 7678 7679 7681
f 7668 7677 7678
f 7678 7681 7680
f 7674 7675 7688
f 7674 7688 7687
f 7681 7679 7682
f 7682 7674 7687
f 7682 7687 7686
f 7683 7681 7682
f 7684 7683 7682
f 7682 7686 7685
f 7676 7669 7667
f 7667 7668 7680
f 7667 7680 7694
f 7689 7676 7667
f 7690 7689 7667
f 7667 7694 7693
f 7667 7693 7692
f 7691 7690 7667
f 7680 7681 7683
f 7693 7684 7685
f 7689 7688 7675
f 7691 7686 7687
o de_nuke_world_geometry.023
v 1668.468750 -392.694305 -1249.238159
v 1375.860718 -392.694305 -1249.238159
v 1375.860718 -392.694305 -1267.526245
v 1485.588623 -392.694305 -1249.238159
v 1668.468750 -392.694305 -1267.526245
v 1010.100708 0.497696 -188.534210
v 1010.100708 0.497696 -225.110199
v 1055.820679 0.497696 -225.110199
v 1055.820679 0.497696 -188.534210
v 1019.244629 0.497696 -234.254211
v 1046.676758 0.497696 -234.254211
v 1046.676758 0.497696 -179.390198
v 1019.244629 0.497696 -179.390198
v 1010.100708 9.641697 -225.110199
v 1010.100708 9.641697 -188.534210
v 1055.820679 9.641697 -188.534210
v 1055.820679 9.641697 -225.110199
v 1046.676758 9.641697 -234.254211
v 1019.244629 9.641697 -234.254211
v 1019.244629 9.641697 -179.390198
v 1046.676758 9.641697 -179.390198
s 0
f 7697 7698 7695
f 7713 7705 7712
f 7715 7707 7714
f 7709 7701 7708
f 7711 7703 7710
f 7703 7715 7710
f 7705 7711 7712
f 7707 7709 7714
f 7701 7713 7708
f 7695 7699 7697
f 7697 7696 7698
f 7713 7704 7705
f 7715 7706 7707
f 7709 7700 7701
f 7711 7702 7703
f 7703 7706 7715
f 7705 7702 7711
f 7707 7700 7709
f 7701 7704 7713
o de_nuke_world_geometry.024
v 1631.892700 -164.094299 -1486.982178
v 1613.604858 -164.094299 -1486.982178
v 1531.308716 -164.094299 -1486.982178
v 1513.020752 -164.094299 -1486.982178
v 1430.724854 -164.094299 -1486.982178
v 1412.436646 -164.094299 -1486.982178
v 1412.436646 -145.806305 -1486.982178
v 1430.724854 -145.806305 -1486.982178
v 1513.020752 -145.806305 -1486.982178
v 1531.308716 -145.806305 -1486.982178
v 1613.604858 -145.806305 -1486.982178
v 1631.892700 -145.806305 -1486.982178
v 1513.020752 -164.094299 -1505.270264
v 1513.020752 -145.806305 -1505.270264
v 1613.604858 -164.094299 -1505.270264
v 1613.604858 -145.806305 -1505.270264
v 1631.892700 -164.094299 -1505.270264
v 1631.892700 -145.806305 -1505.270264
v 1531.308716 -164.094299 -1505.270264
v 1531.308716 -145.806305 -1505.270264
v 1412.436646 -164.094299 -1505.270264
v 1430.724854 -164.094299 -1505.270264
v 1430.724854 -145.806305 -1505.270264
v 1412.436646 -145.806305 -1505.270264
v 1993.080566 -77.226311 -211.394180
v 1993.080566 -31.506308 -211.394180
v 1993.080566 -31.506308 -215.966202
v 1993.080566 -77.226311 -215.966202
v 2134.812744 -81.798317 -211.394180
v 2134.812744 -26.934307 -211.394180
v 2134.812744 -81.798317 -215.966202
v 2134.812744 -26.934307 -215.966202
v 1993.080566 -81.798317 -211.394180
v 2130.240723 -81.798317 -211.394180
v 2130.240723 -81.798317 -215.966202
v 1993.080566 -81.798317 -215.966202
v 2130.240723 -26.934307 -211.394180
v 1993.080566 -26.934307 -211.394180
v 1993.080566 -26.934307 -215.966202
v 2130.240723 -26.934307 -215.966202
v 2130.240723 -77.226311 -215.966202
v 2130.240723 -31.506308 -215.966202
v 2130.240723 -31.506308 -211.394180
v 2130.240723 -77.226311 -211.394180
v 2057.088867 -31.506308 -215.966202
v 2057.088867 -31.506308 -211.394180
v 2066.232666 -31.506308 -215.966202
v 2066.232666 -31.506308 -211.394180
v 2057.088867 -77.226311 -211.394180
v 2057.088867 -77.226311 -215.966202
v 2066.232666 -77.226311 -211.394180
v 2066.232666 -77.226311 -215.966202
v 2034.228760 -264.678284 -316.550171
v 2034.228760 -356.118317 -316.550171
v 2034.228760 -356.118317 -572.582214
v 2034.228760 -264.678284 -572.582214
v 2034.228760 -356.118317 -536.006165
v 2034.228760 -264.678284 -536.006165
v 2015.940918 -356.118317 -316.550171
v 2015.940918 -356.118317 -536.006165
v 2015.940918 -356.118317 -572.582214
v 2015.940918 -264.678284 -572.582214
v 2015.940918 -264.678284 -536.006165
v 2015.940918 -264.678284 -316.550171
v 1988.508667 -81.798317 -211.394180
v 1988.508667 -81.798317 -215.966202
v 1988.508667 -26.934307 -211.394180
v 1988.508667 -26.934307 -215.966202
v 4777.429199 -63.510311 122.361832
v 4740.853027 -63.510311 122.361832
v 4448.244629 -63.510311 122.361832
v 4411.668457 -63.510311 122.361832
v 4740.853027 -63.510311 158.937836
v 4448.244629 -63.510311 158.937836
v 4740.853027 46.217701 158.937836
v 4731.708984 82.793709 158.937836
v 4704.276855 137.657684 158.937836
v 4658.557129 174.233688 158.937836
v 4594.548828 192.521698 158.937836
v 4530.540527 174.233688 158.937836
v 4484.820312 137.657684 158.937836
v 4457.388672 82.793709 158.937836
v 4448.244629 46.217701 158.937836
v 4777.429199 46.217701 158.937836
v 4763.712891 115.940704 158.937836
v 4665.414551 215.381699 158.937836
v 4724.850586 175.376694 158.937836
v 4594.548828 229.097702 158.937836
v 4523.682617 215.381699 158.937836
v 4464.247070 175.376694 158.937836
v 4411.668457 46.217701 158.937836
v 4425.384766 115.940704 158.937836
v 4653.070312 192.521698 158.937836
v 4536.027344 192.521698 158.937836
v 4777.429199 46.217701 122.361832
v 4411.668457 46.217701 122.361832
v 4731.708984 82.793709 122.361832
v 4740.853027 46.217701 122.361832
v 4763.712891 115.940704 122.361832
v 4704.276855 137.657684 122.361832
v 4724.850586 175.376694 122.361832
v 4658.557129 174.233688 122.361832
v 4665.414551 215.381699 122.361832
v 4594.548828 192.521698 122.361832
v 4594.548828 229.097702 122.361832
v 4530.540527 174.233688 122.361832
v 4523.682617 215.381699 122.361832
v 4484.820312 137.657684 122.361832
v 4464.247070 175.376694 122.361832
v 4457.388672 82.793709 122.361832
v 4425.384766 115.940704 122.361832
v 4448.244629 46.217701 122.361832
v 4530.540527 174.233688 131.505768
v 4530.540527 174.233688 149.793777
v 4585.404785 189.904236 149.793777
v 4585.404785 189.904236 131.505768
v 4594.548828 192.521698 131.505768
v 4594.548828 192.521698 149.793777
v 4585.404785 183.377701 149.793777
v 4585.404785 183.377701 131.505768
v 4603.692383 189.904236 149.793777
v 4658.557129 174.233688 149.793777
v 4658.557129 174.233688 131.505768
v 4603.692383 189.904236 131.505768
v 4603.692383 183.377701 131.505768
v 4603.692383 183.377701 149.793777
v -2281.739502 -136.662292 -499.430176
v -2281.739502 -26.934307 -499.430176
v -2281.739502 -26.934307 -536.006165
v -2464.619385 119.369713 -536.006165
v -2464.619385 155.945694 -536.006165
v -2523.140625 119.369713 -536.006165
v -2406.097900 119.369713 -536.006165
v -2347.563232 82.793709 -536.006165
v -2367.087158 94.989502 -536.006165
v -2354.891602 82.793709 -536.006165
v -2551.487305 82.793709 -536.006165
v -2528.627441 101.081703 -536.006165
v -2400.611084 101.081703 -536.006165
v -2377.751221 82.793709 -536.006165
v -2535.485352 142.229691 -536.006165
v -2594.921387 102.224701 -536.006165
v -2607.626953 82.793709 -536.006165
v -2393.753418 142.229691 -536.006165
v -2334.317383 102.224701 -536.006165
v -2321.611084 82.793709 -536.006165
v -2334.317383 102.224701 -499.430176
v -2321.612549 82.793709 -499.430176
v -2344.916016 82.793709 -499.430176
v -2377.751221 82.793709 -499.430176
v -2400.611084 101.081703 -499.430176
v -2393.753418 142.229691 -499.430176
v -2464.619385 119.369713 -499.430176
v -2464.619385 155.945694 -499.430176
v -2528.627441 101.081703 -499.430176
v -2535.485352 142.229691 -499.430176
v -2594.921387 102.224701 -499.430176
v -2551.487305 82.793709 -499.430176
v -2584.322754 82.793709 -499.430176
v -2607.626465 82.793709 -499.430176
v -2528.627441 101.081703 -508.574188
v -2528.627441 101.081703 -526.862183
v -2400.611084 101.081703 -526.862183
v -2400.611084 101.081703 -508.574188
v -2455.475586 116.752243 -508.574188
v -2455.475586 110.225708 -508.574188
v -2473.763184 110.225708 -508.574188
v -2473.763184 116.752243 -508.574188
v -2464.619385 119.369713 -508.574188
v -2473.763184 116.752243 -526.862183
v -2473.763184 110.225708 -526.862183
v -2455.475586 110.225708 -526.862183
v -2455.475586 116.752243 -526.862183
v -2464.619385 119.369713 -526.862183
v -2647.499512 -26.934307 -536.006165
v -2647.499512 -26.934307 -499.430176
v -2647.499512 -136.662292 -499.430176
v -2318.315186 -136.662292 -499.430176
v -2318.315186 -26.934307 -499.430176
v -2295.455566 42.788708 -499.430176
v -2327.458984 9.641697 -499.430176
v -2354.891602 64.505699 -499.430176
v -2574.347656 64.505699 -499.430176
v -2601.779541 9.641697 -499.430176
v -2633.783203 42.788708 -499.430176
v -2610.923340 -26.934307 -499.430176
v -2610.923340 -136.662292 -499.430176
v -2610.923340 -136.662292 -536.006165
v -2318.315186 -136.662292 -536.006165
v -2345.587402 81.559258 -536.006165
v -2318.315186 46.217701 -536.006165
v -2318.315186 64.505699 -536.006165
v -2610.923340 -26.934307 -536.006165
v -2601.779541 9.641697 -536.006165
v -2574.347656 64.505699 -536.006165
v -2354.891602 64.505699 -536.006165
v -2327.458984 9.641697 -536.006165
v -2318.315186 -26.934307 -536.006165
v -2633.783203 42.788708 -536.006165
v -2295.455566 42.788708 -536.006165
v 1650.180786 -209.814301 -590.870178
v 1650.180786 -209.814301 -609.158203
v 1650.180786 -191.526306 -609.158203
v 1650.180786 -191.526306 -590.870178
v 1668.468750 -209.814301 -590.870178
v 1668.468750 -191.526306 -590.870178
v 1668.468750 -209.814301 -609.158203
v 1668.468750 -191.526306 -609.158203
v 1394.148804 -209.814301 -609.158203
v 1394.148804 -209.814301 -590.870178
v 1394.148804 -191.526306 -590.870178
v 1394.148804 -191.526306 -609.158203
v 1375.860718 -209.814301 -609.158203
v 1375.860718 -209.814301 -590.870178
v 1375.860718 -191.526306 -590.870178
v 1375.860718 -191.526306 -609.158203
v 1650.180786 -209.814301 341.817871
v 1650.180786 -209.814301 323.529846
v 1650.180786 -191.526306 323.529846
v 1650.180786 -191.526306 341.817871
v 1668.468750 -191.526306 323.529846
v 1668.468750 -191.526306 341.817871
v 1668.468750 -209.814301 341.817871
v 1668.468750 -209.814301 323.529846
v 1394.148804 -209.814301 323.529846
v 1394.148804 -209.814301 341.817871
v 1394.148804 -191.526306 341.817871
v 1394.148804 -191.526306 323.529846
v 1375.860718 -209.814301 341.817871
v 1375.860718 -191.526306 341.817871
v 1375.860718 -191.526306 323.529846
v 1375.860718 -209.814301 323.529846
v 1650.180786 -209.814301 1878.009888
v 1650.180786 -209.814301 1859.721802
v 1650.180786 -191.526306 1859.721802
v 1650.180786 -191.526306 1878.009888
v 1668.468750 -209.814301 1859.721802
v 1668.468750 -191.526306 1859.721802
v 1668.468750 -209.814301 1878.009888
v 1668.468750 -191.526306 1878.009888
v 1394.148804 -209.814301 1859.721802
v 1394.148804 -209.814301 1878.009888
v 1394.148804 -191.526306 1878.009888
v 1394.148804 -191.526306 1859.721802
v 1375.860718 -209.814301 1859.721802
v 1375.860718 -209.814301 1878.009888
v 1375.860718 -191.526306 1859.721802
v 1375.860718 -191.526306 1878.009888
v 1650.180786 -209.814301 945.321899
v 1650.180786 -209.814301 927.033813
v 1650.180786 -191.526306 927.033813
v 1650.180786 -191.526306 945.321899
v 1668.468750 -209.814301 945.321899
v 1668.468750 -191.526306 945.321899
v 1668.468750 -209.814301 927.033813
v 1668.468750 -191.526306 927.033813
v 1394.148804 -209.814301 927.033813
v 1394.148804 -209.814301 945.321899
v 1394.148804 -191.526306 945.321899
v 1394.148804 -191.526306 927.033813
v 1375.860718 -209.814301 927.033813
v 1375.860718 -209.814301 945.321899
v 1375.860718 -191.526306 945.321899
v 1375.860718 -191.526306 927.033813
s 0
f 7729 7719 7724
f 7731 7717 7726
f 7727 7732 7733
f 7733 7726 7727
f 7716 7730 7732
f 7725 7734 7735
f 7735 7724 7725
f 7718 7728 7734
f 7723 7737 7738
f 7739 7721 7722
f 7738 7722 7723
f 7720 7736 7737
f 7742 7740 7743
f 7758 7756 7759
f 7757 7747 7746
f 7745 7758 7759
f 7741 7760 7761
f 7763 7757 7758
f 7754 7757 7762
f 7752 7741 7761
f 7743 7764 7765
f 7767 7759 7756
f 7761 7765 7764
f 7762 7766 7767
f 7760 7767 7765
f 7763 7764 7766
f 7765 7767 7750
f 7766 7764 7748
f 7772 7776 7775
f 7773 7779 7778
f 7777 7770 7771
f 7768 7774 7779
f 7783 7742 7743
f 7741 7782 7780
f 7808 7803 7794
f 7803 7809 7794
f 7810 7812 7814
f 7784 7813 7810
f 7814 7815 7816
f 7816 7817 7818
f 7818 7819 7820
f 7822 7819 7821
f 7824 7821 7823
f 7826 7823 7825
f 7825 7811 7826
f 7786 7811 7827
f 7826 7806 7807
f 7800 7810 7814
f 7824 7807 7805
f 7789 7827 7798
f 7796 7825 7823
f 7815 7791 7792
f 7797 7827 7825
f 7785 7790 7813
f 7820 7804 7803
f 7812 7790 7791
f 7830 7828 7831
f 7832 7821 7819
f 7794 7829 7833
f 7835 7830 7831
f 7838 7836 7839
f 7838 7819 7817
f 7793 7833 7837
f 7841 7839 7836
f 7839 7835 7831
f 7830 7841 7836
f 7792 7837 7838
f 7829 7796 7823
f 7818 7803 7801
f 7816 7801 7802
f 7802 7814 7816
f 7822 7805 7804
f 7847 7846 7845
f 7846 7848 7845
f 7851 7850 7849
f 7866 7864 7862
f 7867 7868 7866
f 7871 7868 7869
f 7874 7870 7872
f 7860 7863 7861
f 7875 7857 7858
f 7860 7867 7862
f 7856 7872 7871
f 7859 7869 7867
f 7877 7876 7873
f 7865 7879 7878
f 7883 7881 7880
f 7888 7886 7885
f 7889 7853 7845
f 7878 7845 7854
f 7886 7883 7885
f 7881 7888 7880
f 7878 7880 7888
f 7883 7877 7885
f 7866 7884 7879
f 7868 7876 7884
f 7846 7871 7869
f 7893 7843 7894
f 7896 7843 7895
f 7863 7897 7896
f 7864 7865 7897
f 7874 7898 7873
f 7875 7899 7898
f 7892 7901 7891
f 7891 7899 7900
f 7906 7849 7905
f 7899 7908 7909
f 7895 7844 7915
f 7902 7908 7901
f 7912 7894 7896
f 7904 7894 7913
f 7911 7896 7897
f 7898 7909 7910
f 7911 7865 7855
f 7873 7910 7852
f 7861 7895 7915
f 7858 7900 7875
f 7914 7891 7900
f 7918 7916 7919
f 7920 7917 7922
f 7923 7917 7918
f 7921 7922 7923
f 7923 7919 7921
f 7926 7924 7927
f 7925 7928 7924
f 7931 7929 7930
f 7927 7928 7931
f 7927 7930 7926
f 7934 7932 7935
f 7936 7935 7937
f 7935 7938 7937
f 7938 7933 7939
f 7937 7939 7936
f 7942 7940 7943
f 7945 7941 7942
f 7943 7945 7942
f 7941 7947 7940
f 7946 7944 7945
f 7950 7948 7951
f 7954 7949 7952
f 7951 7954 7955
f 7955 7952 7953
f 7953 7951 7955
f 7958 7956 7959
f 7957 7960 7956
f 7962 7961 7963
f 7963 7957 7958
f 7959 7963 7958
f 7966 7964 7967
f 7968 7965 7970
f 7971 7965 7966
f 7969 7970 7971
f 7971 7967 7969
f 7974 7972 7975
f 7973 7976 7972
f 7979 7977 7978
f 7975 7976 7979
f 7975 7978 7974
f 7729 7728 7719
f 7731 7730 7717
f 7727 7716 7732
f 7733 7731 7726
f 7716 7717 7730
f 7725 7718 7734
f 7735 7729 7724
f 7718 7719 7728
f 7723 7720 7737
f 7739 7736 7721
f 7738 7739 7722
f 7720 7721 7736
f 7742 7741 7740
f 7758 7757 7756
f 7746 7750 7756
f 7757 7755 7747
f 7746 7756 7757
f 7749 7744 7745
f 7745 7752 7758
f 7759 7749 7745
f 7741 7742 7760
f 7763 7762 7757
f 7760 7742 7754
f 7754 7755 7757
f 7762 7760 7754
f 7763 7758 7752
f 7752 7753 7741
f 7761 7763 7752
f 7743 7740 7764
f 7767 7766 7759
f 7761 7760 7765
f 7762 7763 7766
f 7760 7762 7767
f 7763 7761 7764
f 7750 7751 7743
f 7750 7743 7765
f 7767 7756 7750
f 7748 7749 7759
f 7748 7759 7766
f 7764 7740 7748
f 7774 7769 7772
f 7772 7770 7776
f 7775 7774 7772
f 7777 7771 7773
f 7773 7768 7779
f 7778 7777 7773
f 7777 7776 7770
f 7768 7769 7774
f 7751 7781 7783
f 7783 7754 7742
f 7743 7751 7783
f 7780 7748 7740
f 7741 7753 7782
f 7780 7740 7741
f 7810 7813 7812
f 7784 7785 7813
f 7814 7812 7815
f 7816 7815 7817
f 7818 7817 7819
f 7822 7820 7819
f 7824 7822 7821
f 7826 7824 7823
f 7825 7827 7811
f 7786 7787 7811
f 7826 7811 7806
f 7800 7799 7810
f 7824 7826 7807
f 7789 7786 7827
f 7796 7797 7825
f 7815 7812 7791
f 7797 7798 7827
f 7785 7788 7790
f 7820 7822 7804
f 7812 7813 7790
f 7830 7829 7828
f 7832 7828 7821
f 7794 7795 7829
f 7835 7834 7830
f 7838 7837 7836
f 7838 7832 7819
f 7793 7794 7833
f 7841 7840 7839
f 7831 7832 7839
f 7839 7840 7835
f 7836 7833 7830
f 7830 7834 7841
f 7817 7815 7792
f 7792 7793 7837
f 7838 7817 7792
f 7823 7821 7828
f 7829 7795 7796
f 7823 7828 7829
f 7818 7820 7803
f 7816 7818 7801
f 7802 7800 7814
f 7822 7824 7805
f 7862 7867 7866
f 7866 7865 7864
f 7864 7863 7862
f 7867 7869 7868
f 7871 7870 7868
f 7872 7875 7874
f 7874 7873 7870
f 7870 7871 7872
f 7860 7862 7863
f 7875 7872 7857
f 7860 7859 7867
f 7856 7857 7872
f 7859 7846 7869
f 7873 7852 7853
f 7873 7853 7877
f 7876 7870 7873
f 7854 7855 7865
f 7865 7866 7879
f 7878 7854 7865
f 7880 7884 7883
f 7883 7882 7881
f 7885 7889 7888
f 7888 7887 7886
f 7889 7877 7853
f 7878 7889 7845
f 7886 7882 7883
f 7881 7887 7888
f 7878 7879 7880
f 7883 7876 7877
f 7866 7868 7884
f 7868 7870 7876
f 7846 7856 7871
f 7893 7842 7843
f 7896 7894 7843
f 7896 7895 7863
f 7863 7864 7897
f 7898 7874 7875
f 7875 7900 7899
f 7892 7902 7901
f 7891 7901 7899
f 7905 7907 7906
f 7906 7851 7849
f 7899 7901 7908
f 7895 7843 7844
f 7902 7903 7908
f 7912 7913 7894
f 7904 7893 7894
f 7911 7912 7896
f 7898 7899 7909
f 7911 7897 7865
f 7873 7898 7910
f 7861 7863 7895
f 7858 7914 7900
f 7914 7890 7891
f 7918 7917 7916
f 7920 7916 7917
f 7923 7922 7917
f 7921 7920 7922
f 7923 7918 7919
f 7926 7925 7924
f 7925 7929 7928
f 7931 7928 7929
f 7927 7924 7928
f 7927 7931 7930
f 7934 7933 7932
f 7936 7934 7935
f 7935 7932 7938
f 7938 7932 7933
f 7937 7938 7939
f 7942 7941 7940
f 7945 7944 7941
f 7943 7946 7945
f 7941 7944 7947
f 7946 7947 7944
f 7950 7949 7948
f 7954 7948 7949
f 7951 7948 7954
f 7955 7954 7952
f 7953 7950 7951
f 7958 7957 7956
f 7957 7961 7960
f 7962 7960 7961
f 7963 7961 7957
f 7959 7962 7963
f 7966 7965 7964
f 7968 7964 7965
f 7971 7970 7965
f 7969 7968 7970
f 7971 7966 7967
f 7974 7973 7972
f 7973 7977 7976
f 7979 7976 7977
f 7975 7972 7976
f 7975 7979 7978
o de_nuke_world_geometry.025
v 1513.020752 -164.094299 -1505.270264
v 1513.020752 -145.806305 -1505.270264
v 1613.604858 -164.094299 -1505.270264
v 1613.604858 -145.806305 -1505.270264
v 1631.892700 -164.094299 -1505.270264
v 1631.892700 -145.806305 -1505.270264
v 1531.308716 -164.094299 -1505.270264
v 1531.308716 -145.806305 -1505.270264
v 1412.436646 -164.094299 -1505.270264
v 1430.724854 -164.094299 -1505.270264
v 1430.724854 -145.806305 -1505.270264
v 1412.436646 -145.806305 -1505.270264
v 4585.404785 183.377701 149.793777
v 4585.404785 183.377701 131.505768
v 4603.692383 183.377701 131.505768
v 4603.692383 183.377701 149.793777
v -2455.475586 110.225708 -508.574188
v -2473.763184 110.225708 -508.574188
v -2473.763184 110.225708 -526.862183
v -2455.475586 110.225708 -526.862183
v 1650.180786 -209.814301 -590.870178
v 1650.180786 -191.526306 -590.870178
v 1668.468750 -209.814301 -590.870178
v 1668.468750 -191.526306 -590.870178
v 1394.148804 -209.814301 -590.870178
v 1394.148804 -191.526306 -590.870178
v 1375.860718 -209.814301 -590.870178
v 1375.860718 -191.526306 -590.870178
v 1650.180786 -209.814301 323.529846
v 1650.180786 -191.526306 323.529846
v 1668.468750 -191.526306 323.529846
v 1668.468750 -209.814301 323.529846
v 1394.148804 -209.814301 323.529846
v 1394.148804 -191.526306 323.529846
v 1375.860718 -191.526306 323.529846
v 1375.860718 -209.814301 323.529846
v 1650.180786 -209.814301 1859.721802
v 1650.180786 -191.526306 1859.721802
v 1668.468750 -209.814301 1859.721802
v 1668.468750 -191.526306 1859.721802
v 1394.148804 -209.814301 1859.721802
v 1394.148804 -191.526306 1859.721802
v 1375.860718 -209.814301 1859.721802
v 1375.860718 -191.526306 1859.721802
v 1650.180786 -209.814301 945.321899
v 1650.180786 -191.526306 945.321899
v 1668.468750 -209.814301 945.321899
v 1668.468750 -191.526306 945.321899
v 1394.148804 -209.814301 945.321899
v 1394.148804 -191.526306 945.321899
v 1375.860718 -209.814301 945.321899
v 1375.860718 -191.526306 945.321899
s 0
f 7985 7982 7983
f 7987 7980 7981
f 7990 7988 7991
f 7992 7994 7995
f 7997 7999 7996
f 8001 8002 8003
f 8007 8004 8005
f 8010 8008 8009
f 8013 8015 8014
f 8019 8016 8017
f 8021 8022 8023
f 8025 8026 8027
f 8031 8028 8029
f 7985 7984 7982
f 7987 7986 7980
f 7990 7989 7988
f 7992 7993 7994
f 7997 7998 7999
f 8001 8000 8002
f 8007 8006 8004
f 8010 8011 8008
f 8013 8012 8015
f 8019 8018 8016
f 8021 8020 8022
f 8025 8024 8026
f 8031 8030 8028
o de_nuke_world_geometry.026
v 1064.964722 137.657684 -316.550171
v 1064.964722 137.657684 -279.974152
v 1064.964722 137.657684 -389.702179
v 2418.276611 119.369713 -828.614136
v 2418.276611 137.657684 -828.614136
v 2399.988770 119.369713 -828.614136
v 2249.112793 137.657684 -828.614136
v 2217.108887 137.657684 -828.614136
v 1993.080566 137.657684 -828.614136
v 2418.276611 137.657684 -755.462158
v 2418.276611 119.369713 -682.310181
v 2418.276611 137.657684 -682.310181
v 2418.276611 119.369713 -572.582214
v 2418.276611 119.369713 -426.278168
v 2418.276611 137.657684 -426.278168
v 2418.276611 137.657684 -499.430176
v 2418.276611 119.369713 -386.703644
v 2418.276611 119.106812 -426.278168
v 2418.276611 9.641697 -188.534210
v 2418.276611 27.792542 -188.534210
v 2262.828857 357.113708 -526.862183
v 2262.828857 338.825714 -526.862183
v 1993.080566 338.825714 -526.862183
v 1993.080566 357.113708 -526.862183
v 2262.828857 357.113708 -764.606201
v 2262.828857 338.825714 -764.606201
v 2262.828857 338.825714 -755.462158
v 2262.828857 338.825714 -682.310181
v 2262.828857 338.825714 -609.158203
v 2262.828857 338.825714 -536.006165
v 1993.080566 338.825714 -764.606201
v 1993.080566 357.113708 -764.606201
v 2253.684814 338.825714 -682.310181
v 2217.108887 338.825714 -682.310181
v 1993.080566 338.825714 -682.310181
v 2217.108887 338.825714 -718.886169
v 1993.080566 338.825714 -718.886169
v 1993.080566 338.825714 -755.462158
v 2253.684814 338.825714 -755.462158
v 2253.684814 338.825714 -718.886169
v 2217.108887 338.825714 -609.158203
v 2253.684814 338.825714 -609.158203
v 1993.080566 338.825714 -609.158203
v 1993.080566 338.825714 -572.582214
v 2217.108887 338.825714 -572.582214
v 2253.684814 338.825714 -572.582214
v 2253.684814 338.825714 -536.006165
v 1993.080566 338.825714 -536.006165
v 2326.836670 119.369713 -536.006165
v 2326.836670 119.369713 -755.462158
v 2326.836670 119.369713 -517.718201
v 2326.836670 119.369713 -462.854187
v 2326.836670 119.369713 -765.749207
v 2326.836670 119.369713 -792.038147
v 2326.836670 119.369713 -763.463196
v 2363.412842 119.369713 -462.854187
v 2363.412842 119.369713 -536.006165
v 2363.412842 119.369713 -718.886169
v 2363.412842 119.369713 -792.038147
v 2399.988770 119.369713 -462.854187
v 2399.988770 119.369713 -426.278168
v 2399.988770 119.369713 -572.582214
v 2399.988770 119.369713 -792.038147
v 2399.988770 119.369713 -718.886169
v 2249.112793 137.657684 -755.462158
v 2326.836670 137.657684 -755.462158
v 1993.080566 137.657684 -755.462158
v 2326.836670 137.657684 -517.718201
v 2326.836670 137.657684 -426.278168
v 2326.836670 137.657684 -499.430176
v 2326.836670 119.369713 -386.703644
v 2249.112793 137.657684 -517.718201
v 1993.080566 137.657684 -517.718201
v 2249.112793 137.657684 -426.278168
v 1993.080566 137.657684 -426.278168
v 2249.112793 119.369713 -386.703644
v 1993.080566 119.369713 -386.703644
v 2377.128662 9.641697 -188.534210
v 2249.112793 9.641697 -188.534210
v 2249.112793 27.792542 -188.534210
v 1993.080566 9.641697 -188.534210
v 1993.080566 27.792542 -188.534210
v 2399.988770 119.106812 -426.278168
v 1449.012695 485.129700 -243.398209
v 1449.012695 485.129700 -536.006165
v 1449.012695 485.129700 -572.582214
v 1449.012695 485.129700 -828.614136
v 1449.012695 485.129700 -60.518188
v 1595.316650 485.129700 -828.614136
v 1595.316650 485.129700 -572.582214
v 1595.316650 485.129700 -536.006165
v 1595.316650 485.129700 -243.398209
v 1595.316650 485.129700 -60.518188
v 1083.252808 411.977722 -828.614136
v 1083.252808 137.657684 -828.614136
v 1064.964722 137.657684 -828.614136
v 1961.076782 137.657684 -828.614136
v 1961.076782 411.977722 -828.614136
v 1156.404785 411.977722 -828.614136
v 1814.772705 411.977722 -828.614136
v 1229.556641 411.977722 -828.614136
v 1961.076782 9.641697 -188.534210
v 1961.076782 27.792542 -188.534210
v 1961.076782 357.113708 -526.862183
v 1961.076782 411.977722 -526.862183
v 1961.076782 411.977722 -572.582214
v 1961.076782 411.977722 -764.606201
v 1961.076782 357.113708 -764.606201
v 1961.076782 338.825714 -764.606201
v 1961.076782 338.825714 -526.862183
v 1961.076782 411.977722 -316.550171
v 1961.076782 411.977722 -60.518188
v 1961.076782 137.657684 -426.278168
v 1961.076782 137.657684 -517.718201
v 1961.076782 137.657684 -755.462158
v 1961.076782 338.825714 -536.006165
v 1961.076782 338.825714 -755.462158
v 1961.076782 338.825714 -572.582214
v 1961.076782 338.825714 -718.886169
v 1083.252808 411.977722 -572.582214
v 1083.252808 411.977722 -316.550171
v 1083.252808 411.977722 -60.518188
v 1083.252808 137.657684 -792.038147
v 1083.252808 137.657684 -536.006165
v 1083.252808 137.657684 -572.582214
v 1083.252808 137.657684 -279.974152
v 1083.252808 137.657684 -316.550171
v 1814.772705 411.406219 -499.430176
v 1814.772705 411.406219 -536.006165
v 1814.772705 411.977722 -536.006165
v 1814.772705 411.977722 -499.430176
v 1814.772705 411.406219 -243.398209
v 1814.772705 411.406219 -279.974152
v 1814.772705 411.977722 -316.550171
v 1814.772705 411.977722 -243.398209
v 1814.772705 411.977722 -60.518188
v 1814.772705 411.977722 -572.582214
v 1229.556641 411.406219 -536.006165
v 1229.556641 411.406219 -499.430176
v 1229.556641 411.977722 -499.430176
v 1229.556641 411.977722 -536.006165
v 1229.556641 411.406219 -279.974152
v 1229.556641 411.406219 -243.398209
v 1229.556641 411.977722 -243.398209
v 1229.556641 411.977722 -316.550171
v 1229.556641 411.977722 -572.582214
v 1229.556641 411.977722 -60.518188
v 1449.012695 449.125214 -499.430176
v 1449.012695 449.125214 -536.006165
v 1449.012695 449.125214 -243.398209
v 1449.012695 449.125214 -279.974152
v 1595.316650 449.125214 -536.006165
v 1595.316650 449.125214 -499.430176
v 1595.316650 449.125214 -279.974152
v 1595.316650 449.125214 -243.398209
v 1778.196777 417.692688 -536.006165
v 1631.892700 442.838715 -536.006165
v 1631.892700 442.838715 -243.398209
v 1778.196777 417.692688 -243.398209
v 1631.892700 442.838715 -279.974152
v 1778.196777 417.692688 -279.974152
v 1778.196777 417.692688 -499.430176
v 1631.892700 442.838715 -499.430176
v 1412.436646 442.838715 -536.006165
v 1266.132690 417.692688 -536.006165
v 1266.132690 417.692688 -243.398209
v 1412.436646 442.838715 -243.398209
v 1412.436646 442.838715 -279.974152
v 1266.132690 417.692688 -279.974152
v 1266.132690 417.692688 -499.430176
v 1412.436646 442.838715 -499.430176
v 1064.964722 137.657684 -444.566162
v 1064.964722 137.657684 -572.582214
v 1064.964722 137.657684 -700.598145
v 3497.268555 137.657684 835.593933
v 3497.268555 119.369713 835.593933
v 3497.268555 119.369713 853.881775
v 3497.268555 119.369713 1073.337769
v 3497.268555 137.657684 1073.337769
v 3241.236816 375.401703 707.577759
v 3149.796875 375.401703 707.577759
v 3241.236816 375.401703 817.305786
v 3241.236816 375.401703 1073.337769
v 3241.236816 375.401703 963.609802
v 3149.796875 375.401703 1073.337769
v 3149.796875 375.401703 1055.049927
v 3149.796875 375.401703 963.609802
v 3241.236816 119.369713 835.593933
v 3241.236816 137.657684 853.881775
v 3241.236816 137.657684 835.593933
v 3241.236816 137.657684 1073.337769
v 3241.236816 375.401703 1329.369873
v 3241.236816 375.401703 1585.401855
v 3149.796875 375.401703 1585.401855
v 3149.796875 375.401703 1329.369873
v 3149.796875 375.401703 1311.081787
v 3497.268555 137.657684 1109.913818
v 3497.268555 137.657684 1365.945801
v 3497.268555 137.657684 1329.369873
v 3241.236816 137.657684 1109.913818
v 3241.236816 137.657684 1329.369873
v 3241.236816 137.657684 1365.945801
v 2509.716797 119.369713 853.881775
v 2509.716797 137.657684 853.881775
v 2509.716797 302.249695 707.577759
v 2509.716797 302.249695 799.017883
v 2509.716797 302.249695 963.609802
v 2509.716797 302.249695 1055.049927
v 2509.716797 137.657684 1055.049927
v 2656.020752 302.249695 707.577759
v 2875.476807 375.401703 707.577759
v 2875.476807 339.397217 1055.049927
v 2875.476807 339.397217 1000.185791
v 2875.476807 375.401703 1000.185791
v 2875.476807 375.401703 1055.049927
v 2875.476807 375.401703 963.609802
v 2656.020752 301.678223 1000.185791
v 2656.020752 301.678223 1055.049927
v 2656.020752 302.249695 1055.049927
v 2656.020752 302.249695 1000.185791
v 2838.900635 333.110718 1000.185791
v 2692.596680 307.964722 1000.185791
v 2656.020752 302.249695 963.609802
v 2838.900635 333.110718 1055.049927
v 2838.900635 333.110718 1036.761841
v 2692.596680 307.964722 1036.761841
v 2692.596680 307.964722 1055.049927
v 2290.260742 9.641697 927.033813
v 2290.260742 9.641697 890.457825
v 2290.260742 9.641697 1055.049927
v 2290.260742 9.641697 853.881775
v 2290.260742 27.929699 853.881775
v 2290.260742 27.929699 1055.049927
v 1595.316650 485.129700 49.209824
v 1595.316650 485.129700 341.817871
v 1595.316650 485.129700 597.849854
v 1595.316650 485.129700 634.425781
v 1449.012695 485.129700 634.425781
v 1449.012695 485.129700 597.849854
v 1449.012695 485.129700 341.817871
v 1449.012695 485.129700 49.209824
v 1229.556641 411.977722 634.425781
v 1083.252808 411.977722 634.425781
v 1961.076782 411.977722 634.425781
v 1814.772705 411.977722 634.425781
v 1814.772705 411.406219 85.785828
v 1814.772705 411.406219 49.209824
v 1814.772705 411.977722 49.209824
v 1814.772705 411.977722 85.785828
v 1814.772705 411.406219 341.817871
v 1814.772705 411.406219 305.241852
v 1814.772705 411.977722 195.513840
v 1814.772705 411.977722 341.817871
v 1961.076782 411.977722 122.361832
v 1961.076782 411.977722 378.393860
v 1961.076782 411.977722 195.513840
v 1961.076782 411.977722 451.545868
v 1814.772705 411.977722 597.849854
v 1814.772705 411.977722 451.545868
v 1229.556641 411.406219 49.209824
v 1229.556641 411.406219 85.785828
v 1229.556641 411.977722 85.785828
v 1229.556641 411.977722 49.209824
v 1229.556641 411.406219 305.241852
v 1229.556641 411.406219 341.817871
v 1229.556641 411.977722 341.817871
v 1229.556641 411.977722 195.513840
v 1229.556641 411.977722 597.849854
v 1229.556641 411.977722 451.545868
v 1595.316650 449.125214 49.209824
v 1595.316650 449.125214 85.785828
v 1595.316650 449.125214 305.241852
v 1595.316650 449.125214 341.817871
v 1631.892700 442.838715 341.817871
v 1778.196777 417.692688 341.817871
v 1778.196777 417.692688 49.209824
v 1631.892700 442.838715 49.209824
v 1631.892700 442.838715 305.241852
v 1778.196777 417.692688 305.241852
v 1778.196777 417.692688 85.785828
v 1631.892700 442.838715 85.785828
v 1266.132690 417.692688 341.817871
v 1266.132690 417.692688 305.241852
v 1412.436646 442.838715 305.241852
v 1412.436646 442.838715 341.817871
v 1412.436646 442.838715 85.785828
v 1266.132690 417.692688 85.785828
v 1266.132690 417.692688 49.209824
v 1412.436646 442.838715 49.209824
v 1449.012695 449.125214 341.817871
v 1449.012695 449.125214 305.241852
v 1449.012695 449.125214 49.209824
v 1449.012695 449.125214 85.785828
v 1083.252808 411.977722 122.361832
v 1083.252808 411.977722 195.513840
v 1083.252808 411.977722 378.393860
v 1083.252808 411.977722 451.545868
v 1796.484741 27.929699 945.321899
v 1796.484741 9.641697 945.321899
v 1705.044678 9.641697 945.321899
v 1577.028809 9.641697 945.321899
v 1577.028809 27.929699 945.321899
v 1320.996826 9.641697 945.321899
v 1320.996826 27.929699 945.321899
v 1320.996826 119.369713 634.425781
v 1796.484741 119.369713 634.425781
v 1796.484741 137.657684 634.425781
v 1320.996826 137.657684 634.425781
v 1577.028809 137.657684 634.425781
v 1796.484741 94.856804 703.879150
v 1796.484741 111.163124 709.493774
v 1796.484741 47.293472 890.457825
v 1320.996826 94.856804 703.879150
v 1320.996826 111.163124 709.493774
v 1320.996826 47.293472 890.457825
v 1577.028809 47.293472 890.457825
v 1083.252808 119.369713 250.377838
v 1083.252808 27.929699 469.833862
v 1083.252808 27.929699 232.089844
v 1083.252808 137.657684 250.377838
v 1083.252808 137.657684 85.785828
v 1064.964722 27.929699 469.833862
v 1064.964722 137.657684 85.785828
v 1064.964722 137.657684 250.377838
v 1064.964722 27.929699 232.089844
v 1064.964722 119.369713 250.377838
v 2875.476807 375.401703 1585.401855
v 2875.476807 375.401703 1548.825928
v 2875.476807 375.401703 1311.081787
v 2875.476807 375.401703 1292.793823
v 2656.020752 302.249695 1585.401855
v 2509.716797 302.249695 1585.401855
v 2509.716797 119.369713 1292.793823
v 2509.716797 137.657684 1292.793823
v 2509.716797 302.249695 1311.081787
v 2509.716797 302.249695 1329.369873
v 2875.476807 339.397217 1292.793823
v 2838.900635 333.110718 1292.793823
v 2838.900635 333.110718 1256.217896
v 2692.596680 307.964722 1256.217896
v 2692.596680 307.964722 1292.793823
v 2656.020752 301.678223 1292.793823
v 2656.020752 302.249695 1292.793823
v 2656.020752 302.249695 1548.825928
v 2656.020752 302.249695 1311.081787
v 2290.260742 9.641697 1292.793823
v 2290.260742 27.929699 1292.793823
v 2290.260742 9.641697 1256.217896
v 2290.260742 9.641697 1219.641846
v 955.236694 137.657684 -828.614136
v 699.204651 137.657684 -828.614136
v 461.460693 137.657684 -828.614136
v 443.172668 137.657684 -828.614136
v 443.172668 119.369713 -828.614136
v 443.172668 119.369713 -700.598145
v 443.172668 137.657684 -700.598145
v 955.236694 137.657684 -700.598145
v 699.204651 137.657684 -700.598145
v 680.916626 137.657684 -700.598145
v 498.036652 137.657684 -700.598145
v 388.308685 114.144569 -243.398209
v 443.172668 137.657684 -243.398209
v 443.172668 137.657684 -188.534210
v 443.172668 137.657684 -78.806190
v 388.308685 114.144569 -78.806190
v 680.916626 137.657684 -78.806190
v 680.916626 137.657684 -188.534210
v 680.916626 137.657684 -279.974152
v 699.204651 137.657684 -279.974152
v 699.204651 137.657684 -389.702179
v 955.236694 137.657684 -389.702179
v 955.236694 137.657684 -444.566162
v 699.204651 137.657684 -444.566162
v 680.916626 137.657684 -444.566162
v 498.036652 137.657684 -78.806190
v 498.036652 137.657684 -188.534210
v 498.036652 137.657684 -444.566162
v 443.172668 137.657684 -444.566162
v 443.172668 137.657684 -499.430176
v 388.308685 95.856560 -243.398209
v 443.172668 119.369713 -243.398209
v 443.172668 119.369713 -316.550171
v 443.172668 119.369713 -499.430176
v 187.140686 27.929699 -243.398209
v 187.140686 9.641697 -243.398209
v 187.140686 9.641697 -78.806190
v 187.140686 27.929699 -78.806190
v 205.428680 35.767414 -78.806190
v 443.172668 137.657684 250.377838
v 205.428680 35.767414 250.377838
v 205.428680 35.767414 177.225830
v 443.172668 137.657684 177.225830
v 443.172668 9.641697 469.833862
v 461.460693 9.641697 469.833862
v 443.172668 9.641697 232.089844
v 717.492676 27.929699 469.833862
v 955.236694 27.929699 469.833862
v 443.172668 27.929699 469.833862
v 699.204651 27.929699 469.833862
v 717.492676 9.641697 469.833862
v 443.172668 27.929699 232.089844
v 827.220642 119.369713 250.377838
v 955.236694 119.369713 250.377838
v 443.172668 119.369713 250.377838
v 699.204651 119.369713 250.377838
v 955.236694 137.657684 250.377838
v 699.204651 137.657684 250.377838
v 936.948669 137.657684 250.377838
v 680.916626 137.657684 250.377838
v 680.916626 137.657684 85.785828
v 936.948669 137.657684 85.785828
v 680.916626 137.657684 177.225830
v 461.460693 27.929699 232.089844
v 973.524658 27.929699 232.089844
v 955.236694 27.929699 232.089844
v 717.492676 27.929699 232.089844
v 699.204651 27.929699 232.089844
v 205.428680 17.479412 250.377838
v 187.140686 9.641697 250.377838
v 187.140686 27.929699 250.377838
v 187.140686 9.641697 -5.654182
v 187.140686 27.929699 -5.654182
v 187.140686 27.929699 177.225830
v 187.140686 9.641697 232.089844
s 0
f 8042 8036 8041
f 8047 8045 8044
f 8050 8045 8048
f 8054 8052 8055
f 8060 8059 8056
f 8056 8062 8063
f 8063 8052 8056
f 8067 8066 8068
f 8057 8070 8069
f 8064 8071 8058
f 8064 8073 8072
f 8072 8075 8074
f 8078 8077 8060
f 8078 8053 8054
f 8087 8082 8080
f 8089 8086 8084
f 8044 8092 8091
f 8094 8042 8044
f 8096 8097 8036
f 8039 8098 8096
f 8101 8046 8047
f 8043 8097 8099
f 8048 8100 8102
f 8100 8101 8103
f 8105 8104 8106
f 8102 8105 8107
f 8105 8108 8107
f 8110 8109 8051
f 8113 8110 8111
f 8102 8111 8051
f 8108 8111 8107
f 8045 8114 8092
f 8062 8139 8063
f 8139 8055 8063
f 8069 8140 8062
f 8149 8068 8066
f 8054 8147 8079
f 8135 8054 8055
f 8128 8098 8040
f 8104 8144 8106
f 8134 8112 8113
f 8144 8113 8108
f 8142 8166 8167
f 8136 8161 8162
f 8138 8131 8168
f 8177 8116 8117
f 8118 8177 8117
f 8115 8178 8119
f 8166 8124 8167
f 8121 8161 8168
f 8131 8121 8168
f 8192 8189 8190
f 8188 8193 8187
f 8192 8163 8164
f 8159 8187 8193
f 8186 8191 8185
f 8194 8183 8184
f 8199 8197 8198
f 8196 8202 8195
f 8174 8200 8173
f 8201 8169 8170
f 8199 8181 8182
f 8179 8195 8202
f 8175 8152 8153
f 8172 8151 8152
f 8132 8130 8151
f 8032 8157 8158
f 8155 8203 8034
f 8154 8127 8205
f 8209 8208 8206
f 8215 8217 8216
f 8213 8212 8218
f 8207 8221 8206
f 8206 8220 8222
f 8226 8224 8223
f 8214 8227 8226
f 8232 8229 8230
f 8228 8222 8231
f 8218 8245 8246
f 8212 8247 8218
f 8254 8245 8247
f 8242 8254 8247
f 8244 8256 8255
f 8258 8257 8248
f 8253 8256 8252
f 8251 8238 8239
f 8241 8237 8238
f 8263 8260 8259
f 8234 8263 8235
f 8235 8264 8240
f 8290 8289 8275
f 8286 8283 8284
f 8285 8279 8280
f 8267 8276 8289
f 8290 8266 8267
f 8124 8279 8167
f 8178 8272 8119
f 8299 8269 8270
f 8271 8300 8299
f 8310 8305 8306
f 8308 8311 8307
f 8310 8281 8282
f 8277 8307 8311
f 8304 8309 8303
f 8312 8301 8302
f 8315 8313 8316
f 8319 8317 8320
f 8296 8314 8295
f 8318 8291 8292
f 8315 8321 8322
f 8324 8320 8317
f 8328 8273 8299
f 8297 8326 8327
f 8294 8325 8326
f 8332 8331 8329
f 8335 8332 8333
f 8342 8337 8338
f 8343 8330 8341
f 8345 8336 8344
f 8344 8335 8346
f 8347 8329 8343
f 8342 8340 8347
f 8346 8333 8347
f 8340 8345 8346
f 8351 8354 8355
f 8356 8349 8350
f 8357 8351 8355
f 8359 8225 8226
f 8216 8246 8361
f 8255 8370 8368
f 8373 8371 8258
f 8370 8372 8369
f 8375 8358 8359
f 8360 8374 8376
f 8367 8362 8375
f 8374 8239 8366
f 8378 8364 8365
f 8380 8379 8378
f 8240 8378 8365
f 8384 8386 8387
f 8388 8127 8381
f 8382 8388 8381
f 8383 8391 8390
f 8395 8394 8392
f 8402 8203 8403
f 8203 8204 8388
f 8403 8401 8402
f 8388 8404 8403
f 8405 8400 8401
f 8389 8405 8404
f 8406 8398 8407
f 8407 8399 8405
f 8408 8390 8391
f 8394 8406 8407
f 8408 8393 8394
f 8391 8410 8409
f 8392 8412 8411
f 8387 8414 8410
f 8409 8414 8413
f 8411 8415 8392
f 8415 8417 8418
f 8392 8418 8419
f 8422 8420 8423
f 8395 8396 8422
f 8430 8424 8425
f 8426 8429 8432
f 8437 8357 8355
f 8439 8436 8433
f 8440 8435 8436
f 8437 8354 8442
f 8442 8443 8438
f 8420 8443 8423
f 8423 8441 8406
f 8445 8428 8353
f 8447 8430 8427
f 8444 8429 8430
f 8421 8435 8420
f 8451 8449 8421
f 8418 8452 8453
f 8455 8451 8454
f 8454 8421 8422
f 8419 8453 8454
f 8041 8043 8042
f 8042 8035 8036
f 8042 8043 8047
f 8047 8046 8045
f 8044 8042 8047
f 8048 8051 8050
f 8050 8049 8045
f 8045 8046 8048
f 8054 8053 8052
f 8056 8052 8053
f 8056 8053 8061
f 8058 8057 8056
f 8059 8058 8056
f 8056 8061 8060
f 8056 8057 8062
f 8063 8055 8052
f 8067 8065 8066
f 8069 8062 8057
f 8057 8058 8070
f 8058 8059 8064
f 8071 8070 8058
f 8074 8066 8065
f 8064 8059 8060
f 8074 8065 8064
f 8072 8074 8064
f 8064 8060 8073
f 8072 8076 8075
f 8060 8061 8078
f 8077 8073 8060
f 8054 8079 8078
f 8078 8061 8053
f 8080 8088 8087
f 8087 8083 8082
f 8085 8090 8089
f 8089 8088 8080
f 8089 8080 8081
f 8084 8085 8089
f 8089 8081 8086
f 8091 8093 8044
f 8044 8045 8092
f 8044 8093 8095
f 8094 8037 8035
f 8044 8095 8094
f 8094 8035 8042
f 8036 8038 8096
f 8097 8041 8036
f 8096 8038 8039
f 8039 8040 8098
f 8101 8100 8046
f 8101 8047 8043
f 8043 8041 8097
f 8099 8101 8043
f 8048 8046 8100
f 8103 8105 8100
f 8101 8099 8103
f 8105 8103 8104
f 8102 8100 8105
f 8105 8106 8108
f 8051 8111 8110
f 8109 8050 8051
f 8113 8112 8110
f 8051 8048 8102
f 8102 8107 8111
f 8108 8113 8111
f 8045 8049 8114
f 8062 8140 8139
f 8139 8135 8055
f 8069 8148 8140
f 8074 8075 8149
f 8149 8150 8068
f 8066 8074 8149
f 8054 8141 8147
f 8135 8141 8054
f 8128 8146 8098
f 8104 8145 8144
f 8134 8133 8112
f 8108 8106 8144
f 8144 8134 8113
f 8167 8143 8142
f 8142 8165 8166
f 8165 8142 8136
f 8136 8137 8168
f 8136 8168 8161
f 8162 8165 8136
f 8168 8137 8138
f 8138 8129 8131
f 8177 8172 8116
f 8118 8132 8177
f 8115 8175 8178
f 8166 8123 8124
f 8121 8122 8161
f 8131 8120 8121
f 8192 8191 8189
f 8188 8194 8193
f 8192 8190 8163
f 8192 8164 8159
f 8159 8160 8187
f 8193 8192 8159
f 8186 8189 8191
f 8184 8185 8191
f 8194 8188 8183
f 8184 8191 8194
f 8199 8200 8197
f 8196 8201 8202
f 8174 8197 8200
f 8170 8173 8200
f 8201 8196 8169
f 8170 8200 8201
f 8199 8198 8181
f 8199 8182 8179
f 8179 8180 8195
f 8202 8199 8179
f 8153 8178 8175
f 8175 8176 8152
f 8152 8176 8171
f 8172 8177 8151
f 8152 8171 8172
f 8151 8177 8132
f 8130 8125 8151
f 8032 8033 8157
f 8032 8158 8155
f 8155 8156 8204
f 8155 8204 8203
f 8034 8032 8155
f 8204 8156 8154
f 8154 8126 8127
f 8205 8204 8154
f 8206 8210 8209
f 8208 8207 8206
f 8216 8214 8215
f 8215 8218 8217
f 8218 8215 8213
f 8213 8211 8212
f 8207 8219 8221
f 8222 8210 8206
f 8206 8221 8220
f 8226 8225 8224
f 8226 8223 8214
f 8214 8216 8227
f 8232 8233 8229
f 8232 8230 8228
f 8228 8210 8222
f 8231 8232 8228
f 8246 8217 8218
f 8218 8247 8245
f 8212 8242 8247
f 8254 8251 8245
f 8242 8241 8254
f 8255 8243 8244
f 8244 8252 8256
f 8248 8249 8258
f 8257 8253 8248
f 8253 8257 8256
f 8239 8250 8251
f 8251 8254 8238
f 8238 8254 8241
f 8241 8236 8237
f 8261 8264 8263
f 8263 8262 8260
f 8259 8261 8263
f 8234 8262 8263
f 8235 8263 8264
f 8275 8288 8290
f 8289 8276 8275
f 8290 8288 8286
f 8286 8287 8283
f 8284 8290 8286
f 8283 8287 8285
f 8285 8143 8167
f 8285 8167 8279
f 8280 8283 8285
f 8267 8268 8276
f 8267 8289 8290
f 8290 8284 8266
f 8124 8265 8279
f 8178 8294 8272
f 8299 8273 8269
f 8299 8270 8271
f 8271 8297 8300
f 8310 8309 8305
f 8308 8312 8311
f 8310 8306 8281
f 8310 8282 8277
f 8277 8278 8307
f 8311 8310 8277
f 8304 8305 8309
f 8302 8303 8309
f 8312 8308 8301
f 8302 8309 8312
f 8315 8314 8313
f 8319 8318 8317
f 8296 8313 8314
f 8292 8295 8314
f 8318 8319 8291
f 8292 8314 8318
f 8315 8316 8321
f 8315 8322 8324
f 8324 8323 8320
f 8317 8315 8324
f 8299 8300 8328
f 8328 8274 8273
f 8328 8300 8297
f 8297 8298 8326
f 8327 8328 8297
f 8326 8298 8293
f 8294 8178 8153
f 8326 8293 8294
f 8294 8153 8325
f 8329 8333 8332
f 8331 8330 8329
f 8335 8334 8332
f 8342 8341 8337
f 8341 8342 8343
f 8343 8329 8330
f 8345 8339 8336
f 8346 8345 8344
f 8344 8334 8335
f 8347 8333 8329
f 8347 8343 8342
f 8342 8338 8340
f 8346 8335 8333
f 8346 8347 8340
f 8340 8339 8345
f 8351 8352 8354
f 8356 8353 8349
f 8357 8348 8351
f 8226 8227 8360
f 8359 8358 8225
f 8226 8360 8359
f 8360 8227 8216
f 8216 8217 8246
f 8361 8360 8216
f 8368 8243 8255
f 8370 8369 8368
f 8258 8249 8373
f 8373 8372 8371
f 8370 8371 8372
f 8375 8362 8358
f 8375 8359 8360
f 8360 8361 8374
f 8376 8375 8360
f 8375 8376 8366
f 8367 8363 8362
f 8375 8366 8367
f 8366 8376 8374
f 8374 8250 8239
f 8378 8377 8364
f 8378 8264 8261
f 8378 8261 8380
f 8379 8377 8378
f 8240 8264 8378
f 8384 8385 8386
f 8388 8205 8127
f 8382 8389 8388
f 8389 8382 8383
f 8383 8384 8387
f 8383 8387 8391
f 8390 8389 8383
f 8392 8396 8395
f 8394 8393 8392
f 8402 8034 8203
f 8388 8403 8203
f 8204 8205 8388
f 8403 8404 8401
f 8388 8389 8404
f 8401 8404 8405
f 8405 8399 8400
f 8389 8390 8405
f 8406 8397 8398
f 8405 8408 8407
f 8407 8398 8399
f 8408 8405 8390
f 8394 8395 8406
f 8394 8407 8408
f 8408 8409 8393
f 8409 8408 8391
f 8391 8387 8410
f 8392 8393 8412
f 8387 8386 8414
f 8412 8393 8409
f 8409 8410 8414
f 8413 8412 8409
f 8411 8416 8415
f 8415 8416 8417
f 8419 8396 8392
f 8392 8415 8418
f 8422 8421 8420
f 8422 8423 8395
f 8396 8419 8422
f 8425 8431 8427
f 8430 8429 8424
f 8425 8427 8430
f 8426 8424 8429
f 8437 8434 8357
f 8434 8437 8439
f 8439 8438 8436
f 8433 8434 8439
f 8436 8438 8440
f 8440 8420 8435
f 8442 8439 8437
f 8437 8355 8354
f 8438 8439 8442
f 8442 8441 8443
f 8443 8440 8438
f 8420 8440 8443
f 8406 8395 8423
f 8423 8443 8441
f 8441 8397 8406
f 8353 8356 8445
f 8445 8446 8428
f 8428 8446 8447
f 8447 8448 8430
f 8427 8428 8447
f 8430 8448 8444
f 8444 8432 8429
f 8421 8449 8435
f 8451 8450 8449
f 8418 8417 8452
f 8454 8453 8452
f 8455 8450 8451
f 8454 8452 8455
f 8454 8451 8421
f 8454 8422 8419
f 8419 8418 8453
o de_nuke_world_geometry.027
v 1993.080566 238.241684 -517.718201
v 2052.516602 238.241684 -517.718201
v 2052.516602 238.241684 -444.566162
v 2052.516602 238.241684 -316.550171
v 1993.080566 238.241684 -316.550171
v 2052.516602 238.241684 -60.518188
v 1993.080566 238.241684 -60.518188
v 2052.516602 238.241684 -609.158203
v 2034.228760 238.241684 -609.158203
v 2034.228760 238.241684 -682.310181
v 2052.516602 238.241684 -682.310181
v 2217.108887 238.241684 -718.886169
v 2217.108887 238.241684 -682.310181
v 1993.080566 238.241684 -682.310181
v 1993.080566 238.241684 -718.886169
v 2253.684814 238.241684 -718.886169
v 2253.684814 238.241684 -755.462158
v 2326.836670 238.241684 -755.462158
v 2326.836670 238.241684 -700.598145
v 2326.836670 238.241684 -682.310181
v 2253.684814 238.241684 -682.310181
v 2326.836670 238.241684 -444.566162
v 2052.516602 238.241684 -536.006165
v 2253.684814 238.241684 -536.006165
v 2326.836670 238.241684 -536.006165
v 2253.684814 238.241684 -609.158203
v 2217.108887 238.241684 -609.158203
v 2326.836670 238.241684 -609.158203
v 2253.684814 238.241684 -572.582214
v 2217.108887 238.241684 -572.582214
v 1993.080566 238.241684 -572.582214
v 1993.080566 238.241684 -609.158203
v 1993.080566 238.241684 -536.006165
v 2326.836670 229.097702 -517.718201
v 2326.836670 229.097702 -444.566162
v 2249.112793 229.097702 -517.718201
v 1993.080566 229.097702 -517.718201
v 2052.516602 229.097702 -517.718201
v 2052.516602 229.097702 -444.566162
v 2052.516602 229.097702 -316.550171
v 2052.516602 229.097702 -60.518188
v 1993.080566 229.097702 -316.550171
v 1993.080566 229.097702 -60.518188
v 1961.076782 238.241684 -718.886169
v 1961.076782 238.241684 -572.582214
v 1961.076782 229.097702 -316.550171
v 1961.076782 229.097702 -517.718201
v 1961.076782 229.097702 -60.518188
v 1961.076782 238.241684 -536.006165
v 1961.076782 238.241684 -517.718201
v 1961.076782 238.241684 -316.550171
v 1961.076782 238.241684 -60.518188
v 1979.364624 238.241684 -718.886169
v 1979.364624 238.241684 -682.310181
v 1979.364624 238.241684 -609.158203
v 1979.364624 238.241684 -572.582214
v 1705.044678 -392.694305 -737.174133
v 1247.844727 -392.694305 -536.006165
v 1156.404785 -392.694305 -536.006165
v 1705.044678 -392.694305 -828.614136
v 1887.924683 -392.694305 -737.174133
v 1796.484741 -392.694305 -737.174133
v 1741.620728 -392.694305 -828.614136
v 1814.772705 -392.694305 -828.614136
v 1887.924683 -392.694305 -828.614136
v 1796.484741 -392.694305 -572.582214
v 1887.924683 -392.694305 -645.734192
v 1887.924683 -392.694305 -572.582214
v 1796.484741 -392.694305 -316.550171
v 1887.924683 -392.694305 -389.702179
v 1887.924683 -392.694305 -316.550171
v 1796.484741 -392.694305 -60.518188
v 1887.924683 -392.694305 -243.398209
v 1887.924683 -392.694305 -60.518188
v 1156.404785 -392.694305 -316.550171
v 1247.844727 -392.694305 -316.550171
v 1156.404785 -392.694305 -60.518188
v 1247.844727 -392.694305 -60.518188
v 1705.044678 -401.838318 -828.614136
v 1887.924683 -401.838318 -828.614136
v 1705.044678 -401.838318 -737.174133
v 1887.924683 -401.838318 -115.382195
v 1887.924683 -401.838318 -60.518188
v 1887.924683 -401.838318 -737.174133
v 1887.924683 -401.838318 -627.446167
v 1887.924683 -401.838318 -572.582214
v 1887.924683 -401.838318 -371.414154
v 1887.924683 -401.838318 -316.550171
v 1796.484741 -401.838318 -737.174133
v 1796.484741 -401.838318 -572.582214
v 1796.484741 -401.838318 -316.550171
v 1796.484741 -401.838318 -60.518188
v 1247.844727 -401.838318 -536.006165
v 1156.404785 -401.838318 -536.006165
v 1247.844727 -401.838318 -316.550171
v 1247.844727 -401.838318 -60.518188
v 1156.404785 -401.838318 -60.518188
v 1156.404785 -401.838318 -115.382195
v 1156.404785 -401.838318 -371.414154
v 1156.404785 -401.838318 -316.550171
v 1961.076782 229.097702 122.361832
v 1961.076782 229.097702 104.073830
v 1961.076782 229.097702 378.393860
v 1961.076782 229.097702 360.105865
v 1961.076782 229.097702 616.137878
v 1961.076782 238.241684 104.073830
v 1961.076782 238.241684 122.361832
v 1961.076782 238.241684 360.105865
v 1961.076782 238.241684 378.393860
v 1961.076782 238.241684 616.137878
v 2052.516602 229.097702 616.137878
v 2052.516602 238.241684 616.137878
v 2052.516602 229.097702 104.073830
v 2052.516602 229.097702 360.105865
v 2052.516602 238.241684 104.073830
v 2052.516602 238.241684 360.105865
v 1887.924683 -392.694305 945.321899
v 1796.484741 -392.694305 945.321899
v 1759.908691 -392.694305 945.321899
v 1668.468750 -392.694305 945.321899
v 1668.468750 -392.694305 890.457825
v 1887.924683 -392.694305 890.457825
v 1503.876831 -392.694305 945.321899
v 1412.436646 -392.694305 945.321899
v 1412.436646 -392.694305 890.457825
v 1247.844727 -392.694305 945.321899
v 1156.404785 -392.694305 945.321899
v 1156.404785 -392.694305 890.457825
v 1796.484741 -392.694305 1055.049927
v 1887.924683 -392.694305 1055.049927
v 1156.404785 -392.694305 1055.049927
v 1247.844727 -392.694305 1055.049927
v 1668.468750 -392.694305 323.529846
v 1759.908691 -392.694305 323.529846
v 1796.484741 -392.694305 323.529846
v 1887.924683 -392.694305 323.529846
v 1887.924683 -392.694305 378.393860
v 1668.468750 -392.694305 378.393860
v 1412.436646 -392.694305 323.529846
v 1503.876831 -392.694305 323.529846
v 1412.436646 -392.694305 378.393860
v 1156.404785 -392.694305 378.393860
v 1156.404785 -392.694305 323.529846
v 1247.844727 -392.694305 323.529846
v 1796.484741 -392.694305 67.497826
v 1887.924683 -392.694305 67.497826
v 1887.924683 -392.694305 122.361832
v 1156.404785 -392.694305 67.497826
v 1247.844727 -392.694305 67.497826
v 1156.404785 -392.694305 122.361832
v 1887.924683 -401.838318 67.497826
v 1887.924683 -401.838318 113.217773
v 1887.924683 -401.838318 323.529846
v 1887.924683 -401.838318 378.393860
v 1156.404785 -401.838318 323.529846
v 1156.404785 -401.838318 113.217773
v 1156.404785 -401.838318 378.393860
v 1156.404785 -401.838318 67.497826
v 1759.908691 -401.838318 323.529846
v 1796.484741 -401.838318 323.529846
v 1503.876831 -401.838318 323.529846
v 1668.468750 -401.838318 323.529846
v 1247.844727 -401.838318 323.529846
v 1412.436646 -401.838318 323.529846
v 1796.484741 -401.838318 67.497826
v 1247.844727 -401.838318 67.497826
v 1668.468750 -401.838318 378.393860
v 1412.436646 -401.838318 378.393860
v 1156.404785 -401.838318 1055.049927
v 1156.404785 -401.838318 945.321899
v 1156.404785 -401.838318 890.457825
v 1887.924683 -401.838318 890.457825
v 1887.924683 -401.838318 945.321899
v 1887.924683 -401.838318 1055.049927
v 1577.028809 -401.838318 890.457825
v 1668.468750 -401.838318 890.457825
v 1796.484741 -401.838318 890.457825
v 1558.740723 -401.838318 890.457825
v 1412.436646 -401.838318 890.457825
v 1485.588623 -401.838318 890.457825
v 1796.484741 -401.838318 945.321899
v 1759.908691 -401.838318 945.321899
v 1668.468750 -401.838318 945.321899
v 1503.876831 -401.838318 945.321899
v 1412.436646 -401.838318 945.321899
v 1247.844727 -401.838318 945.321899
v 1247.844727 -401.838318 1055.049927
v 1796.484741 -401.838318 1055.049927
v 1796.484741 -392.694305 1804.857910
v 1887.924683 -392.694305 1804.857910
v 1156.404785 -392.694305 1804.857910
v 1247.844727 -392.694305 1804.857910
v 1796.484741 -392.694305 1292.793823
v 1887.924683 -392.694305 1292.793823
v 1796.484741 -392.694305 1548.825928
v 1887.924683 -392.694305 1329.369873
v 1887.924683 -392.694305 1548.825928
v 1887.924683 -392.694305 1585.401855
v 1156.404785 -392.694305 1292.793823
v 1247.844727 -392.694305 1292.793823
v 1156.404785 -392.694305 1548.825928
v 1156.404785 -392.694305 1329.369873
v 1247.844727 -392.694305 1548.825928
v 1156.404785 -392.694305 1585.401855
v 1796.484741 -401.838318 1804.857910
v 1887.924683 -401.838318 1804.857910
v 1796.484741 -401.838318 1292.793823
v 1796.484741 -401.838318 1548.825928
v 1887.924683 -401.838318 1155.633911
v 1887.924683 -401.838318 1292.793823
v 1887.924683 -401.838318 1384.233765
v 1887.924683 -401.838318 1548.825928
v 1156.404785 -401.838318 1384.233765
v 1156.404785 -401.838318 1292.793823
v 1156.404785 -401.838318 1155.633911
v 1156.404785 -401.838318 1548.825928
v 1156.404785 -401.838318 1804.857910
v 1247.844727 -401.838318 1804.857910
v 1247.844727 -401.838318 1292.793823
v 1247.844727 -401.838318 1548.825928
s 0
f 8459 8458 8456
f 8462 8459 8460
f 8465 8463 8466
f 8465 8466 8467
f 8474 8472 8471
f 8479 8457 8477
f 8476 8468 8482
f 8480 8481 8484
f 8486 8482 8463
f 8457 8488 8456
f 8490 8493 8491
f 8492 8494 8495
f 8495 8498 8497
f 8500 8510 8509
f 8488 8505 8456
f 8510 8486 8487
f 8508 8469 8470
f 8456 8506 8460
f 8460 8507 8462
f 8497 8502 8492
f 8498 8501 8497
f 8518 8517 8516
f 8522 8517 8521
f 8525 8521 8524
f 8528 8524 8527
f 8513 8530 8531
f 8531 8532 8533
f 8544 8534 8535
f 8540 8545 8544
f 8542 8546 8545
f 8537 8547 8546
f 8550 8554 8549
f 8551 8553 8555
f 8568 8503 8498
f 8569 8556 8557
f 8566 8558 8559
f 8461 8462 8561
f 8570 8562 8563
f 8571 8564 8565
f 8576 8574 8573
f 8580 8578 8575
f 8583 8581 8579
f 8572 8584 8585
f 8581 8586 8587
f 8592 8590 8589
f 8593 8595 8594
f 8594 8599 8597
f 8529 8600 8601
f 8602 8600 8590
f 8533 8603 8604
f 8604 8605 8598
f 8606 8547 8538
f 8607 8615 8620
f 8621 8552 8551
f 8618 8611 8613
f 8622 8614 8615
f 8623 8616 8617
f 8612 8618 8619
f 8632 8636 8637
f 8633 8630 8639
f 8640 8641 8626
f 8629 8636 8628
f 8642 8625 8641
f 8585 8648 8649
f 8651 8648 8650
f 8653 8650 8644
f 8587 8654 8655
f 8655 8657 8656
f 8658 8659 8646
f 8664 8662 8643
f 8666 8663 8662
f 8661 8663 8667
f 8674 8670 8624
f 8675 8668 8669
f 8673 8671 8675
f 8456 8460 8459
f 8458 8457 8456
f 8462 8461 8459
f 8465 8464 8463
f 8467 8470 8469
f 8467 8469 8465
f 8466 8468 8467
f 8471 8476 8475
f 8474 8473 8472
f 8471 8475 8474
f 8477 8480 8479
f 8479 8478 8457
f 8457 8458 8477
f 8481 8483 8475
f 8481 8475 8476
f 8466 8463 8482
f 8482 8481 8476
f 8468 8466 8482
f 8484 8479 8480
f 8480 8483 8481
f 8464 8487 8486
f 8486 8485 8482
f 8463 8464 8486
f 8457 8478 8488
f 8491 8489 8490
f 8490 8494 8493
f 8495 8497 8492
f 8492 8493 8494
f 8495 8496 8498
f 8508 8499 8500
f 8500 8511 8510
f 8509 8508 8500
f 8488 8504 8505
f 8510 8511 8486
f 8508 8509 8469
f 8456 8505 8506
f 8460 8506 8507
f 8497 8501 8502
f 8498 8503 8501
f 8516 8520 8519
f 8518 8515 8512
f 8516 8519 8518
f 8518 8512 8517
f 8521 8523 8522
f 8522 8516 8517
f 8524 8526 8525
f 8525 8523 8521
f 8527 8529 8528
f 8528 8526 8524
f 8513 8514 8530
f 8531 8530 8532
f 8535 8539 8544
f 8544 8536 8534
f 8544 8539 8540
f 8540 8541 8545
f 8545 8541 8542
f 8542 8543 8546
f 8546 8543 8537
f 8537 8538 8547
f 8549 8548 8550
f 8550 8555 8554
f 8555 8550 8551
f 8551 8552 8553
f 8498 8496 8568
f 8568 8557 8503
f 8557 8568 8569
f 8569 8559 8556
f 8559 8569 8566
f 8566 8560 8558
f 8561 8570 8461
f 8462 8507 8561
f 8563 8571 8570
f 8570 8561 8562
f 8565 8567 8571
f 8571 8563 8564
f 8572 8577 8576
f 8576 8575 8574
f 8573 8572 8576
f 8575 8576 8580
f 8580 8579 8578
f 8579 8580 8583
f 8583 8582 8581
f 8572 8573 8584
f 8581 8582 8586
f 8588 8593 8592
f 8592 8591 8590
f 8589 8588 8592
f 8594 8596 8593
f 8593 8588 8595
f 8597 8596 8594
f 8599 8598 8597
f 8529 8527 8600
f 8590 8591 8602
f 8602 8601 8600
f 8533 8532 8603
f 8598 8599 8604
f 8604 8603 8605
f 8606 8620 8547
f 8620 8606 8607
f 8607 8608 8615
f 8621 8613 8552
f 8613 8621 8618
f 8618 8610 8611
f 8608 8609 8622
f 8622 8617 8614
f 8615 8608 8622
f 8617 8622 8623
f 8623 8619 8616
f 8619 8623 8612
f 8612 8610 8618
f 8638 8631 8632
f 8632 8627 8628
f 8632 8628 8636
f 8637 8638 8632
f 8640 8634 8635
f 8640 8635 8633
f 8631 8638 8639
f 8639 8640 8633
f 8630 8631 8639
f 8626 8634 8640
f 8641 8625 8626
f 8629 8643 8636
f 8642 8624 8625
f 8585 8584 8648
f 8650 8652 8651
f 8651 8649 8648
f 8644 8645 8653
f 8653 8652 8650
f 8587 8586 8654
f 8656 8658 8655
f 8655 8654 8657
f 8646 8647 8658
f 8658 8656 8659
f 8643 8629 8664
f 8664 8665 8662
f 8662 8665 8666
f 8666 8667 8663
f 8661 8660 8663
f 8624 8642 8674
f 8674 8669 8670
f 8669 8674 8675
f 8675 8671 8668
f 8673 8672 8671
o de_nuke_world_geometry.028
v 2052.516602 238.241684 -444.566162
v 2052.516602 238.241684 -316.550171
v 2052.516602 238.241684 -60.518188
v 2253.684814 238.241684 -755.462158
v 2326.836670 238.241684 -755.462158
v 2326.836670 238.241684 -700.598145
v 2326.836670 238.241684 -682.310181
v 2326.836670 238.241684 -444.566162
v 2326.836670 238.241684 -536.006165
v 2326.836670 238.241684 -609.158203
v 1993.080566 238.241684 -755.462158
v 2249.112793 238.241684 -755.462158
v 2326.836670 229.097702 -755.462158
v 2249.112793 229.097702 -755.462158
v 1993.080566 229.097702 -755.462158
v 2326.836670 229.097702 -517.718201
v 2326.836670 229.097702 -700.598145
v 2326.836670 229.097702 -444.566162
v 2052.516602 229.097702 -444.566162
v 2052.516602 229.097702 -316.550171
v 2052.516602 229.097702 -60.518188
v 1961.076782 229.097702 -572.582214
v 1961.076782 229.097702 -718.886169
v 1961.076782 238.241684 -718.886169
v 1961.076782 238.241684 -572.582214
v 1961.076782 229.097702 -755.462158
v 1961.076782 238.241684 -755.462158
v 1705.044678 -392.694305 -737.174133
v 1247.844727 -392.694305 -536.006165
v 1796.484741 -392.694305 -737.174133
v 1796.484741 -392.694305 -572.582214
v 1796.484741 -392.694305 -316.550171
v 1796.484741 -392.694305 -60.518188
v 1247.844727 -392.694305 -316.550171
v 1247.844727 -392.694305 -60.518188
v 1705.044678 -401.838318 -737.174133
v 1887.924683 -401.838318 -115.382195
v 1887.924683 -401.838318 -60.518188
v 1887.924683 -397.266296 -60.518188
v 1887.924683 -397.266296 -115.382195
v 1796.484741 -401.838318 -737.174133
v 1796.484741 -401.838318 -572.582214
v 1796.484741 -401.838318 -316.550171
v 1796.484741 -401.838318 -60.518188
v 1247.844727 -401.838318 -536.006165
v 1247.844727 -401.838318 -316.550171
v 1247.844727 -401.838318 -60.518188
v 1156.404785 -401.838318 -60.518188
v 1156.404785 -401.838318 -115.382195
v 1156.404785 -397.266296 -115.382195
v 1156.404785 -397.266296 -60.518188
v 1961.076782 229.097702 616.137878
v 1961.076782 238.241684 616.137878
v 2052.516602 229.097702 616.137878
v 2052.516602 238.241684 616.137878
v 2052.516602 229.097702 104.073830
v 2052.516602 229.097702 360.105865
v 2052.516602 238.241684 104.073830
v 2052.516602 238.241684 360.105865
v 1796.484741 -392.694305 945.321899
v 1759.908691 -392.694305 945.321899
v 1668.468750 -392.694305 945.321899
v 1503.876831 -392.694305 945.321899
v 1412.436646 -392.694305 945.321899
v 1247.844727 -392.694305 945.321899
v 1796.484741 -392.694305 1055.049927
v 1247.844727 -392.694305 1055.049927
v 1668.468750 -392.694305 323.529846
v 1759.908691 -392.694305 323.529846
v 1796.484741 -392.694305 323.529846
v 1412.436646 -392.694305 323.529846
v 1503.876831 -392.694305 323.529846
v 1247.844727 -392.694305 323.529846
v 1796.484741 -392.694305 67.497826
v 1247.844727 -392.694305 67.497826
v 1887.924683 -401.838318 67.497826
v 1887.924683 -401.838318 113.217773
v 1887.924683 -397.266296 113.217773
v 1156.404785 -401.838318 113.217773
v 1156.404785 -401.838318 67.497826
v 1156.404785 -397.266296 113.217773
v 1759.908691 -401.838318 323.529846
v 1796.484741 -401.838318 323.529846
v 1503.876831 -401.838318 323.529846
v 1668.468750 -401.838318 323.529846
v 1247.844727 -401.838318 323.529846
v 1412.436646 -401.838318 323.529846
v 1796.484741 -401.838318 67.497826
v 1247.844727 -401.838318 67.497826
v 1796.484741 -401.838318 945.321899
v 1759.908691 -401.838318 945.321899
v 1668.468750 -401.838318 945.321899
v 1503.876831 -401.838318 945.321899
v 1412.436646 -401.838318 945.321899
v 1247.844727 -401.838318 945.321899
v 1247.844727 -401.838318 1055.049927
v 1796.484741 -401.838318 1055.049927
v 1796.484741 -392.694305 1804.857910
v 1247.844727 -392.694305 1804.857910
v 1796.484741 -392.694305 1292.793823
v 1796.484741 -392.694305 1548.825928
v 1247.844727 -392.694305 1292.793823
v 1247.844727 -392.694305 1548.825928
v 1796.484741 -401.838318 1804.857910
v 1796.484741 -401.838318 1292.793823
v 1796.484741 -401.838318 1548.825928
v 1887.924683 -401.838318 1155.633911
v 1887.924683 -401.838318 1292.793823
v 1887.924683 -401.838318 1384.233765
v 1887.924683 -397.266296 1384.233765
v 1887.924683 -397.266296 1155.633911
v 1156.404785 -401.838318 1384.233765
v 1156.404785 -401.838318 1292.793823
v 1156.404785 -401.838318 1155.633911
v 1156.404785 -397.266296 1155.633911
v 1156.404785 -397.266296 1384.233765
v 1247.844727 -401.838318 1804.857910
v 1247.844727 -401.838318 1292.793823
v 1247.844727 -401.838318 1548.825928
s 0
f 8679 8688 8689
f 8687 8690 8686
f 8681 8688 8680
f 8685 8684 8691
f 8677 8694 8676
f 8678 8695 8677
f 8676 8693 8683
f 8699 8697 8700
f 8690 8702 8686
f 8714 8712 8715
f 8703 8716 8705
f 8705 8717 8706
f 8706 8718 8707
f 8707 8719 8708
f 8709 8720 8704
f 8710 8721 8709
f 8725 8723 8726
f 8728 8729 8730
f 8733 8696 8678
f 8734 8731 8733
f 8730 8732 8734
f 8753 8751 8713
f 8726 8755 8754
f 8745 8757 8744
f 8743 8757 8760
f 8746 8759 8762
f 8708 8763 8749
f 8749 8758 8745
f 8750 8722 8710
f 8748 8764 8750
f 8736 8765 8735
f 8737 8768 8767
f 8739 8770 8769
f 8742 8770 8740
f 8735 8772 8741
f 8741 8780 8775
f 8775 8781 8776
f 8776 8779 8773
f 8785 8783 8782
f 8790 8788 8787
f 8777 8771 8742
f 8778 8793 8777
f 8774 8794 8778
f 8689 8687 8679
f 8679 8680 8688
f 8687 8689 8690
f 8681 8692 8688
f 8692 8681 8682
f 8692 8682 8685
f 8683 8693 8691
f 8691 8692 8685
f 8684 8683 8691
f 8677 8695 8694
f 8678 8696 8695
f 8676 8694 8693
f 8699 8698 8697
f 8690 8701 8702
f 8714 8713 8712
f 8703 8711 8716
f 8705 8716 8717
f 8706 8717 8718
f 8707 8718 8719
f 8709 8721 8720
f 8710 8722 8721
f 8725 8724 8723
f 8728 8727 8729
f 8733 8731 8696
f 8734 8732 8731
f 8730 8729 8732
f 8713 8714 8753
f 8753 8752 8751
f 8754 8756 8726
f 8726 8723 8755
f 8745 8758 8757
f 8759 8747 8743
f 8743 8744 8757
f 8760 8759 8743
f 8761 8748 8746
f 8746 8747 8759
f 8762 8761 8746
f 8708 8719 8763
f 8749 8763 8758
f 8750 8764 8722
f 8748 8761 8764
f 8736 8766 8765
f 8766 8736 8737
f 8737 8738 8768
f 8767 8766 8737
f 8768 8738 8739
f 8739 8740 8770
f 8769 8768 8739
f 8742 8771 8770
f 8735 8765 8772
f 8741 8772 8780
f 8775 8780 8781
f 8776 8781 8779
f 8782 8786 8785
f 8785 8784 8783
f 8787 8791 8790
f 8790 8789 8788
f 8777 8793 8771
f 8778 8794 8793
f 8774 8792 8794
o de_nuke_world_geometry.029
v 2399.988770 0.497696 -828.614136
v 2399.988770 9.641697 -828.614136
v 2399.988770 18.065607 -206.822205
v 2399.988770 0.497696 -206.822205
v 2363.412842 0.497696 -426.278168
v 2363.412842 9.641697 -426.278168
v 2363.412842 9.641697 -609.158203
v 2363.412842 0.497696 -609.158203
v 2399.988770 9.641697 -718.886169
v 2399.988770 9.641697 -792.038147
v 2399.988770 0.497696 -609.158203
v 2399.988770 9.641697 -609.158203
v 2399.988770 9.641697 -426.278168
v 2399.988770 9.641697 -462.854187
v 2399.988770 9.641697 -499.430176
v 2399.988770 0.497696 -499.430176
v 2399.988770 0.497696 -225.110199
v 2399.988770 9.641697 -225.110199
v 2399.988770 18.077051 -206.822205
v 2399.988770 26.523792 -225.110199
v 2399.988770 26.478102 -225.110199
v 2180.532715 0.497696 -462.854187
v 2180.532715 9.641697 -462.854187
v 2180.532715 9.641697 -426.278168
v 2180.532715 0.497696 -426.278168
v 1993.080566 0.497696 -426.278168
v 1993.080566 9.641697 -426.278168
v 2326.836670 9.641697 -426.278168
v 2326.836670 0.497696 -426.278168
v 2399.988770 -136.662292 -828.614136
v 2399.988770 -136.662292 -206.822205
v 2399.988770 -136.662292 -225.110199
v 2399.988770 -136.662292 -316.550171
v 2399.988770 -136.662292 -499.430176
v 2399.988770 -136.662292 -609.158203
v 2180.532715 -136.662292 -462.854187
v 2326.836670 -136.662292 -426.278168
v 2180.532715 -136.662292 -426.278168
v 2363.412842 -136.662292 -609.158203
v 1993.080566 -136.662292 -426.278168
v 2363.412842 -136.662292 -426.278168
v 2399.988770 -81.798317 -206.822205
v 2399.988770 -26.934307 -206.822205
v 1993.080566 -8.646305 -426.278168
v 2134.812744 -26.934307 -225.110199
v 2134.812744 -81.798317 -225.110199
v 2134.812744 -26.934307 -206.822205
v 2134.812744 -81.798317 -206.822205
v 2134.812744 -81.798317 -211.394180
v 2134.812744 -26.934307 -211.394180
v 2134.812744 -81.798317 -215.966202
v 2134.812744 -26.934307 -215.966202
v 1961.076782 -8.646305 -828.614136
v 1961.076782 9.641697 -828.614136
v 1961.076782 -8.646305 -60.518188
v 1961.076782 9.641697 -60.518188
v 1961.076782 9.641697 -188.534210
v 1961.076782 9.641697 -206.822205
v 1961.076782 -8.646305 -206.822205
v 1961.076782 9.641697 -718.886169
v 1961.076782 9.641697 -792.038147
v 1961.076782 -8.646305 -718.886169
v 1961.076782 -8.646305 -462.854187
v 1961.076782 9.641697 -462.854187
v 1961.076782 -8.646305 -225.110199
v 1961.076782 9.641697 -225.110199
v 1961.076782 9.641697 -426.278168
v 1961.076782 -8.646305 -426.278168
v 1961.076782 -136.662292 -828.614136
v 1961.076782 -136.662292 -60.518188
v 1961.076782 -136.662292 -206.822205
v 1961.076782 -136.662292 -462.854187
v 1961.076782 -136.662292 -718.886169
v 1961.076782 -136.662292 -225.110199
v 1961.076782 -136.662292 -426.278168
v 1961.076782 -81.798317 -225.110199
v 1961.076782 -26.934307 -225.110199
v 1961.076782 -81.798317 -206.822205
v 1961.076782 -26.934307 -206.822205
v 1961.076782 9.641697 378.393860
v 1961.076782 9.641697 232.089844
v 1961.076782 -8.646305 232.089844
v 1961.076782 -8.646305 378.393860
v 1961.076782 -8.646305 634.425781
v 1961.076782 9.641697 634.425781
v 1961.076782 -8.646305 122.361832
v 1961.076782 9.641697 122.361832
v 1887.924683 9.641697 634.425781
v 1887.924683 -8.646305 634.425781
v 1961.076782 -136.662292 634.425781
v 1961.076782 -136.662292 433.257874
v 1961.076782 -136.662292 378.393860
v 1961.076782 -136.662292 232.089844
v 1961.076782 -136.662292 122.361832
v 1887.924683 -136.662292 634.425781
s 0
f 8805 8796 8804
f 8811 8809 8808
f 8815 8814 8797
f 8802 8806 8801
f 8820 8818 8821
f 8823 8800 8822
f 8819 8817 8818
f 8829 8795 8805
f 8826 8827 8810
f 8836 8826 8811
f 8838 8832 8819
f 8831 8799 8823
f 8832 8816 8819
f 8833 8805 8802
f 8844 8842 8841
f 8839 8845 8846
f 8852 8851 8849
f 8847 8855 8854
f 8854 8857 8856
f 8861 8859 8862
f 8820 8861 8862
f 8856 8863 8847
f 8857 8867 8856
f 8862 8834 8838
f 8871 8870 8869
f 8849 8865 8872
f 8876 8874 8877
f 8874 8878 8877
f 8850 8880 8849
f 8883 8879 8882
f 8889 8878 8883
f 8880 8864 8849
f 8877 8887 8876
f 8878 8885 8886
f 8803 8806 8805
f 8805 8795 8796
f 8804 8803 8805
f 8807 8812 8811
f 8811 8810 8809
f 8808 8807 8811
f 8797 8798 8811
f 8797 8811 8812
f 8814 8813 8797
f 8797 8812 8815
f 8802 8805 8806
f 8820 8819 8818
f 8823 8799 8800
f 8819 8816 8817
f 8829 8824 8795
f 8810 8811 8826
f 8827 8828 8810
f 8811 8798 8837
f 8836 8825 8826
f 8811 8837 8836
f 8819 8820 8838
f 8838 8834 8832
f 8831 8835 8799
f 8832 8830 8816
f 8833 8829 8805
f 8844 8843 8842
f 8839 8840 8845
f 8849 8853 8852
f 8851 8850 8849
f 8854 8856 8847
f 8847 8848 8855
f 8854 8858 8857
f 8861 8860 8859
f 8862 8838 8820
f 8820 8821 8861
f 8856 8867 8863
f 8857 8866 8867
f 8862 8869 8834
f 8869 8862 8859
f 8869 8859 8871
f 8870 8868 8869
f 8873 8853 8849
f 8849 8864 8865
f 8872 8873 8849
f 8876 8875 8874
f 8874 8879 8878
f 8850 8881 8880
f 8883 8878 8879
f 8889 8884 8878
f 8880 8888 8864
f 8877 8886 8887
f 8886 8877 8878
f 8878 8884 8885
o de_nuke_world_geometry.030
v 2245.683838 48.446552 -762.640259
v 2244.563477 46.217701 -763.760376
v 2241.991943 46.217701 -763.760376
v 2241.111572 47.977917 -762.880188
v 2241.111572 49.098064 -762.320190
v 2245.683838 49.098064 -762.320190
v 2071.947754 48.446552 -762.640259
v 2070.827637 46.217701 -763.760376
v 2068.255859 46.217701 -763.760376
v 2067.375732 47.977917 -762.880188
v 2067.375732 49.098064 -762.320190
v 2071.947754 49.098064 -762.320190
v 2241.111572 49.075203 -766.892151
v 2245.683838 49.075203 -766.892151
v 2245.683838 53.075687 -766.892151
v 2241.111572 53.075687 -766.892151
v 2067.375732 49.075203 -766.892151
v 2071.947754 49.075203 -766.892151
v 2071.947754 53.075687 -766.892151
v 2067.375732 53.075687 -766.892151
v 2241.111572 47.977917 -766.343506
v 2241.111572 53.075687 -765.749207
v 2241.111572 53.075687 -763.463196
v 2241.111572 53.075687 -762.320190
v 2245.683838 48.446552 -766.583557
v 2245.683838 53.075687 -762.320190
v 2245.683838 53.075687 -763.463196
v 2245.683838 53.075687 -765.749207
v 2244.540771 53.075687 -765.749207
v 2242.254639 53.075687 -765.749207
v 2242.254639 53.075687 -763.463196
v 2244.540771 53.075687 -763.463196
v 2244.563477 46.217701 -765.463440
v 2241.991943 46.217701 -765.463440
v 2071.947754 48.446552 -766.583557
v 2071.947754 53.075687 -762.320190
v 2071.947754 53.075687 -763.463196
v 2071.947754 53.075687 -765.749207
v 2070.804688 53.075687 -765.749207
v 2068.518555 53.075687 -765.749207
v 2067.375732 53.075687 -765.749207
v 2068.518555 53.075687 -763.463196
v 2070.804688 53.075687 -763.463196
v 2067.375732 53.075687 -762.320190
v 2067.375732 53.075687 -763.463196
v 2067.375732 47.977917 -766.343506
v 2070.827637 46.217701 -765.463440
v 2068.255859 46.217701 -765.463440
v 1523.307739 -248.104813 -108.524208
v 1523.307739 -248.733429 -108.215561
v 1523.307739 -248.733429 -104.272270
v 1523.307739 -248.081924 -103.952179
v 1523.307739 -244.104294 -103.952179
v 1523.307739 -244.104294 -105.095215
v 1523.307739 -244.104294 -107.381172
v 1523.307739 -244.104294 -108.524208
v 1523.307739 -248.104813 -501.716187
v 1523.307739 -248.733429 -501.407532
v 1523.307739 -248.733429 -497.464264
v 1523.307739 -248.081924 -497.144165
v 1523.307739 -244.104294 -497.144165
v 1523.307739 -244.104294 -498.287201
v 1523.307739 -244.104294 -500.573151
v 1523.307739 -244.104294 -501.716187
v 1523.307739 -248.104813 -291.404175
v 1523.307739 -248.733429 -291.095520
v 1523.307739 -248.733429 -287.152222
v 1523.307739 -248.081924 -286.832214
v 1523.307739 -244.104294 -286.832214
v 1523.307739 -244.104294 -287.975189
v 1523.307739 -244.104294 -290.261200
v 1523.307739 -244.104294 -291.404175
v 1518.735840 -248.081924 -497.144165
v 1518.735840 -249.202118 -497.704224
v 1518.735840 -249.202118 -501.167572
v 1518.735840 -248.104813 -501.716187
v 1518.735840 -244.104294 -501.716187
v 1518.735840 -244.104294 -500.573151
v 1518.735840 -244.104294 -498.287201
v 1518.735840 -244.104294 -497.144165
v 1518.735840 -248.081924 -286.832214
v 1518.735840 -249.202118 -287.392212
v 1518.735840 -249.202118 -290.855530
v 1518.735840 -248.104813 -291.404175
v 1518.735840 -244.104294 -291.404175
v 1518.735840 -244.104294 -290.261200
v 1518.735840 -244.104294 -287.975189
v 1518.735840 -244.104294 -286.832214
v 1522.187622 -250.962280 -498.584351
v 1522.187622 -250.962280 -500.287445
v 1519.615845 -250.962280 -500.287445
v 1519.615845 -250.962280 -498.584351
v 1522.164673 -244.104294 -500.573151
v 1519.878784 -244.104294 -500.573151
v 1519.878784 -244.104294 -498.287201
v 1522.164673 -244.104294 -498.287201
v 1522.187622 -250.962280 -288.272369
v 1522.187622 -250.962280 -289.975433
v 1519.615845 -250.962280 -289.975433
v 1519.615845 -250.962280 -288.272369
v 1519.878784 -244.104294 -287.975189
v 1519.878784 -244.104294 -290.261200
v 1522.164673 -244.104294 -287.975189
v 1522.164673 -244.104294 -290.261200
v 1518.735840 -248.081924 -103.952179
v 1518.735840 -249.202118 -104.512253
v 1518.735840 -249.202118 -107.975578
v 1518.735840 -248.104813 -108.524208
v 1518.735840 -244.104294 -108.524208
v 1518.735840 -244.104294 -107.381172
v 1518.735840 -244.104294 -105.095215
v 1518.735840 -244.104294 -103.952179
v 1522.187622 -250.962280 -105.392418
v 1522.187622 -250.962280 -107.095413
v 1519.615845 -250.962280 -107.095413
v 1519.615845 -250.962280 -105.392418
v 1522.164673 -244.104294 -107.381172
v 1519.878784 -244.104294 -107.381172
v 1519.878784 -244.104294 -105.095215
v 1522.164673 -244.104294 -105.095215
v 3350.987549 46.217701 1193.055664
v 3350.987549 46.217701 1191.352539
v 3348.415771 46.217701 1191.352539
v 3348.415771 46.217701 1193.055664
v 3352.107666 49.098064 1194.495728
v 3347.535645 49.098064 1194.495728
v 3347.535645 53.075687 1194.495728
v 3352.107666 53.075687 1194.495728
v 3352.107666 49.075203 1189.923828
v 3352.107666 48.446552 1190.232544
v 3352.107666 48.446552 1194.175781
v 3352.107666 53.075687 1193.352905
v 3352.107666 53.075687 1191.066895
v 3352.107666 53.075687 1189.923828
v 3347.535645 49.075203 1189.923828
v 3347.535645 53.075687 1189.923828
v 3347.535645 47.977917 1193.935913
v 3347.535645 47.977917 1190.472412
v 3347.535645 53.075687 1191.066895
v 3347.535645 53.075687 1193.352905
v 3350.964600 53.075687 1191.066895
v 3348.678711 53.075687 1191.066895
v 3348.678711 53.075687 1193.352905
v 3350.964600 53.075687 1193.352905
v 1523.307739 -248.104813 83.499870
v 1523.307739 -248.733429 83.808403
v 1523.307739 -248.733429 87.751694
v 1523.307739 -248.081924 88.071785
v 1523.307739 -244.104294 88.071785
v 1523.307739 -244.104294 86.928864
v 1523.307739 -244.104294 84.642792
v 1523.307739 -244.104294 83.499870
v 1518.735840 -248.081924 88.071785
v 1518.735840 -249.202118 87.511711
v 1518.735840 -249.202118 84.048386
v 1518.735840 -248.104813 83.499870
v 1518.735840 -244.104294 83.499870
v 1518.735840 -244.104294 84.642792
v 1518.735840 -244.104294 86.928864
v 1518.735840 -244.104294 88.071785
v 1522.187622 -250.962280 86.631660
v 1522.187622 -250.962280 84.928551
v 1519.615845 -250.962280 84.928551
v 1519.615845 -250.962280 86.631660
v 1522.164673 -244.104294 84.642792
v 1519.878784 -244.104294 84.642792
v 1519.878784 -244.104294 86.928864
v 1522.164673 -244.104294 86.928864
v 2958.915771 -245.818787 1473.387817
v 2958.915771 -246.447479 1473.696533
v 2958.915771 -246.447479 1477.639771
v 2958.915771 -245.795959 1477.959961
v 2958.915771 -241.818344 1477.959961
v 2958.915771 -241.818344 1476.816895
v 2958.915771 -241.818344 1474.530884
v 2958.915771 -241.818344 1473.387817
v 3100.647461 -245.795959 1477.959961
v 3100.647461 -246.916107 1477.399902
v 3100.647461 -246.916107 1473.936401
v 3100.647461 -245.818787 1473.387817
v 3100.647461 -241.818344 1473.387817
v 3100.647461 -241.818344 1474.530884
v 3100.647461 -241.818344 1476.816895
v 3100.647461 -241.818344 1477.959961
v 3104.099609 -248.676331 1476.519531
v 3104.099609 -248.676331 1474.816650
v 3101.527832 -248.676331 1474.816650
v 3101.527832 -248.676331 1476.519531
v 3105.219727 -245.795959 1477.959961
v 3105.219727 -241.818344 1477.959961
v 3105.219727 -245.818787 1473.387817
v 3105.219727 -246.447479 1473.696533
v 3105.219727 -246.447479 1477.639771
v 3105.219727 -241.818344 1476.816895
v 3105.219727 -241.818344 1474.530884
v 3105.219727 -241.818344 1473.387817
v 3104.076660 -241.818344 1474.530884
v 3101.790527 -241.818344 1474.530884
v 3101.790527 -241.818344 1476.816895
v 3104.076660 -241.818344 1476.816895
v 2954.343506 -245.795959 1477.959961
v 2954.343506 -246.916107 1477.399902
v 2954.343506 -246.916107 1473.936401
v 2954.343506 -245.818787 1473.387817
v 2954.343506 -241.818344 1473.387817
v 2954.343506 -241.818344 1474.530884
v 2954.343506 -241.818344 1476.816895
v 2954.343506 -241.818344 1477.959961
v 2957.772705 -241.818344 1474.530884
v 2955.486572 -241.818344 1474.530884
v 2955.486572 -241.818344 1476.816895
v 2957.772705 -241.818344 1476.816895
v 2957.795654 -248.676331 1476.519531
v 2957.795654 -248.676331 1474.816650
v 2955.223877 -248.676331 1474.816650
v 2955.223877 -248.676331 1476.519531
v 1519.615845 -250.962280 1557.124023
v 1519.615845 -250.962280 1558.827148
v 1522.187622 -250.962280 1558.827148
v 1522.187622 -250.962280 1557.124023
v 1519.615845 -250.962280 1767.435913
v 1519.615845 -250.962280 1769.139038
v 1522.187622 -250.962280 1769.139038
v 1522.187622 -250.962280 1767.435913
v 1519.615845 -250.962280 1374.244019
v 1519.615845 -250.962280 1375.947021
v 1522.187622 -250.962280 1375.947021
v 1522.187622 -250.962280 1374.244019
v 1519.615845 -250.962280 1182.220093
v 1519.615845 -250.962280 1183.922974
v 1522.187622 -250.962280 1183.922974
v 1522.187622 -250.962280 1182.220093
v 1523.307739 -248.104813 1377.375732
v 1518.735840 -248.104813 1377.375732
v 1518.735840 -244.104294 1377.375732
v 1523.307739 -244.104294 1377.375732
v 1523.307739 -248.081924 1180.779785
v 1523.307739 -248.733429 1181.099976
v 1523.307739 -248.733429 1185.043091
v 1523.307739 -248.104813 1185.351929
v 1523.307739 -244.104294 1185.351929
v 1523.307739 -244.104294 1184.208862
v 1523.307739 -244.104294 1181.922852
v 1523.307739 -244.104294 1180.779785
v 1523.307739 -248.081924 1372.803833
v 1523.307739 -248.733429 1373.123779
v 1523.307739 -248.733429 1377.067261
v 1523.307739 -244.104294 1376.232910
v 1523.307739 -244.104294 1373.946899
v 1523.307739 -244.104294 1372.803833
v 1518.735840 -248.104813 1185.351929
v 1518.735840 -244.104294 1185.351929
v 1518.735840 -249.202118 1184.803223
v 1518.735840 -249.202118 1181.339844
v 1518.735840 -248.081924 1180.779785
v 1518.735840 -244.104294 1180.779785
v 1518.735840 -244.104294 1181.922852
v 1518.735840 -244.104294 1184.208862
v 1519.878784 -244.104294 1184.208862
v 1522.164673 -244.104294 1184.208862
v 1522.164673 -244.104294 1181.922852
v 1519.878784 -244.104294 1181.922852
v 1518.735840 -249.202118 1376.827148
v 1518.735840 -249.202118 1373.363892
v 1518.735840 -248.081924 1372.803833
v 1518.735840 -244.104294 1372.803833
v 1518.735840 -244.104294 1373.946899
v 1518.735840 -244.104294 1376.232910
v 1519.878784 -244.104294 1376.232910
v 1522.164673 -244.104294 1376.232910
v 1522.164673 -244.104294 1373.946899
v 1519.878784 -244.104294 1373.946899
v 1523.307739 -248.081924 1765.995850
v 1523.307739 -248.733429 1766.316040
v 1523.307739 -248.733429 1770.259155
v 1523.307739 -248.104813 1770.567749
v 1523.307739 -244.104294 1770.567749
v 1523.307739 -244.104294 1769.424927
v 1523.307739 -244.104294 1767.138916
v 1523.307739 -244.104294 1765.995850
v 1523.307739 -248.081924 1555.683838
v 1523.307739 -248.733429 1556.003784
v 1523.307739 -248.733429 1559.947266
v 1523.307739 -248.104813 1560.255737
v 1523.307739 -244.104294 1560.255737
v 1523.307739 -244.104294 1559.112793
v 1523.307739 -244.104294 1556.826904
v 1523.307739 -244.104294 1555.683838
v 1518.735840 -248.104813 1560.255737
v 1518.735840 -244.104294 1560.255737
v 1518.735840 -249.202118 1559.707153
v 1518.735840 -249.202118 1556.243896
v 1518.735840 -248.081924 1555.683838
v 1518.735840 -244.104294 1555.683838
v 1518.735840 -244.104294 1556.826904
v 1518.735840 -244.104294 1559.112793
v 1519.878784 -244.104294 1559.112793
v 1522.164673 -244.104294 1559.112793
v 1522.164673 -244.104294 1556.826904
v 1519.878784 -244.104294 1556.826904
v 1518.735840 -248.081924 1765.995850
v 1518.735840 -244.104294 1765.995850
v 1518.735840 -248.104813 1770.567749
v 1518.735840 -249.202118 1770.019287
v 1518.735840 -249.202118 1766.555908
v 1518.735840 -244.104294 1767.138916
v 1518.735840 -244.104294 1769.424927
v 1518.735840 -244.104294 1770.567749
v 1519.878784 -244.104294 1767.138916
v 1519.878784 -244.104294 1769.424927
v 1522.164673 -244.104294 1767.138916
v 1522.164673 -244.104294 1769.424927
v 970.095703 49.098064 -862.904175
v 970.095703 47.977917 -863.464294
v 970.095703 47.977917 -866.927551
v 970.095703 49.075203 -867.476196
v 970.095703 53.075687 -867.476196
v 970.095703 53.075687 -866.333191
v 970.095703 53.075687 -864.047180
v 970.095703 53.075687 -862.904175
v 971.238708 53.075687 -864.047180
v 971.238708 53.075687 -866.333191
v 974.667603 53.075687 -866.333191
v 974.667603 53.075687 -864.047180
v 973.524658 53.075687 -864.047180
v 973.524658 53.075687 -866.333191
v 974.667603 53.075687 -862.904175
v 974.667603 53.075687 -867.476196
v 974.667603 49.075203 -867.476196
v 974.667603 48.446552 -867.167603
v 974.667603 48.446552 -863.224243
v 974.667603 49.098064 -862.904175
v 973.547546 46.217701 -864.344360
v 973.547546 46.217701 -866.047424
v 970.975769 46.217701 -866.047424
v 970.975769 46.217701 -864.344360
v 974.667603 49.098064 -597.728149
v 970.095703 49.098064 -597.728149
v 970.095703 53.075687 -597.728149
v 974.667603 53.075687 -597.728149
v 970.095703 47.977917 -598.288269
v 970.095703 47.977917 -601.751526
v 970.095703 49.075203 -602.300232
v 970.095703 53.075687 -602.300232
v 970.095703 53.075687 -601.157166
v 970.095703 53.075687 -598.871216
v 971.238708 53.075687 -598.871216
v 971.238708 53.075687 -601.157166
v 974.667603 53.075687 -601.157166
v 974.667603 53.075687 -598.871216
v 973.524658 53.075687 -598.871216
v 973.524658 53.075687 -601.157166
v 974.667603 53.075687 -602.300232
v 974.667603 49.075203 -602.300232
v 974.667603 48.446552 -601.991638
v 974.667603 48.446552 -598.048218
v 973.547546 46.217701 -599.168335
v 973.547546 46.217701 -600.871399
v 970.975769 46.217701 -600.871399
v 970.975769 46.217701 -599.168335
v 636.339661 49.075203 -611.444214
v 636.339661 48.446552 -611.135559
v 636.339661 48.446552 -607.192200
v 636.339661 49.098064 -606.872192
v 636.339661 53.075687 -606.872192
v 636.339661 53.075687 -608.015198
v 636.339661 53.075687 -610.301147
v 636.339661 53.075687 -611.444214
v 631.767639 49.098064 -606.872192
v 631.767639 53.075687 -606.872192
v 631.767639 47.977917 -607.432251
v 631.767639 47.977917 -610.895508
v 631.767639 49.075203 -611.444214
v 631.767639 53.075687 -611.444214
v 631.767639 53.075687 -610.301147
v 631.767639 53.075687 -608.015198
v 635.196655 53.075687 -610.301147
v 632.910645 53.075687 -610.301147
v 632.910645 53.075687 -608.015198
v 635.196655 53.075687 -608.015198
v 635.219543 46.217701 -608.312378
v 635.219543 46.217701 -610.015381
v 632.647766 46.217701 -610.015381
v 632.647766 46.217701 -608.312378
v 631.767639 49.075203 -236.540161
v 636.339661 49.075203 -236.540161
v 636.339661 53.075687 -236.540161
v 631.767639 53.075687 -236.540161
v 636.339661 48.446552 -236.231567
v 636.339661 48.446552 -232.288223
v 636.339661 49.098064 -231.968201
v 636.339661 53.075687 -231.968201
v 636.339661 53.075687 -233.111176
v 636.339661 53.075687 -235.397186
v 631.767639 49.098064 -231.968201
v 631.767639 53.075687 -231.968201
v 631.767639 47.977917 -232.528259
v 631.767639 47.977917 -235.991531
v 631.767639 53.075687 -235.397186
v 631.767639 53.075687 -233.111176
v 635.196655 53.075687 -235.397186
v 632.910645 53.075687 -235.397186
v 632.910645 53.075687 -233.111176
v 635.196655 53.075687 -233.111176
v 635.219543 46.217701 -233.408371
v 635.219543 46.217701 -235.111420
v 632.647766 46.217701 -235.111420
v 632.647766 46.217701 -233.408371
v 636.339661 49.075203 37.779808
v 636.339661 48.446552 38.088455
v 636.339661 48.446552 42.031746
v 636.339661 49.098064 42.351837
v 636.339661 53.075687 42.351837
v 636.339661 53.075687 41.208801
v 636.339661 53.075687 38.922844
v 636.339661 53.075687 37.779808
v 631.767639 49.098064 42.351837
v 631.767639 53.075687 42.351837
v 631.767639 47.977917 41.791763
v 631.767639 47.977917 38.328438
v 631.767639 49.075203 37.779808
v 631.767639 53.075687 37.779808
v 631.767639 53.075687 38.922844
v 631.767639 53.075687 41.208801
v 632.910645 53.075687 41.208801
v 632.910645 53.075687 38.922844
v 635.196655 53.075687 41.208801
v 635.196655 53.075687 38.922844
v 635.219543 46.217701 40.911598
v 635.219543 46.217701 39.208603
v 632.647766 46.217701 39.208603
v 632.647766 46.217701 40.911598
s 0
f 8894 8892 8890
f 8900 8898 8896
f 8904 8902 8905
f 8908 8906 8909
f 8911 8910 8894
f 8916 8890 8903
f 8918 8904 8905
f 8913 8916 8921
f 8921 8917 8918
f 8911 8920 8919
f 8923 8891 8892
f 8913 8895 8915
f 8891 8914 8890
f 8903 8922 8910
f 8910 8892 8893
f 8926 8896 8907
f 8928 8908 8909
f 8933 8926 8932
f 8932 8927 8928
f 8930 8931 8929
f 8930 8935 8900
f 8937 8897 8898
f 8933 8901 8925
f 8935 8898 8899
f 8897 8924 8896
f 8907 8936 8935
f 8943 8940 8938
f 8951 8948 8946
f 8959 8956 8954
f 8967 8964 8962
f 8975 8972 8970
f 8961 8973 8974
f 8980 8978 8981
f 8969 8949 8950
f 8982 8953 8966
f 8969 8951 8985
f 8985 8952 8982
f 8967 8984 8983
f 8953 8965 8966
f 8946 8979 8964
f 8980 8963 8964
f 8962 8981 8948
f 8978 8947 8948
f 8988 8986 8989
f 8975 8990 8991
f 8992 8960 8993
f 8977 8959 8992
f 8993 8961 8974
f 8977 8957 8958
f 8970 8989 8956
f 8986 8955 8956
f 8972 8989 8971
f 8954 8987 8972
f 8999 8996 8994
f 9004 9002 9005
f 8945 8997 8998
f 9006 8945 8998
f 9001 8943 9009
f 9009 8944 9006
f 8999 9008 9007
f 9001 8941 8942
f 8938 9003 8996
f 9004 8995 8996
f 8994 9005 8940
f 9002 8939 8940
f 9012 9010 9013
f 9016 9014 9017
f 9021 9020 9018
f 9023 9024 9025
f 9028 9027 9015
f 9030 9023 9025
f 9016 9021 9033
f 9033 9022 9030
f 9028 9032 9031
f 9015 9013 9020
f 9010 9019 9020
f 9027 9013 9026
f 9018 9011 9027
f 9039 9036 9034
f 9047 9044 9042
f 9052 9050 9053
f 9041 9045 9046
f 9054 9041 9046
f 9049 9039 9057
f 9057 9040 9054
f 9047 9056 9055
f 9049 9037 9038
f 9052 9043 9044
f 9034 9051 9044
f 9036 9051 9035
f 9042 9053 9036
f 9063 9060 9058
f 9071 9068 9066
f 9076 9074 9077
f 9073 9078 9079
f 9083 9082 9080
f 9086 9085 9070
f 9073 9083 9089
f 9089 9084 9086
f 9071 9088 9087
f 9085 9069 9070
f 9082 9075 9081
f 9066 9077 9082
f 9076 9067 9068
f 9080 9075 9068
f 9095 9092 9090
f 9065 9093 9094
f 9098 9065 9094
f 9097 9063 9101
f 9101 9064 9098
f 9095 9100 9099
f 9097 9061 9062
f 9104 9102 9105
f 9090 9105 9060
f 9102 9059 9060
f 9104 9091 9092
f 9058 9103 9092
f 9108 9106 9109
f 9112 9110 9113
f 9116 9114 9117
f 9120 9118 9121
f 9124 9122 9125
f 9131 9128 9126
f 9137 9136 9134
f 9141 9129 9130
f 9146 9143 9140
f 9133 9144 9145
f 9148 9141 9130
f 9133 9146 9151
f 9131 9150 9149
f 9151 9147 9148
f 9118 9142 9143
f 9140 9119 9128
f 9120 9127 9128
f 9126 9121 9143
f 9156 9153 9123
f 9139 9154 9155
f 9158 9124 9125
f 9139 9156 9161
f 9137 9160 9159
f 9161 9157 9158
f 9114 9152 9153
f 9123 9115 9136
f 9116 9135 9136
f 9134 9117 9153
f 9167 9164 9162
f 9175 9172 9170
f 9179 9173 9174
f 9184 9181 9178
f 9177 9182 9183
f 9186 9179 9174
f 9177 9184 9189
f 9175 9188 9187
f 9189 9185 9186
f 9106 9180 9181
f 9178 9107 9172
f 9108 9171 9172
f 9170 9109 9181
f 9169 9190 9191
f 9195 9194 9192
f 9197 9165 9166
f 9198 9196 9199
f 9167 9200 9201
f 9169 9195 9198
f 9199 9197 9166
f 9192 9111 9164
f 9194 9111 9193
f 9162 9113 9194
f 9112 9163 9164
f 9207 9204 9202
f 9207 9210 9211
f 9214 9212 9215
f 9209 9213 9214
f 9215 9217 9206
f 9213 9220 9218
f 9209 9221 9216
f 9224 9222 9225
f 9217 9205 9206
f 9224 9203 9204
f 9218 9223 9204
f 9220 9223 9219
f 9202 9225 9220
f 9228 9226 9229
f 9234 9231 9227
f 9234 9236 9237
f 9240 9238 9241
f 9228 9239 9240
f 9241 9242 9233
f 9242 9232 9233
f 9239 9245 9243
f 9248 9246 9249
f 9245 9247 9244
f 9227 9249 9245
f 9243 9247 9231
f 9248 9230 9231
f 9255 9252 9250
f 9259 9253 9254
f 9264 9261 9258
f 9266 9257 9263
f 9259 9255 9269
f 9269 9256 9266
f 9264 9268 9267
f 9257 9262 9263
f 9272 9270 9273
f 9250 9271 9261
f 9272 9260 9261
f 9258 9273 9252
f 9270 9251 9252
f 9276 9274 9277
f 9282 9279 9275
f 9285 9280 9281
f 9288 9287 9284
f 9290 9276 9277
f 9285 9282 9293
f 9293 9283 9290
f 9288 9292 9291
f 9296 9294 9297
f 9284 9297 9279
f 9294 9278 9279
f 9296 9286 9287
f 9275 9295 9287
f 9303 9300 9298
f 9307 9301 9302
f 9312 9309 9306
f 9312 9314 9315
f 9316 9304 9317
f 9307 9303 9316
f 9317 9305 9311
f 9305 9310 9311
f 9320 9318 9321
f 9298 9319 9309
f 9320 9308 9309
f 9306 9321 9300
f 9318 9299 9300
f 8890 8895 8894
f 8894 8893 8892
f 8892 8891 8890
f 8896 8901 8900
f 8900 8899 8898
f 8898 8897 8896
f 8904 8903 8902
f 8908 8907 8906
f 8894 8913 8912
f 8911 8905 8902
f 8894 8912 8911
f 8910 8893 8894
f 8911 8902 8910
f 8903 8904 8917
f 8916 8915 8895
f 8903 8917 8916
f 8890 8914 8903
f 8916 8895 8890
f 8905 8911 8919
f 8918 8917 8904
f 8905 8919 8918
f 8920 8912 8913
f 8913 8915 8916
f 8921 8920 8913
f 8921 8916 8917
f 8911 8912 8920
f 8923 8922 8891
f 8913 8894 8895
f 8891 8922 8914
f 8910 8902 8903
f 8903 8914 8922
f 8922 8923 8910
f 8910 8923 8892
f 8907 8908 8927
f 8926 8925 8901
f 8907 8927 8926
f 8896 8924 8907
f 8926 8901 8896
f 8909 8930 8929
f 8928 8927 8908
f 8909 8929 8928
f 8931 8934 8933
f 8933 8925 8926
f 8932 8931 8933
f 8932 8926 8927
f 8930 8934 8931
f 8900 8933 8934
f 8930 8909 8906
f 8900 8934 8930
f 8935 8899 8900
f 8930 8906 8935
f 8937 8936 8897
f 8933 8900 8901
f 8935 8937 8898
f 8897 8936 8924
f 8935 8906 8907
f 8907 8924 8936
f 8936 8937 8935
f 8938 8945 8944
f 8943 8942 8941
f 8938 8944 8943
f 8940 8939 8938
f 8943 8941 8940
f 8946 8953 8952
f 8951 8950 8949
f 8946 8952 8951
f 8948 8947 8946
f 8951 8949 8948
f 8954 8961 8960
f 8959 8958 8957
f 8954 8960 8959
f 8956 8955 8954
f 8959 8957 8956
f 8962 8969 8968
f 8967 8966 8965
f 8962 8968 8967
f 8964 8963 8962
f 8967 8965 8964
f 8970 8977 8976
f 8975 8974 8973
f 8970 8976 8975
f 8972 8971 8970
f 8975 8973 8972
f 8961 8954 8973
f 8980 8979 8978
f 8969 8962 8949
f 8966 8967 8983
f 8982 8952 8953
f 8966 8983 8982
f 8984 8968 8969
f 8969 8950 8951
f 8985 8984 8969
f 8985 8951 8952
f 8967 8968 8984
f 8953 8946 8965
f 8964 8965 8946
f 8946 8947 8979
f 8979 8980 8964
f 8980 8981 8963
f 8948 8949 8962
f 8962 8963 8981
f 8981 8978 8948
f 8978 8979 8947
f 8988 8987 8986
f 8975 8976 8990
f 8992 8959 8960
f 8990 8976 8977
f 8977 8958 8959
f 8992 8990 8977
f 8974 8975 8991
f 8993 8960 8961
f 8974 8991 8993
f 8977 8970 8957
f 8956 8957 8970
f 8970 8971 8989
f 8989 8986 8956
f 8986 8987 8955
f 8972 8988 8989
f 8972 8973 8954
f 8954 8955 8987
f 8987 8988 8972
f 8994 9001 9000
f 8999 8998 8997
f 8994 9000 8999
f 8996 8995 8994
f 8999 8997 8996
f 9004 9003 9002
f 8945 8938 8997
f 8998 8999 9007
f 9006 8944 8945
f 8998 9007 9006
f 9008 9000 9001
f 9001 8942 8943
f 9009 9008 9001
f 9009 8943 8944
f 8999 9000 9008
f 9001 8994 8941
f 8996 8997 8938
f 8938 8939 9003
f 9003 9004 8996
f 9004 9005 8995
f 8940 8941 8994
f 8994 8995 9005
f 9005 9002 8940
f 9002 9003 8939
f 9012 9011 9010
f 9016 9015 9014
f 9018 9023 9022
f 9021 9017 9014
f 9018 9022 9021
f 9020 9019 9018
f 9021 9014 9020
f 9023 9018 9024
f 9015 9016 9029
f 9028 9025 9024
f 9015 9029 9028
f 9027 9026 9015
f 9028 9024 9027
f 9025 9028 9031
f 9030 9022 9023
f 9025 9031 9030
f 9032 9029 9016
f 9016 9017 9021
f 9033 9032 9016
f 9033 9021 9022
f 9028 9029 9032
f 9020 9014 9015
f 9015 9026 9013
f 9013 9010 9020
f 9010 9011 9019
f 9027 9012 9013
f 9027 9024 9018
f 9018 9019 9011
f 9011 9012 9027
f 9034 9041 9040
f 9039 9038 9037
f 9034 9040 9039
f 9036 9035 9034
f 9039 9037 9036
f 9042 9049 9048
f 9047 9046 9045
f 9042 9048 9047
f 9044 9043 9042
f 9047 9045 9044
f 9052 9051 9050
f 9041 9034 9045
f 9046 9047 9055
f 9054 9040 9041
f 9046 9055 9054
f 9056 9048 9049
f 9049 9038 9039
f 9057 9056 9049
f 9057 9039 9040
f 9047 9048 9056
f 9049 9042 9037
f 9052 9053 9043
f 9044 9045 9034
f 9034 9035 9051
f 9051 9052 9044
f 9036 9050 9051
f 9036 9037 9042
f 9042 9043 9053
f 9053 9050 9036
f 9058 9065 9064
f 9063 9062 9061
f 9058 9064 9063
f 9060 9059 9058
f 9063 9061 9060
f 9066 9073 9072
f 9071 9070 9069
f 9066 9072 9071
f 9068 9067 9066
f 9071 9069 9068
f 9076 9075 9074
f 9073 9066 9078
f 9080 9085 9084
f 9083 9079 9078
f 9080 9084 9083
f 9082 9081 9080
f 9083 9078 9082
f 9070 9071 9087
f 9086 9084 9085
f 9070 9087 9086
f 9088 9072 9073
f 9073 9079 9083
f 9089 9088 9073
f 9089 9083 9084
f 9071 9072 9088
f 9085 9080 9069
f 9082 9074 9075
f 9082 9078 9066
f 9066 9067 9077
f 9077 9074 9082
f 9076 9077 9067
f 9068 9069 9080
f 9080 9081 9075
f 9075 9076 9068
f 9090 9097 9096
f 9095 9094 9093
f 9090 9096 9095
f 9092 9091 9090
f 9095 9093 9092
f 9065 9058 9093
f 9094 9095 9099
f 9098 9064 9065
f 9094 9099 9098
f 9100 9096 9097
f 9097 9062 9063
f 9101 9100 9097
f 9101 9063 9064
f 9095 9096 9100
f 9097 9090 9061
f 9104 9103 9102
f 9060 9061 9090
f 9090 9091 9105
f 9105 9102 9060
f 9102 9103 9059
f 9104 9105 9091
f 9092 9093 9058
f 9058 9059 9103
f 9103 9104 9092
f 9108 9107 9106
f 9112 9111 9110
f 9116 9115 9114
f 9120 9119 9118
f 9124 9123 9122
f 9126 9133 9132
f 9131 9130 9129
f 9126 9132 9131
f 9128 9127 9126
f 9131 9129 9128
f 9134 9139 9138
f 9137 9125 9122
f 9134 9138 9137
f 9136 9135 9134
f 9137 9122 9136
f 9141 9140 9129
f 9140 9141 9147
f 9146 9145 9144
f 9140 9147 9146
f 9143 9142 9140
f 9146 9144 9143
f 9133 9126 9144
f 9130 9131 9149
f 9148 9147 9141
f 9130 9149 9148
f 9150 9132 9133
f 9133 9145 9146
f 9151 9150 9133
f 9131 9132 9150
f 9151 9146 9147
f 9118 9119 9142
f 9128 9129 9140
f 9140 9142 9119
f 9119 9120 9128
f 9120 9121 9127
f 9143 9144 9126
f 9126 9127 9121
f 9121 9118 9143
f 9123 9124 9157
f 9156 9155 9154
f 9123 9157 9156
f 9153 9152 9123
f 9156 9154 9153
f 9139 9134 9154
f 9125 9137 9159
f 9158 9157 9124
f 9125 9159 9158
f 9160 9138 9139
f 9139 9155 9156
f 9161 9160 9139
f 9137 9138 9160
f 9161 9156 9157
f 9114 9115 9152
f 9136 9122 9123
f 9123 9152 9115
f 9115 9116 9136
f 9116 9117 9135
f 9153 9154 9134
f 9134 9135 9117
f 9117 9114 9153
f 9162 9169 9168
f 9167 9166 9165
f 9162 9168 9167
f 9164 9163 9162
f 9167 9165 9164
f 9170 9177 9176
f 9175 9174 9173
f 9170 9176 9175
f 9172 9171 9170
f 9175 9173 9172
f 9179 9178 9173
f 9178 9179 9185
f 9184 9183 9182
f 9178 9185 9184
f 9181 9180 9178
f 9184 9182 9181
f 9177 9170 9182
f 9174 9175 9187
f 9186 9185 9179
f 9174 9187 9186
f 9188 9176 9177
f 9177 9183 9184
f 9189 9188 9177
f 9175 9176 9188
f 9189 9184 9185
f 9106 9107 9180
f 9172 9173 9178
f 9178 9180 9107
f 9107 9108 9172
f 9108 9109 9171
f 9181 9182 9170
f 9170 9171 9109
f 9109 9106 9181
f 9169 9162 9190
f 9192 9197 9196
f 9195 9191 9190
f 9192 9196 9195
f 9194 9193 9192
f 9195 9190 9194
f 9197 9192 9165
f 9198 9195 9196
f 9167 9168 9200
f 9200 9168 9169
f 9169 9191 9195
f 9198 9200 9169
f 9166 9167 9201
f 9199 9196 9197
f 9166 9201 9199
f 9164 9165 9192
f 9192 9193 9111
f 9111 9112 9164
f 9194 9110 9111
f 9194 9190 9162
f 9162 9163 9113
f 9113 9110 9194
f 9112 9113 9163
f 9202 9209 9208
f 9207 9206 9205
f 9202 9208 9207
f 9204 9203 9202
f 9207 9205 9204
f 9207 9208 9210
f 9214 9213 9212
f 9210 9208 9209
f 9209 9216 9213
f 9214 9210 9209
f 9206 9207 9211
f 9215 9212 9217
f 9206 9211 9215
f 9218 9217 9212
f 9213 9216 9221
f 9218 9212 9213
f 9220 9219 9218
f 9213 9221 9220
f 9209 9202 9221
f 9224 9223 9222
f 9217 9218 9205
f 9224 9225 9203
f 9204 9205 9218
f 9218 9219 9223
f 9223 9224 9204
f 9220 9222 9223
f 9220 9221 9202
f 9202 9203 9225
f 9225 9222 9220
f 9228 9227 9226
f 9227 9228 9235
f 9234 9233 9232
f 9227 9235 9234
f 9231 9230 9227
f 9234 9232 9231
f 9234 9235 9236
f 9240 9239 9238
f 9236 9235 9228
f 9228 9229 9239
f 9240 9236 9228
f 9233 9234 9237
f 9241 9238 9242
f 9233 9237 9241
f 9242 9243 9232
f 9243 9242 9238
f 9239 9229 9226
f 9243 9238 9239
f 9245 9244 9243
f 9239 9226 9245
f 9248 9247 9246
f 9245 9246 9247
f 9245 9226 9227
f 9227 9230 9249
f 9249 9246 9245
f 9231 9232 9243
f 9243 9244 9247
f 9247 9248 9231
f 9248 9249 9230
f 9250 9257 9256
f 9255 9254 9253
f 9250 9256 9255
f 9252 9251 9250
f 9255 9253 9252
f 9259 9258 9253
f 9258 9259 9265
f 9264 9263 9262
f 9258 9265 9264
f 9261 9260 9258
f 9264 9262 9261
f 9263 9264 9267
f 9266 9256 9257
f 9263 9267 9266
f 9268 9265 9259
f 9259 9254 9255
f 9269 9268 9259
f 9269 9255 9256
f 9264 9265 9268
f 9257 9250 9262
f 9272 9271 9270
f 9261 9262 9250
f 9250 9251 9271
f 9271 9272 9261
f 9272 9273 9260
f 9252 9253 9258
f 9258 9260 9273
f 9273 9270 9252
f 9270 9271 9251
f 9276 9275 9274
f 9275 9276 9283
f 9282 9281 9280
f 9275 9283 9282
f 9279 9278 9275
f 9282 9280 9279
f 9285 9284 9280
f 9284 9285 9289
f 9288 9277 9274
f 9284 9289 9288
f 9287 9286 9284
f 9288 9274 9287
f 9277 9288 9291
f 9290 9283 9276
f 9277 9291 9290
f 9292 9289 9285
f 9285 9281 9282
f 9293 9292 9285
f 9293 9282 9283
f 9288 9289 9292
f 9296 9295 9294
f 9279 9280 9284
f 9284 9286 9297
f 9297 9294 9279
f 9294 9295 9278
f 9296 9297 9286
f 9287 9274 9275
f 9275 9278 9295
f 9295 9296 9287
f 9298 9305 9304
f 9303 9302 9301
f 9298 9304 9303
f 9300 9299 9298
f 9303 9301 9300
f 9307 9306 9301
f 9306 9307 9313
f 9312 9311 9310
f 9306 9313 9312
f 9309 9308 9306
f 9312 9310 9309
f 9312 9313 9314
f 9316 9303 9304
f 9314 9313 9307
f 9307 9302 9303
f 9316 9314 9307
f 9311 9312 9315
f 9317 9304 9305
f 9311 9315 9317
f 9305 9298 9310
f 9320 9319 9318
f 9309 9310 9298
f 9298 9299 9319
f 9319 9320 9309
f 9320 9321 9308
f 9300 9301 9306
f 9306 9308 9321
f 9321 9318 9300
f 9318 9319 9299
o de_nuke_world_geometry.031
v 2068.518555 119.369713 -765.749207
v 2070.804688 119.369713 -765.749207
v 2242.254639 119.369713 -765.749207
v 2244.540771 119.369713 -765.749207
v 2244.540771 119.369713 -763.463196
v 2242.254639 119.369713 -763.463196
v 2070.804688 119.369713 -763.463196
v 2068.518555 119.369713 -763.463196
v 2244.540771 53.075687 -765.749207
v 2242.254639 53.075687 -765.749207
v 2242.254639 53.075687 -763.463196
v 2244.540771 53.075687 -763.463196
v 2070.804688 53.075687 -765.749207
v 2068.518555 53.075687 -765.749207
v 2068.518555 53.075687 -763.463196
v 2070.804688 53.075687 -763.463196
v 1522.164673 -244.104294 -500.573151
v 1519.878784 -244.104294 -500.573151
v 1519.878784 -244.104294 -498.287201
v 1522.164673 -244.104294 -498.287201
v 1522.164673 -177.810333 -498.287201
v 1519.878784 -177.810333 -498.287201
v 1519.878784 -177.810333 -500.573151
v 1522.164673 -177.810333 -500.573151
v 1519.878784 -244.104294 -287.975189
v 1519.878784 -244.104294 -290.261200
v 1522.164673 -244.104294 -287.975189
v 1522.164673 -244.104294 -290.261200
v 1522.164673 -177.810333 -287.975189
v 1519.878784 -177.810333 -287.975189
v 1519.878784 -177.810333 -290.261200
v 1522.164673 -177.810333 -290.261200
v 1522.164673 -244.104294 -107.381172
v 1519.878784 -244.104294 -107.381172
v 1519.878784 -244.104294 -105.095215
v 1522.164673 -244.104294 -105.095215
v 1522.164673 -177.810333 -105.095215
v 1519.878784 -177.810333 -105.095215
v 1519.878784 -177.810333 -107.381172
v 1522.164673 -177.810333 -107.381172
v 3348.678711 119.369713 1193.352905
v 3348.678711 119.369713 1191.066895
v 3350.964600 119.369713 1193.352905
v 3350.964600 119.369713 1191.066895
v 3350.964600 53.075687 1191.066895
v 3348.678711 53.075687 1191.066895
v 3348.678711 53.075687 1193.352905
v 3350.964600 53.075687 1193.352905
v 1522.164673 -244.104294 84.642792
v 1519.878784 -244.104294 84.642792
v 1519.878784 -244.104294 86.928864
v 1522.164673 -244.104294 86.928864
v 1522.164673 -177.810333 86.928864
v 1519.878784 -177.810333 86.928864
v 1519.878784 -177.810333 84.642792
v 1522.164673 -177.810333 84.642792
v 3104.076660 -241.818344 1474.530884
v 3101.790527 -241.818344 1474.530884
v 3101.790527 -241.818344 1476.816895
v 3104.076660 -241.818344 1476.816895
v 3104.076660 -212.100327 1474.530884
v 3101.790527 -212.100327 1474.530884
v 3104.076660 -212.100327 1476.816895
v 3101.790527 -212.100327 1476.816895
v 2957.772705 -241.818344 1474.530884
v 2955.486572 -241.818344 1474.530884
v 2955.486572 -241.818344 1476.816895
v 2957.772705 -241.818344 1476.816895
v 2955.486572 -212.100327 1476.816895
v 2957.772705 -212.100327 1476.816895
v 2955.486572 -212.100327 1474.530884
v 2957.772705 -212.100327 1474.530884
v 1522.164673 -177.810333 1559.112793
v 1519.878784 -177.810333 1559.112793
v 1519.878784 -177.810333 1556.826904
v 1522.164673 -177.810333 1556.826904
v 1522.164673 -177.810333 1769.424927
v 1519.878784 -177.810333 1769.424927
v 1519.878784 -177.810333 1767.138916
v 1522.164673 -177.810333 1767.138916
v 1522.164673 -177.810333 1376.232910
v 1519.878784 -177.810333 1376.232910
v 1519.878784 -177.810333 1373.946899
v 1522.164673 -177.810333 1373.946899
v 1522.164673 -177.810333 1184.208862
v 1519.878784 -177.810333 1184.208862
v 1519.878784 -177.810333 1181.922852
v 1522.164673 -177.810333 1181.922852
v 1519.878784 -244.104294 1184.208862
v 1522.164673 -244.104294 1184.208862
v 1522.164673 -244.104294 1181.922852
v 1519.878784 -244.104294 1181.922852
v 1519.878784 -244.104294 1376.232910
v 1522.164673 -244.104294 1376.232910
v 1522.164673 -244.104294 1373.946899
v 1519.878784 -244.104294 1373.946899
v 1519.878784 -244.104294 1559.112793
v 1522.164673 -244.104294 1559.112793
v 1522.164673 -244.104294 1556.826904
v 1519.878784 -244.104294 1556.826904
v 1519.878784 -244.104294 1767.138916
v 1519.878784 -244.104294 1769.424927
v 1522.164673 -244.104294 1767.138916
v 1522.164673 -244.104294 1769.424927
v 971.238708 119.369713 -866.333191
v 973.524658 119.369713 -866.333191
v 973.524658 119.369713 -864.047180
v 971.238708 119.369713 -864.047180
v 971.238708 53.075687 -864.047180
v 971.238708 53.075687 -866.333191
v 973.524658 53.075687 -864.047180
v 973.524658 53.075687 -866.333191
v 971.238708 119.369713 -598.871216
v 971.238708 119.369713 -601.157166
v 973.524658 119.369713 -598.871216
v 973.524658 119.369713 -601.157166
v 632.910645 119.369713 -610.301147
v 635.196655 119.369713 -610.301147
v 632.910645 119.369713 -235.397186
v 635.196655 119.369713 -235.397186
v 635.196655 119.369713 -608.015198
v 632.910645 119.369713 -608.015198
v 635.196655 119.369713 -233.111176
v 632.910645 119.369713 -233.111176
v 971.238708 53.075687 -598.871216
v 971.238708 53.075687 -601.157166
v 973.524658 53.075687 -598.871216
v 973.524658 53.075687 -601.157166
v 635.196655 53.075687 -610.301147
v 632.910645 53.075687 -610.301147
v 632.910645 53.075687 -608.015198
v 635.196655 53.075687 -608.015198
v 635.196655 53.075687 -235.397186
v 632.910645 53.075687 -235.397186
v 632.910645 53.075687 -233.111176
v 635.196655 53.075687 -233.111176
v 632.910645 119.369713 38.922844
v 635.196655 119.369713 38.922844
v 635.196655 119.369713 41.208801
v 632.910645 119.369713 41.208801
v 632.910645 53.075687 41.208801
v 632.910645 53.075687 38.922844
v 635.196655 53.075687 41.208801
v 635.196655 53.075687 38.922844
s 0
f 9327 9333 9326
f 9326 9330 9325
f 9325 9331 9324
f 9324 9332 9327
f 9322 9336 9329
f 9329 9337 9328
f 9328 9334 9323
f 9323 9335 9322
f 9344 9342 9345
f 9345 9339 9344
f 9342 9338 9345
f 9344 9340 9343
f 9343 9341 9342
f 9352 9350 9353
f 9351 9348 9350
f 9352 9346 9351
f 9353 9347 9352
f 9350 9349 9353
f 9360 9358 9361
f 9359 9357 9358
f 9358 9354 9361
f 9360 9356 9359
f 9361 9355 9360
f 9365 9367 9363
f 9363 9368 9362
f 9362 9369 9364
f 9364 9366 9365
f 9376 9374 9377
f 9375 9373 9374
f 9376 9372 9375
f 9377 9371 9376
f 9374 9370 9377
f 9382 9379 9383
f 9383 9384 9382
f 9384 9378 9382
f 9385 9381 9384
f 9383 9380 9385
f 9390 9389 9391
f 9392 9391 9393
f 9391 9386 9393
f 9392 9388 9390
f 9393 9387 9392
f 9396 9394 9397
f 9400 9398 9401
f 9404 9402 9405
f 9408 9406 9409
f 9407 9411 9406
f 9408 9410 9407
f 9409 9413 9408
f 9406 9412 9409
f 9403 9415 9402
f 9404 9414 9403
f 9405 9417 9404
f 9402 9416 9405
f 9395 9419 9394
f 9396 9418 9395
f 9397 9421 9396
f 9394 9420 9397
f 9400 9423 9399
f 9399 9425 9398
f 9398 9424 9401
f 9401 9422 9400
f 9428 9433 9427
f 9429 9432 9428
f 9427 9431 9426
f 9426 9430 9429
f 9437 9447 9435
f 9436 9449 9437
f 9434 9448 9436
f 9435 9446 9434
f 9439 9451 9438
f 9442 9450 9439
f 9438 9452 9443
f 9443 9453 9442
f 9440 9456 9445
f 9441 9455 9440
f 9444 9454 9441
f 9445 9457 9444
f 9459 9463 9458
f 9460 9465 9459
f 9458 9462 9461
f 9461 9464 9460
f 9327 9332 9333
f 9326 9333 9330
f 9325 9330 9331
f 9324 9331 9332
f 9322 9335 9336
f 9329 9336 9337
f 9328 9337 9334
f 9323 9334 9335
f 9344 9343 9342
f 9345 9338 9339
f 9342 9341 9338
f 9344 9339 9340
f 9343 9340 9341
f 9352 9351 9350
f 9351 9346 9348
f 9352 9347 9346
f 9353 9349 9347
f 9350 9348 9349
f 9360 9359 9358
f 9359 9356 9357
f 9358 9357 9354
f 9360 9355 9356
f 9361 9354 9355
f 9365 9366 9367
f 9363 9367 9368
f 9362 9368 9369
f 9364 9369 9366
f 9376 9375 9374
f 9375 9372 9373
f 9376 9371 9372
f 9377 9370 9371
f 9374 9373 9370
f 9382 9378 9379
f 9383 9385 9384
f 9384 9381 9378
f 9385 9380 9381
f 9383 9379 9380
f 9390 9388 9389
f 9392 9390 9391
f 9391 9389 9386
f 9392 9387 9388
f 9393 9386 9387
f 9396 9395 9394
f 9400 9399 9398
f 9404 9403 9402
f 9408 9407 9406
f 9407 9410 9411
f 9408 9413 9410
f 9409 9412 9413
f 9406 9411 9412
f 9403 9414 9415
f 9404 9417 9414
f 9405 9416 9417
f 9402 9415 9416
f 9395 9418 9419
f 9396 9421 9418
f 9397 9420 9421
f 9394 9419 9420
f 9400 9422 9423
f 9399 9423 9425
f 9398 9425 9424
f 9401 9424 9422
f 9428 9432 9433
f 9429 9430 9432
f 9427 9433 9431
f 9426 9431 9430
f 9437 9449 9447
f 9436 9448 9449
f 9434 9446 9448
f 9435 9447 9446
f 9439 9450 9451
f 9442 9453 9450
f 9438 9451 9452
f 9443 9452 9453
f 9440 9455 9456
f 9441 9454 9455
f 9444 9457 9454
f 9445 9456 9457
f 9459 9465 9463
f 9460 9464 9465
f 9458 9463 9462
f 9461 9462 9464
o de_nuke_world_geometry.032
v 2363.412842 -246.390305 -60.518188
v 2473.140869 -246.390305 -60.518188
v 2473.140869 -246.390305 -78.806190
v 2363.412842 -246.390305 -78.806190
v 2329.648682 -246.390305 -78.806190
v 2118.639160 -246.390305 -78.806190
v 2107.380859 -246.390305 -78.806190
v 2107.380859 -246.390305 -60.518188
v 2674.308594 -246.390305 -316.550171
v 2674.308594 -246.390305 -371.414154
v 2619.444580 -246.390305 -371.414154
v 2491.428711 -246.390305 -371.414154
v 2491.428711 -246.390305 -97.094193
v 2674.308594 -246.390305 -279.974152
v 2674.308594 -246.390305 -60.518188
v 2674.308594 -246.390305 -499.430176
v 2637.732666 -246.390305 -536.006165
v 2619.444580 -246.390305 -536.006165
v 2363.412842 -246.390305 -536.006165
v 2363.412842 -246.390305 -371.414154
v 2290.260742 -246.390305 -536.006165
v 2345.124756 -246.390305 -536.006165
v 2345.124756 -246.390305 -572.582214
v 2308.548828 -246.390305 -609.158203
v 2290.260742 -246.390305 -609.158203
v 2034.228760 -246.390305 -609.158203
v 2034.228760 -246.390305 -536.006165
v 2290.260742 -246.390305 -371.414154
v 2345.124756 -246.390305 -371.414154
v 2034.228760 -246.390305 -371.414154
v 2345.124756 -246.390305 -353.126160
v 2345.124756 -246.390305 -362.270172
v 2290.260742 -246.390305 -279.974152
v 2308.548828 -246.390305 -279.974152
v 2345.124756 -246.390305 -279.974152
v 2034.228760 -246.390305 -279.974152
v 1993.080566 -246.390305 -279.974152
v 2015.940918 -246.390305 -279.974152
v 2015.940918 -246.390305 -353.126160
v 1993.080566 -246.390305 -353.126160
v 2015.940918 -246.390305 -536.006165
v 2015.940918 -246.390305 -609.158203
v 1993.080566 -246.390305 -609.158203
v 1924.500732 -246.390305 -353.126160
v 1924.500732 -246.390305 -279.974152
v 1924.500732 -246.390305 -609.158203
v 1924.500732 -246.390305 -462.854187
v 2107.380859 -246.390305 -42.230186
v 2107.380859 -246.390305 76.641769
v 2107.380859 -246.390305 30.921822
v 2363.412842 -246.390305 -42.230186
v 2381.700928 -246.390305 -42.230186
v 2473.140869 -246.390305 -42.230186
v 2125.668701 -246.390305 -42.230186
v 2363.412842 -246.390305 76.641769
v 2473.140869 -246.390305 76.641769
v 2473.140869 -246.390305 30.921822
v 2381.700928 -246.390305 30.921822
v 2363.412842 -246.390305 30.921822
v 2125.668701 -246.390305 30.921822
v 2118.639160 -246.390305 76.641769
v 2610.300781 -246.390305 1055.049927
v 2674.308594 -246.390305 1055.049927
v 2674.308594 -246.390305 927.033813
v 2491.428711 -246.390305 927.033813
v 2491.428711 -246.390305 1055.049927
v 2491.428711 -246.390305 799.017883
v 2692.596680 -246.390305 908.745911
v 2692.596680 -246.390305 780.729797
v 2491.428711 -246.390305 780.729797
v 2692.596680 -246.390305 725.865784
v 2674.308594 -246.390305 707.577759
v 2601.156738 -246.390305 634.425781
v 2491.428711 -246.390305 524.697876
v 2491.428711 -246.390305 542.985901
v 2674.308594 -246.390305 634.425781
v 2674.308594 -246.390305 451.545868
v 2674.308594 -246.390305 378.393860
v 2491.428711 -246.390305 378.393860
v 2674.308594 -246.390305 195.513840
v 2674.308594 -246.390305 122.361832
v 2518.860596 -246.390305 122.361832
v 2491.428711 -246.390305 122.361832
v 2491.428711 -246.390305 286.953857
v 2491.428711 -246.390305 94.929771
v 2692.596680 -264.678284 908.745911
v 2765.748535 -264.678284 908.745911
v 2692.596680 -264.678284 725.865784
v 2765.748535 -264.678284 725.865784
v 2107.380859 -246.390305 1192.209839
v 2107.380859 -246.390305 1228.785889
v 2107.380859 -246.390305 1347.657715
v 2107.380859 -246.390305 1301.937866
v 2820.613037 -282.966309 1384.233765
v 2820.613037 -282.966309 1567.113770
v 2820.613037 -264.678284 1402.521851
v 2820.613037 -264.678284 1548.825928
v 2491.428711 -246.390305 1173.921753
v 2560.008789 -246.390305 1105.341919
v 2674.308594 -246.390305 1219.641846
v 2486.856689 -246.390305 1361.373901
v 2491.428711 -246.390305 1365.945801
v 2518.860596 -246.390305 1393.377808
v 2637.732666 -246.390305 1393.377808
v 2692.596680 -246.390305 1393.377808
v 2692.596680 -246.390305 1361.373901
v 2473.140869 -246.390305 1192.209839
v 2473.140869 -246.390305 1228.785889
v 2473.140869 -246.390305 1301.937866
v 2473.140869 -246.390305 1347.657715
v 2692.596680 -246.390305 1237.929688
v 2491.428711 -246.390305 1393.377808
v 2692.596680 -246.390305 1493.961792
v 2637.732666 -246.390305 1640.265747
v 2656.020752 -246.390305 1640.265747
v 2692.596680 -246.390305 1640.265747
v 2473.140869 -246.390305 1411.665894
v 2381.700928 -246.390305 1503.105835
v 2381.700928 -246.390305 1621.977905
v 2399.988770 -246.390305 1640.265747
v 2381.700928 -246.390305 1411.665894
v 2784.036621 -246.390305 1640.265747
v 2802.324707 -246.390305 1621.977905
v 2802.324707 -246.390305 1567.113770
v 2802.324707 -246.390305 1493.961792
v 2802.324707 -246.390305 1384.233765
v 2802.324707 -246.390305 1256.217896
v 2784.036621 -246.390305 1237.929688
v 2381.700928 -246.390305 1301.937866
v 2381.700928 -246.390305 1228.785889
v 2125.668701 -246.390305 1301.937866
v 2363.412842 -246.390305 1301.937866
v 2363.412842 -246.390305 1228.785889
v 2125.668701 -246.390305 1228.785889
v 2363.412842 -246.390305 1347.657715
v 2118.639160 -246.390305 1347.657715
v 2363.412842 -246.390305 1192.209839
v 2118.639160 -246.390305 1192.209839
v 2802.324707 -282.966309 1384.233765
v 2802.324707 -282.966309 1567.113770
v 2802.324707 -264.678284 1548.825928
v 2802.324707 -264.678284 1402.521851
v 925.690125 -246.390305 -78.806190
v 936.948669 -246.390305 -78.806190
v 827.220642 -246.390305 -78.806190
v 571.188660 -246.390305 -78.806190
v 808.932678 -246.390305 -78.806190
v 552.900635 -246.390305 -78.806190
v 552.900635 -246.390305 -97.094193
v 552.900635 -246.390305 -115.382195
v 388.308685 -246.390305 -115.382195
v 388.308685 -246.390305 -78.806190
v 370.020660 -246.390305 -115.382195
v 370.020660 -246.390305 -78.806190
v 552.900635 -246.390305 1091.625977
v 552.900635 -246.390305 945.321899
v 370.020660 -246.390305 945.321899
v 370.020660 -246.390305 1091.625977
v 552.900635 -246.390305 835.593933
v 552.900635 -246.390305 689.289795
v 370.020660 -246.390305 689.289795
v 370.020660 -246.390305 835.593933
v 552.900635 -246.390305 579.561890
v 552.900635 -246.390305 433.257874
v 370.020660 -246.390305 433.257874
v 370.020660 -246.390305 579.561890
v 552.900635 -246.390305 323.529846
v 552.900635 -246.390305 177.225830
v 370.020660 -246.390305 177.225830
v 370.020660 -246.390305 323.529846
v 552.900635 -246.390305 94.929771
v 552.900635 -246.390305 76.641769
v 552.900635 -246.390305 30.921822
v 552.900635 -246.390305 -42.230186
v 370.020660 -246.390305 67.497826
v 808.932678 -246.390305 -42.230186
v 918.660706 -246.390305 -42.230186
v 936.948669 -246.390305 -42.230186
v 571.188660 -246.390305 76.641769
v 808.932678 -246.390305 76.641769
v 827.220642 -246.390305 76.641769
v 925.690125 -246.390305 76.641769
v 936.948669 -246.390305 76.641769
v 936.948669 -246.390305 30.921822
v 918.660706 -246.390305 30.921822
v 808.932678 -246.390305 30.921822
v 370.020660 -246.390305 1128.201904
v 370.020660 -246.390305 1173.921753
v 552.900635 -246.390305 1173.921753
v 552.900635 -246.390305 1137.345825
v 370.020660 -246.390305 1365.945801
v 552.900635 -246.390305 1365.945801
v 571.188660 -246.390305 1347.657715
v 571.188660 -246.390305 1192.209839
v 370.020660 -246.390305 1384.233765
v 552.900635 -246.390305 1384.233765
v 872.940674 -246.390305 1301.937866
v 918.660706 -246.390305 1301.937866
v 918.660706 -246.390305 1228.785889
v 872.940674 -246.390305 1228.785889
v 690.060669 -246.390305 1228.785889
v 616.908630 -246.390305 1301.937866
v 827.220642 -246.390305 1301.937866
v 827.220642 -246.390305 1347.657715
v 925.690125 -246.390305 1347.657715
v 936.948669 -246.390305 1347.657715
v 936.948669 -246.390305 1301.937866
v 925.690125 -246.390305 1192.209839
v 827.220642 -246.390305 1192.209839
v 726.636658 -246.390305 1192.209839
v 936.948669 -246.390305 1228.785889
v 936.948669 -246.390305 1192.209839
s 0
f 9468 9466 9469
f 9466 9472 9471
f 9478 9476 9474
f 9480 9468 9478
f 9476 9482 9481
f 9477 9484 9483
f 9489 9487 9486
f 9486 9491 9490
f 9487 9485 9494
f 9493 9492 9486
f 9499 9493 9497
f 9501 9493 9498
f 9504 9502 9505
f 9508 9506 9504
f 9502 9509 9505
f 9505 9512 9511
f 9467 9517 9516
f 9516 9519 9473
f 9523 9521 9520
f 9526 9515 9525
f 9518 9523 9517
f 9516 9523 9524
f 9530 9528 9527
f 9534 9529 9532
f 9540 9538 9536
f 9541 9537 9538
f 9542 9538 9539
f 9549 9547 9545
f 9546 9550 9518
f 9550 9547 9548
f 9551 9554 9552
f 9531 9564 9563
f 9565 9527 9528
f 9569 9567 9566
f 9571 9573 9563
f 9567 9568 9577
f 9580 9569 9578
f 9585 9582 9568
f 9586 9582 9583
f 9589 9587 9578
f 9571 9593 9591
f 9573 9594 9595
f 9598 9594 9597
f 9594 9575 9600
f 9601 9558 9596
f 9572 9595 9598
f 9599 9555 9603
f 9562 9607 9561
f 9560 9606 9562
f 9604 9561 9607
f 9616 9614 9613
f 9611 9613 9614
f 9619 9616 9617
f 9622 9620 9623
f 9627 9625 9624
f 9631 9629 9628
f 9635 9633 9632
f 9617 9637 9636
f 9608 9642 9641
f 9641 9613 9611
f 9644 9636 9637
f 9650 9647 9646
f 9645 9644 9638
f 9642 9651 9641
f 9651 9639 9641
f 9655 9653 9652
f 9654 9658 9656
f 9657 9660 9656
f 9664 9662 9665
f 9662 9668 9666
f 9663 9670 9669
f 9669 9667 9668
f 9664 9665 9674
f 9675 9666 9658
f 9468 9467 9466
f 9470 9469 9466
f 9466 9473 9472
f 9471 9470 9466
f 9474 9479 9478
f 9478 9477 9476
f 9476 9475 9474
f 9478 9479 9480
f 9480 9467 9468
f 9481 9475 9476
f 9476 9483 9482
f 9483 9476 9477
f 9477 9485 9484
f 9486 9490 9489
f 9489 9488 9487
f 9486 9492 9491
f 9493 9486 9487
f 9487 9484 9485
f 9494 9493 9487
f 9493 9495 9492
f 9496 9500 9499
f 9499 9498 9493
f 9493 9494 9497
f 9497 9496 9499
f 9501 9495 9493
f 9504 9503 9502
f 9504 9505 9508
f 9508 9507 9506
f 9502 9510 9509
f 9511 9508 9505
f 9505 9509 9512
f 9516 9466 9467
f 9467 9518 9517
f 9473 9466 9516
f 9519 9513 9473
f 9520 9524 9523
f 9523 9522 9521
f 9525 9524 9520
f 9526 9514 9515
f 9525 9520 9526
f 9518 9522 9523
f 9525 9519 9516
f 9516 9517 9523
f 9524 9525 9516
f 9527 9531 9530
f 9530 9529 9528
f 9532 9535 9534
f 9534 9533 9529
f 9529 9530 9532
f 9534 9535 9540
f 9540 9539 9538
f 9538 9537 9536
f 9536 9534 9540
f 9539 9544 9543
f 9542 9541 9538
f 9539 9543 9542
f 9543 9544 9549
f 9549 9548 9547
f 9547 9546 9545
f 9545 9543 9549
f 9467 9480 9546
f 9546 9547 9550
f 9550 9521 9522
f 9518 9467 9546
f 9550 9522 9518
f 9551 9553 9554
f 9531 9527 9564
f 9565 9564 9527
f 9566 9571 9570
f 9569 9568 9567
f 9566 9570 9569
f 9563 9564 9565
f 9565 9576 9571
f 9571 9566 9575
f 9571 9575 9574
f 9563 9565 9571
f 9573 9572 9563
f 9571 9574 9573
f 9578 9581 9580
f 9580 9579 9569
f 9569 9570 9578
f 9569 9579 9585
f 9585 9584 9583
f 9582 9577 9568
f 9585 9583 9582
f 9568 9569 9585
f 9578 9590 9589
f 9589 9588 9587
f 9587 9581 9578
f 9591 9590 9578
f 9591 9578 9570
f 9593 9592 9591
f 9571 9576 9593
f 9591 9570 9571
f 9573 9574 9594
f 9596 9599 9598
f 9598 9595 9594
f 9597 9596 9598
f 9600 9597 9594
f 9594 9574 9575
f 9596 9597 9600
f 9601 9557 9558
f 9596 9600 9601
f 9598 9602 9572
f 9572 9573 9595
f 9603 9602 9598
f 9599 9556 9555
f 9603 9598 9599
f 9562 9606 9607
f 9560 9605 9606
f 9604 9559 9561
f 9613 9617 9616
f 9616 9615 9614
f 9619 9618 9616
f 9622 9621 9620
f 9621 9622 9627
f 9627 9626 9625
f 9624 9621 9627
f 9625 9626 9631
f 9631 9630 9629
f 9628 9625 9631
f 9629 9630 9635
f 9635 9634 9633
f 9632 9629 9635
f 9633 9634 9640
f 9640 9619 9617
f 9617 9613 9639
f 9617 9639 9638
f 9633 9640 9617
f 9636 9633 9617
f 9617 9638 9637
f 9641 9612 9610
f 9608 9609 9643
f 9641 9610 9608
f 9608 9643 9642
f 9611 9612 9641
f 9641 9639 9613
f 9645 9651 9650
f 9650 9649 9648
f 9650 9648 9647
f 9646 9645 9650
f 9638 9651 9645
f 9644 9637 9638
f 9642 9650 9651
f 9651 9638 9639
f 9652 9623 9620
f 9655 9654 9653
f 9652 9620 9655
f 9656 9653 9654
f 9654 9659 9658
f 9658 9657 9656
f 9657 9661 9660
f 9664 9663 9662
f 9666 9665 9662
f 9668 9667 9666
f 9669 9668 9662
f 9663 9672 9671
f 9669 9662 9663
f 9663 9671 9670
f 9669 9658 9667
f 9673 9677 9676
f 9673 9676 9664
f 9666 9675 9674
f 9674 9673 9664
f 9665 9666 9674
f 9658 9659 9675
f 9666 9667 9658
o de_nuke_world_geometry.033
v 2015.940918 -392.694305 -353.126160
v 2015.940918 -392.694305 -279.974152
v 1993.080566 -392.694305 -279.974152
v 1993.080566 -392.694305 -353.126160
v 1993.080566 -392.694305 -609.158203
v 2015.940918 -392.694305 -609.158203
v 2015.940918 -392.694305 -536.006165
v 1238.700684 -8.646305 -97.094193
v 1174.692749 -8.646305 -97.094193
v 1174.692749 -8.646305 -87.950134
v 1238.700684 -8.646305 -87.950134
v 1924.500732 -392.694305 -279.974152
v 1924.500732 -392.694305 -609.158203
v 1924.500732 -392.694305 -353.126160
v 1924.500732 -392.694305 -389.702179
v 1887.924683 -392.694305 -645.734192
v 1887.924683 -392.694305 -572.582214
v 1887.924683 -392.694305 -389.702179
v 1887.924683 -392.694305 -316.550171
v 1887.924683 -392.694305 -243.398209
v 1174.692749 -100.086288 -97.094193
v 1238.700684 -100.086288 -97.094193
v 1174.692749 -100.086288 -87.950134
v 1238.700684 -100.086288 -87.950134
v 1275.276733 -8.646305 241.233795
v 1211.268799 -8.646305 241.233795
v 1211.268799 -8.646305 250.377838
v 1275.276733 -8.646305 250.377838
v 1275.276733 -54.366310 250.377838
v 1211.268799 -54.366310 250.377838
v 1275.276733 -54.366310 241.233795
v 1211.268799 -54.366310 241.233795
v 1247.844727 -17.790306 -97.094193
v 1247.844727 -36.078308 -97.094193
v 1247.844727 -36.078308 -98.237228
v 1247.844727 -17.790306 -98.237228
v 1293.564697 -17.790306 -98.237228
v 1293.564697 -36.078308 -98.237228
v 1293.564697 -36.078308 -97.094193
v 1293.564697 -17.790306 -97.094193
s 0
f 9680 9678 9681
f 9678 9684 9682
f 9687 9685 9688
f 9681 9689 9680
f 9682 9692 9691
f 9691 9695 9696
f 9690 9694 9695
f 9699 9688 9685
f 9700 9686 9687
f 9704 9702 9705
f 9704 9709 9703
f 9709 9706 9708
f 9702 9706 9705
f 9712 9710 9713
f 9716 9714 9717
f 9716 9712 9715
f 9714 9710 9717
f 9711 9717 9710
f 9680 9679 9678
f 9682 9681 9678
f 9684 9683 9682
f 9687 9686 9685
f 9681 9691 9689
f 9691 9681 9682
f 9682 9690 9692
f 9697 9689 9691
f 9691 9692 9695
f 9696 9697 9691
f 9695 9692 9690
f 9690 9693 9694
f 9699 9701 9688
f 9700 9698 9686
f 9704 9703 9702
f 9704 9707 9709
f 9709 9707 9706
f 9702 9708 9706
f 9712 9711 9710
f 9716 9715 9714
f 9716 9711 9712
f 9714 9713 9710
f 9711 9716 9717
o de_nuke_world_geometry.034
v 2473.140869 -392.694305 -60.518188
v 2473.140869 -392.694305 -78.806190
v 2491.428711 -392.694305 -97.094193
v 2674.308594 -392.694305 -279.974152
v 2674.308594 -392.694305 -60.518188
v 2491.428711 -392.694305 -371.414154
v 2674.308594 -392.694305 -371.414154
v 2674.308594 -392.694305 -316.550171
v 2473.140869 -392.694305 -371.414154
v 2473.140869 -392.694305 -536.006165
v 2637.732666 -392.694305 -536.006165
v 2674.308594 -392.694305 -499.430176
v 2345.124756 -392.694305 -371.414154
v 2345.124756 -392.694305 -536.006165
v 2363.412842 -392.694305 -536.006165
v 2308.548828 -392.694305 -279.974152
v 2034.228760 -392.694305 -279.974152
v 2034.228760 -392.694305 -362.270172
v 2290.260742 -392.694305 -362.270172
v 2308.548828 -392.694305 -362.270172
v 2290.260742 -392.694305 -609.158203
v 2308.548828 -392.694305 -609.158203
v 2345.124756 -392.694305 -572.582214
v 2345.124756 -392.694305 -362.270172
v 2034.228760 -392.694305 -536.006165
v 2034.228760 -392.694305 -609.158203
v 3277.812744 -374.406311 1603.689819
v 3277.812744 -374.406311 1621.977905
v 3277.812744 -374.406311 1640.265747
v 3277.812744 -374.406311 1585.401855
v 3460.692871 -374.406311 1365.945801
v 3424.116699 -374.406311 1365.945801
v 3533.844971 -374.406311 1365.945801
v 3552.132568 -374.406311 1365.945801
v 3277.812744 -374.406311 1365.945801
v 3533.844971 -374.406311 1658.553833
v 3552.132568 -374.406311 1658.553833
v 3296.100830 -374.406311 1658.553833
v 3570.420654 -374.406311 1621.977905
v 3570.420654 -374.406311 1384.233765
v 3570.420654 -374.406311 1640.265747
v 3533.844971 -374.406311 1621.977905
v 3149.796875 -392.694305 1585.401855
v 3241.236816 -392.694305 1585.401855
v 3241.236816 -392.694305 1365.945801
v 3149.796875 -392.694305 1365.945801
v 2674.308594 -392.694305 1055.049927
v 2674.308594 -392.694305 927.033813
v 2674.308594 -392.694305 195.513840
v 2674.308594 -392.694305 122.361832
v 2674.308594 -392.694305 451.545868
v 2674.308594 -392.694305 378.393860
v 2674.308594 -392.694305 707.577759
v 2674.308594 -392.694305 634.425781
v 2692.596680 -392.694305 908.745911
v 2765.748535 -392.694305 908.745911
v 2765.748535 -392.694305 725.865784
v 2692.596680 -392.694305 725.865784
v 2674.308594 -392.694305 725.865784
v 2674.308594 -392.694305 908.745911
v 2674.308594 -392.694305 890.457825
v 2491.428711 -392.694305 94.929771
v 2518.860596 -392.694305 122.361832
v 2491.428711 -392.694305 122.361832
v 2473.140869 -392.694305 76.641769
v 2491.428711 -392.694305 927.033813
v 2491.428711 -392.694305 890.457825
v 2491.428711 -392.694305 799.017883
v 2491.428711 -392.694305 634.425781
v 2491.428711 -392.694305 542.985901
v 2491.428711 -392.694305 378.393860
v 2491.428711 -392.694305 286.953857
v 2610.300781 -392.694305 1055.049927
v 2491.428711 -392.694305 1055.049927
v 2674.308594 -392.694305 1219.641846
v 2665.164551 -392.694305 1219.641846
v 2473.140869 -392.694305 1219.641846
v 2473.140869 -392.694305 1192.209839
v 2491.428711 -392.694305 1173.921753
v 3076.644775 -392.694305 1585.401855
v 3076.644775 -392.694305 1365.945801
v 2820.613037 -392.694305 1585.401855
v 2820.613037 -392.694305 1567.113770
v 2820.613037 -392.694305 1384.233765
v 2820.613037 -392.694305 1365.945801
v 2473.140869 -392.694305 1347.657715
v 2646.876709 -392.694305 1237.929688
v 2692.596680 -392.694305 1237.929688
v 2756.604736 -392.694305 1237.929688
v 2784.036621 -392.694305 1237.929688
v 2802.324707 -392.694305 1256.217896
v 2802.324707 -392.694305 1384.233765
v 2756.604736 -392.694305 1384.233765
v 2729.172852 -392.694305 1384.233765
v 2500.572754 -392.694305 1384.233765
v 2505.144531 -392.694305 1379.661865
v 2802.324707 -392.694305 1567.113770
v 2729.172852 -392.694305 1567.113770
v 2473.140869 -392.694305 1567.113770
v 2473.140869 -392.694305 1411.665894
v 2491.428711 -392.694305 1393.377808
v 2802.324707 -392.694305 1621.977905
v 2784.036621 -392.694305 1640.265747
v 2729.172852 -392.694305 1640.265747
v 2656.020752 -392.694305 1640.265747
v 2473.140869 -392.694305 1640.265747
v 2491.428711 -392.694305 1365.945801
v 2381.700928 -392.694305 1411.665894
v 2399.988770 -392.694305 1640.265747
v 2381.700928 -392.694305 1621.977905
v 571.188660 -392.694305 -78.806190
v 388.308685 -392.694305 -115.382195
v 552.900635 -392.694305 -115.382195
v 552.900635 -392.694305 -97.094193
v 388.308685 -392.694305 -97.094193
v 388.308685 -392.694305 -78.806190
v 370.020660 -392.694305 -115.382195
v 370.020660 -392.694305 -78.806190
v 571.188660 -392.694305 76.641769
v 370.020660 -392.694305 67.497826
v 370.020660 -392.694305 94.929771
v 370.020660 -392.694305 323.529846
v 370.020660 -392.694305 350.961792
v 370.020660 -392.694305 579.561890
v 370.020660 -392.694305 606.993835
v 370.020660 -392.694305 835.593933
v 370.020660 -392.694305 863.025879
v 370.020660 -392.694305 1091.625977
v 552.900635 -392.694305 863.025879
v 552.900635 -392.694305 1091.625977
v 552.900635 -392.694305 606.993835
v 552.900635 -392.694305 835.593933
v 552.900635 -392.694305 350.961792
v 552.900635 -392.694305 579.561890
v 552.900635 -392.694305 94.929771
v 552.900635 -392.694305 323.529846
v 571.188660 -392.694305 1192.209839
v 571.188660 -392.694305 1347.657715
v 370.020660 -392.694305 1384.233765
v 552.900635 -392.694305 1384.233765
v 370.020660 -392.694305 1128.201904
v 370.020660 -392.694305 1173.921753
v 370.020660 -392.694305 1365.945801
v 552.900635 -392.694305 1365.945801
v 552.900635 -392.694305 1173.921753
v 552.900635 -392.694305 1137.345825
s 0
f 9721 9719 9718
f 9721 9725 9723
f 9729 9727 9723
f 9732 9730 9726
f 9736 9734 9733
f 9737 9731 9739
f 9738 9742 9735
f 9756 9753 9754
f 9757 9750 9759
f 9745 9755 9753
f 9749 9747 9744
f 9763 9761 9762
f 9775 9770 9776
f 9775 9778 9772
f 9772 9777 9765
f 9781 9780 9779
f 9767 9718 9779
f 9784 9765 9777
f 9770 9785 9784
f 9768 9788 9787
f 9766 9780 9789
f 9783 9790 9764
f 9790 9795 9793
f 9791 9796 9790
f 9798 9760 9763
f 9801 9800 9797
f 9792 9804 9805
f 9809 9807 9806
f 9805 9813 9811
f 9814 9809 9810
f 9811 9818 9816
f 9820 9814 9815
f 9815 9823 9822
f 9804 9794 9824
f 9812 9824 9818
f 9826 9816 9825
f 9831 9829 9832
f 9833 9831 9832
f 9833 9832 9834
f 9846 9845 9847
f 9849 9842 9843
f 9851 9840 9841
f 9853 9838 9839
f 9837 9852 9828
f 9857 9860 9856
f 9861 9854 9859
f 9858 9862 9863
f 9718 9722 9721
f 9721 9720 9719
f 9723 9720 9721
f 9725 9724 9723
f 9723 9724 9729
f 9729 9728 9727
f 9727 9726 9723
f 9726 9727 9732
f 9732 9731 9730
f 9733 9737 9736
f 9736 9735 9734
f 9738 9736 9737
f 9737 9741 9730
f 9731 9740 9739
f 9737 9730 9731
f 9739 9738 9737
f 9735 9736 9738
f 9738 9743 9742
f 9754 9758 9756
f 9756 9759 9753
f 9759 9756 9757
f 9757 9751 9750
f 9753 9759 9745
f 9745 9746 9755
f 9745 9759 9750
f 9745 9750 9748
f 9744 9745 9748
f 9749 9752 9747
f 9744 9748 9749
f 9763 9760 9761
f 9772 9773 9774
f 9775 9776 9778
f 9772 9774 9775
f 9778 9777 9772
f 9779 9780 9767
f 9767 9722 9718
f 9718 9782 9779
f 9777 9778 9784
f 9784 9783 9765
f 9784 9778 9776
f 9770 9771 9786
f 9784 9776 9770
f 9770 9786 9785
f 9786 9771 9768
f 9768 9769 9788
f 9787 9786 9768
f 9788 9769 9766
f 9766 9767 9780
f 9780 9781 9789
f 9789 9788 9766
f 9764 9765 9783
f 9783 9791 9790
f 9792 9764 9790
f 9790 9796 9795
f 9795 9794 9793
f 9793 9792 9790
f 9798 9797 9760
f 9797 9798 9802
f 9797 9802 9801
f 9800 9799 9797
f 9792 9793 9804
f 9806 9810 9809
f 9809 9808 9807
f 9811 9810 9806
f 9805 9804 9813
f 9811 9806 9805
f 9813 9812 9811
f 9811 9815 9814
f 9814 9800 9801
f 9814 9801 9809
f 9810 9811 9814
f 9816 9815 9811
f 9811 9812 9818
f 9818 9817 9816
f 9815 9821 9820
f 9820 9819 9814
f 9822 9821 9815
f 9815 9816 9823
f 9824 9813 9804
f 9804 9793 9794
f 9794 9803 9824
f 9812 9813 9824
f 9825 9827 9826
f 9826 9823 9816
f 9816 9817 9825
f 9831 9830 9829
f 9833 9828 9831
f 9834 9835 9833
f 9832 9829 9834
f 9846 9844 9845
f 9844 9846 9849
f 9849 9848 9842
f 9843 9844 9849
f 9842 9848 9851
f 9851 9850 9840
f 9841 9842 9851
f 9840 9850 9853
f 9853 9852 9838
f 9839 9840 9853
f 9833 9835 9837
f 9837 9838 9852
f 9852 9836 9828
f 9828 9833 9837
f 9857 9861 9860
f 9859 9860 9861
f 9861 9855 9854
f 9854 9862 9859
f 9863 9847 9845
f 9858 9859 9862
f 9863 9845 9858
o de_nuke_world_geometry.035
v 2473.140869 -392.694305 -60.518188
v 2473.140869 -392.694305 -78.806190
v 2454.853027 -392.694305 -60.518188
v 2454.853027 -392.694305 -78.806190
v 2180.532715 -529.854370 -60.518188
v 2180.532715 -529.854370 -78.806190
v 2198.820557 -529.854370 -78.806190
v 2198.820557 -529.854370 -60.518188
v 2454.853027 -401.838318 -60.518188
v 2454.853027 -401.838318 -78.806190
v 2436.564697 -410.982300 -60.518188
v 2436.564697 -410.982300 -78.806190
v 2436.564697 -401.838318 -78.806190
v 2436.564697 -401.838318 -60.518188
v 2418.276611 -410.982300 -78.806190
v 2381.700928 -429.270325 -78.806190
v 2399.988770 -420.126312 -78.806190
v 2399.988770 -429.270325 -78.806190
v 2345.124756 -447.558319 -78.806190
v 2363.412842 -438.414307 -78.806190
v 2363.412842 -447.558319 -78.806190
v 2308.548828 -465.846313 -78.806190
v 2326.836670 -456.702332 -78.806190
v 2326.836670 -465.846313 -78.806190
v 2271.972656 -484.134277 -78.806190
v 2290.260742 -474.990326 -78.806190
v 2290.260742 -484.134277 -78.806190
v 2235.396973 -502.422302 -78.806190
v 2253.684814 -493.278351 -78.806190
v 2253.684814 -502.422302 -78.806190
v 2198.820557 -520.710327 -78.806190
v 2217.108887 -511.566345 -78.806190
v 2217.108887 -520.710327 -78.806190
v 2235.396973 -511.566345 -78.806190
v 2271.972656 -493.278351 -78.806190
v 2308.548828 -474.990326 -78.806190
v 2345.124756 -456.702332 -78.806190
v 2381.700928 -438.414307 -78.806190
v 2418.276611 -420.126312 -78.806190
v 2217.108887 -520.710327 -60.518188
v 2217.108887 -511.566345 -60.518188
v 2326.836670 -465.846313 -60.518188
v 2326.836670 -456.702332 -60.518188
v 2381.700928 -438.414307 -60.518188
v 2381.700928 -429.270325 -60.518188
v 2399.988770 -429.270325 -60.518188
v 2399.988770 -420.126312 -60.518188
v 2418.276611 -420.126312 -60.518188
v 2418.276611 -410.982300 -60.518188
v 2363.412842 -438.414307 -60.518188
v 2363.412842 -447.558319 -60.518188
v 2345.124756 -456.702332 -60.518188
v 2345.124756 -447.558319 -60.518188
v 2308.548828 -465.846313 -60.518188
v 2271.972656 -493.278351 -60.518188
v 2271.972656 -484.134277 -60.518188
v 2290.260742 -484.134277 -60.518188
v 2290.260742 -474.990326 -60.518188
v 2308.548828 -474.990326 -60.518188
v 2253.684814 -493.278351 -60.518188
v 2235.396973 -511.566345 -60.518188
v 2235.396973 -502.422302 -60.518188
v 2253.684814 -502.422302 -60.518188
v 2198.820557 -520.710327 -60.518188
v 3424.116699 -218.958313 1073.337769
v 3424.116699 -228.102310 1073.337769
v 3277.812744 -228.102310 1073.337769
v 3277.812744 -218.958313 1073.337769
v 3424.116699 -173.238297 981.897949
v 3277.812744 -173.238297 981.897949
v 3277.812744 -173.238297 963.609802
v 3424.116699 -173.238297 963.609802
v 3424.116699 -164.094299 945.321899
v 3424.116699 -154.950302 945.321899
v 3424.116699 -164.094299 963.609802
v 3424.116699 -145.806305 908.745911
v 3424.116699 -145.806305 927.033813
v 3424.116699 -154.950302 927.033813
v 3277.812744 -164.094299 963.609802
v 3277.812744 -154.950302 945.321899
v 3277.812744 -164.094299 945.321899
v 3277.812744 -145.806305 927.033813
v 3277.812744 -145.806305 908.745911
v 3277.812744 -154.950302 927.033813
v 3277.812744 -209.814301 1055.049927
v 3277.812744 -218.958313 1055.049927
v 3277.812744 -200.670303 1036.761841
v 3277.812744 -191.526306 1018.473938
v 3277.812744 -200.670303 1018.473938
v 3277.812744 -182.382309 1000.185791
v 3277.812744 -182.382309 981.897949
v 3277.812744 -191.526306 1000.185791
v 3277.812744 -209.814301 1036.761841
v 3424.116699 -218.958313 1055.049927
v 3424.116699 -209.814301 1055.049927
v 3424.116699 -200.670303 1018.473938
v 3424.116699 -191.526306 1018.473938
v 3424.116699 -200.670303 1036.761841
v 3424.116699 -191.526306 1000.185791
v 3424.116699 -182.382309 1000.185791
v 3424.116699 -182.382309 981.897949
v 3424.116699 -209.814301 1036.761841
v 3424.116699 -356.118317 1347.657715
v 3424.116699 -365.262299 1347.657715
v 3277.812744 -365.262299 1347.657715
v 3277.812744 -356.118317 1347.657715
v 3424.116699 -301.254303 1219.641846
v 3424.116699 -292.110291 1219.641846
v 3424.116699 -301.254303 1237.929688
v 3424.116699 -246.390305 1109.913818
v 3424.116699 -237.246307 1109.913818
v 3424.116699 -246.390305 1128.201904
v 3424.116699 -237.246307 1091.625977
v 3424.116699 -228.102310 1091.625977
v 3424.116699 -264.678284 1146.489868
v 3424.116699 -255.534317 1146.489868
v 3424.116699 -264.678284 1164.777954
v 3424.116699 -282.966309 1183.065796
v 3424.116699 -273.822296 1183.065796
v 3424.116699 -282.966309 1201.354004
v 3424.116699 -292.110291 1201.354004
v 3424.116699 -273.822296 1164.777954
v 3424.116699 -255.534317 1128.201904
v 3424.116699 -319.542297 1256.217896
v 3424.116699 -310.398315 1256.217896
v 3424.116699 -319.542297 1274.505737
v 3424.116699 -337.830292 1292.793823
v 3424.116699 -328.686310 1292.793823
v 3424.116699 -337.830292 1311.081787
v 3424.116699 -346.974304 1311.081787
v 3424.116699 -346.974304 1329.369873
v 3424.116699 -328.686310 1274.505737
v 3424.116699 -310.398315 1237.929688
v 3424.116699 -356.118317 1329.369873
v 3277.812744 -301.254303 1237.929688
v 3277.812744 -292.110291 1219.641846
v 3277.812744 -301.254303 1219.641846
v 3277.812744 -246.390305 1128.201904
v 3277.812744 -237.246307 1109.913818
v 3277.812744 -246.390305 1109.913818
v 3277.812744 -228.102310 1091.625977
v 3277.812744 -237.246307 1091.625977
v 3277.812744 -264.678284 1164.777954
v 3277.812744 -255.534317 1146.489868
v 3277.812744 -264.678284 1146.489868
v 3277.812744 -282.966309 1201.354004
v 3277.812744 -273.822296 1183.065796
v 3277.812744 -282.966309 1183.065796
v 3277.812744 -292.110291 1201.354004
v 3277.812744 -273.822296 1164.777954
v 3277.812744 -255.534317 1128.201904
v 3277.812744 -319.542297 1274.505737
v 3277.812744 -310.398315 1256.217896
v 3277.812744 -319.542297 1256.217896
v 3277.812744 -337.830292 1311.081787
v 3277.812744 -328.686310 1292.793823
v 3277.812744 -337.830292 1292.793823
v 3277.812744 -346.974304 1329.369873
v 3277.812744 -346.974304 1311.081787
v 3277.812744 -328.686310 1274.505737
v 3277.812744 -310.398315 1237.929688
v 3277.812744 -356.118317 1329.369873
v 3277.812744 -374.406311 1585.401855
v 3277.812744 -365.262299 1365.945801
v 3424.116699 -365.262299 1365.945801
v 3277.812744 -374.406311 1365.945801
v 3259.524414 -383.550323 1585.401855
v 3259.524414 -374.406311 1585.401855
v 3241.236816 -383.550323 1585.401855
v 3241.236816 -383.550323 1365.945801
v 3259.524414 -374.406311 1365.945801
v 3259.524414 -383.550323 1365.945801
v 2473.140869 -392.694305 76.641769
v 2454.853027 -392.694305 76.641769
v 2198.820557 -529.854370 76.641769
v 2180.532715 -529.854370 76.641769
v 2454.853027 -401.838318 76.641769
v 2436.564697 -401.838318 76.641769
v 2436.564697 -410.982300 76.641769
v 2418.276611 -410.982300 76.641769
v 2399.988770 -429.270325 76.641769
v 2399.988770 -420.126312 76.641769
v 2381.700928 -429.270325 76.641769
v 2363.412842 -447.558319 76.641769
v 2363.412842 -438.414307 76.641769
v 2345.124756 -447.558319 76.641769
v 2326.836670 -465.846313 76.641769
v 2326.836670 -456.702332 76.641769
v 2308.548828 -465.846313 76.641769
v 2290.260742 -484.134277 76.641769
v 2290.260742 -474.990326 76.641769
v 2271.972656 -484.134277 76.641769
v 2253.684814 -502.422302 76.641769
v 2253.684814 -493.278351 76.641769
v 2235.396973 -502.422302 76.641769
v 2217.108887 -520.710327 76.641769
v 2217.108887 -511.566345 76.641769
v 2198.820557 -520.710327 76.641769
v 2235.396973 -511.566345 76.641769
v 2271.972656 -493.278351 76.641769
v 2308.548828 -474.990326 76.641769
v 2345.124756 -456.702332 76.641769
v 2381.700928 -438.414307 76.641769
v 2418.276611 -420.126312 76.641769
v 2473.140869 -392.694305 1219.641846
v 2473.140869 -392.694305 1192.209839
v 2473.140869 -392.694305 1347.657715
v 2454.853027 -392.694305 1347.657715
v 2454.853027 -392.694305 1192.209839
v 2436.564697 -401.838318 1192.209839
v 2454.853027 -401.838318 1192.209839
v 2399.988770 -420.126312 1192.209839
v 2418.276611 -410.982300 1192.209839
v 2418.276611 -420.126312 1192.209839
v 2363.412842 -438.414307 1192.209839
v 2381.700928 -429.270325 1192.209839
v 2381.700928 -438.414307 1192.209839
v 2326.836670 -456.702332 1192.209839
v 2345.124756 -447.558319 1192.209839
v 2345.124756 -456.702332 1192.209839
v 2290.260742 -474.990326 1192.209839
v 2308.548828 -465.846313 1192.209839
v 2308.548828 -474.990326 1192.209839
v 2253.684814 -493.278351 1192.209839
v 2271.972656 -484.134277 1192.209839
v 2271.972656 -493.278351 1192.209839
v 2217.108887 -511.566345 1192.209839
v 2235.396973 -502.422302 1192.209839
v 2235.396973 -511.566345 1192.209839
v 2198.820557 -520.710327 1192.209839
v 2198.820557 -529.854370 1192.209839
v 2180.532715 -529.854370 1192.209839
v 2217.108887 -520.710327 1192.209839
v 2253.684814 -502.422302 1192.209839
v 2290.260742 -484.134277 1192.209839
v 2326.836670 -465.846313 1192.209839
v 2363.412842 -447.558319 1192.209839
v 2399.988770 -429.270325 1192.209839
v 2436.564697 -410.982300 1192.209839
v 2436.564697 -401.838318 1347.657715
v 2454.853027 -401.838318 1347.657715
v 2436.564697 -410.982300 1347.657715
v 2418.276611 -410.982300 1347.657715
v 2399.988770 -429.270325 1347.657715
v 2399.988770 -420.126312 1347.657715
v 2381.700928 -429.270325 1347.657715
v 2363.412842 -447.558319 1347.657715
v 2363.412842 -438.414307 1347.657715
v 2345.124756 -447.558319 1347.657715
v 2326.836670 -465.846313 1347.657715
v 2326.836670 -456.702332 1347.657715
v 2308.548828 -465.846313 1347.657715
v 2290.260742 -484.134277 1347.657715
v 2290.260742 -474.990326 1347.657715
v 2271.972656 -484.134277 1347.657715
v 2253.684814 -502.422302 1347.657715
v 2253.684814 -493.278351 1347.657715
v 2235.396973 -502.422302 1347.657715
v 2217.108887 -520.710327 1347.657715
v 2217.108887 -511.566345 1347.657715
v 2198.820557 -520.710327 1347.657715
v 2180.532715 -529.854370 1347.657715
v 2198.820557 -529.854370 1347.657715
v 2235.396973 -511.566345 1347.657715
v 2271.972656 -493.278351 1347.657715
v 2308.548828 -474.990326 1347.657715
v 2345.124756 -456.702332 1347.657715
v 2381.700928 -438.414307 1347.657715
v 2418.276611 -420.126312 1347.657715
v 589.476624 -392.694305 -78.806190
v 571.188660 -392.694305 -78.806190
v 863.796692 -529.854370 -78.806190
v 607.764648 -410.982300 -78.806190
v 626.052673 -410.982300 -78.806190
v 644.340637 -429.270325 -78.806190
v 644.340637 -420.126312 -78.806190
v 662.628662 -429.270325 -78.806190
v 680.916626 -447.558319 -78.806190
v 680.916626 -438.414307 -78.806190
v 699.204651 -447.558319 -78.806190
v 717.492676 -465.846313 -78.806190
v 717.492676 -456.702332 -78.806190
v 735.780640 -465.846313 -78.806190
v 754.068665 -484.134277 -78.806190
v 754.068665 -474.990326 -78.806190
v 772.356628 -484.134277 -78.806190
v 790.644653 -502.422302 -78.806190
v 790.644653 -493.278351 -78.806190
v 808.932678 -502.422302 -78.806190
v 827.220642 -520.710327 -78.806190
v 827.220642 -511.566345 -78.806190
v 845.508667 -520.710327 -78.806190
v 845.508667 -529.854370 -78.806190
v 808.932678 -511.566345 -78.806190
v 772.356628 -493.278351 -78.806190
v 735.780640 -474.990326 -78.806190
v 699.204651 -456.702332 -78.806190
v 662.628662 -438.414307 -78.806190
v 626.052673 -420.126312 -78.806190
v 607.764648 -401.838318 -78.806190
v 589.476624 -401.838318 -78.806190
v 863.796692 -529.854370 76.641769
v 845.508667 -529.854370 76.641769
v 571.188660 -392.694305 76.641769
v 589.476624 -392.694305 76.641769
v 626.052673 -410.982300 76.641769
v 607.764648 -410.982300 76.641769
v 662.628662 -429.270325 76.641769
v 644.340637 -420.126312 76.641769
v 644.340637 -429.270325 76.641769
v 699.204651 -447.558319 76.641769
v 680.916626 -438.414307 76.641769
v 680.916626 -447.558319 76.641769
v 735.780640 -465.846313 76.641769
v 717.492676 -456.702332 76.641769
v 717.492676 -465.846313 76.641769
v 772.356628 -484.134277 76.641769
v 754.068665 -474.990326 76.641769
v 754.068665 -484.134277 76.641769
v 808.932678 -502.422302 76.641769
v 790.644653 -493.278351 76.641769
v 790.644653 -502.422302 76.641769
v 845.508667 -520.710327 76.641769
v 827.220642 -511.566345 76.641769
v 827.220642 -520.710327 76.641769
v 808.932678 -511.566345 76.641769
v 772.356628 -493.278351 76.641769
v 735.780640 -474.990326 76.641769
v 699.204651 -456.702332 76.641769
v 662.628662 -438.414307 76.641769
v 626.052673 -420.126312 76.641769
v 607.764648 -401.838318 76.641769
v 589.476624 -401.838318 76.641769
v 589.476624 -392.694305 1192.209839
v 571.188660 -392.694305 1192.209839
v 589.476624 -401.838318 1192.209839
v 607.764648 -401.838318 1192.209839
v 626.052673 -420.126312 1192.209839
v 626.052673 -410.982300 1192.209839
v 644.340637 -420.126312 1192.209839
v 662.628662 -438.414307 1192.209839
v 662.628662 -429.270325 1192.209839
v 680.916626 -438.414307 1192.209839
v 699.204651 -456.702332 1192.209839
v 699.204651 -447.558319 1192.209839
v 717.492676 -456.702332 1192.209839
v 735.780640 -474.990326 1192.209839
v 735.780640 -465.846313 1192.209839
v 754.068665 -474.990326 1192.209839
v 772.356628 -493.278351 1192.209839
v 772.356628 -484.134277 1192.209839
v 790.644653 -493.278351 1192.209839
v 808.932678 -511.566345 1192.209839
v 808.932678 -502.422302 1192.209839
v 827.220642 -511.566345 1192.209839
v 863.796692 -529.854370 1192.209839
v 845.508667 -529.854370 1192.209839
v 845.508667 -520.710327 1192.209839
v 827.220642 -520.710327 1192.209839
v 790.644653 -502.422302 1192.209839
v 754.068665 -484.134277 1192.209839
v 717.492676 -465.846313 1192.209839
v 680.916626 -447.558319 1192.209839
v 644.340637 -429.270325 1192.209839
v 607.764648 -410.982300 1192.209839
v 863.796692 -529.854370 1347.657715
v 845.508667 -529.854370 1347.657715
v 607.764648 -401.838318 1347.657715
v 589.476624 -401.838318 1347.657715
v 626.052673 -410.982300 1347.657715
v 607.764648 -410.982300 1347.657715
v 662.628662 -429.270325 1347.657715
v 644.340637 -420.126312 1347.657715
v 644.340637 -429.270325 1347.657715
v 699.204651 -447.558319 1347.657715
v 680.916626 -438.414307 1347.657715
v 680.916626 -447.558319 1347.657715
v 735.780640 -465.846313 1347.657715
v 717.492676 -456.702332 1347.657715
v 717.492676 -465.846313 1347.657715
v 772.356628 -484.134277 1347.657715
v 754.068665 -474.990326 1347.657715
v 754.068665 -484.134277 1347.657715
v 808.932678 -502.422302 1347.657715
v 790.644653 -493.278351 1347.657715
v 790.644653 -502.422302 1347.657715
v 845.508667 -520.710327 1347.657715
v 827.220642 -511.566345 1347.657715
v 827.220642 -520.710327 1347.657715
v 808.932678 -511.566345 1347.657715
v 772.356628 -493.278351 1347.657715
v 735.780640 -474.990326 1347.657715
v 699.204651 -456.702332 1347.657715
v 662.628662 -438.414307 1347.657715
v 626.052673 -420.126312 1347.657715
v 589.476624 -392.694305 1347.657715
v 571.188660 -392.694305 1347.657715
s 0
f 9865 9866 9864
f 9870 9868 9871
f 9873 9877 9872
f 9881 9908 9909
f 9875 9912 9874
f 9902 9910 9911
f 9901 9913 9907
f 9884 9916 9914
f 9900 9906 9915
f 9887 9917 9905
f 9899 9921 9922
f 9890 9919 9920
f 9898 9923 9918
f 9893 9925 9926
f 9897 9904 9924
f 9896 9927 9903
f 9934 9932 9935
f 9947 9937 9941
f 9946 9940 9939
f 9944 9938 9936
f 9954 9963 9964
f 9955 9960 9962
f 9952 9961 9959
f 9956 9958 9965
f 9949 9928 9957
f 9930 9977 9929
f 10005 9974 9976
f 10003 9975 9973
f 10014 9979 9986
f 10008 9980 9978
f 10013 9982 9985
f 10011 9983 9981
f 10012 9971 9984
f 10000 9972 9970
f 10024 9988 9996
f 10017 9989 9987
f 10022 9994 9993
f 10023 9991 9995
f 10020 9992 9990
f 10025 9966 9997
f 9968 10028 9967
f 10029 10031 10026
f 10035 10032 10030
f 9866 10036 9864
f 9868 10038 9871
f 9912 10042 9874
f 9877 10040 9872
f 9910 10067 9911
f 9908 10044 9909
f 9917 10050 9905
f 9913 10066 9907
f 9916 10047 9914
f 9906 10065 9915
f 9921 10064 9922
f 9919 10053 9920
f 9923 10063 9918
f 9925 10056 9926
f 9904 10062 9924
f 9927 10059 9903
f 10072 10070 10068
f 10073 10104 10074
f 10076 10105 10102
f 10075 10132 10077
f 10079 10107 10101
f 10085 10113 10099
f 10078 10131 10080
f 10082 10110 10100
f 10081 10130 10083
f 10084 10129 10086
f 10088 10116 10098
f 10087 10128 10089
f 10090 10127 10092
f 10091 10119 10097
f 10093 10122 10096
f 10095 10126 10094
f 10156 10165 10135
f 10153 10186 10155
f 10134 10168 10133
f 10144 10177 10146
f 10160 10178 10145
f 10158 10184 10151
f 10157 10187 10154
f 10150 10183 10152
f 10147 10180 10149
f 10159 10181 10148
f 10161 10175 10142
f 10141 10174 10143
f 10162 10172 10139
f 10138 10171 10140
f 10136 10169 10137
f 10164 10195 10163
f 10220 10229 10219
f 10216 10251 10218
f 10222 10250 10221
f 10198 10259 10197
f 10207 10242 10209
f 10226 10238 10208
f 10213 10248 10215
f 10223 10247 10217
f 10224 10244 10214
f 10210 10245 10212
f 10225 10241 10211
f 10201 10236 10203
f 10204 10239 10206
f 10227 10235 10205
f 10228 10233 10202
f 10199 10231 10200
f 9865 9867 9866
f 9870 9869 9868
f 9873 9876 9877
f 9881 9879 9908
f 9875 9878 9912
f 9902 9880 9910
f 9901 9883 9913
f 9884 9882 9916
f 9900 9886 9906
f 9887 9885 9917
f 9899 9889 9921
f 9890 9888 9919
f 9898 9892 9923
f 9893 9891 9925
f 9897 9895 9904
f 9896 9894 9927
f 9934 9933 9932
f 9947 9943 9937
f 9946 9945 9940
f 9944 9942 9938
f 9954 9953 9963
f 9955 9951 9960
f 9952 9950 9961
f 9956 9948 9958
f 9949 9931 9928
f 9930 10004 9977
f 10005 10002 9974
f 10003 10001 9975
f 10014 10007 9979
f 10008 10006 9980
f 10013 10010 9982
f 10011 10009 9983
f 10012 9999 9971
f 10000 9998 9972
f 10024 10016 9988
f 10017 10015 9989
f 10022 10021 9994
f 10023 10019 9991
f 10020 10018 9992
f 10025 9969 9966
f 9968 10027 10028
f 10029 10034 10031
f 10035 10033 10032
f 9866 10037 10036
f 9868 10039 10038
f 9912 10043 10042
f 9877 10041 10040
f 9910 10045 10067
f 9908 10046 10044
f 9917 10052 10050
f 9913 10048 10066
f 9916 10049 10047
f 9906 10051 10065
f 9921 10054 10064
f 9919 10055 10053
f 9923 10057 10063
f 9925 10058 10056
f 9904 10060 10062
f 9927 10061 10059
f 10068 10069 10072
f 10072 10071 10070
f 10073 10103 10104
f 10076 10106 10105
f 10075 10108 10132
f 10079 10109 10107
f 10085 10115 10113
f 10078 10111 10131
f 10082 10112 10110
f 10081 10114 10130
f 10084 10117 10129
f 10088 10118 10116
f 10087 10120 10128
f 10090 10123 10127
f 10091 10121 10119
f 10093 10124 10122
f 10095 10125 10126
f 10156 10166 10165
f 10153 10188 10186
f 10134 10167 10168
f 10144 10179 10177
f 10160 10192 10178
f 10158 10190 10184
f 10157 10189 10187
f 10150 10185 10183
f 10147 10182 10180
f 10159 10191 10181
f 10161 10193 10175
f 10141 10176 10174
f 10162 10194 10172
f 10138 10173 10171
f 10136 10170 10169
f 10164 10196 10195
f 10220 10230 10229
f 10216 10253 10251
f 10222 10252 10250
f 10198 10260 10259
f 10207 10256 10242
f 10226 10240 10238
f 10213 10254 10248
f 10223 10249 10247
f 10224 10246 10244
f 10210 10255 10245
f 10225 10243 10241
f 10201 10258 10236
f 10204 10257 10239
f 10227 10237 10235
f 10228 10234 10233
f 10199 10232 10231
o de_nuke_world_geometry.036
v 2473.140869 -246.390305 -78.806190
v 2363.412842 -246.390305 -78.806190
v 2329.648682 -246.390305 -78.806190
v 2118.639160 -246.390305 -78.806190
v 2107.380859 -246.390305 -78.806190
v 2107.380859 -246.390305 -60.518188
v 2674.308594 -246.390305 -316.550171
v 2674.308594 -246.390305 -371.414154
v 2491.428711 -246.390305 -371.414154
v 2491.428711 -246.390305 -97.094193
v 2674.308594 -246.390305 -279.974152
v 2674.308594 -246.390305 -60.518188
v 2674.308594 -246.390305 -499.430176
v 2637.732666 -246.390305 -536.006165
v 2619.444580 -246.390305 -536.006165
v 2363.412842 -246.390305 -536.006165
v 2363.412842 -246.390305 -371.414154
v 2345.124756 -246.390305 -536.006165
v 2345.124756 -246.390305 -572.582214
v 2308.548828 -246.390305 -609.158203
v 2290.260742 -246.390305 -609.158203
v 2034.228760 -246.390305 -609.158203
v 2034.228760 -246.390305 -536.006165
v 2345.124756 -246.390305 -371.414154
v 2034.228760 -246.390305 -371.414154
v 2345.124756 -246.390305 -353.126160
v 2345.124756 -246.390305 -362.270172
v 2290.260742 -246.390305 -279.974152
v 2308.548828 -246.390305 -279.974152
v 2345.124756 -246.390305 -279.974152
v 2034.228760 -246.390305 -279.974152
v 2473.140869 -392.694305 -78.806190
v 2491.428711 -392.694305 -97.094193
v 2674.308594 -392.694305 -279.974152
v 2674.308594 -392.694305 -60.518188
v 2491.428711 -392.694305 -371.414154
v 2674.308594 -392.694305 -371.414154
v 2674.308594 -392.694305 -316.550171
v 2473.140869 -392.694305 -371.414154
v 2473.140869 -392.694305 -536.006165
v 2637.732666 -392.694305 -536.006165
v 2674.308594 -392.694305 -499.430176
v 2454.853027 -392.694305 -78.806190
v 2345.124756 -392.694305 -371.414154
v 2345.124756 -392.694305 -536.006165
v 2363.412842 -392.694305 -536.006165
v 2308.548828 -392.694305 -279.974152
v 2034.228760 -392.694305 -279.974152
v 2034.228760 -392.694305 -362.270172
v 2290.260742 -392.694305 -609.158203
v 2308.548828 -392.694305 -609.158203
v 2345.124756 -392.694305 -572.582214
v 2345.124756 -392.694305 -362.270172
v 2034.228760 -392.694305 -536.006165
v 2034.228760 -392.694305 -609.158203
v 2034.228760 -356.118317 -609.158203
v 2034.228760 -264.678284 -609.158203
v 2034.228760 -264.678284 -316.550171
v 2034.228760 -356.118317 -316.550171
v 2034.228760 -356.118317 -279.974152
v 2034.228760 -264.678284 -279.974152
v 2034.228760 -356.118317 -572.582214
v 2034.228760 -264.678284 -572.582214
v 2034.228760 -356.118317 -536.006165
v 2034.228760 -264.678284 -536.006165
v 2345.124756 -282.966309 -362.270172
v 2308.548828 -282.966309 -279.974152
v 2345.124756 -282.966309 -353.126160
v 2345.124756 -282.966309 -279.974152
v 2329.648682 -392.694305 -78.806190
v 2328.242676 -392.694305 -78.806190
v 2073.616211 -392.694305 -78.806190
v 2107.380859 -282.966309 -78.806190
v 2107.380859 -282.966309 -60.518188
v 2107.380859 -255.534317 -60.518188
v 2073.617432 -392.694305 -60.518188
v 2072.210449 -397.266296 -60.518188
v 2072.210449 -397.266296 -78.806190
v 2107.380859 -282.966309 76.641769
v 2107.380859 -255.534317 76.641769
v 2107.380859 -255.534317 30.921822
v 2107.380859 -255.534317 -42.230186
v 2107.380859 -246.390305 -42.230186
v 2107.380859 -246.390305 76.641769
v 2107.380859 -246.390305 30.921822
v 2363.412842 -246.390305 76.641769
v 2473.140869 -246.390305 76.641769
v 2118.639160 -246.390305 76.641769
v 2674.308594 -246.390305 1055.049927
v 2674.308594 -246.390305 927.033813
v 2491.428711 -246.390305 927.033813
v 2491.428711 -246.390305 1055.049927
v 2491.428711 -246.390305 799.017883
v 2692.596680 -246.390305 908.745911
v 2692.596680 -246.390305 780.729797
v 2491.428711 -246.390305 780.729797
v 2692.596680 -246.390305 725.865784
v 2674.308594 -246.390305 707.577759
v 2491.428711 -246.390305 524.697876
v 2491.428711 -246.390305 542.985901
v 2674.308594 -246.390305 634.425781
v 2674.308594 -246.390305 451.545868
v 2674.308594 -246.390305 378.393860
v 2491.428711 -246.390305 378.393860
v 2674.308594 -246.390305 195.513840
v 2674.308594 -246.390305 122.361832
v 2491.428711 -246.390305 122.361832
v 2491.428711 -246.390305 286.953857
v 2491.428711 -246.390305 94.929771
v 2674.308594 -392.694305 1055.049927
v 2674.308594 -392.694305 927.033813
v 2674.308594 -392.694305 195.513840
v 2674.308594 -392.694305 122.361832
v 2674.308594 -392.694305 451.545868
v 2674.308594 -392.694305 378.393860
v 2674.308594 -392.694305 707.577759
v 2674.308594 -392.694305 634.425781
v 2692.596680 -264.678284 908.745911
v 2692.596680 -392.694305 908.745911
v 2765.748535 -392.694305 908.745911
v 2765.748535 -264.678284 908.745911
v 2765.748535 -392.694305 725.865784
v 2692.596680 -392.694305 725.865784
v 2692.596680 -264.678284 725.865784
v 2765.748535 -264.678284 725.865784
v 2491.428711 -392.694305 94.929771
v 2491.428711 -392.694305 122.361832
v 2473.140869 -392.694305 76.641769
v 2491.428711 -392.694305 927.033813
v 2491.428711 -392.694305 890.457825
v 2491.428711 -392.694305 799.017883
v 2491.428711 -392.694305 634.425781
v 2491.428711 -392.694305 542.985901
v 2491.428711 -392.694305 378.393860
v 2491.428711 -392.694305 286.953857
v 2491.428711 -392.694305 1055.049927
v 2454.853027 -392.694305 76.641769
v 2363.412842 -392.694305 76.641769
v 2107.380859 -392.694305 76.641769
v 2073.617432 -392.694305 76.641769
v 2072.210449 -397.266296 76.641769
v 2107.380859 -255.534317 1301.937866
v 2107.380859 -255.534317 1228.785889
v 2107.380859 -255.534317 1192.209839
v 2107.380859 -282.966309 1192.209839
v 2107.380859 -282.966309 1347.657715
v 2107.380859 -255.534317 1347.657715
v 2107.380859 -246.390305 1192.209839
v 2107.380859 -246.390305 1228.785889
v 2107.380859 -246.390305 1347.657715
v 2107.380859 -246.390305 1301.937866
v 2674.308594 -392.694305 1219.641846
v 2473.140869 -392.694305 1192.209839
v 2491.428711 -392.694305 1173.921753
v 2820.613037 -392.694305 1585.401855
v 2820.613037 -392.694305 1567.113770
v 2820.613037 -392.694305 1384.233765
v 2820.613037 -392.694305 1365.945801
v 2473.140869 -392.694305 1347.657715
v 2454.853027 -392.694305 1347.657715
v 2454.853027 -392.694305 1192.209839
v 2692.596680 -392.694305 1237.929688
v 2756.604736 -392.694305 1237.929688
v 2784.036621 -392.694305 1237.929688
v 2802.324707 -392.694305 1256.217896
v 2802.324707 -392.694305 1384.233765
v 2802.324707 -392.694305 1567.113770
v 2473.140869 -392.694305 1411.665894
v 2491.428711 -392.694305 1393.377808
v 2802.324707 -392.694305 1621.977905
v 2784.036621 -392.694305 1640.265747
v 2729.172852 -392.694305 1640.265747
v 2656.020752 -392.694305 1640.265747
v 2473.140869 -392.694305 1640.265747
v 2491.428711 -392.694305 1365.945801
v 2381.700928 -392.694305 1411.665894
v 2399.988770 -392.694305 1640.265747
v 2381.700928 -392.694305 1621.977905
v 2820.613037 -282.966309 1384.233765
v 2820.613037 -264.678284 1384.233765
v 2820.613037 -255.534317 1384.233765
v 2820.613037 -246.390305 1384.233765
v 2820.613037 -246.390305 1365.945801
v 2820.613037 -246.390305 1567.113770
v 2820.613037 -255.534317 1567.113770
v 2820.613037 -264.678284 1567.113770
v 2820.613037 -282.966309 1567.113770
v 2820.613037 -246.390305 1585.401855
v 2820.613037 -255.534317 1512.249878
v 2820.613037 -255.534317 1439.097900
v 2820.613037 -264.678284 1402.521851
v 2820.613037 -264.678284 1548.825928
v 2820.613037 -246.390305 1439.097900
v 2820.613037 -246.390305 1512.249878
v 2491.428711 -246.390305 1173.921753
v 2674.308594 -246.390305 1219.641846
v 2486.856689 -246.390305 1361.373901
v 2491.428711 -246.390305 1365.945801
v 2473.140869 -246.390305 1192.209839
v 2473.140869 -246.390305 1347.657715
v 2692.596680 -246.390305 1237.929688
v 2491.428711 -246.390305 1393.377808
v 2637.732666 -246.390305 1640.265747
v 2656.020752 -246.390305 1640.265747
v 2692.596680 -246.390305 1640.265747
v 2473.140869 -246.390305 1411.665894
v 2381.700928 -246.390305 1503.105835
v 2381.700928 -246.390305 1621.977905
v 2399.988770 -246.390305 1640.265747
v 2381.700928 -246.390305 1411.665894
v 2784.036621 -246.390305 1640.265747
v 2802.324707 -246.390305 1621.977905
v 2802.324707 -246.390305 1567.113770
v 2802.324707 -246.390305 1493.961792
v 2802.324707 -246.390305 1384.233765
v 2802.324707 -246.390305 1256.217896
v 2784.036621 -246.390305 1237.929688
v 2363.412842 -246.390305 1347.657715
v 2118.639160 -246.390305 1347.657715
v 2363.412842 -246.390305 1192.209839
v 2118.639160 -246.390305 1192.209839
v 2802.324707 -264.678284 1384.233765
v 2802.324707 -282.966309 1384.233765
v 2802.324707 -282.966309 1567.113770
v 2802.324707 -264.678284 1567.113770
v 2802.324707 -264.678284 1548.825928
v 2802.324707 -264.678284 1402.521851
v 2363.412842 -392.694305 1347.657715
v 2107.380859 -392.694305 1347.657715
v 2363.412842 -392.694305 1192.209839
v 2107.380859 -392.694305 1192.209839
v 2072.210449 -397.266296 1192.209839
v 2073.616211 -392.694305 1192.209839
v 2072.210449 -397.266296 1347.657715
v 2073.616211 -392.694305 1347.657715
v 936.948669 -255.534317 -78.806190
v 936.948669 -282.966309 -78.806190
v 925.690125 -246.390305 -78.806190
v 936.948669 -246.390305 -78.806190
v 970.712891 -392.694305 -78.806190
v 845.508667 -392.694305 -78.806190
v 827.220642 -392.694305 -78.806190
v 827.220642 -246.390305 -78.806190
v 589.476624 -392.694305 -78.806190
v 571.188660 -392.694305 -78.806190
v 571.188660 -246.390305 -78.806190
v 808.932678 -246.390305 -78.806190
v 972.118774 -397.266296 -78.806190
v 552.900635 -246.390305 -97.094193
v 552.900635 -246.390305 -115.382195
v 388.308685 -246.390305 -115.382195
v 388.308685 -392.694305 -115.382195
v 552.900635 -392.694305 -115.382195
v 552.900635 -392.694305 -97.094193
v 370.020660 -246.390305 -115.382195
v 370.020660 -246.390305 -78.806190
v 370.020660 -392.694305 -115.382195
v 370.020660 -392.694305 -78.806190
v 552.900635 -246.390305 1091.625977
v 552.900635 -246.390305 945.321899
v 370.020660 -246.390305 945.321899
v 370.020660 -246.390305 1091.625977
v 552.900635 -246.390305 835.593933
v 552.900635 -246.390305 689.289795
v 370.020660 -246.390305 689.289795
v 370.020660 -246.390305 835.593933
v 552.900635 -246.390305 579.561890
v 552.900635 -246.390305 433.257874
v 370.020660 -246.390305 433.257874
v 370.020660 -246.390305 579.561890
v 552.900635 -246.390305 323.529846
v 552.900635 -246.390305 177.225830
v 370.020660 -246.390305 177.225830
v 370.020660 -246.390305 323.529846
v 552.900635 -246.390305 94.929771
v 370.020660 -246.390305 67.497826
v 936.948669 -246.390305 -42.230186
v 571.188660 -246.390305 76.641769
v 808.932678 -246.390305 76.641769
v 827.220642 -246.390305 76.641769
v 925.690125 -246.390305 76.641769
v 936.948669 -246.390305 76.641769
v 936.948669 -246.390305 30.921822
v 936.948669 -255.534317 76.641769
v 936.948669 -282.966309 76.641769
v 827.220642 -392.694305 76.641769
v 845.508667 -392.694305 76.641769
v 970.712891 -392.694305 76.641769
v 571.188660 -392.694305 76.641769
v 589.476624 -392.694305 76.641769
v 972.118774 -397.266296 76.641769
v 936.948669 -255.534317 -42.230186
v 936.948669 -255.534317 30.921822
v 370.020660 -392.694305 67.497826
v 370.020660 -392.694305 94.929771
v 370.020660 -392.694305 323.529846
v 370.020660 -392.694305 350.961792
v 370.020660 -392.694305 579.561890
v 370.020660 -392.694305 606.993835
v 370.020660 -392.694305 835.593933
v 370.020660 -392.694305 863.025879
v 370.020660 -392.694305 1091.625977
v 552.900635 -392.694305 863.025879
v 552.900635 -392.694305 1091.625977
v 552.900635 -392.694305 606.993835
v 552.900635 -392.694305 835.593933
v 552.900635 -392.694305 350.961792
v 552.900635 -392.694305 579.561890
v 552.900635 -392.694305 94.929771
v 552.900635 -392.694305 323.529846
v 370.020660 -246.390305 1128.201904
v 370.020660 -246.390305 1173.921753
v 552.900635 -246.390305 1173.921753
v 552.900635 -246.390305 1137.345825
v 370.020660 -246.390305 1365.945801
v 552.900635 -246.390305 1365.945801
v 571.188660 -246.390305 1347.657715
v 571.188660 -246.390305 1192.209839
v 370.020660 -246.390305 1384.233765
v 552.900635 -246.390305 1384.233765
v 827.220642 -246.390305 1347.657715
v 925.690125 -246.390305 1347.657715
v 936.948669 -246.390305 1347.657715
v 936.948669 -246.390305 1301.937866
v 925.690125 -246.390305 1192.209839
v 827.220642 -246.390305 1192.209839
v 726.636658 -246.390305 1192.209839
v 936.948669 -246.390305 1228.785889
v 936.948669 -246.390305 1192.209839
v 936.948669 -255.534317 1192.209839
v 936.948669 -282.966309 1192.209839
v 970.712891 -392.694305 1192.209839
v 845.508667 -392.694305 1192.209839
v 827.220642 -392.694305 1192.209839
v 589.476624 -392.694305 1192.209839
v 571.188660 -392.694305 1192.209839
v 972.118774 -397.266296 1192.209839
v 972.118774 -397.266296 1347.657715
v 970.712891 -392.694305 1347.657715
v 845.508667 -392.694305 1347.657715
v 827.220642 -392.694305 1347.657715
v 589.476624 -392.694305 1347.657715
v 936.948669 -255.534317 1347.657715
v 936.948669 -282.966309 1347.657715
v 571.188660 -392.694305 1347.657715
v 936.948669 -255.534317 1301.937866
v 936.948669 -255.534317 1228.785889
v 370.020660 -392.694305 1384.233765
v 552.900635 -392.694305 1384.233765
v 370.020660 -392.694305 1128.201904
v 370.020660 -392.694305 1173.921753
v 370.020660 -392.694305 1365.945801
v 552.900635 -392.694305 1365.945801
v 552.900635 -392.694305 1173.921753
v 552.900635 -392.694305 1137.345825
s 0
f 10281 10316 10310
f 10320 10318 10321
f 10323 10316 10317
f 10315 10322 10324
f 10309 10324 10319
f 10283 10323 10317
f 10285 10321 10318
f 10275 10306 10300
f 10301 10273 10274
f 10312 10278 10279
f 10305 10276 10278
f 10311 10279 10280
f 10293 10269 10270
f 10268 10302 10297
f 10271 10298 10294
f 10284 10313 10326
f 10299 10284 10277
f 10292 10270 10261
f 10289 10329 10327
f 10326 10286 10287
f 10328 10290 10286
f 10327 10321 10291
f 10303 10261 10262
f 10264 10331 10330
f 10333 10264 10265
f 10266 10335 10333
f 10336 10333 10334
f 10337 10332 10336
f 10341 10339 10334
f 10343 10335 10266
f 10344 10341 10345
f 10350 10370 10349
f 10366 10295 10373
f 10363 10372 10375
f 10377 10358 10361
f 10380 10378 10381
f 10384 10382 10385
f 10376 10384 10357
f 10384 10354 10355
f 10382 10381 10385
f 10378 10371 10350
f 10387 10369 10367
f 10395 10367 10368
f 10359 10394 10395
f 10356 10391 10392
f 10351 10389 10390
f 10386 10347 10369
f 10347 10397 10398
f 10348 10398 10399
f 10348 10340 10344
f 10334 10400 10336
f 10339 10399 10400
f 10400 10337 10336
f 10406 10404 10403
f 10403 10408 10409
f 10410 10402 10411
f 10440 10439 10418
f 10415 10446 10445
f 10452 10451 10450
f 10450 10442 10453
f 10444 10449 10454
f 10446 10447 10452
f 10451 10439 10440
f 10425 10483 10482
f 10485 10484 10430
f 10486 10485 10474
f 10486 10484 10485
f 10482 10483 10487
f 10426 10439 10483
f 10416 10484 10447
f 10479 10407 10410
f 10460 10420 10488
f 10479 10488 10489
f 10370 10456 10349
f 10461 10423 10424
f 10412 10461 10456
f 10424 10476 10477
f 10455 10396 10352
f 10413 10455 10459
f 10481 10404 10405
f 10490 10421 10459
f 10481 10491 10490
f 10435 10460 10457
f 10467 10438 10436
f 10436 10466 10470
f 10429 10458 10462
f 10428 10462 10466
f 10465 10431 10432
f 10463 10433 10434
f 10437 10468 10469
f 10430 10471 10472
f 10405 10493 10491
f 10406 10489 10495
f 10494 10405 10406
f 10498 10496 10499
f 10503 10501 10500
f 10507 10505 10504
f 10513 10509 10510
f 10514 10506 10509
f 10512 10510 10511
f 10515 10512 10511
f 10516 10517 10515
f 10541 10544 10545
f 10541 10547 10546
f 10550 10538 10539
f 10497 10544 10553
f 10499 10552 10537
f 10553 10542 10543
f 10508 10545 10497
f 10536 10518 10516
f 10533 10556 10555
f 10529 10558 10557
f 10525 10560 10559
f 10521 10562 10561
f 10532 10569 10570
f 10528 10570 10567
f 10524 10568 10565
f 10520 10566 10563
f 10549 10535 10538
f 10585 10590 10589
f 10586 10593 10592
f 10587 10596 10595
f 10582 10603 10604
f 10582 10600 10601
f 10601 10602 10577
f 10606 10583 10584
f 10589 10607 10588
f 10591 10603 10606
f 10597 10604 10591
f 10609 10579 10580
f 10571 10562 10522
f 10575 10612 10611
f 10564 10574 10519
f 10615 10573 10574
f 10614 10578 10573
f 10576 10609 10580
f 10605 10576 10577
f 10311 10280 10281
f 10281 10282 10317
f 10316 10315 10310
f 10281 10317 10316
f 10310 10311 10281
f 10320 10319 10318
f 10323 10322 10316
f 10324 10314 10315
f 10315 10316 10322
f 10320 10308 10309
f 10309 10314 10324
f 10319 10320 10309
f 10317 10282 10283
f 10283 10325 10323
f 10325 10283 10285
f 10285 10291 10321
f 10318 10325 10285
f 10301 10274 10275
f 10275 10276 10306
f 10300 10301 10275
f 10301 10302 10273
f 10312 10305 10278
f 10305 10306 10276
f 10311 10312 10279
f 10293 10296 10269
f 10298 10267 10268
f 10268 10273 10302
f 10297 10298 10268
f 10295 10272 10271
f 10271 10267 10298
f 10294 10295 10271
f 10326 10287 10284
f 10284 10304 10313
f 10277 10269 10296
f 10299 10304 10284
f 10277 10296 10299
f 10292 10293 10270
f 10289 10290 10329
f 10326 10328 10286
f 10328 10329 10290
f 10288 10289 10327
f 10327 10307 10308
f 10327 10308 10320
f 10291 10288 10327
f 10327 10320 10321
f 10262 10263 10330
f 10303 10292 10261
f 10262 10330 10303
f 10330 10263 10264
f 10264 10332 10331
f 10333 10265 10266
f 10335 10334 10333
f 10336 10332 10333
f 10337 10338 10332
f 10334 10335 10342
f 10341 10340 10339
f 10334 10342 10341
f 10343 10342 10335
f 10344 10340 10341
f 10350 10371 10370
f 10372 10365 10366
f 10366 10272 10295
f 10373 10372 10366
f 10374 10362 10363
f 10363 10365 10372
f 10375 10374 10363
f 10361 10362 10374
f 10377 10376 10358
f 10361 10374 10377
f 10380 10379 10378
f 10384 10383 10382
f 10357 10358 10376
f 10376 10383 10384
f 10355 10357 10384
f 10384 10378 10354
f 10382 10380 10381
f 10350 10354 10378
f 10378 10379 10371
f 10387 10386 10369
f 10395 10387 10367
f 10395 10368 10364
f 10359 10360 10393
f 10395 10364 10359
f 10359 10393 10394
f 10393 10360 10356
f 10356 10353 10391
f 10392 10393 10356
f 10391 10353 10351
f 10351 10352 10396
f 10351 10396 10389
f 10390 10391 10351
f 10386 10388 10347
f 10398 10346 10347
f 10347 10388 10397
f 10399 10339 10348
f 10348 10346 10398
f 10348 10339 10340
f 10334 10339 10400
f 10400 10401 10337
f 10402 10407 10406
f 10406 10405 10404
f 10403 10402 10406
f 10403 10404 10408
f 10410 10407 10402
f 10418 10443 10442
f 10418 10442 10441
f 10439 10417 10418
f 10418 10441 10440
f 10444 10448 10415
f 10415 10416 10447
f 10415 10447 10446
f 10445 10444 10415
f 10449 10445 10446
f 10449 10446 10452
f 10440 10441 10450
f 10450 10449 10452
f 10451 10440 10450
f 10450 10441 10442
f 10444 10445 10449
f 10475 10476 10425
f 10425 10426 10483
f 10482 10475 10425
f 10430 10472 10473
f 10430 10473 10485
f 10484 10427 10430
f 10474 10475 10482
f 10474 10482 10487
f 10485 10473 10474
f 10474 10487 10486
f 10426 10417 10439
f 10416 10427 10484
f 10479 10406 10407
f 10488 10478 10460
f 10460 10419 10420
f 10489 10406 10479
f 10479 10478 10488
f 10370 10412 10456
f 10424 10477 10461
f 10461 10422 10423
f 10412 10422 10461
f 10424 10425 10476
f 10455 10414 10396
f 10413 10414 10455
f 10481 10408 10404
f 10459 10480 10490
f 10421 10413 10459
f 10490 10480 10481
f 10481 10405 10491
f 10457 10458 10435
f 10435 10419 10460
f 10436 10470 10467
f 10467 10468 10438
f 10436 10428 10466
f 10429 10435 10458
f 10428 10429 10462
f 10433 10464 10465
f 10465 10471 10431
f 10432 10433 10465
f 10437 10469 10463
f 10463 10464 10433
f 10434 10437 10463
f 10437 10438 10468
f 10430 10431 10471
f 10494 10492 10405
f 10498 10497 10496
f 10500 10498 10503
f 10503 10502 10501
f 10502 10503 10507
f 10507 10506 10505
f 10504 10502 10507
f 10513 10514 10509
f 10514 10505 10506
f 10512 10513 10510
f 10515 10517 10512
f 10516 10518 10517
f 10541 10542 10544
f 10546 10540 10541
f 10541 10548 10547
f 10539 10540 10546
f 10550 10549 10538
f 10539 10546 10550
f 10552 10496 10497
f 10497 10545 10544
f 10553 10552 10497
f 10499 10496 10552
f 10553 10544 10542
f 10508 10551 10545
f 10536 10554 10518
f 10554 10536 10533
f 10533 10534 10556
f 10555 10554 10533
f 10556 10534 10529
f 10529 10530 10558
f 10557 10556 10529
f 10558 10530 10525
f 10525 10526 10560
f 10559 10558 10525
f 10560 10526 10521
f 10521 10522 10562
f 10561 10560 10521
f 10570 10531 10532
f 10532 10535 10569
f 10568 10527 10528
f 10528 10531 10570
f 10567 10568 10528
f 10566 10523 10524
f 10524 10527 10568
f 10565 10566 10524
f 10564 10519 10520
f 10520 10523 10566
f 10563 10564 10520
f 10549 10569 10535
f 10585 10591 10590
f 10592 10585 10586
f 10586 10594 10593
f 10594 10586 10587
f 10587 10578 10596
f 10595 10594 10587
f 10582 10583 10603
f 10601 10581 10582
f 10582 10599 10600
f 10577 10581 10601
f 10602 10605 10577
f 10606 10603 10583
f 10589 10590 10607
f 10607 10590 10591
f 10591 10604 10603
f 10606 10607 10591
f 10597 10598 10604
f 10609 10608 10579
f 10571 10610 10562
f 10610 10571 10572
f 10575 10579 10608
f 10610 10572 10575
f 10611 10610 10575
f 10575 10608 10612
f 10564 10615 10574
f 10615 10614 10573
f 10614 10596 10578
f 10576 10613 10609
f 10605 10613 10576
o de_nuke_world_geometry.037
v 2619.444580 -282.966309 -316.550171
v 2625.159668 -296.682281 -316.550171
v 2637.732666 -301.254303 -316.550171
v 2651.448730 -296.682281 -316.550171
v 2656.020752 -282.966309 -316.550171
v 2651.448730 -270.393311 -316.550171
v 2637.732666 -264.678284 -316.550171
v 2625.159668 -270.393311 -316.550171
v 2651.448730 -296.682281 -60.518188
v 2656.020752 -282.966309 -60.518188
v 2651.448730 -270.393311 -60.518188
v 2637.732666 -301.254303 -60.518188
v 2625.159668 -296.682281 -60.518188
v 2638.401611 -301.031250 -60.518188
v 2641.161865 -300.111328 -60.518188
v 2619.444580 -282.966309 -60.518188
v 2637.732666 -264.678284 -60.518188
v 2625.159668 -270.393311 -60.518188
v 2674.308594 -337.533112 781.621399
v 2674.308594 -337.830292 780.729797
v 2674.308594 -333.258270 768.156860
v 2674.308594 -320.685272 762.921997
v 2674.308594 -319.542297 762.441772
v 2674.308594 -306.969299 768.156860
v 2674.308594 -300.957092 781.621399
v 2674.308594 -301.254303 780.729797
v 2674.308594 -296.682281 768.156860
v 2674.308594 -284.109283 762.921997
v 2674.308594 -282.966309 762.441772
v 2674.308594 -270.393311 768.156860
v 2674.308594 -264.678284 780.729797
v 2674.308594 -269.821777 768.373962
v 2674.308594 -284.246429 762.864746
v 2674.308594 -289.062347 764.471497
v 2674.308594 -296.270844 766.876709
v 2674.308594 -320.822449 762.864746
v 2674.308594 -325.638214 764.471497
v 2674.308594 -332.846863 766.876709
v 2674.308594 -306.397797 768.373962
v 2747.460938 -282.966309 762.441772
v 2747.460938 -296.682281 768.156860
v 2747.460938 -301.254303 780.729797
v 2747.460938 -296.682281 794.445862
v 2747.460938 -282.966309 799.017883
v 2747.460938 -270.393311 794.445862
v 2747.460938 -264.678284 780.729797
v 2747.460938 -270.393311 768.156860
v 2747.460938 -319.542297 762.441772
v 2747.460938 -333.258270 768.156860
v 2747.460938 -337.830292 780.729797
v 2747.460938 -333.258270 794.445862
v 2747.460938 -319.542297 799.017883
v 2747.460938 -306.969299 794.445862
v 2747.460938 -306.969299 768.156860
v 2674.308594 -270.393311 794.445862
v 2674.308594 -306.969299 794.445862
v 2674.308594 -319.542297 799.017883
v 2674.308594 -333.258270 794.445862
v 2674.308594 -282.966309 799.017883
v 2674.308594 -296.682281 794.445862
v 2674.308594 -297.794403 791.109497
v 2636.875488 -301.642944 744.153809
v 2637.732666 -301.254303 744.153809
v 2648.437988 -305.714752 744.153809
v 2651.448730 -306.969299 744.153809
v 2651.643311 -307.495117 744.153809
v 2656.020752 -319.542297 744.153809
v 2651.448730 -333.258270 744.153809
v 2650.157227 -333.692627 744.153809
v 2655.552002 -318.262177 744.153809
v 2656.020752 -282.966309 744.153809
v 2651.448730 -296.682281 744.153809
v 2650.157227 -297.116638 744.153809
v 2655.552002 -281.686157 744.153809
v 2636.875488 -265.066925 744.153809
v 2637.732666 -264.678284 744.153809
v 2651.448730 -270.393311 744.153809
v 2651.643311 -270.919098 744.153809
v 2636.841309 -265.055481 744.153809
v 2625.422607 -269.810333 744.153809
v 2625.159668 -270.393311 744.153809
v 2619.444580 -282.966309 744.153809
v 2624.016602 -270.393311 744.153809
v 2623.856689 -296.213684 744.153809
v 2625.159668 -296.682281 744.153809
v 2624.016602 -296.682281 744.153809
v 2627.353027 -297.794403 744.153809
v 2623.856689 -332.789703 744.153809
v 2624.016602 -333.258270 744.153809
v 2637.732666 -337.830292 744.153809
v 2619.444580 -319.542297 744.153809
v 2625.159668 -333.258270 744.153809
v 2625.422607 -306.386353 744.153809
v 2624.016602 -306.969299 744.153809
v 2636.841309 -301.631500 744.153809
v 2625.159668 -306.969299 744.153809
v 2619.444580 -282.966309 -23.942184
v 2625.159668 -270.393311 -23.942184
v 2619.444580 -282.966309 232.089844
v 2619.444580 -282.966309 49.209824
v 2625.159668 -270.393311 232.089844
v 2619.444580 -282.966309 488.121887
v 2625.159668 -270.393311 488.121887
v 2656.020752 -282.966309 -23.942184
v 2651.448730 -270.393311 -23.942184
v 2656.020752 -282.966309 49.209824
v 2656.020752 -282.966309 232.089844
v 2651.448730 -270.393311 232.089844
v 2656.020752 -282.966309 488.121887
v 2651.448730 -270.393311 488.121887
v 2637.732666 -264.678284 -23.942184
v 2637.732666 -264.678284 232.089844
v 2637.732666 -264.678284 488.121887
v 2637.732666 -337.830292 195.513840
v 2637.732666 -337.830292 232.089844
v 2651.448730 -333.258270 232.089844
v 2651.448730 -333.258270 195.513840
v 2637.732666 -337.830292 488.121887
v 2651.448730 -333.258270 488.121887
v 2625.159668 -333.258270 232.089844
v 2625.159668 -333.258270 195.513840
v 2619.444580 -319.542297 195.513840
v 2619.444580 -319.542297 232.089844
v 2625.159668 -333.258270 488.121887
v 2619.444580 -319.542297 235.415039
v 2619.444580 -319.542297 488.121887
v 2656.020752 -319.542297 232.089844
v 2656.020752 -319.542297 195.513840
v 2656.020752 -319.542297 488.121887
v 2651.448730 -296.682281 49.209824
v 2625.159668 -296.682281 49.209824
v 2628.365479 -297.848083 23.095894
v 2637.732666 -301.254303 -53.203354
v 2637.732666 -301.254303 49.209824
v 2651.448730 -296.682281 154.365814
v 2651.448730 -296.682281 232.089844
v 2651.448730 -296.682281 488.121887
v 2651.448730 -306.969299 232.089844
v 2651.448730 -306.969299 195.513840
v 2651.448730 -306.969299 488.121887
v 2649.659668 -302.049438 178.816345
v 2648.437988 -305.714752 195.513840
v 2648.437988 -305.714752 232.089844
v 2648.437988 -305.714752 488.121887
v 2637.732666 -301.254303 195.513840
v 2637.732666 -301.254303 232.089844
v 2637.732666 -301.254303 488.121887
v 2625.159668 -306.969299 195.513840
v 2625.159668 -305.445312 189.417908
v 2619.921143 -318.494537 232.089844
v 2625.159668 -306.969299 232.089844
v 2625.159668 -306.969299 488.121887
v 2619.444580 -307.346497 146.741974
v 2625.159668 -296.682281 154.365814
v 2625.159668 -296.682281 232.089844
v 2625.159668 -296.682281 488.121887
v 2619.444580 -294.604126 95.766563
v 2624.016602 -333.258270 794.445862
v 2619.444580 -319.542297 799.017883
v 2637.732666 -264.678284 780.729797
v 2624.016602 -270.393311 794.445862
v 2637.732666 -337.830292 780.729797
v 2632.745117 -282.966309 799.017883
v 2619.444580 -282.966309 799.017883
v 2651.448730 -333.258270 767.013794
v 2650.875977 -333.450989 756.874146
v 2651.448730 -270.393311 767.013794
v 2654.910156 -279.918335 744.153809
v 2624.016602 -306.969299 794.445862
v 2627.757568 -296.682281 794.445862
v 2624.016602 -296.682281 794.445862
v 2627.353027 -297.794403 791.109497
v 2648.112549 -297.794403 791.109497
v 2637.732666 -301.254303 780.729797
v 2651.448730 -296.682281 767.013794
v 2650.875977 -296.875000 756.874023
v 2651.448730 -306.969299 767.013794
v 2674.308594 -316.087219 764.673279
v 2656.020752 -319.542297 762.441772
v 2656.020752 -282.966309 762.441772
v 388.308685 -282.966309 -42.230186
v 392.880676 -296.682281 -42.230186
v 406.596680 -301.254303 -42.230186
v 419.169708 -296.682281 -42.230186
v 424.884674 -282.966309 -42.230186
v 419.169708 -270.393311 -42.230186
v 406.596680 -264.678284 -42.230186
v 392.880676 -270.393311 -42.230186
v 392.880676 -296.682281 67.497826
v 388.308685 -282.966309 67.497826
v 392.880676 -296.682281 323.529846
v 388.308685 -282.966309 323.529846
v 392.880676 -296.682281 579.561890
v 388.308685 -282.966309 579.561890
v 392.880676 -296.682281 835.593933
v 388.308685 -282.966309 835.593933
v 392.880676 -296.682281 1091.625977
v 388.308685 -282.966309 1091.625977
v 392.880676 -270.393311 67.497826
v 392.880676 -270.393311 323.529846
v 392.880676 -270.393311 579.561890
v 392.880676 -270.393311 835.593933
v 392.880676 -270.393311 1091.625977
v 406.596680 -301.254303 67.497826
v 406.596680 -301.254303 323.529846
v 406.596680 -301.254303 579.561890
v 406.596680 -301.254303 835.593933
v 406.596680 -301.254303 1091.625977
v 406.596680 -264.678284 67.497826
v 406.596680 -264.678284 323.529846
v 406.596680 -264.678284 579.561890
v 406.596680 -264.678284 835.593933
v 406.596680 -264.678284 1091.625977
v 419.169708 -296.682281 67.497826
v 419.169708 -296.682281 323.529846
v 419.169708 -296.682281 579.561890
v 419.169708 -296.682281 835.593933
v 419.169708 -296.682281 1091.625977
v 419.169708 -270.393311 67.497826
v 419.169708 -270.393311 323.529846
v 419.169708 -270.393311 579.561890
v 419.169708 -270.393311 835.593933
v 419.169708 -270.393311 1091.625977
v 424.884674 -282.966309 67.497826
v 424.884674 -282.966309 323.529846
v 424.884674 -282.966309 579.561890
v 424.884674 -282.966309 835.593933
v 424.884674 -282.966309 1091.625977
v 424.884674 -282.966309 1311.081787
v 419.169708 -296.682281 1311.081787
v 406.596680 -301.254303 1311.081787
v 392.880676 -296.682281 1311.081787
v 388.308685 -282.966309 1311.081787
v 392.880676 -270.393311 1311.081787
v 406.596680 -264.678284 1311.081787
v 419.169708 -270.393311 1311.081787
v 2765.748535 -282.966309 762.441772
v 2765.748535 -296.682281 768.156860
v 2765.748535 -301.254303 780.729797
v 2765.748535 -296.682281 794.445862
v 2765.748535 -282.966309 799.017883
v 2765.748535 -270.393311 794.445862
v 2765.748535 -264.678284 780.729797
v 2765.748535 -270.393311 768.156860
v 2747.460938 -270.393311 794.445862
v 2747.460938 -282.966309 799.017883
v 2747.460938 -296.682281 794.445862
v 2747.460938 -301.254303 780.729797
v 2747.460938 -296.682281 768.156860
v 2747.460938 -282.966309 762.441772
v 2747.460938 -270.393311 768.156860
v 2747.460938 -264.678284 780.729797
v 2655.552002 -281.686157 -316.550171
v 2650.157227 -297.116638 -316.550171
v 2637.732666 -301.254303 -316.550171
v 2624.016602 -296.682281 -316.550171
v 2619.444580 -282.966309 -316.550171
v 2624.016602 -270.393311 -316.550171
v 2636.841309 -265.055481 -316.550171
v 2651.643311 -270.919098 -316.550171
v 2674.308594 -281.160370 -370.751221
v 2674.308594 -297.105194 -365.562012
v 2674.308594 -301.254303 -353.126160
v 2674.308594 -296.682281 -339.410187
v 2674.308594 -289.062347 -336.870178
v 2674.308594 -282.966309 -334.838165
v 2674.308594 -279.530670 -336.087524
v 2674.308594 -270.393311 -339.410187
v 2674.308594 -264.849792 -352.703308
v 2674.308594 -270.964813 -367.047913
v 2637.732666 -301.254303 -353.126160
v 2624.016602 -296.682281 -366.842194
v 2619.444580 -282.966309 -371.414154
v 2624.016602 -270.393311 -366.842194
v 2637.732666 -264.678284 -353.126160
v 2651.448730 -270.393311 -339.410187
v 2659.469482 -273.599243 -338.244385
v 2651.448730 -296.682281 -339.410187
v 2656.020752 -282.966309 -334.838165
v 2765.748535 -319.542297 762.441772
v 2765.748535 -333.258270 768.156860
v 2765.748535 -337.830292 780.729797
v 2765.748535 -333.258270 794.445862
v 2765.748535 -319.542297 799.017883
v 2765.748535 -306.969299 794.445862
v 2765.748535 -301.254303 780.729797
v 2765.748535 -306.969299 768.156860
v 2747.460938 -306.969299 794.445862
v 2747.460938 -319.542297 799.017883
v 2747.460938 -333.258270 794.445862
v 2747.460938 -337.830292 780.729797
v 2747.460938 -333.258270 768.156860
v 2747.460938 -319.542297 762.441772
v 2747.460938 -306.969299 768.156860
v 2747.460938 -301.254303 780.729797
v 370.020660 -279.530670 -61.767540
v 370.020660 -282.966309 -60.518188
v 370.020660 -289.062286 -62.550201
v 370.020660 -296.682281 -65.090218
v 370.020660 -301.254303 -78.806190
v 370.020660 -297.105194 -91.242027
v 370.020660 -281.160370 -96.431236
v 370.020660 -270.964813 -92.727928
v 370.020660 -264.849792 -78.383217
v 370.020660 -270.393311 -65.090218
v 424.884674 -282.966309 -42.230186
v 420.312683 -296.682281 -42.230186
v 406.596680 -301.254303 -42.230186
v 394.172272 -297.116638 -42.230186
v 388.777313 -281.686157 -42.230186
v 392.686371 -270.919098 -42.230186
v 407.488220 -265.055481 -42.230186
v 420.312683 -270.393311 -42.230186
v 420.312683 -296.682281 -92.522163
v 424.884674 -282.966309 -97.094193
v 420.312683 -270.393311 -92.522163
v 406.596680 -264.678284 -78.806190
v 406.596680 -301.254303 -78.806190
v 392.880676 -270.393311 -65.090218
v 384.859924 -273.599243 -63.924408
v 392.880676 -296.682281 -65.090218
v 388.308685 -282.966309 -60.518188
v 388.777313 -281.686157 1311.081787
v 394.172272 -297.116638 1311.081787
v 406.596680 -301.254303 1311.081787
v 420.312683 -296.682281 1311.081787
v 424.884674 -282.966309 1311.081787
v 420.312683 -270.393311 1311.081787
v 407.488220 -265.055481 1311.081787
v 392.686371 -270.919098 1311.081787
v 370.020660 -282.966309 1365.945801
v 370.020660 -296.682281 1361.373901
v 370.020660 -300.957092 1348.549438
v 370.020660 -296.270844 1333.804443
v 370.020660 -289.062286 1331.399536
v 370.020660 -284.246429 1329.792847
v 370.020660 -279.511169 1331.601440
v 370.020660 -269.821777 1335.302002
v 370.020660 -264.678284 1347.657715
v 370.020660 -270.393311 1361.373901
v 406.596680 -301.254303 1347.657715
v 420.312683 -296.682281 1361.373901
v 424.884674 -282.966309 1365.945801
v 420.312683 -270.393311 1361.373901
v 406.596680 -264.678284 1347.657715
v 392.880676 -270.393311 1333.941772
v 384.842773 -273.599243 1333.118896
v 392.880676 -296.682281 1333.941772
v 388.308685 -282.966309 1329.369873
s 0
f 10620 10618 10616
f 10625 10619 10620
f 10626 10620 10621
f 10617 10627 10628
f 10618 10624 10630
f 10616 10628 10631
f 10621 10632 10626
f 10623 10631 10633
f 10622 10633 10632
f 10636 10635 10634
f 10639 10638 10637
f 10642 10641 10640
f 10645 10644 10643
f 10645 10647 10646
f 10642 10649 10648
f 10636 10652 10651
f 10639 10654 10641
f 10659 10657 10655
f 10667 10665 10663
f 10646 10660 10661
f 10641 10656 10657
f 10641 10668 10657
f 10663 10636 10638
f 10671 10667 10668
f 10635 10664 10665
f 10672 10666 10667
f 10639 10657 10669
f 10673 10634 10665
f 10669 10638 10639
f 10670 10659 10660
f 10655 10642 10644
f 10674 10658 10659
f 10645 10661 10662
f 10676 10640 10657
f 10662 10644 10645
f 10680 10678 10677
f 10684 10682 10685
f 10688 10686 10689
f 10693 10691 10690
f 10696 10694 10690
f 10698 10695 10697
f 10700 10699 10697
f 10702 10699 10678
f 10705 10704 10703
f 10707 10703 10706
f 10709 10708 10706
f 10711 10710 10677
f 10633 10712 10713
f 10713 10715 10714
f 10716 10717 10718
f 10718 10697 10696
f 10720 10625 10626
f 10723 10721 10719
f 10725 10722 10723
f 10692 10724 10725
f 10632 10713 10726
f 10726 10716 10727
f 10727 10718 10728
f 10728 10696 10691
f 10731 10729 10732
f 10734 10730 10731
f 10683 10733 10734
f 10626 10726 10720
f 10720 10727 10723
f 10723 10728 10725
f 10725 10691 10692
f 10737 10735 10738
f 10740 10735 10739
f 10741 10707 10706
f 10742 10732 10743
f 10744 10731 10742
f 10682 10734 10744
f 10730 10736 10729
f 10733 10735 10730
f 10705 10739 10733
f 10743 10745 10721
f 10630 10624 10745
f 10719 10745 10624
f 10737 10746 10736
f 10627 10747 10746
f 10748 10627 10629
f 10628 10715 10712
f 10732 10749 10745
f 10629 10745 10749
f 10747 10748 10749
f 10749 10736 10746
f 10747 10749 10746
f 10722 10750 10721
f 10724 10751 10722
f 10686 10752 10724
f 10753 10743 10754
f 10755 10742 10753
f 10680 10744 10755
f 10756 10754 10750
f 10750 10743 10721
f 10753 10757 10758
f 10759 10753 10758
f 10679 10755 10759
f 10756 10757 10754
f 10751 10760 10750
f 10752 10761 10751
f 10687 10762 10752
f 10757 10761 10758
f 10758 10762 10759
f 10759 10678 10679
f 10760 10756 10750
f 10764 10763 10760
f 10766 10763 10765
f 10766 10740 10741
f 10767 10706 10711
f 10760 10766 10761
f 10761 10767 10762
f 10762 10711 10678
f 10737 10738 10765
f 10764 10737 10763
f 10770 10760 10761
f 10762 10770 10761
f 10678 10771 10762
f 10769 10764 10760
f 10768 10769 10772
f 10715 10772 10769
f 10714 10769 10770
f 10714 10771 10717
f 10717 10700 10697
f 10706 10773 10774
f 10670 10775 10776
f 10777 10704 10705
f 10776 10778 10674
f 10673 10777 10634
f 10776 10697 10779
f 10672 10773 10673
f 10775 10698 10776
f 10781 10777 10705
f 10634 10780 10653
f 10652 10653 10780
f 10646 10782 10775
f 10783 10693 10782
f 10694 10782 10693
f 10784 10706 10774
f 10779 10785 10778
f 10697 10786 10779
f 10785 10786 10787
f 10787 10701 10702
f 10784 10672 10671
f 10675 10787 10788
f 10778 10675 10674
f 10791 10789 10678
f 10640 10790 10650
f 10789 10709 10784
f 10671 10789 10784
f 10710 10792 10681
f 10792 10654 10793
f 10641 10792 10789
f 10793 10794 10792
f 10685 10781 10684
f 10681 10794 10685
f 10794 10780 10781
f 10794 10652 10780
f 10649 10650 10790
f 10788 10640 10676
f 10788 10787 10789
f 10702 10789 10787
f 10647 10795 10782
f 10689 10791 10688
f 10783 10795 10689
f 10795 10790 10791
f 10795 10649 10790
f 10800 10798 10796
f 10796 10804 10805
f 10805 10806 10807
f 10807 10808 10809
f 10809 10810 10811
f 10811 10812 10813
f 10803 10805 10814
f 10814 10807 10815
f 10815 10809 10816
f 10816 10811 10817
f 10817 10813 10818
f 10819 10797 10798
f 10820 10804 10819
f 10821 10806 10820
f 10822 10808 10821
f 10823 10810 10822
f 10802 10814 10824
f 10824 10815 10825
f 10825 10816 10826
f 10826 10817 10827
f 10827 10818 10828
f 10829 10798 10799
f 10830 10819 10829
f 10831 10820 10830
f 10832 10821 10831
f 10833 10822 10832
f 10801 10824 10834
f 10834 10825 10835
f 10835 10826 10836
f 10836 10827 10837
f 10837 10828 10838
f 10839 10799 10800
f 10840 10829 10839
f 10841 10830 10840
f 10842 10831 10841
f 10843 10832 10842
f 10834 10800 10801
f 10835 10839 10834
f 10836 10840 10835
f 10837 10841 10836
f 10838 10842 10837
f 10848 10846 10844
f 10818 10848 10849
f 10813 10847 10848
f 10828 10849 10850
f 10846 10812 10823
f 10838 10850 10851
f 10845 10823 10833
f 10851 10843 10838
f 10844 10833 10843
f 10856 10854 10852
f 10864 10862 10860
f 10852 10864 10865
f 10867 10857 10858
f 10863 10853 10854
f 10860 10856 10857
f 10866 10858 10859
f 10861 10855 10856
f 10859 10865 10866
f 10862 10854 10855
f 10872 10870 10868
f 10882 10878 10876
f 10877 10886 10887
f 10889 10872 10873
f 10876 10887 10888
f 10873 10890 10889
f 10889 10876 10888
f 10886 10871 10887
f 10885 10890 10884
f 10872 10887 10871
f 10891 10874 10875
f 10883 10892 10882
f 10891 10884 10890
f 10893 10870 10886
f 10880 10893 10879
f 10893 10878 10879
f 10894 10869 10893
f 10882 10894 10881
f 10880 10894 10893
f 10875 10894 10891
f 10892 10891 10894
f 10899 10897 10895
f 10907 10905 10903
f 10895 10907 10908
f 10910 10900 10901
f 10906 10896 10897
f 10903 10899 10900
f 10909 10901 10902
f 10904 10898 10899
f 10902 10908 10909
f 10905 10897 10898
f 10917 10913 10911
f 10925 10923 10921
f 10921 10929 10930
f 10932 10918 10919
f 10922 10933 10929
f 10931 10917 10918
f 10932 10928 10931
f 10917 10929 10916
f 10931 10921 10930
f 10933 10916 10929
f 10927 10934 10926
f 10920 10935 10934
f 10919 10934 10932
f 10923 10936 10933
f 10913 10914 10936
f 10936 10915 10933
f 10937 10924 10925
f 10911 10937 10935
f 10937 10913 10936
f 10926 10937 10925
f 10934 10935 10937
f 10942 10940 10938
f 10952 10948 10946
f 10947 10956 10957
f 10959 10942 10943
f 10946 10957 10958
f 10943 10960 10959
f 10959 10946 10958
f 10941 10956 10940
f 10960 10955 10959
f 10942 10957 10941
f 10944 10961 10960
f 10953 10962 10952
f 10961 10954 10960
f 10963 10940 10956
f 10950 10963 10949
f 10948 10963 10956
f 10964 10939 10963
f 10952 10964 10951
f 10950 10964 10963
f 10945 10964 10961
f 10962 10961 10964
f 10616 10623 10622
f 10622 10621 10620
f 10620 10619 10618
f 10618 10617 10616
f 10616 10622 10620
f 10625 10624 10619
f 10626 10625 10620
f 10617 10618 10627
f 10629 10627 10618
f 10618 10619 10624
f 10630 10629 10618
f 10616 10617 10628
f 10621 10622 10632
f 10623 10616 10631
f 10622 10623 10633
f 10648 10643 10642
f 10642 10650 10649
f 10651 10637 10636
f 10636 10653 10652
f 10655 10662 10661
f 10661 10660 10659
f 10659 10658 10657
f 10657 10656 10655
f 10655 10661 10659
f 10663 10669 10657
f 10657 10668 10667
f 10667 10666 10665
f 10665 10664 10663
f 10663 10657 10667
f 10646 10670 10660
f 10641 10642 10656
f 10641 10671 10668
f 10663 10664 10636
f 10671 10672 10667
f 10635 10636 10664
f 10672 10673 10666
f 10639 10641 10657
f 10665 10666 10673
f 10634 10635 10665
f 10669 10663 10638
f 10670 10674 10659
f 10655 10656 10642
f 10674 10675 10658
f 10645 10646 10661
f 10657 10658 10675
f 10657 10675 10676
f 10640 10641 10657
f 10662 10655 10644
f 10677 10681 10680
f 10680 10679 10678
f 10684 10683 10682
f 10688 10687 10686
f 10693 10692 10691
f 10696 10695 10694
f 10702 10701 10699
f 10711 10708 10710
f 10633 10631 10712
f 10714 10716 10713
f 10713 10712 10715
f 10716 10714 10717
f 10718 10717 10697
f 10720 10719 10625
f 10719 10720 10723
f 10723 10722 10721
f 10725 10724 10722
f 10692 10686 10724
f 10632 10633 10713
f 10726 10713 10716
f 10727 10716 10718
f 10728 10718 10696
f 10731 10730 10729
f 10734 10733 10730
f 10683 10705 10733
f 10626 10632 10726
f 10720 10726 10727
f 10723 10727 10728
f 10725 10728 10691
f 10737 10736 10735
f 10739 10741 10740
f 10740 10738 10735
f 10741 10739 10707
f 10742 10731 10732
f 10744 10734 10731
f 10682 10683 10734
f 10730 10735 10736
f 10733 10739 10735
f 10705 10707 10739
f 10743 10732 10745
f 10624 10625 10719
f 10719 10721 10745
f 10737 10715 10746
f 10746 10628 10627
f 10627 10748 10747
f 10712 10631 10628
f 10628 10746 10715
f 10732 10729 10749
f 10749 10748 10629
f 10629 10630 10745
f 10749 10729 10736
f 10722 10751 10750
f 10724 10752 10751
f 10686 10687 10752
f 10753 10742 10743
f 10755 10744 10742
f 10680 10682 10744
f 10750 10754 10743
f 10753 10754 10757
f 10759 10755 10753
f 10679 10680 10755
f 10751 10761 10760
f 10752 10762 10761
f 10687 10678 10762
f 10757 10760 10761
f 10758 10761 10762
f 10759 10762 10678
f 10760 10757 10756
f 10741 10767 10766
f 10766 10765 10740
f 10767 10741 10706
f 10760 10763 10766
f 10761 10766 10767
f 10762 10767 10711
f 10765 10763 10737
f 10738 10740 10765
f 10764 10768 10737
f 10770 10769 10760
f 10762 10771 10770
f 10678 10700 10771
f 10768 10764 10769
f 10714 10715 10769
f 10714 10770 10771
f 10717 10771 10700
f 10706 10704 10773
f 10670 10646 10775
f 10777 10773 10704
f 10674 10670 10776
f 10776 10779 10778
f 10673 10773 10777
f 10776 10698 10697
f 10672 10774 10773
f 10775 10694 10698
f 10705 10684 10781
f 10781 10780 10777
f 10634 10777 10780
f 10646 10647 10782
f 10694 10775 10782
f 10784 10709 10706
f 10779 10786 10785
f 10697 10701 10786
f 10787 10786 10701
f 10784 10774 10672
f 10788 10676 10675
f 10675 10785 10787
f 10778 10785 10675
f 10678 10688 10791
f 10791 10790 10789
f 10640 10789 10790
f 10789 10710 10709
f 10671 10641 10789
f 10710 10789 10792
f 10641 10654 10792
f 10793 10651 10794
f 10685 10794 10781
f 10681 10792 10794
f 10794 10651 10652
f 10788 10789 10640
f 10702 10678 10789
f 10647 10648 10795
f 10689 10795 10791
f 10783 10782 10795
f 10795 10648 10649
f 10796 10803 10802
f 10802 10801 10800
f 10800 10799 10798
f 10798 10797 10796
f 10796 10802 10800
f 10796 10797 10804
f 10805 10804 10806
f 10807 10806 10808
f 10809 10808 10810
f 10811 10810 10812
f 10803 10796 10805
f 10814 10805 10807
f 10815 10807 10809
f 10816 10809 10811
f 10817 10811 10813
f 10819 10804 10797
f 10820 10806 10804
f 10821 10808 10806
f 10822 10810 10808
f 10823 10812 10810
f 10802 10803 10814
f 10824 10814 10815
f 10825 10815 10816
f 10826 10816 10817
f 10827 10817 10818
f 10829 10819 10798
f 10830 10820 10819
f 10831 10821 10820
f 10832 10822 10821
f 10833 10823 10822
f 10801 10802 10824
f 10834 10824 10825
f 10835 10825 10826
f 10836 10826 10827
f 10837 10827 10828
f 10839 10829 10799
f 10840 10830 10829
f 10841 10831 10830
f 10842 10832 10831
f 10843 10833 10832
f 10834 10839 10800
f 10835 10840 10839
f 10836 10841 10840
f 10837 10842 10841
f 10838 10843 10842
f 10844 10851 10850
f 10850 10849 10848
f 10848 10847 10846
f 10846 10845 10844
f 10844 10850 10848
f 10818 10813 10848
f 10813 10812 10847
f 10828 10818 10849
f 10846 10847 10812
f 10838 10828 10850
f 10845 10846 10823
f 10851 10844 10843
f 10844 10845 10833
f 10852 10859 10858
f 10858 10857 10856
f 10856 10855 10854
f 10854 10853 10852
f 10852 10858 10856
f 10860 10867 10866
f 10866 10865 10864
f 10864 10863 10862
f 10862 10861 10860
f 10860 10866 10864
f 10852 10853 10864
f 10867 10860 10857
f 10863 10864 10853
f 10860 10861 10856
f 10866 10867 10858
f 10861 10862 10855
f 10859 10852 10865
f 10862 10863 10854
f 10868 10875 10874
f 10874 10873 10872
f 10872 10871 10870
f 10870 10869 10868
f 10868 10874 10872
f 10876 10885 10884
f 10884 10883 10882
f 10882 10881 10880
f 10880 10879 10878
f 10878 10877 10876
f 10876 10884 10882
f 10882 10880 10878
f 10877 10878 10886
f 10889 10888 10872
f 10876 10877 10887
f 10873 10874 10890
f 10889 10885 10876
f 10886 10870 10871
f 10885 10889 10890
f 10872 10888 10887
f 10891 10890 10874
f 10883 10891 10892
f 10891 10883 10884
f 10893 10869 10870
f 10893 10886 10878
f 10894 10868 10869
f 10882 10892 10894
f 10880 10881 10894
f 10875 10868 10894
f 10895 10902 10901
f 10901 10900 10899
f 10899 10898 10897
f 10897 10896 10895
f 10895 10901 10899
f 10903 10910 10909
f 10909 10908 10907
f 10907 10906 10905
f 10905 10904 10903
f 10903 10909 10907
f 10895 10896 10907
f 10910 10903 10900
f 10906 10907 10896
f 10903 10904 10899
f 10909 10910 10901
f 10904 10905 10898
f 10902 10895 10908
f 10905 10906 10897
f 10911 10920 10919
f 10919 10918 10917
f 10917 10916 10915
f 10915 10914 10913
f 10913 10912 10911
f 10911 10919 10917
f 10917 10915 10913
f 10921 10928 10927
f 10927 10926 10925
f 10925 10924 10923
f 10923 10922 10921
f 10921 10927 10925
f 10921 10922 10929
f 10932 10931 10918
f 10922 10923 10933
f 10931 10930 10917
f 10932 10927 10928
f 10917 10930 10929
f 10931 10928 10921
f 10933 10915 10916
f 10927 10932 10934
f 10920 10911 10935
f 10919 10920 10934
f 10923 10924 10936
f 10936 10914 10915
f 10937 10936 10924
f 10911 10912 10937
f 10937 10912 10913
f 10926 10934 10937
f 10938 10945 10944
f 10944 10943 10942
f 10942 10941 10940
f 10940 10939 10938
f 10938 10944 10942
f 10946 10955 10954
f 10954 10953 10952
f 10952 10951 10950
f 10950 10949 10948
f 10948 10947 10946
f 10946 10954 10952
f 10952 10950 10948
f 10947 10948 10956
f 10959 10958 10942
f 10946 10947 10957
f 10943 10944 10960
f 10959 10955 10946
f 10941 10957 10956
f 10960 10954 10955
f 10942 10958 10957
f 10944 10945 10961
f 10953 10961 10962
f 10961 10953 10954
f 10963 10939 10940
f 10948 10949 10963
f 10964 10938 10939
f 10952 10962 10964
f 10950 10951 10964
f 10945 10938 10964
o de_nuke_world_geometry.038
v 2308.548828 -392.694305 -362.270172
v 2345.124756 -392.694305 -362.270172
v 2308.548828 -282.966309 -362.270172
v 2345.124756 -282.966309 -362.270172
s 0
f 10966 10967 10968
f 10966 10965 10967
o de_nuke_world_geometry.039
v 2308.548828 -392.694305 -279.974152
v 2308.548828 -392.694305 -362.270172
v 2308.548828 -282.966309 -362.270172
v 2308.548828 -282.966309 -279.974152
s 0
f 10970 10972 10971
f 10970 10969 10972
o de_nuke_world_geometry.040
v 2308.548828 -282.966309 -362.270172
v 2345.124756 -282.966309 -362.270172
v 2308.548828 -282.966309 -279.974152
v 2345.124756 -282.966309 -353.126160
v 2345.124756 -282.966309 -279.974152
s 0
f 10973 10977 10976
f 10976 10974 10973
f 10973 10975 10977
o de_nuke_world_geometry.041
v 2180.532715 -538.998291 -78.806190
v 2180.532715 -538.998291 -60.518188
v 2454.853027 -392.694305 -60.518188
v 2454.853027 -392.694305 -78.806190
v 2180.532715 -529.854370 -60.518188
v 2180.532715 -529.854370 -78.806190
v 2198.820557 -529.854370 -78.806190
v 2198.820557 -529.854370 -60.518188
v 2454.853027 -401.838318 -60.518188
v 2454.853027 -401.838318 -78.806190
v 2454.853027 -397.266296 -78.806190
v 2436.564697 -410.982300 -60.518188
v 2436.564697 -410.982300 -78.806190
v 2436.564697 -406.410278 -78.806190
v 2436.564697 -401.838318 -78.806190
v 2436.564697 -401.838318 -60.518188
v 2418.276611 -410.982300 -78.806190
v 2381.700928 -429.270325 -78.806190
v 2399.988770 -420.126312 -78.806190
v 2399.988770 -429.270325 -78.806190
v 2345.124756 -447.558319 -78.806190
v 2363.412842 -438.414307 -78.806190
v 2363.412842 -447.558319 -78.806190
v 2308.548828 -465.846313 -78.806190
v 2326.836670 -456.702332 -78.806190
v 2326.836670 -465.846313 -78.806190
v 2271.972656 -484.134277 -78.806190
v 2290.260742 -474.990326 -78.806190
v 2290.260742 -484.134277 -78.806190
v 2235.396973 -502.422302 -78.806190
v 2253.684814 -493.278351 -78.806190
v 2253.684814 -502.422302 -78.806190
v 2198.820557 -520.710327 -78.806190
v 2217.108887 -511.566345 -78.806190
v 2217.108887 -520.710327 -78.806190
v 2235.396973 -511.566345 -78.806190
v 2271.972656 -493.278351 -78.806190
v 2308.548828 -474.990326 -78.806190
v 2345.124756 -456.702332 -78.806190
v 2381.700928 -438.414307 -78.806190
v 2418.276611 -420.126312 -78.806190
v 2217.108887 -520.710327 -60.518188
v 2217.108887 -511.566345 -60.518188
v 2326.836670 -465.846313 -60.518188
v 2326.836670 -456.702332 -60.518188
v 2381.700928 -438.414307 -60.518188
v 2381.700928 -429.270325 -60.518188
v 2399.988770 -429.270325 -60.518188
v 2399.988770 -420.126312 -60.518188
v 2418.276611 -420.126312 -60.518188
v 2418.276611 -410.982300 -60.518188
v 2363.412842 -438.414307 -60.518188
v 2363.412842 -447.558319 -60.518188
v 2345.124756 -456.702332 -60.518188
v 2345.124756 -447.558319 -60.518188
v 2308.548828 -465.846313 -60.518188
v 2271.972656 -493.278351 -60.518188
v 2271.972656 -484.134277 -60.518188
v 2290.260742 -484.134277 -60.518188
v 2290.260742 -474.990326 -60.518188
v 2308.548828 -474.990326 -60.518188
v 2253.684814 -493.278351 -60.518188
v 2235.396973 -511.566345 -60.518188
v 2235.396973 -502.422302 -60.518188
v 2253.684814 -502.422302 -60.518188
v 2198.820557 -520.710327 -60.518188
v 3424.116699 -218.958313 1073.337769
v 3424.116699 -228.102310 1073.337769
v 3277.812744 -228.102310 1073.337769
v 3277.812744 -218.958313 1073.337769
v 3424.116699 -173.238297 981.897949
v 3277.812744 -173.238297 981.897949
v 3277.812744 -173.238297 963.609802
v 3424.116699 -173.238297 963.609802
v 3424.116699 -164.094299 945.321899
v 3424.116699 -154.950302 945.321899
v 3424.116699 -164.094299 963.609802
v 3424.116699 -145.806305 908.745911
v 3424.116699 -136.662292 908.745911
v 3424.116699 -145.806305 927.033813
v 3424.116699 -154.950302 927.033813
v 3277.812744 -164.094299 963.609802
v 3277.812744 -154.950302 945.321899
v 3277.812744 -164.094299 945.321899
v 3277.812744 -145.806305 927.033813
v 3277.812744 -136.662292 908.745911
v 3277.812744 -145.806305 908.745911
v 3277.812744 -154.950302 927.033813
v 3277.812744 -209.814301 1055.049927
v 3277.812744 -218.958313 1055.049927
v 3277.812744 -200.670303 1036.761841
v 3277.812744 -191.526306 1018.473938
v 3277.812744 -200.670303 1018.473938
v 3277.812744 -182.382309 1000.185791
v 3277.812744 -182.382309 981.897949
v 3277.812744 -191.526306 1000.185791
v 3277.812744 -209.814301 1036.761841
v 3424.116699 -218.958313 1055.049927
v 3424.116699 -209.814301 1055.049927
v 3424.116699 -200.670303 1018.473938
v 3424.116699 -191.526306 1018.473938
v 3424.116699 -200.670303 1036.761841
v 3424.116699 -191.526306 1000.185791
v 3424.116699 -182.382309 1000.185791
v 3424.116699 -182.382309 981.897949
v 3424.116699 -209.814301 1036.761841
v 3424.116699 -356.118317 1347.657715
v 3424.116699 -365.262299 1347.657715
v 3277.812744 -365.262299 1347.657715
v 3277.812744 -356.118317 1347.657715
v 3424.116699 -301.254303 1219.641846
v 3424.116699 -292.110291 1219.641846
v 3424.116699 -301.254303 1237.929688
v 3424.116699 -246.390305 1109.913818
v 3424.116699 -237.246307 1109.913818
v 3424.116699 -246.390305 1128.201904
v 3424.116699 -237.246307 1091.625977
v 3424.116699 -228.102310 1091.625977
v 3424.116699 -264.678284 1146.489868
v 3424.116699 -255.534317 1146.489868
v 3424.116699 -264.678284 1164.777954
v 3424.116699 -282.966309 1183.065796
v 3424.116699 -273.822296 1183.065796
v 3424.116699 -282.966309 1201.354004
v 3424.116699 -292.110291 1201.354004
v 3424.116699 -273.822296 1164.777954
v 3424.116699 -255.534317 1128.201904
v 3424.116699 -319.542297 1256.217896
v 3424.116699 -310.398315 1256.217896
v 3424.116699 -319.542297 1274.505737
v 3424.116699 -337.830292 1292.793823
v 3424.116699 -328.686310 1292.793823
v 3424.116699 -337.830292 1311.081787
v 3424.116699 -346.974304 1311.081787
v 3424.116699 -346.974304 1329.369873
v 3424.116699 -328.686310 1274.505737
v 3424.116699 -310.398315 1237.929688
v 3424.116699 -356.118317 1329.369873
v 3277.812744 -301.254303 1237.929688
v 3277.812744 -292.110291 1219.641846
v 3277.812744 -301.254303 1219.641846
v 3277.812744 -246.390305 1128.201904
v 3277.812744 -237.246307 1109.913818
v 3277.812744 -246.390305 1109.913818
v 3277.812744 -228.102310 1091.625977
v 3277.812744 -237.246307 1091.625977
v 3277.812744 -264.678284 1164.777954
v 3277.812744 -255.534317 1146.489868
v 3277.812744 -264.678284 1146.489868
v 3277.812744 -282.966309 1201.354004
v 3277.812744 -273.822296 1183.065796
v 3277.812744 -282.966309 1183.065796
v 3277.812744 -292.110291 1201.354004
v 3277.812744 -273.822296 1164.777954
v 3277.812744 -255.534317 1128.201904
v 3277.812744 -319.542297 1274.505737
v 3277.812744 -310.398315 1256.217896
v 3277.812744 -319.542297 1256.217896
v 3277.812744 -337.830292 1311.081787
v 3277.812744 -328.686310 1292.793823
v 3277.812744 -337.830292 1292.793823
v 3277.812744 -346.974304 1329.369873
v 3277.812744 -346.974304 1311.081787
v 3277.812744 -328.686310 1274.505737
v 3277.812744 -310.398315 1237.929688
v 3277.812744 -356.118317 1329.369873
v 3277.812744 -365.262299 1365.945801
v 3424.116699 -374.406311 1365.945801
v 3424.116699 -365.262299 1365.945801
v 3277.812744 -374.406311 1365.945801
v 3259.524414 -383.550323 1585.401855
v 3259.524414 -374.406311 1585.401855
v 3241.236816 -383.550323 1585.401855
v 3241.236816 -392.694305 1585.401855
v 3241.236816 -383.550323 1365.945801
v 3259.524414 -374.406311 1365.945801
v 3259.524414 -383.550323 1365.945801
v 3241.236816 -392.694305 1365.945801
v 2454.853027 -392.694305 76.641769
v 2198.820557 -529.854370 76.641769
v 2180.532715 -529.854370 76.641769
v 2454.853027 -397.266296 76.641769
v 2454.853027 -401.838318 76.641769
v 2436.564697 -406.410278 76.641769
v 2436.564697 -401.838318 76.641769
v 2436.564697 -410.982300 76.641769
v 2418.276611 -410.982300 76.641769
v 2399.988770 -429.270325 76.641769
v 2399.988770 -420.126312 76.641769
v 2381.700928 -429.270325 76.641769
v 2363.412842 -447.558319 76.641769
v 2363.412842 -438.414307 76.641769
v 2345.124756 -447.558319 76.641769
v 2326.836670 -465.846313 76.641769
v 2326.836670 -456.702332 76.641769
v 2308.548828 -465.846313 76.641769
v 2290.260742 -484.134277 76.641769
v 2290.260742 -474.990326 76.641769
v 2271.972656 -484.134277 76.641769
v 2253.684814 -502.422302 76.641769
v 2253.684814 -493.278351 76.641769
v 2235.396973 -502.422302 76.641769
v 2217.108887 -520.710327 76.641769
v 2217.108887 -511.566345 76.641769
v 2198.820557 -520.710327 76.641769
v 2235.396973 -511.566345 76.641769
v 2271.972656 -493.278351 76.641769
v 2308.548828 -474.990326 76.641769
v 2345.124756 -456.702332 76.641769
v 2381.700928 -438.414307 76.641769
v 2418.276611 -420.126312 76.641769
v 2180.532715 -538.998291 76.641769
v 2454.853027 -392.694305 1347.657715
v 2454.853027 -392.694305 1192.209839
v 2436.564697 -401.838318 1192.209839
v 2454.853027 -397.266296 1192.209839
v 2454.853027 -401.838318 1192.209839
v 2436.564697 -406.410278 1192.209839
v 2399.988770 -420.126312 1192.209839
v 2418.276611 -410.982300 1192.209839
v 2418.276611 -420.126312 1192.209839
v 2363.412842 -438.414307 1192.209839
v 2381.700928 -429.270325 1192.209839
v 2381.700928 -438.414307 1192.209839
v 2326.836670 -456.702332 1192.209839
v 2345.124756 -447.558319 1192.209839
v 2345.124756 -456.702332 1192.209839
v 2290.260742 -474.990326 1192.209839
v 2308.548828 -465.846313 1192.209839
v 2308.548828 -474.990326 1192.209839
v 2253.684814 -493.278351 1192.209839
v 2271.972656 -484.134277 1192.209839
v 2271.972656 -493.278351 1192.209839
v 2217.108887 -511.566345 1192.209839
v 2235.396973 -502.422302 1192.209839
v 2235.396973 -511.566345 1192.209839
v 2198.820557 -520.710327 1192.209839
v 2198.820557 -529.854370 1192.209839
v 2180.532715 -529.854370 1192.209839
v 2217.108887 -520.710327 1192.209839
v 2253.684814 -502.422302 1192.209839
v 2290.260742 -484.134277 1192.209839
v 2326.836670 -465.846313 1192.209839
v 2363.412842 -447.558319 1192.209839
v 2399.988770 -429.270325 1192.209839
v 2436.564697 -410.982300 1192.209839
v 2180.532715 -538.998291 1192.209839
v 2180.532715 -538.998291 1347.657715
v 2436.564697 -406.410278 1347.657715
v 2436.564697 -401.838318 1347.657715
v 2454.853027 -401.838318 1347.657715
v 2454.853027 -397.266296 1347.657715
v 2436.564697 -410.982300 1347.657715
v 2418.276611 -410.982300 1347.657715
v 2399.988770 -429.270325 1347.657715
v 2399.988770 -420.126312 1347.657715
v 2381.700928 -429.270325 1347.657715
v 2363.412842 -447.558319 1347.657715
v 2363.412842 -438.414307 1347.657715
v 2345.124756 -447.558319 1347.657715
v 2326.836670 -465.846313 1347.657715
v 2326.836670 -456.702332 1347.657715
v 2308.548828 -465.846313 1347.657715
v 2290.260742 -484.134277 1347.657715
v 2290.260742 -474.990326 1347.657715
v 2271.972656 -484.134277 1347.657715
v 2253.684814 -502.422302 1347.657715
v 2253.684814 -493.278351 1347.657715
v 2235.396973 -502.422302 1347.657715
v 2217.108887 -520.710327 1347.657715
v 2217.108887 -511.566345 1347.657715
v 2198.820557 -520.710327 1347.657715
v 2180.532715 -529.854370 1347.657715
v 2198.820557 -529.854370 1347.657715
v 2235.396973 -511.566345 1347.657715
v 2271.972656 -493.278351 1347.657715
v 2308.548828 -474.990326 1347.657715
v 2345.124756 -456.702332 1347.657715
v 2381.700928 -438.414307 1347.657715
v 2418.276611 -420.126312 1347.657715
v 589.476624 -392.694305 -78.806190
v 589.476624 -397.266296 -78.806190
v 863.796692 -538.998291 -78.806190
v 863.796692 -529.854370 -78.806190
v 607.764648 -410.982300 -78.806190
v 607.764648 -406.410278 -78.806190
v 626.052673 -410.982300 -78.806190
v 644.340637 -429.270325 -78.806190
v 644.340637 -420.126312 -78.806190
v 662.628662 -429.270325 -78.806190
v 680.916626 -447.558319 -78.806190
v 680.916626 -438.414307 -78.806190
v 699.204651 -447.558319 -78.806190
v 717.492676 -465.846313 -78.806190
v 717.492676 -456.702332 -78.806190
v 735.780640 -465.846313 -78.806190
v 754.068665 -484.134277 -78.806190
v 754.068665 -474.990326 -78.806190
v 772.356628 -484.134277 -78.806190
v 790.644653 -502.422302 -78.806190
v 790.644653 -493.278351 -78.806190
v 808.932678 -502.422302 -78.806190
v 827.220642 -520.710327 -78.806190
v 827.220642 -511.566345 -78.806190
v 845.508667 -520.710327 -78.806190
v 845.508667 -529.854370 -78.806190
v 808.932678 -511.566345 -78.806190
v 772.356628 -493.278351 -78.806190
v 735.780640 -474.990326 -78.806190
v 699.204651 -456.702332 -78.806190
v 662.628662 -438.414307 -78.806190
v 626.052673 -420.126312 -78.806190
v 607.764648 -401.838318 -78.806190
v 589.476624 -401.838318 -78.806190
v 863.796692 -529.854370 76.641769
v 845.508667 -529.854370 76.641769
v 589.476624 -392.694305 76.641769
v 589.476624 -397.266296 76.641769
v 626.052673 -410.982300 76.641769
v 607.764648 -406.410278 76.641769
v 607.764648 -410.982300 76.641769
v 662.628662 -429.270325 76.641769
v 644.340637 -420.126312 76.641769
v 644.340637 -429.270325 76.641769
v 699.204651 -447.558319 76.641769
v 680.916626 -438.414307 76.641769
v 680.916626 -447.558319 76.641769
v 735.780640 -465.846313 76.641769
v 717.492676 -456.702332 76.641769
v 717.492676 -465.846313 76.641769
v 772.356628 -484.134277 76.641769
v 754.068665 -474.990326 76.641769
v 754.068665 -484.134277 76.641769
v 808.932678 -502.422302 76.641769
v 790.644653 -493.278351 76.641769
v 790.644653 -502.422302 76.641769
v 845.508667 -520.710327 76.641769
v 827.220642 -511.566345 76.641769
v 827.220642 -520.710327 76.641769
v 808.932678 -511.566345 76.641769
v 772.356628 -493.278351 76.641769
v 735.780640 -474.990326 76.641769
v 699.204651 -456.702332 76.641769
v 662.628662 -438.414307 76.641769
v 626.052673 -420.126312 76.641769
v 607.764648 -401.838318 76.641769
v 589.476624 -401.838318 76.641769
v 863.796692 -538.998291 76.641769
v 863.796692 -538.998291 1347.657715
v 863.796692 -538.998291 1192.209839
v 589.476624 -392.694305 1192.209839
v 589.476624 -401.838318 1192.209839
v 589.476624 -397.266296 1192.209839
v 607.764648 -401.838318 1192.209839
v 607.764648 -406.410278 1192.209839
v 626.052673 -420.126312 1192.209839
v 626.052673 -410.982300 1192.209839
v 644.340637 -420.126312 1192.209839
v 662.628662 -438.414307 1192.209839
v 662.628662 -429.270325 1192.209839
v 680.916626 -438.414307 1192.209839
v 699.204651 -456.702332 1192.209839
v 699.204651 -447.558319 1192.209839
v 717.492676 -456.702332 1192.209839
v 735.780640 -474.990326 1192.209839
v 735.780640 -465.846313 1192.209839
v 754.068665 -474.990326 1192.209839
v 772.356628 -493.278351 1192.209839
v 772.356628 -484.134277 1192.209839
v 790.644653 -493.278351 1192.209839
v 808.932678 -511.566345 1192.209839
v 808.932678 -502.422302 1192.209839
v 827.220642 -511.566345 1192.209839
v 863.796692 -529.854370 1192.209839
v 845.508667 -529.854370 1192.209839
v 845.508667 -520.710327 1192.209839
v 827.220642 -520.710327 1192.209839
v 790.644653 -502.422302 1192.209839
v 754.068665 -484.134277 1192.209839
v 717.492676 -465.846313 1192.209839
v 680.916626 -447.558319 1192.209839
v 644.340637 -429.270325 1192.209839
v 607.764648 -410.982300 1192.209839
v 863.796692 -529.854370 1347.657715
v 845.508667 -529.854370 1347.657715
v 607.764648 -401.838318 1347.657715
v 607.764648 -406.410278 1347.657715
v 589.476624 -397.266296 1347.657715
v 589.476624 -401.838318 1347.657715
v 626.052673 -410.982300 1347.657715
v 607.764648 -410.982300 1347.657715
v 662.628662 -429.270325 1347.657715
v 644.340637 -420.126312 1347.657715
v 644.340637 -429.270325 1347.657715
v 699.204651 -447.558319 1347.657715
v 680.916626 -438.414307 1347.657715
v 680.916626 -447.558319 1347.657715
v 735.780640 -465.846313 1347.657715
v 717.492676 -456.702332 1347.657715
v 717.492676 -465.846313 1347.657715
v 772.356628 -484.134277 1347.657715
v 754.068665 -474.990326 1347.657715
v 754.068665 -484.134277 1347.657715
v 808.932678 -502.422302 1347.657715
v 790.644653 -493.278351 1347.657715
v 790.644653 -502.422302 1347.657715
v 845.508667 -520.710327 1347.657715
v 827.220642 -511.566345 1347.657715
v 827.220642 -520.710327 1347.657715
v 808.932678 -511.566345 1347.657715
v 772.356628 -493.278351 1347.657715
v 735.780640 -474.990326 1347.657715
v 699.204651 -456.702332 1347.657715
v 662.628662 -438.414307 1347.657715
v 626.052673 -420.126312 1347.657715
v 589.476624 -392.694305 1347.657715
s 0
f 10981 10988 10986
f 10992 10991 10989
f 11011 11019 11020
f 11002 11021 11022
f 10995 11023 11024
f 10996 11025 11026
f 10994 11027 11028
f 10999 11030 11029
f 10998 11031 11032
f 11004 11034 11035
f 11005 11036 11037
f 11001 11038 11033
f 11007 11040 11041
f 11008 11042 11039
f 11010 10985 11043
f 10983 10979 10982
f 11046 11044 11047
f 11050 11054 11059
f 11064 11056 11063
f 11061 11053 11060
f 11065 11057 11062
f 11070 11078 11069
f 11072 11048 11049
f 11073 11081 11071
f 11067 11076 11066
f 11074 11079 11068
f 11086 11084 11087
f 11130 11101 11127
f 11126 11097 11125
f 11121 11092 11120
f 11123 11095 11122
f 11132 11093 11119
f 11131 11098 11124
f 11129 11100 11128
f 11141 11107 11133
f 11142 11090 11116
f 11118 11089 11117
f 11135 11106 11134
f 11140 11110 11136
f 11138 11109 11137
f 11143 11112 11139
f 11147 11146 11144
f 11155 11150 11152
f 11154 11149 11153
f 10986 11159 11156
f 11036 11175 11037
f 11023 11167 11024
f 11027 11164 11028
f 10989 11161 11162
f 11025 11166 11026
f 11031 11170 11032
f 11030 11169 11029
f 11021 11172 11022
f 11038 11173 11033
f 10985 11182 11043
f 11040 11179 11041
f 11034 11176 11035
f 11042 11178 11039
f 11019 11181 11020
f 10979 11158 10982
f 11219 11242 11205
f 11201 11234 11200
f 11195 11230 11226
f 11193 11228 11229
f 11222 11233 11196
f 11198 11231 11197
f 11220 11239 11202
f 11204 11237 11203
f 11221 11236 11199
f 11207 11240 11206
f 11215 11249 11214
f 11218 11245 11208
f 11210 11243 11209
f 11213 11246 11212
f 11217 11248 11211
f 11224 11250 11216
f 11316 11281 11315
f 11293 11282 11314
f 11320 11270 11302
f 11307 11272 11306
f 11318 11276 11308
f 11317 11279 11311
f 11313 11278 11312
f 11319 11273 11305
f 11310 11275 11309
f 11322 11264 11296
f 11321 11267 11299
f 11304 11269 11303
f 11301 11266 11300
f 11297 11262 11263
f 11295 11291 11259
f 11325 11261 11292
f 11387 11349 11381
f 11362 11353 11384
f 11386 11350 11385
f 11374 11338 11373
f 11390 11340 11372
f 11389 11343 11375
f 11388 11346 11378
f 11383 11347 11382
f 11380 11344 11379
f 11377 11341 11376
f 11392 11334 11367
f 11391 11337 11369
f 11371 11335 11370
f 11365 11329 11330
f 11364 11360 11332
f 11326 11351 11361
f 10986 10980 10981
f 10988 10987 10986
f 10989 10993 10992
f 10991 10990 10989
f 11011 11012 11019
f 11002 11003 11021
f 10995 11017 11023
f 10996 10997 11025
f 10994 11018 11027
f 10999 11000 11030
f 10998 11016 11031
f 11004 11014 11034
f 11005 11006 11036
f 11001 11015 11038
f 11007 11013 11040
f 11008 11009 11042
f 11010 10984 10985
f 10983 10978 10979
f 11046 11045 11044
f 11050 11051 11054
f 11064 11055 11056
f 11061 11052 11053
f 11065 11058 11057
f 11070 11077 11078
f 11072 11082 11048
f 11073 11080 11081
f 11067 11075 11076
f 11074 11083 11079
f 11086 11085 11084
f 11130 11102 11101
f 11126 11096 11097
f 11121 11091 11092
f 11123 11094 11095
f 11132 11104 11093
f 11131 11103 11098
f 11129 11099 11100
f 11141 11113 11107
f 11142 11114 11090
f 11118 11088 11089
f 11135 11105 11106
f 11140 11111 11110
f 11138 11108 11109
f 11143 11115 11112
f 11147 11145 11146
f 11155 11151 11150
f 11154 11148 11149
f 11156 10980 10986
f 10986 11160 11159
f 11036 11174 11175
f 11023 11187 11167
f 11027 11188 11164
f 11162 10993 10989
f 10989 11163 11161
f 11025 11165 11166
f 11031 11186 11170
f 11030 11168 11169
f 11021 11171 11172
f 11038 11185 11173
f 10985 11157 11182
f 11040 11183 11179
f 11034 11184 11176
f 11042 11177 11178
f 11019 11180 11181
f 10979 11189 11158
f 11219 11241 11242
f 11201 11256 11234
f 11227 11192 11195
f 11195 11223 11230
f 11226 11227 11195
f 11190 11191 11193
f 11193 11194 11228
f 11229 11190 11193
f 11222 11232 11233
f 11198 11257 11231
f 11220 11238 11239
f 11204 11255 11237
f 11221 11235 11236
f 11207 11254 11240
f 11215 11251 11249
f 11218 11244 11245
f 11210 11253 11243
f 11213 11252 11246
f 11217 11247 11248
f 11224 11225 11250
f 11316 11280 11281
f 11293 11283 11282
f 11320 11287 11270
f 11307 11271 11272
f 11318 11285 11276
f 11317 11284 11279
f 11313 11277 11278
f 11319 11286 11273
f 11310 11274 11275
f 11322 11289 11264
f 11321 11288 11267
f 11304 11268 11269
f 11301 11265 11266
f 11290 11323 11297
f 11297 11298 11262
f 11263 11290 11297
f 11258 11294 11295
f 11295 11324 11291
f 11259 11258 11295
f 11325 11260 11261
f 11387 11348 11349
f 11362 11352 11353
f 11386 11354 11350
f 11374 11358 11338
f 11390 11339 11340
f 11389 11342 11343
f 11388 11345 11346
f 11383 11355 11347
f 11380 11356 11344
f 11377 11357 11341
f 11392 11333 11334
f 11391 11336 11337
f 11371 11359 11335
f 11328 11393 11365
f 11365 11366 11329
f 11330 11328 11365
f 11331 11363 11364
f 11364 11368 11360
f 11332 11331 11364
f 11326 11327 11351
o de_nuke_world_geometry.042
v 1993.080566 -397.266296 -60.518188
v 2072.210449 -397.266296 -60.518188
v 2072.210449 -397.266296 -78.806190
v 1993.080566 -397.266296 -78.806190
v 1974.792725 -397.266296 -78.806190
v 1974.792725 -397.266296 -60.518188
v 1983.936768 -397.266296 -78.806190
v 1983.936768 -397.266296 -60.518188
v 1924.500732 -397.266296 -78.806190
v 1924.500732 -397.266296 -60.518188
v 1119.828735 -397.266296 -78.806190
v 1119.828735 -397.266296 -60.518188
v 1069.536621 -397.266296 -78.806190
v 1069.536621 -397.266296 -60.518188
v 1924.500732 -397.266296 -37.658157
v 1933.644775 -397.266296 -37.658157
v 1951.932617 -397.266296 -37.658157
v 1974.792725 -397.266296 -37.658157
v 1951.932617 -397.266296 35.493851
v 1933.644775 -397.266296 35.493851
v 1924.500732 -397.266296 35.493851
v 1924.500732 -397.266296 76.641769
v 1974.792725 -397.266296 76.641769
v 1974.792725 -397.266296 35.493851
v 1983.936768 -397.266296 76.641769
v 2072.210449 -397.266296 76.641769
v 1119.828735 -397.266296 -37.658157
v 1119.828735 -397.266296 35.493851
v 1119.828735 -397.266296 76.641769
v 1110.684692 -397.266296 35.493851
v 1110.684692 -397.266296 -37.658157
v 1069.536621 -397.266296 -37.658157
v 1069.536621 -397.266296 35.493851
v 1092.396729 -397.266296 35.493851
v 1092.396729 -397.266296 -37.658157
v 1069.536621 -397.266296 76.641769
v 1924.500732 -397.266296 1192.209839
v 1974.792725 -397.266296 1192.209839
v 1983.936768 -397.266296 1192.209839
v 2072.210449 -397.266296 1192.209839
v 1924.500732 -397.266296 1233.357788
v 1924.500732 -397.266296 1306.509766
v 1933.644775 -397.266296 1306.509766
v 1933.644775 -397.266296 1233.357788
v 1951.932617 -397.266296 1306.509766
v 1974.792725 -397.266296 1306.509766
v 1974.792725 -397.266296 1233.357788
v 1951.932617 -397.266296 1233.357788
v 1924.500732 -397.266296 1347.657715
v 1974.792725 -397.266296 1347.657715
v 1983.936768 -397.266296 1347.657715
v 2072.210449 -397.266296 1347.657715
v 1119.828735 -397.266296 1192.209839
v 1069.536621 -397.266296 1192.209839
v 1069.536621 -397.266296 1233.357788
v 1092.396729 -397.266296 1233.357788
v 1110.684692 -397.266296 1233.357788
v 1119.828735 -397.266296 1233.357788
v 1110.684692 -397.266296 1306.509766
v 1092.396729 -397.266296 1306.509766
v 1069.536621 -397.266296 1306.509766
v 1069.536621 -397.266296 1347.657715
v 1119.828735 -397.266296 1347.657715
v 1119.828735 -397.266296 1306.509766
v 972.118774 -397.266296 -78.806190
v 1060.392700 -397.266296 -78.806190
v 972.118774 -397.266296 76.641769
v 1060.392700 -397.266296 76.641769
v 972.118774 -397.266296 1192.209839
v 1060.392700 -397.266296 1192.209839
v 1060.392700 -397.266296 1347.657715
v 972.118774 -397.266296 1347.657715
s 0
f 11396 11394 11397
f 11394 11400 11397
f 11403 11398 11399
f 11407 11404 11405
f 11410 11409 11403
f 11416 11414 11413
f 11411 11412 11410
f 11413 11408 11409
f 11419 11401 11394
f 11420 11423 11424
f 11427 11425 11428
f 11422 11426 11427
f 11424 11428 11407
f 11436 11434 11437
f 11440 11438 11441
f 11443 11435 11436
f 11437 11430 11431
f 11445 11432 11433
f 11449 11447 11446
f 11456 11454 11453
f 11453 11448 11449
f 11451 11452 11450
f 11458 11461 11460
f 11462 11464 11465
f 11396 11395 11394
f 11394 11401 11400
f 11403 11402 11398
f 11407 11406 11404
f 11403 11399 11411
f 11403 11411 11410
f 11409 11408 11403
f 11412 11417 11416
f 11416 11415 11414
f 11413 11412 11416
f 11411 11417 11412
f 11413 11414 11408
f 11394 11395 11419
f 11419 11418 11401
f 11420 11421 11423
f 11427 11426 11425
f 11423 11421 11422
f 11422 11429 11426
f 11427 11423 11422
f 11407 11405 11420
f 11407 11420 11424
f 11428 11425 11407
f 11436 11435 11434
f 11440 11439 11438
f 11438 11439 11443
f 11443 11442 11435
f 11436 11438 11443
f 11431 11440 11441
f 11437 11434 11430
f 11431 11441 11437
f 11445 11444 11432
f 11446 11451 11450
f 11449 11448 11447
f 11446 11450 11449
f 11452 11457 11456
f 11456 11455 11454
f 11453 11452 11456
f 11453 11454 11448
f 11451 11457 11452
f 11458 11459 11461
f 11462 11463 11464
o de_nuke_world_geometry.043
v 1814.772705 201.665695 -829.757202
v 1814.772705 219.953705 -829.757202
v 1814.772705 128.513687 -829.757202
v 1814.772705 146.801697 -829.757202
v 1842.204834 128.513687 -829.757202
v 1842.204834 146.801697 -829.757202
v 1842.204834 201.665695 -829.757202
v 1842.204834 219.953705 -829.757202
v 1229.556641 201.665695 -829.757202
v 1229.556641 219.953705 -829.757202
v 1229.556641 128.513687 -829.757202
v 1229.556641 146.801697 -829.757202
v 1202.124756 201.665695 -829.757202
v 1202.124756 219.953705 -829.757202
v 1202.124756 128.513687 -829.757202
v 1202.124756 146.801697 -829.757202
v 1814.772705 201.665695 -681.167236
v 1842.204834 201.665695 -681.167236
v 1842.204834 219.953705 -681.167236
v 1814.772705 219.953705 -681.167236
v 1814.772705 128.513687 -681.167236
v 1842.204834 128.513687 -681.167236
v 1842.204834 146.801697 -681.167236
v 1814.772705 146.801697 -681.167236
v 1202.124756 201.665695 -681.167236
v 1229.556641 201.665695 -681.167236
v 1229.556641 219.953705 -681.167236
v 1202.124756 219.953705 -681.167236
v 1202.124756 128.513687 -681.167236
v 1229.556641 128.513687 -681.167236
v 1229.556641 146.801697 -681.167236
v 1202.124756 146.801697 -681.167236
v 1842.204834 201.665695 486.978821
v 1814.772705 201.665695 486.978821
v 1814.772705 219.953705 486.978821
v 1842.204834 219.953705 486.978821
v 1842.204834 128.513687 486.978821
v 1814.772705 128.513687 486.978821
v 1814.772705 146.801697 486.978821
v 1842.204834 146.801697 486.978821
v 1229.556641 201.665695 486.978821
v 1202.124756 201.665695 486.978821
v 1202.124756 219.953705 486.978821
v 1229.556641 219.953705 486.978821
v 1229.556641 128.513687 486.978821
v 1202.124756 128.513687 486.978821
v 1202.124756 146.801697 486.978821
v 1229.556641 146.801697 486.978821
s 0
f 11469 11470 11471
f 11467 11472 11473
f 11479 11474 11475
f 11481 11476 11477
f 11484 11482 11485
f 11488 11486 11489
f 11492 11490 11493
f 11496 11494 11497
f 11500 11498 11501
f 11504 11502 11505
f 11508 11506 11509
f 11512 11510 11513
f 11469 11468 11470
f 11467 11466 11472
f 11479 11478 11474
f 11481 11480 11476
f 11484 11483 11482
f 11488 11487 11486
f 11492 11491 11490
f 11496 11495 11494
f 11500 11499 11498
f 11504 11503 11502
f 11508 11507 11506
f 11512 11511 11510
o de_nuke_world_geometry.044
v 1449.012695 485.129700 -243.398209
v 1449.012695 485.129700 -499.430176
v 1449.012695 485.129700 -536.006165
v 1595.316650 485.129700 -536.006165
v 1595.316650 485.129700 -499.430176
v 1595.316650 485.129700 -243.398209
v 1083.252808 411.977722 -828.614136
v 1083.252808 338.825714 -828.614136
v 1961.076782 338.825714 -828.614136
v 1961.076782 411.977722 -828.614136
v 1961.076782 357.113708 -526.862183
v 1961.076782 411.977722 -526.862183
v 1961.076782 411.977722 -572.582214
v 1961.076782 411.977722 -764.606201
v 1961.076782 357.113708 -764.606201
v 1961.076782 338.825714 -764.606201
v 1961.076782 338.825714 -526.862183
v 1961.076782 338.825714 -316.550171
v 1961.076782 411.977722 -316.550171
v 1961.076782 338.825714 -60.518188
v 1961.076782 411.977722 -60.518188
v 1083.252808 338.825714 -572.582214
v 1083.252808 338.825714 -316.550171
v 1083.252808 338.825714 -60.518188
v 1083.252808 411.977722 -572.582214
v 1083.252808 411.977722 -316.550171
v 1083.252808 411.977722 -60.518188
v 1229.556641 338.825714 -243.398209
v 1229.556641 338.825714 -371.414154
v 1229.556641 338.825714 -499.430176
v 1229.556641 338.825714 -536.006165
v 1814.772705 338.825714 -536.006165
v 1814.772705 338.825714 -499.430176
v 1814.772705 338.825714 -243.398209
v 1814.772705 411.406219 -499.430176
v 1814.772705 411.406219 -536.006165
v 1814.772705 411.977722 -536.006165
v 1814.772705 411.977722 -499.430176
v 1814.772705 411.406219 -243.398209
v 1814.772705 411.406219 -279.974152
v 1814.772705 411.977722 -316.550171
v 1814.772705 411.977722 -243.398209
v 1814.772705 374.830231 -536.006165
v 1814.772705 374.830231 -499.430176
v 1814.772705 374.830231 -279.974152
v 1814.772705 374.830231 -243.398209
v 1229.556641 374.830231 -499.430176
v 1229.556641 374.830231 -536.006165
v 1229.556641 374.830231 -243.398209
v 1229.556641 374.830231 -279.974152
v 1229.556641 411.406219 -536.006165
v 1229.556641 411.406219 -499.430176
v 1229.556641 411.977722 -499.430176
v 1229.556641 411.977722 -536.006165
v 1229.556641 411.406219 -279.974152
v 1229.556641 411.406219 -243.398209
v 1229.556641 411.977722 -243.398209
v 1229.556641 411.977722 -316.550171
v 1449.012695 411.977722 -499.430176
v 1449.012695 411.977722 -536.006165
v 1449.012695 412.549194 -536.006165
v 1449.012695 412.549194 -499.430176
v 1449.012695 411.977722 -243.398209
v 1449.012695 411.977722 -371.414154
v 1449.012695 412.549194 -279.974152
v 1449.012695 412.549194 -243.398209
v 1449.012695 449.125214 -499.430176
v 1449.012695 449.125214 -536.006165
v 1449.012695 449.125214 -243.398209
v 1449.012695 449.125214 -279.974152
v 1595.316650 449.125214 -536.006165
v 1595.316650 449.125214 -499.430176
v 1595.316650 449.125214 -279.974152
v 1595.316650 449.125214 -243.398209
v 1595.316650 411.977722 -536.006165
v 1595.316650 411.977722 -499.430176
v 1595.316650 412.549194 -499.430176
v 1595.316650 412.549194 -536.006165
v 1595.316650 411.977722 -371.414154
v 1595.316650 411.977722 -243.398209
v 1595.316650 412.549194 -243.398209
v 1595.316650 412.549194 -279.974152
v 1631.892700 406.262726 -536.006165
v 1778.196777 381.116730 -536.006165
v 1778.196777 417.692688 -536.006165
v 1631.892700 442.838715 -536.006165
v 1778.196777 381.116730 -243.398209
v 1631.892700 406.262726 -243.398209
v 1631.892700 442.838715 -243.398209
v 1778.196777 417.692688 -243.398209
v 1412.436646 442.838715 -536.006165
v 1266.132690 417.692688 -536.006165
v 1266.132690 424.173523 -536.006165
v 1266.132690 351.021515 -536.006165
v 1266.132690 381.116730 -536.006165
v 1412.436646 406.262726 -536.006165
v 1412.436646 399.781891 -536.006165
v 1266.132690 424.173523 -243.398209
v 1266.132690 417.692688 -243.398209
v 1412.436646 442.838715 -243.398209
v 1266.132690 351.021515 -243.398209
v 1266.132690 381.116730 -243.398209
v 1412.436646 399.781891 -243.398209
v 1412.436646 406.262726 -243.398209
v 3241.236816 302.249695 707.577759
v 3149.796875 302.249695 707.577759
v 3241.236816 375.401703 707.577759
v 3149.796875 375.401703 707.577759
v 3241.236816 302.249695 780.729797
v 3241.236816 302.249695 817.305786
v 3241.236816 375.401703 817.305786
v 3241.236816 302.249695 1073.337769
v 3241.236816 375.401703 1073.337769
v 3241.236816 375.401703 963.609802
v 3241.236816 302.249695 1585.401855
v 3241.236816 302.249695 1365.945801
v 3149.796875 302.249695 1585.401855
v 3241.236816 302.249695 1109.913818
v 3241.236816 302.249695 1329.369873
v 3241.236816 375.401703 1329.369873
v 3241.236816 375.401703 1585.401855
v 3149.796875 375.401703 1585.401855
v 2509.716797 229.097702 799.017883
v 2509.716797 229.097702 853.881775
v 2509.716797 229.097702 707.577759
v 2509.716797 302.249695 707.577759
v 2509.716797 302.249695 799.017883
v 2509.716797 229.097702 1055.049927
v 2509.716797 302.249695 963.609802
v 2509.716797 302.249695 1055.049927
v 2912.052734 302.249695 707.577759
v 2875.476807 302.249695 707.577759
v 2656.020752 229.097702 707.577759
v 2656.020752 302.249695 707.577759
v 2875.476807 375.401703 707.577759
v 2656.020752 229.097702 1055.049927
v 2656.020752 229.097702 1000.185791
v 2875.476807 302.821198 1000.185791
v 2838.900635 296.534698 1000.185791
v 2875.476807 302.821198 1055.049927
v 2692.596680 271.388702 1000.185791
v 2656.020752 265.102203 1000.185791
v 2656.020752 265.102203 1055.049927
v 2875.476807 302.249695 1055.049927
v 2875.476807 302.249695 1000.185791
v 2692.596680 241.293503 1000.185791
v 2875.476807 339.397217 1055.049927
v 2875.476807 339.397217 1000.185791
v 2875.476807 375.401703 1000.185791
v 2875.476807 375.401703 1055.049927
v 2656.020752 301.678223 1000.185791
v 2656.020752 301.678223 1055.049927
v 2656.020752 302.249695 1055.049927
v 2656.020752 302.249695 1000.185791
v 2838.900635 333.110718 1000.185791
v 2692.596680 307.964722 1000.185791
v 2692.596680 314.445526 1000.185791
v 1814.772705 338.825714 323.529846
v 1814.772705 338.825714 341.817871
v 1814.772705 338.825714 49.209824
v 1814.772705 338.825714 85.785828
v 1229.556641 338.825714 341.817871
v 1229.556641 338.825714 323.529846
v 1229.556641 338.825714 85.785828
v 1229.556641 338.825714 49.209824
v 1595.316650 485.129700 49.209824
v 1595.316650 485.129700 85.785828
v 1595.316650 485.129700 341.817871
v 1595.316650 485.129700 634.425781
v 1449.012695 485.129700 634.425781
v 1449.012695 485.129700 341.817871
v 1449.012695 485.129700 85.785828
v 1449.012695 485.129700 49.209824
v 1229.556641 411.977722 634.425781
v 1229.556641 338.825714 634.425781
v 1192.980713 338.825714 634.425781
v 1156.404785 338.825714 634.425781
v 1083.252808 338.825714 634.425781
v 1083.252808 411.977722 634.425781
v 1595.316650 411.977722 634.425781
v 1485.588623 411.977722 634.425781
v 1449.012695 411.977722 634.425781
v 1961.076782 411.977722 634.425781
v 1961.076782 338.825714 634.425781
v 1887.924683 338.825714 634.425781
v 1851.348755 338.825714 634.425781
v 1814.772705 338.825714 634.425781
v 1814.772705 411.977722 634.425781
v 1741.620728 363.209717 634.425781
v 1814.772705 374.830231 49.209824
v 1814.772705 374.830231 85.785828
v 1814.772705 374.830231 305.241852
v 1814.772705 374.830231 341.817871
v 1814.772705 411.406219 85.785828
v 1814.772705 411.406219 49.209824
v 1814.772705 411.977722 49.209824
v 1814.772705 411.977722 85.785828
v 1814.772705 411.406219 341.817871
v 1814.772705 411.406219 305.241852
v 1814.772705 411.977722 195.513840
v 1814.772705 411.977722 341.817871
v 1961.076782 338.825714 122.361832
v 1961.076782 411.977722 122.361832
v 1961.076782 338.825714 378.393860
v 1961.076782 411.977722 378.393860
v 1961.076782 411.977722 195.513840
v 1961.076782 411.977722 451.545868
v 1229.556641 411.406219 49.209824
v 1229.556641 411.406219 85.785828
v 1229.556641 411.977722 85.785828
v 1229.556641 411.977722 49.209824
v 1229.556641 411.406219 305.241852
v 1229.556641 411.406219 341.817871
v 1229.556641 411.977722 341.817871
v 1229.556641 411.977722 195.513840
v 1229.556641 374.830231 85.785828
v 1229.556641 374.830231 49.209824
v 1229.556641 374.830231 341.817871
v 1229.556641 374.830231 305.241852
v 1595.316650 411.977722 49.209824
v 1595.316650 411.977722 85.785828
v 1595.316650 412.549194 85.785828
v 1595.316650 412.549194 49.209824
v 1595.316650 411.977722 323.529846
v 1595.316650 411.977722 341.817871
v 1595.316650 412.549194 341.817871
v 1595.316650 412.549194 305.241852
v 1595.316650 449.125214 49.209824
v 1595.316650 449.125214 85.785828
v 1595.316650 449.125214 305.241852
v 1595.316650 449.125214 341.817871
v 1778.196777 381.116730 341.817871
v 1631.892700 406.262726 341.817871
v 1631.892700 399.781891 341.817871
v 1631.892700 442.838715 341.817871
v 1778.196777 417.692688 341.817871
v 1778.196777 424.173523 341.817871
v 1631.892700 399.781891 49.209824
v 1631.892700 406.262726 49.209824
v 1778.196777 381.116730 49.209824
v 1778.196777 424.173523 49.209824
v 1778.196777 417.692688 49.209824
v 1631.892700 442.838715 49.209824
v 1266.132690 417.692688 341.817871
v 1412.436646 442.838715 341.817871
v 1266.132690 417.692688 49.209824
v 1412.436646 442.838715 49.209824
v 1449.012695 449.125214 341.817871
v 1449.012695 449.125214 305.241852
v 1449.012695 449.125214 49.209824
v 1449.012695 449.125214 85.785828
v 1266.132690 424.173523 341.817871
v 1449.012695 411.977722 85.785828
v 1449.012695 411.977722 49.209824
v 1449.012695 412.549194 49.209824
v 1449.012695 412.549194 85.785828
v 1449.012695 411.977722 341.817871
v 1449.012695 411.977722 323.529846
v 1449.012695 412.549194 305.241852
v 1449.012695 412.549194 341.817871
v 1412.436646 399.781891 341.817871
v 1412.436646 406.262726 341.817871
v 1266.132690 381.116730 341.817871
v 1266.132690 381.116730 49.209824
v 1412.436646 406.262726 49.209824
v 1083.252808 338.825714 122.361832
v 1083.252808 411.977722 122.361832
v 1083.252808 338.825714 378.393860
v 1083.252808 411.977722 195.513840
v 1083.252808 411.977722 378.393860
v 1083.252808 411.977722 451.545868
v 2875.476807 375.401703 1585.401855
v 2875.476807 375.401703 1292.793823
v 2875.476807 302.249695 1585.401855
v 2656.020752 302.249695 1585.401855
v 2509.716797 229.097702 1585.401855
v 2509.716797 302.249695 1585.401855
v 2509.716797 229.097702 1292.793823
v 2509.716797 229.097702 1329.369873
v 2509.716797 302.249695 1311.081787
v 2509.716797 302.249695 1329.369873
v 2656.020752 229.097702 1292.793823
v 2875.476807 339.397217 1292.793823
v 2838.900635 333.110718 1292.793823
v 2692.596680 307.964722 1292.793823
v 2656.020752 301.678223 1292.793823
v 2656.020752 302.249695 1292.793823
v 2838.900635 363.205902 1292.793823
v 2656.020752 265.102203 1292.793823
v 2838.900635 296.534698 1292.793823
v 2875.476807 302.821198 1292.793823
v 2692.596680 271.388702 1292.793823
v 2875.476807 302.249695 1292.793823
v 2838.900635 290.053925 1292.793823
s 0
f 11527 11526 11524
f 11528 11522 11523
f 11532 11530 11524
f 11534 11531 11532
f 11520 11535 11538
f 11538 11536 11539
f 11539 11537 11540
f 11550 11548 11551
f 11554 11548 11553
f 11556 11546 11557
f 11558 11546 11547
f 11560 11544 11561
f 11563 11541 11542
f 11566 11564 11567
f 11571 11569 11568
f 11574 11572 11575
f 11578 11572 11577
f 11516 11580 11515
f 11515 11583 11582
f 11518 11584 11517
f 11519 11586 11585
f 11590 11588 11591
f 11595 11593 11592
f 11597 11596 11588
f 11550 11584 11599
f 11547 11594 11601
f 11552 11602 11519
f 11516 11567 11605
f 11561 11607 11608
f 11607 11573 11609
f 11613 11569 11611
f 11614 11562 11615
f 11617 11576 11616
f 11620 11619 11621
f 11623 11622 11620
f 11627 11625 11623
f 11633 11631 11625
f 11634 11629 11632
f 11630 11634 11635
f 11639 11636 11640
f 11642 11636 11637
f 11645 11647 11648
f 11646 11639 11647
f 11619 11644 11648
f 11656 11650 11655
f 11651 11657 11653
f 11655 11659 11654
f 11651 11654 11659
f 11662 11660 11663
f 11666 11664 11667
f 11662 11667 11669
f 11690 11689 11687
f 11695 11694 11682
f 11699 11698 11696
f 11687 11695 11683
f 11693 11702 11701
f 11703 11674 11704
f 11705 11674 11671
f 11709 11707 11710
f 11713 11707 11712
f 11716 11533 11534
f 11719 11717 11715
f 11720 11697 11717
f 11723 11721 11724
f 11728 11726 11725
f 11729 11678 11730
f 11732 11675 11676
f 11735 11733 11736
f 11740 11738 11737
f 11680 11741 11679
f 11681 11743 11742
f 11672 11738 11746
f 11681 11714 11749
f 11752 11736 11751
f 11756 11708 11754
f 11758 11726 11765
f 11721 11760 11686
f 11686 11764 11685
f 11685 11762 11761
f 11768 11766 11769
f 11772 11766 11771
f 11775 11773 11774
f 11678 11768 11778
f 11540 11779 11780
f 11782 11779 11781
f 11781 11692 11784
f 11788 11787 11785
f 11785 11630 11635
f 11793 11641 11791
f 11792 11790 11794
f 11663 11796 11786
f 11800 11665 11666
f 11801 11796 11797
f 11800 11797 11798
f 11802 11649 11656
f 11653 11806 11804
f 11802 11803 11806
f 11524 11528 11527
f 11526 11525 11524
f 11523 11527 11528
f 11528 11529 11522
f 11524 11525 11532
f 11532 11531 11530
f 11534 11533 11531
f 11520 11521 11535
f 11538 11535 11536
f 11539 11536 11537
f 11550 11549 11548
f 11552 11555 11554
f 11554 11551 11548
f 11553 11552 11554
f 11556 11545 11546
f 11547 11559 11558
f 11558 11557 11546
f 11560 11543 11544
f 11543 11560 11563
f 11563 11562 11541
f 11542 11543 11563
f 11566 11565 11564
f 11565 11566 11571
f 11571 11570 11569
f 11568 11565 11571
f 11574 11573 11572
f 11576 11579 11578
f 11578 11575 11572
f 11577 11576 11578
f 11516 11581 11580
f 11582 11514 11515
f 11515 11580 11583
f 11518 11585 11584
f 11585 11518 11519
f 11519 11587 11586
f 11590 11589 11588
f 11589 11590 11595
f 11595 11594 11593
f 11592 11589 11595
f 11588 11545 11556
f 11588 11556 11597
f 11596 11591 11588
f 11598 11549 11550
f 11550 11517 11584
f 11599 11598 11550
f 11600 11559 11547
f 11547 11593 11594
f 11601 11600 11547
f 11519 11555 11552
f 11552 11603 11602
f 11602 11587 11519
f 11604 11581 11516
f 11516 11606 11567
f 11567 11564 11605
f 11605 11604 11516
f 11561 11544 11607
f 11609 11608 11607
f 11607 11610 11573
f 11573 11574 11609
f 11611 11514 11582
f 11613 11612 11569
f 11611 11582 11613
f 11569 11570 11611
f 11614 11541 11562
f 11616 11614 11615
f 11617 11579 11576
f 11616 11615 11617
f 11620 11618 11619
f 11620 11624 11623
f 11622 11618 11620
f 11623 11624 11627
f 11627 11626 11625
f 11625 11626 11633
f 11633 11632 11631
f 11632 11633 11634
f 11634 11628 11629
f 11630 11628 11634
f 11639 11638 11636
f 11641 11643 11642
f 11642 11640 11636
f 11637 11641 11642
f 11645 11646 11647
f 11646 11638 11639
f 11648 11621 11619
f 11644 11645 11648
f 11656 11649 11650
f 11651 11658 11657
f 11655 11650 11659
f 11659 11658 11651
f 11651 11652 11654
f 11662 11661 11660
f 11666 11665 11664
f 11668 11661 11662
f 11662 11670 11667
f 11667 11664 11669
f 11669 11668 11662
f 11687 11692 11691
f 11687 11691 11690
f 11689 11688 11687
f 11682 11683 11695
f 11694 11693 11682
f 11696 11701 11700
f 11696 11700 11699
f 11698 11697 11696
f 11687 11688 11695
f 11701 11682 11693
f 11702 11700 11701
f 11703 11673 11674
f 11672 11706 11705
f 11705 11704 11674
f 11671 11672 11705
f 11709 11708 11707
f 11711 11714 11713
f 11713 11710 11707
f 11712 11711 11713
f 11716 11715 11533
f 11715 11716 11719
f 11719 11718 11717
f 11717 11718 11720
f 11720 11696 11697
f 11723 11722 11721
f 11722 11723 11728
f 11728 11727 11726
f 11725 11722 11728
f 11729 11677 11678
f 11677 11729 11732
f 11732 11731 11675
f 11676 11677 11732
f 11735 11734 11733
f 11734 11735 11740
f 11740 11739 11738
f 11737 11734 11740
f 11680 11742 11741
f 11742 11680 11681
f 11681 11744 11743
f 11745 11706 11672
f 11672 11747 11738
f 11738 11739 11746
f 11746 11745 11672
f 11748 11744 11681
f 11681 11750 11714
f 11714 11711 11749
f 11749 11748 11681
f 11751 11673 11703
f 11751 11703 11753
f 11736 11733 11751
f 11751 11753 11752
f 11754 11679 11741
f 11756 11755 11708
f 11754 11741 11756
f 11708 11709 11754
f 11765 11684 11761
f 11758 11757 11726
f 11765 11761 11758
f 11726 11727 11765
f 11686 11724 11721
f 11721 11759 11760
f 11760 11763 11686
f 11686 11763 11764
f 11761 11684 11685
f 11685 11764 11762
f 11768 11767 11766
f 11770 11773 11772
f 11772 11769 11766
f 11771 11770 11772
f 11774 11675 11731
f 11774 11731 11776
f 11773 11770 11774
f 11774 11776 11775
f 11777 11730 11678
f 11678 11767 11768
f 11778 11777 11678
f 11540 11537 11779
f 11781 11783 11782
f 11782 11780 11779
f 11784 11783 11781
f 11781 11691 11692
f 11785 11787 11630
f 11792 11794 11793
f 11793 11643 11641
f 11791 11792 11793
f 11792 11789 11790
f 11663 11660 11796
f 11800 11799 11665
f 11801 11786 11796
f 11798 11799 11800
f 11800 11801 11797
f 11802 11795 11649
f 11653 11657 11806
f 11807 11795 11802
f 11802 11805 11803
f 11803 11804 11806
f 11806 11807 11802
o de_nuke_world_geometry.045
v 1668.468750 229.097702 -755.462158
v 1887.924683 229.097702 -755.462158
v 1412.436646 229.097702 -755.462158
v 1156.404785 229.097702 -682.310181
v 1156.404785 229.097702 -755.462158
v 1156.404785 338.825714 -371.414154
v 1156.404785 338.825714 -316.550171
v 1156.404785 338.825714 -60.518188
v 1156.404785 338.825714 -755.462158
v 1156.404785 338.825714 -572.582214
v 1229.556641 338.825714 -755.462158
v 1814.772705 338.825714 -755.462158
v 1887.924683 338.825714 -755.462158
v 1741.620728 363.209717 -755.462158
v 1741.620728 338.825714 -755.462158
v 1485.588623 411.977722 -755.462158
v 1595.316650 411.977722 -755.462158
v 1668.468750 338.825714 -755.462158
v 1485.588623 338.825714 -755.462158
v 1412.436646 338.825714 -755.462158
v 1449.012695 411.977722 -755.462158
v 1156.404785 251.957687 -755.462158
v 1156.404785 251.957687 -659.450195
v 1156.404785 320.537720 -659.450195
v 1156.404785 320.537720 -755.462158
v 1156.404785 251.957687 -572.582214
v 1156.404785 251.957687 -403.418213
v 1156.404785 320.537720 -403.418213
v 1156.404785 320.537720 -572.582214
v 1156.404785 251.957687 -316.550171
v 1156.404785 251.957687 -147.386169
v 1156.404785 320.537720 -147.386169
v 1156.404785 320.537720 -316.550171
v 1156.404785 229.097702 -572.582214
v 1156.404785 229.097702 -316.550171
v 1156.404785 229.097702 -60.518188
v 1156.404785 251.957687 -60.518188
v 1156.404785 320.537720 -60.518188
v 1156.404785 338.825714 323.529846
v 1156.404785 338.825714 561.273865
v 1156.404785 338.825714 49.209824
v 1156.404785 338.825714 305.241852
v 1156.404785 251.957687 -46.802216
v 1156.404785 251.957687 49.209824
v 1156.404785 320.537720 49.209824
v 1156.404785 320.537720 -46.802216
v 1156.404785 251.957687 305.241852
v 1156.404785 320.537720 305.241852
v 1156.404785 251.957687 561.273865
v 1156.404785 320.537720 561.273865
v 1156.404785 229.097702 -23.942184
v 1156.404785 229.097702 49.209824
v 1156.404785 229.097702 232.089844
v 1156.404785 229.097702 305.241852
v 1156.404785 229.097702 488.121887
v 1156.404785 229.097702 561.273865
s 0
f 11822 11819 11821
f 11825 11821 11823
f 11823 11818 11827
f 11831 11829 11832
f 11836 11834 11833
f 11840 11838 11837
f 11830 11841 11811
f 11834 11842 11841
f 11838 11843 11842
f 11817 11831 11832
f 11813 11840 11835
f 11815 11839 11840
f 11808 11820 11819
f 11826 11810 11808
f 11818 11829 11810
f 11852 11850 11853
f 11855 11851 11852
f 11857 11854 11855
f 11850 11859 11858
f 11854 11860 11859
f 11856 11862 11861
f 11848 11853 11845
f 11849 11852 11848
f 11846 11857 11855
f 11823 11826 11825
f 11825 11822 11821
f 11821 11824 11823
f 11827 11826 11823
f 11823 11828 11818
f 11831 11830 11829
f 11830 11831 11836
f 11836 11835 11834
f 11833 11830 11836
f 11834 11835 11840
f 11840 11839 11838
f 11837 11834 11840
f 11812 11829 11830
f 11830 11833 11841
f 11811 11812 11830
f 11841 11833 11834
f 11834 11837 11842
f 11842 11837 11838
f 11838 11844 11843
f 11832 11816 11817
f 11817 11836 11831
f 11836 11817 11813
f 11813 11814 11840
f 11835 11836 11813
f 11840 11814 11815
f 11815 11845 11839
f 11822 11825 11808
f 11808 11809 11820
f 11819 11822 11808
f 11808 11825 11826
f 11826 11827 11810
f 11810 11827 11818
f 11818 11816 11832
f 11829 11812 11810
f 11818 11832 11829
f 11852 11851 11850
f 11855 11854 11851
f 11857 11856 11854
f 11843 11844 11850
f 11850 11851 11859
f 11858 11843 11850
f 11859 11851 11854
f 11854 11861 11860
f 11861 11854 11856
f 11856 11863 11862
f 11845 11815 11848
f 11848 11852 11853
f 11849 11855 11852
f 11855 11849 11846
f 11846 11847 11857
o de_nuke_world_geometry.046
v 1631.892700 442.838715 -279.974152
v 1778.196777 417.692688 -279.974152
v 1778.196777 417.692688 -499.430176
v 1631.892700 442.838715 -499.430176
v 1412.436646 442.838715 -279.974152
v 1266.132690 417.692688 -279.974152
v 1266.132690 417.692688 -499.430176
v 1412.436646 442.838715 -499.430176
v 2838.900635 333.110718 1055.049927
v 2838.900635 333.110718 1036.761841
v 2692.596680 307.964722 1036.761841
v 2692.596680 307.964722 1055.049927
v 1631.892700 442.838715 305.241852
v 1778.196777 417.692688 305.241852
v 1778.196777 417.692688 85.785828
v 1631.892700 442.838715 85.785828
v 1266.132690 417.692688 305.241852
v 1412.436646 442.838715 305.241852
v 1412.436646 442.838715 85.785828
v 1266.132690 417.692688 85.785828
v 1851.348755 229.097702 606.993835
v 1851.348755 265.673706 606.993835
v 1192.980713 229.097702 606.993835
v 1192.980713 265.673706 606.993835
v 1705.044678 229.097702 606.993835
v 1449.012695 229.097702 606.993835
v 1705.044678 265.673706 606.993835
v 1449.012695 265.673706 606.993835
v 2838.900635 333.110718 1256.217896
v 2692.596680 307.964722 1256.217896
v 552.900635 46.217701 222.945786
v 552.900635 82.793709 222.945786
v 991.812683 46.217701 222.945786
v 991.812683 82.793709 222.945786
v 808.932678 46.217701 222.945786
v 808.932678 82.793709 222.945786
s 0
f 11867 11865 11866
f 11870 11868 11871
f 11873 11875 11872
f 11879 11877 11878
f 11883 11881 11882
f 11888 11885 11890
f 11891 11888 11890
f 11887 11889 11891
f 11875 11892 11872
f 11898 11897 11899
f 11895 11898 11899
f 11867 11864 11865
f 11870 11869 11868
f 11873 11874 11875
f 11879 11876 11877
f 11883 11880 11881
f 11888 11884 11885
f 11891 11889 11888
f 11887 11886 11889
f 11875 11893 11892
f 11898 11896 11897
f 11895 11894 11898
o de_nuke_world_geometry.047
v 1778.196777 381.116730 -499.430176
v 1631.892700 406.262726 -499.430176
v 1631.892700 406.262726 -279.974152
v 1778.196777 381.116730 -279.974152
v 1412.436646 406.262726 -279.974152
v 1412.436646 406.262726 -499.430176
v 1266.132690 381.116730 -279.974152
v 1266.132690 381.116730 -499.430176
v 2838.900635 296.534698 1036.761841
v 2838.900635 296.534698 1055.049927
v 2692.596680 271.388702 1055.049927
v 2692.596680 271.388702 1036.761841
v 1778.196777 381.116730 85.785828
v 1631.892700 406.262726 85.785828
v 1631.892700 406.262726 305.241852
v 1778.196777 381.116730 305.241852
v 1412.436646 406.262726 305.241852
v 1266.132690 381.116730 305.241852
v 1266.132690 381.116730 85.785828
v 1412.436646 406.262726 85.785828
v 1851.348755 229.097702 588.705811
v 1851.348755 265.673706 588.705811
v 1192.980713 229.097702 588.705811
v 1192.980713 265.673706 588.705811
v 1705.044678 229.097702 588.705811
v 1449.012695 229.097702 588.705811
v 1705.044678 265.673706 588.705811
v 1449.012695 265.673706 588.705811
v 2838.900635 296.534698 1256.217896
v 2692.596680 271.388702 1256.217896
v 552.900635 46.217701 204.657776
v 552.900635 82.793709 204.657776
v 991.812683 46.217701 204.657776
v 991.812683 82.793709 204.657776
v 808.932678 46.217701 204.657776
v 808.932678 82.793709 204.657776
s 0
f 11902 11900 11903
f 11906 11905 11904
f 11910 11908 11909
f 11914 11912 11915
f 11917 11919 11916
f 11921 11924 11926
f 11926 11925 11927
f 11925 11923 11927
f 11928 11910 11909
f 11933 11934 11935
f 11934 11931 11935
f 11902 11901 11900
f 11906 11907 11905
f 11910 11911 11908
f 11914 11913 11912
f 11917 11918 11919
f 11921 11920 11924
f 11926 11924 11925
f 11925 11922 11923
f 11928 11929 11910
f 11933 11932 11934
f 11934 11930 11931
o de_nuke_world_geometry.048
v 1631.892700 9.641697 -810.326172
v 1631.892700 -8.646305 -810.326172
v 1631.892700 -8.646305 -773.750122
v 1631.892700 9.641697 -773.750122
v 1412.436646 -8.646305 -810.326172
v 1412.436646 9.641697 -810.326172
v 1412.436646 9.641697 -773.750122
v 1412.436646 -8.646305 -773.750122
v 1631.892700 -136.662292 -810.326172
v 1631.892700 -136.662292 -773.750122
v 1412.436646 -136.662292 -810.326172
v 1412.436646 -136.662292 -773.750122
v 2765.748535 9.641697 762.441772
v 2765.748535 -8.646305 762.441772
v 2765.748535 -8.646305 725.865784
v 2765.748535 9.641697 725.865784
v 2985.204590 -8.646305 762.441772
v 2985.204590 9.641697 762.441772
v 2985.204590 9.641697 725.865784
v 2985.204590 -8.646305 725.865784
v 2765.748535 -26.934307 762.441772
v 2765.748535 -26.934307 725.865784
v 2985.204590 -26.934307 725.865784
v 2985.204590 -26.934307 762.441772
v 1412.436646 9.641697 616.137878
v 1412.436646 -8.646305 616.137878
v 1412.436646 -8.646305 579.561890
v 1412.436646 9.641697 579.561890
v 1631.892700 9.641697 579.561890
v 1631.892700 -8.646305 579.561890
v 1631.892700 -8.646305 616.137878
v 1631.892700 9.641697 616.137878
v 1412.436646 -26.934307 616.137878
v 1412.436646 -26.934307 579.561890
v 1631.892700 -26.934307 616.137878
v 1631.892700 -26.934307 579.561890
s 0
f 11937 11941 11936
f 11943 11939 11942
f 11944 11940 11937
f 11947 11938 11943
f 11955 11951 11954
f 11949 11953 11948
f 11958 11950 11955
f 11956 11958 11959
f 11956 11952 11949
f 11961 11967 11960
f 11965 11963 11964
f 11968 11971 11970
f 11968 11966 11961
f 11971 11962 11965
f 11937 11940 11941
f 11943 11938 11939
f 11944 11946 11940
f 11947 11945 11938
f 11955 11950 11951
f 11949 11952 11953
f 11958 11957 11950
f 11956 11957 11958
f 11956 11959 11952
f 11961 11966 11967
f 11965 11962 11963
f 11968 11969 11971
f 11968 11970 11966
f 11971 11969 11962
o de_nuke_world_geometry.049
v 1156.404785 9.641697 -60.518188
v 1156.404785 9.641697 -87.950134
v 1156.404785 9.641697 -97.094193
v 1156.404785 27.929699 -97.094193
v 1156.404785 27.929699 -60.518188
v 1339.284668 27.929699 -97.094193
v 1339.284668 9.641697 -97.094193
v 1339.284668 9.641697 -60.518188
v 1339.284668 27.929699 -60.518188
v 1238.700684 9.641697 -97.094193
v 1174.692749 9.641697 -97.094193
v 1330.140747 9.641697 -87.950134
v 1330.140747 9.641697 -60.518188
v 1238.700684 9.641697 -87.950134
v 1156.404785 9.641697 -14.798126
v 1156.404785 9.641697 241.233795
v 1156.404785 9.641697 158.937836
v 1156.404785 9.641697 85.785828
v 1156.404785 9.641697 250.377838
v 1156.404785 27.929699 250.377838
v 1156.404785 27.929699 -5.654182
v 1339.284668 9.641697 -5.654182
v 1339.284668 9.641697 250.377838
v 1339.284668 27.929699 -5.654182
v 1339.284668 27.929699 250.377838
v 1330.140747 9.641697 241.233795
v 1330.140747 9.641697 85.785828
v 1330.140747 9.641697 158.937836
v 1311.852783 9.641697 85.785828
v 1311.852783 9.641697 158.937836
s 0
f 11979 11977 11980
f 11981 11982 11975
f 11977 11976 11980
f 11984 11973 11985
f 11995 11979 11980
f 11996 11993 11995
f 11980 11992 11995
f 11992 11996 11995
f 12000 11986 11972
f 12001 11989 12000
f 11997 11988 12001
f 11990 11996 11991
f 11979 11978 11977
f 11975 11977 11978
f 11975 11978 11981
f 11982 11974 11975
f 11977 11975 11976
f 11985 11983 11984
f 11984 11972 11973
f 11995 11993 11979
f 11996 11994 11993
f 11980 11976 11992
f 11992 11991 11996
f 11972 11984 11998
f 12000 11989 11986
f 11972 11998 12000
f 12001 11988 11989
f 12001 11999 11997
f 11997 11987 11988
f 11990 11994 11996
o de_nuke_world_geometry.050
v 1238.700684 -8.646305 -97.094193
v 1174.692749 -8.646305 -97.094193
v 1174.692749 -8.646305 -87.950134
v 1238.700684 -8.646305 -87.950134
v 1156.404785 -8.646305 -87.950134
v 1156.404785 9.641697 -87.950134
v 1156.404785 -8.646305 -97.094193
v 1156.404785 9.641697 -97.094193
v 1339.284668 9.641697 -97.094193
v 1339.284668 9.641697 -60.518188
v 1339.284668 -8.646305 -97.094193
v 1339.284668 -8.646305 -60.518188
v 1238.700684 9.641697 -97.094193
v 1174.692749 9.641697 -97.094193
v 1330.140747 0.497696 -60.518188
v 1330.140747 -8.646305 -60.518188
v 1330.140747 -8.646305 -87.950134
v 1330.140747 9.641697 -87.950134
v 1330.140747 9.641697 -60.518188
v 1238.700684 9.641697 -87.950134
v 1156.404785 -100.086288 -87.950134
v 1156.404785 -100.086288 -243.398209
v 1156.404785 -100.086288 -97.094193
v 1156.404785 -118.374290 -279.974152
v 1156.404785 -127.518288 -298.262146
v 1156.404785 -127.518288 -279.974152
v 1156.404785 -136.662292 -298.262146
v 1156.404785 -109.230286 -261.686157
v 1156.404785 -109.230286 -243.398209
v 1156.404785 -118.374290 -261.686157
v 1247.844727 -136.662292 -261.686157
v 1247.844727 -136.662292 -279.974152
v 1247.844727 -136.662292 -298.262146
v 1284.420776 -136.662292 -243.398209
v 1247.844727 -136.662292 -243.398209
v 1339.284668 -136.662292 -243.398209
v 1339.284668 -136.662292 -60.518188
v 1247.844727 -127.518288 -298.262146
v 1339.284668 -100.086288 -97.094193
v 1339.284668 -100.086288 -60.518188
v 1339.284668 -100.086288 -243.398209
v 1247.844727 -109.230286 -243.398209
v 1247.844727 -100.086288 -243.398209
v 1247.844727 -127.518288 -279.974152
v 1247.844727 -118.374290 -279.974152
v 1247.844727 -118.374290 -261.686157
v 1247.844727 -109.230286 -261.686157
v 1174.692749 -100.086288 -97.094193
v 1238.700684 -100.086288 -97.094193
v 1330.140747 -100.086288 -60.518188
v 1330.140747 -100.086288 -87.950134
v 1174.692749 -100.086288 -87.950134
v 1238.700684 -100.086288 -87.950134
v 1339.284668 9.641697 -5.654182
v 1339.284668 -8.646305 -5.654182
v 1339.284668 -8.646305 250.377838
v 1339.284668 9.641697 250.377838
v 1330.140747 -8.646305 241.233795
v 1330.140747 0.497696 241.233795
v 1330.140747 9.641697 241.233795
v 1330.140747 0.497696 -14.798126
v 1330.140747 -8.646305 -14.798126
v 1330.140747 0.497696 85.785828
v 1330.140747 0.497696 158.937836
v 1330.140747 9.641697 85.785828
v 1330.140747 9.641697 158.937836
v 1083.252808 -100.086288 12.633820
v 1083.252808 -109.230286 -5.654182
v 1083.252808 -118.374290 -5.654182
v 1083.252808 -118.374290 -23.942184
v 1083.252808 -109.230286 12.633820
v 1083.252808 -127.518288 -42.230186
v 1083.252808 -136.662292 -42.230186
v 1083.252808 -127.518288 -23.942184
v 1339.284668 -100.086288 250.377838
v 1339.284668 -136.662292 250.377838
v 1330.140747 -100.086288 -14.798126
v 1330.140747 -100.086288 241.233795
v 1330.140747 -100.086288 195.513840
v 1339.284668 -136.662292 -5.654182
v 1064.964722 -100.086288 12.633820
v 1064.964722 -109.230286 12.633820
v 1064.964722 -109.230286 -5.654182
v 1064.964722 -127.518288 -23.942184
v 1064.964722 -118.374290 -23.942184
v 1064.964722 -136.662292 -42.230186
v 1064.964722 -127.518288 -42.230186
v 1064.964722 -118.374290 -5.654182
v 991.812683 -136.662292 -42.230186
v 991.812683 -136.662292 12.633820
v 973.524658 -136.662292 12.633820
v 973.524658 -100.086288 12.633820
v 991.812683 -109.230286 12.633820
v 991.812683 -100.086288 12.633820
v 991.812683 -127.518288 -23.942184
v 991.812683 -127.518288 -42.230186
v 991.812683 -118.374290 -5.654182
v 991.812683 -118.374290 -23.942184
v 991.812683 -109.230286 -5.654182
s 0
f 12013 12010 12011
f 12014 12012 12002
f 12003 12009 12015
f 12002 12015 12014
f 12019 12017 12016
f 12006 12004 12021
f 12005 12019 12021
f 12034 12026 12039
f 12041 12012 12013
f 12038 12042 12040
f 12043 12023 12044
f 12042 12035 12043
f 12033 12039 12045
f 12032 12045 12046
f 12036 12047 12048
f 12045 12025 12046
f 12047 12029 12048
f 12049 12008 12003
f 12002 12040 12050
f 12018 12051 12017
f 12054 12018 12005
f 12022 12004 12006
f 12013 12055 12056
f 12055 12057 12056
f 12062 12017 12063
f 12059 12065 12064
f 12020 12062 12064
f 12067 12060 12061
f 12017 12078 12063
f 12063 12080 12079
f 12038 12041 12056
f 12081 12057 12076
f 12082 12072 12083
f 12071 12085 12086
f 12073 12087 12088
f 12069 12089 12084
f 12094 12092 12093
f 12094 12082 12083
f 12087 12097 12088
f 12085 12099 12086
f 12089 12100 12084
f 12013 12012 12010
f 12014 12010 12012
f 12003 12008 12009
f 12002 12003 12015
f 12016 12020 12019
f 12019 12018 12017
f 12021 12007 12006
f 12004 12005 12021
f 12005 12018 12019
f 12034 12028 12026
f 12041 12040 12012
f 12040 12041 12038
f 12038 12037 12042
f 12043 12030 12023
f 12043 12044 12042
f 12042 12037 12035
f 12035 12036 12043
f 12033 12034 12039
f 12046 12047 12032
f 12032 12033 12045
f 12048 12043 12036
f 12036 12032 12047
f 12045 12027 12025
f 12047 12031 12029
f 12049 12024 12008
f 12002 12012 12040
f 12018 12052 12051
f 12054 12052 12018
f 12022 12053 12004
f 12013 12011 12055
f 12055 12058 12057
f 12062 12016 12017
f 12062 12063 12059
f 12059 12060 12065
f 12064 12062 12059
f 12064 12066 12020
f 12020 12016 12062
f 12067 12065 12060
f 12017 12051 12078
f 12079 12059 12063
f 12063 12078 12080
f 12056 12081 12038
f 12041 12013 12056
f 12076 12077 12081
f 12081 12056 12057
f 12082 12068 12072
f 12071 12075 12085
f 12073 12074 12087
f 12069 12070 12089
f 12093 12095 12094
f 12094 12091 12092
f 12094 12095 12082
f 12087 12090 12097
f 12085 12096 12099
f 12089 12098 12100
o de_nuke_world_geometry.051
v 1983.936768 -406.410278 -78.806190
v 1974.792725 -406.410278 -78.806190
v 1974.792725 -406.410278 -60.518188
v 1983.936768 -406.410278 -60.518188
v 1974.792725 -529.854370 -60.518188
v 1974.792725 -529.854370 -78.806190
v 1983.936768 -529.854370 -78.806190
v 1983.936768 -529.854370 -60.518188
v 1069.536621 -406.410278 -78.806190
v 1064.964722 -406.410278 -78.806190
v 1064.964722 -406.410278 -60.518188
v 1069.536621 -406.410278 -60.518188
v 1064.964722 -529.854370 -60.518188
v 1064.964722 -529.854370 -78.806190
v 1069.536621 -529.854370 -78.806190
v 1069.536621 -529.854370 -60.518188
v 1974.792725 -406.410278 76.641769
v 1983.936768 -406.410278 76.641769
v 1974.792725 -529.854370 76.641769
v 1983.936768 -529.854370 76.641769
v 1069.536621 -529.854370 76.641769
v 1064.964722 -529.854370 76.641769
v 1069.536621 -406.410278 76.641769
v 1064.964722 -406.410278 76.641769
v 1974.792725 -406.410278 1192.209839
v 1983.936768 -406.410278 1192.209839
v 1983.936768 -529.854370 1192.209839
v 1974.792725 -529.854370 1192.209839
v 1974.792725 -406.410278 1347.657715
v 1983.936768 -406.410278 1347.657715
v 1974.792725 -529.854370 1347.657715
v 1983.936768 -529.854370 1347.657715
v 1069.536621 -529.854370 1347.657715
v 1064.964722 -529.854370 1347.657715
v 1069.536621 -406.410278 1347.657715
v 1064.964722 -406.410278 1347.657715
v 1069.536621 -406.410278 1192.209839
v 1069.536621 -529.854370 1192.209839
v 1064.964722 -529.854370 1192.209839
v 1064.964722 -406.410278 1192.209839
v 1060.392700 -529.854370 -78.806190
v 1060.392700 -406.410278 -78.806190
v 1060.392700 -529.854370 76.641769
v 1060.392700 -406.410278 76.641769
v 1060.392700 -406.410278 1192.209839
v 1060.392700 -529.854370 1192.209839
v 1060.392700 -529.854370 1347.657715
v 1060.392700 -406.410278 1347.657715
s 0
f 12103 12101 12104
f 12107 12105 12108
f 12111 12109 12112
f 12115 12113 12116
f 12118 12103 12104
f 12105 12120 12108
f 12123 12111 12112
f 12113 12121 12116
f 12128 12132 12127
f 12129 12126 12130
f 12136 12137 12135
f 12139 12133 12138
f 12141 12122 12113
f 12144 12110 12111
f 12146 12134 12139
f 12148 12140 12136
f 12103 12102 12101
f 12107 12106 12105
f 12111 12110 12109
f 12115 12114 12113
f 12118 12117 12103
f 12105 12119 12120
f 12123 12124 12111
f 12113 12122 12121
f 12128 12131 12132
f 12129 12125 12126
f 12136 12140 12137
f 12139 12134 12133
f 12113 12114 12141
f 12141 12143 12122
f 12111 12124 12144
f 12144 12142 12110
f 12146 12147 12134
f 12148 12145 12140
o de_nuke_world_geometry.052
v 1974.792725 -538.998291 -78.806190
v 1974.792725 -538.998291 -60.518188
v 1983.936768 -538.998291 -60.518188
v 1983.936768 -538.998291 -78.806190
v 1983.936768 -406.410278 -78.806190
v 1974.792725 -406.410278 -78.806190
v 1974.792725 -406.410278 -60.518188
v 1983.936768 -406.410278 -60.518188
v 1974.792725 -397.266296 -78.806190
v 1974.792725 -397.266296 -60.518188
v 1983.936768 -397.266296 -78.806190
v 1983.936768 -397.266296 -60.518188
v 1974.792725 -529.854370 -60.518188
v 1974.792725 -529.854370 -78.806190
v 1983.936768 -529.854370 -78.806190
v 1983.936768 -529.854370 -60.518188
v 1069.536621 -406.410278 -78.806190
v 1069.536621 -406.410278 -60.518188
v 1069.536621 -397.266296 -78.806190
v 1069.536621 -397.266296 -60.518188
v 1069.536621 -529.854370 -78.806190
v 1069.536621 -529.854370 -60.518188
v 1069.536621 -538.998291 -78.806190
v 1069.536621 -538.998291 -60.518188
v 1069.536621 -538.998291 76.641769
v 1974.792725 -538.998291 76.641769
v 1983.936768 -538.998291 76.641769
v 1974.792725 -397.266296 -37.658157
v 1974.792725 -397.266296 76.641769
v 1974.792725 -397.266296 35.493851
v 1983.936768 -397.266296 76.641769
v 1974.792725 -406.410278 76.641769
v 1983.936768 -406.410278 76.641769
v 1974.792725 -529.854370 76.641769
v 1983.936768 -529.854370 76.641769
v 1069.536621 -397.266296 -37.658157
v 1069.536621 -397.266296 35.493851
v 1069.536621 -397.266296 76.641769
v 1069.536621 -529.854370 76.641769
v 1069.536621 -406.410278 76.641769
v 1983.936768 -538.998291 1347.657715
v 1983.936768 -538.998291 1192.209839
v 1974.792725 -538.998291 1347.657715
v 1974.792725 -538.998291 1192.209839
v 1069.536621 -538.998291 1347.657715
v 1069.536621 -538.998291 1192.209839
v 1974.792725 -406.410278 1192.209839
v 1974.792725 -397.266296 1192.209839
v 1983.936768 -406.410278 1192.209839
v 1983.936768 -397.266296 1192.209839
v 1983.936768 -529.854370 1192.209839
v 1974.792725 -529.854370 1192.209839
v 1974.792725 -397.266296 1306.509766
v 1974.792725 -397.266296 1233.357788
v 1974.792725 -397.266296 1347.657715
v 1983.936768 -397.266296 1347.657715
v 1974.792725 -406.410278 1347.657715
v 1983.936768 -406.410278 1347.657715
v 1974.792725 -529.854370 1347.657715
v 1983.936768 -529.854370 1347.657715
v 1069.536621 -397.266296 1192.209839
v 1069.536621 -397.266296 1233.357788
v 1069.536621 -397.266296 1306.509766
v 1069.536621 -397.266296 1347.657715
v 1069.536621 -529.854370 1347.657715
v 1069.536621 -406.410278 1347.657715
v 1069.536621 -406.410278 1192.209839
v 1069.536621 -529.854370 1192.209839
v 1060.392700 -538.998291 -78.806190
v 1060.392700 -529.854370 -78.806190
v 1060.392700 -406.410278 -78.806190
v 1060.392700 -397.266296 -78.806190
v 1060.392700 -529.854370 76.641769
v 1060.392700 -406.410278 76.641769
v 1060.392700 -397.266296 76.641769
v 1060.392700 -538.998291 76.641769
v 1060.392700 -538.998291 1347.657715
v 1060.392700 -538.998291 1192.209839
v 1060.392700 -406.410278 1192.209839
v 1060.392700 -397.266296 1192.209839
v 1060.392700 -529.854370 1192.209839
v 1060.392700 -529.854370 1347.657715
v 1060.392700 -406.410278 1347.657715
v 1060.392700 -397.266296 1347.657715
s 0
f 12157 12155 12158
f 12160 12153 12159
f 12162 12150 12161
f 12164 12152 12163
f 12168 12165 12167
f 12170 12171 12169
f 12179 12156 12160
f 12183 12151 12164
f 12176 12155 12180
f 12161 12174 12182
f 12185 12188 12166
f 12187 12172 12170
f 12208 12190 12199
f 12204 12197 12198
f 12202 12195 12205
f 12200 12191 12207
f 12211 12214 12215
f 12213 12194 12216
f 12220 12222 12223
f 12218 12224 12221
f 12228 12231 12232
f 12229 12225 12230
f 12157 12154 12155
f 12160 12156 12153
f 12162 12149 12150
f 12164 12151 12152
f 12168 12166 12165
f 12170 12172 12171
f 12179 12181 12156
f 12183 12175 12151
f 12180 12177 12178
f 12176 12158 12155
f 12180 12178 12176
f 12161 12150 12174
f 12166 12168 12184
f 12185 12186 12188
f 12166 12184 12185
f 12187 12173 12172
f 12208 12189 12190
f 12204 12206 12197
f 12205 12203 12201
f 12202 12196 12195
f 12205 12201 12202
f 12200 12192 12191
f 12215 12209 12210
f 12211 12212 12214
f 12215 12210 12211
f 12213 12193 12194
f 12220 12219 12222
f 12218 12217 12224
f 12228 12227 12231
f 12229 12226 12225
o de_nuke_world_geometry.053
v 1156.404785 -100.086288 -87.950134
v 1156.404785 -100.086288 -60.518188
v 1156.404785 -100.086288 -243.398209
v 1156.404785 -100.086288 -97.094193
v 1156.404785 -118.374290 -279.974152
v 1156.404785 -127.518288 -298.262146
v 1156.404785 -127.518288 -279.974152
v 1156.404785 -109.230286 -261.686157
v 1156.404785 -109.230286 -243.398209
v 1156.404785 -118.374290 -261.686157
v 1247.844727 -127.518288 -298.262146
v 1339.284668 -100.086288 -97.094193
v 1339.284668 -100.086288 -243.398209
v 1247.844727 -109.230286 -243.398209
v 1247.844727 -100.086288 -243.398209
v 1247.844727 -127.518288 -279.974152
v 1247.844727 -118.374290 -279.974152
v 1247.844727 -118.374290 -261.686157
v 1247.844727 -109.230286 -261.686157
v 1174.692749 -100.086288 -97.094193
v 1238.700684 -100.086288 -97.094193
v 1330.140747 -100.086288 -60.518188
v 1330.140747 -100.086288 -87.950134
v 1174.692749 -100.086288 -87.950134
v 1238.700684 -100.086288 -87.950134
v 1083.252808 -100.086288 12.633820
v 1083.252808 -109.230286 -5.654182
v 1083.252808 -118.374290 -5.654182
v 1083.252808 -118.374290 -23.942184
v 1083.252808 -109.230286 12.633820
v 1083.252808 -127.518288 -42.230186
v 1083.252808 -127.518288 -23.942184
v 1083.252808 -100.086288 195.513840
v 1083.252808 -100.086288 122.361832
v 1330.140747 -100.086288 -14.798126
v 1330.140747 -100.086288 241.233795
v 1330.140747 -100.086288 195.513840
v 1320.996826 -100.086288 241.233795
v 1156.404785 -100.086288 241.233795
v 1156.404785 -100.086288 12.633820
v 1156.404785 -100.086288 122.361832
v 1156.404785 -100.086288 195.513840
v 1064.964722 -100.086288 195.513840
v 1064.964722 -100.086288 12.633820
v 1064.964722 -109.230286 12.633820
v 1064.964722 -109.230286 -5.654182
v 1064.964722 -127.518288 -23.942184
v 1064.964722 -118.374290 -23.942184
v 1064.964722 -127.518288 -42.230186
v 1064.964722 -118.374290 -5.654182
v 973.524658 -100.086288 12.633820
v 991.812683 -109.230286 12.633820
v 991.812683 -100.086288 12.633820
v 991.812683 -127.518288 -23.942184
v 991.812683 -127.518288 -42.230186
v 991.812683 -118.374290 -5.654182
v 991.812683 -118.374290 -23.942184
v 991.812683 -109.230286 -5.654182
v 973.524658 -100.086288 195.513840
s 0
f 12240 12246 12251
f 12238 12248 12243
f 12237 12250 12249
f 12247 12252 12253
f 12257 12256 12234
f 12257 12252 12256
f 12269 12271 12270
f 12267 12272 12273
f 12272 12266 12273
f 12278 12262 12259
f 12281 12264 12263
f 12280 12260 12261
f 12276 12265 12266
f 12290 12277 12278
f 12287 12279 12281
f 12289 12282 12280
f 12285 12291 12275
f 12240 12241 12246
f 12238 12239 12248
f 12237 12242 12250
f 12253 12244 12245
f 12247 12235 12236
f 12253 12245 12247
f 12247 12236 12252
f 12234 12254 12255
f 12234 12255 12257
f 12256 12233 12234
f 12257 12253 12252
f 12270 12268 12269
f 12269 12274 12271
f 12274 12269 12267
f 12267 12254 12234
f 12267 12234 12272
f 12273 12274 12267
f 12272 12258 12266
f 12278 12277 12262
f 12281 12279 12264
f 12280 12282 12260
f 12266 12258 12276
f 12276 12275 12265
f 12290 12284 12277
f 12287 12286 12279
f 12289 12288 12282
f 12275 12276 12285
f 12285 12283 12291
o de_nuke_world_geometry.054
v 1320.996826 -276.108307 -253.685181
v 1288.992676 -262.392273 -253.685181
v 1288.546997 -261.363586 -253.685181
v 1275.276733 -230.388321 -253.685181
v 1288.992676 -198.384293 -253.685181
v 1290.021362 -197.938538 -253.685181
v 1353.000732 -198.384293 -253.685181
v 1353.446533 -199.412994 -253.685181
v 1320.996826 -184.668320 -253.685181
v 1353.000732 -262.392273 -253.685181
v 1353.000732 -262.392273 -518.861145
v 1356.772583 -253.591217 -518.861145
v 1344.199707 -266.164185 -518.861145
v 1297.793945 -266.164185 -518.861145
v 1288.992676 -262.392273 -518.861145
v 1285.220825 -253.591217 -518.861145
v 1353.000732 -198.384293 -518.861145
v 1344.199707 -194.612427 -518.861145
v 1356.772583 -207.185425 -518.861145
v 1288.992676 -198.384293 -518.861145
v 1285.220825 -207.185425 -518.861145
v 1297.793945 -194.612427 -518.861145
v 1275.276733 -230.388321 -536.006165
v 1288.992676 -262.392273 -536.006165
v 1320.996826 -276.108307 -536.006165
v 1353.000732 -262.392273 -536.006165
v 1366.716675 -230.388321 -536.006165
v 1353.000732 -198.384293 -536.006165
v 1320.996826 -184.668320 -536.006165
v 1288.992676 -198.384293 -536.006165
v 1275.276733 -230.388321 -518.861145
v 1320.996826 -184.668320 -518.861145
v 1320.996826 -276.108307 -518.861145
v 1366.716675 -230.388321 -518.861145
v 1288.992676 -198.384293 -383.312744
v 1320.996826 -184.668320 -348.885620
v 1297.793945 -194.612427 -373.848785
v 1275.276733 -230.388321 -348.885620
v 1285.220825 -207.185425 -373.848785
v 1366.716675 -230.388321 -348.885620
v 1356.772583 -207.185425 -373.848785
v 1366.716675 -230.388321 -253.685181
v 1353.000732 -198.384293 -383.312744
v 1344.199707 -194.612427 -373.848785
v 1320.996826 -276.108307 -348.885620
v 1344.199707 -266.164185 -373.848785
v 1353.000732 -262.392273 -383.312744
v 1356.772583 -253.591217 -373.848785
v 1297.793945 -266.164185 -373.848785
v 1288.992676 -262.392273 -383.312744
v 1285.220825 -253.591217 -373.848785
v 1295.850708 -205.242340 -60.518188
v 1295.850708 -205.242340 -70.805168
v 1320.996826 -193.812317 -70.805168
v 1320.996826 -193.812317 -60.518188
v 1320.996826 -266.964325 -70.805168
v 1346.142700 -255.534317 -70.805168
v 1320.996826 -266.964325 -60.518188
v 1346.142700 -255.534317 -60.518188
v 1295.850708 -255.534317 -70.805168
v 1295.850708 -255.534317 -60.518188
v 1346.142700 -205.242340 -70.805168
v 1346.142700 -205.242340 -60.518188
v 1284.420776 -230.388321 -60.518188
v 1284.420776 -230.388321 -70.805168
v 1357.572754 -230.388321 -70.805168
v 1357.572754 -230.388321 -60.518188
v 1346.142700 -205.242340 75.498848
v 1357.572754 -230.388321 75.498848
v 1357.012695 -231.634186 75.498848
v 1346.142700 -255.534317 75.498848
v 1320.996826 -266.964325 75.498848
v 1295.850708 -205.242340 75.498848
v 1320.996826 -193.812317 75.498848
v 1295.850708 -255.534317 75.498848
v 1284.420776 -230.388321 75.498848
s 0
f 12294 12293 12292
f 12297 12296 12295
f 12300 12299 12298
f 12321 12322 12312
f 12314 12306 12307
f 12320 12311 12313
f 12324 12306 12315
f 12319 12323 12309
f 12302 12304 12316
f 12308 12310 12318
f 12325 12302 12317
f 12327 12296 12300
f 12328 12323 12313
f 12330 12322 12329
f 12296 12329 12295
f 12332 12325 12310
f 12298 12331 12334
f 12298 12327 12300
f 12335 12323 12327
f 12337 12324 12304
f 12301 12336 12338
f 12331 12301 12338
f 12325 12339 12303
f 12329 12293 12295
f 12336 12293 12341
f 12324 12340 12305
f 12342 12322 12307
f 12345 12343 12346
f 12350 12347 12348
f 12349 12351 12347
f 12353 12346 12354
f 12344 12355 12343
f 12358 12348 12357
f 12356 12352 12355
f 12354 12357 12353
f 12361 12360 12359
f 12362 12349 12350
f 12346 12364 12365
f 12354 12365 12359
f 12363 12352 12349
f 12360 12350 12358
f 12343 12367 12364
f 12359 12358 12354
f 12355 12366 12367
f 12312 12311 12321
f 12321 12314 12322
f 12307 12322 12314
f 12314 12315 12306
f 12313 12323 12320
f 12320 12321 12311
f 12315 12316 12324
f 12324 12305 12306
f 12309 12308 12319
f 12319 12320 12323
f 12316 12317 12302
f 12304 12324 12316
f 12318 12319 12308
f 12310 12325 12318
f 12317 12318 12325
f 12325 12303 12302
f 12327 12326 12296
f 12328 12327 12323
f 12330 12312 12322
f 12296 12326 12329
f 12332 12331 12325
f 12298 12333 12331
f 12298 12334 12327
f 12335 12309 12323
f 12337 12336 12324
f 12301 12292 12336
f 12331 12333 12301
f 12325 12331 12339
f 12329 12341 12293
f 12336 12292 12293
f 12324 12336 12340
f 12342 12329 12322
f 12345 12344 12343
f 12350 12349 12347
f 12349 12352 12351
f 12353 12345 12346
f 12344 12356 12355
f 12358 12350 12348
f 12356 12351 12352
f 12354 12358 12357
f 12362 12363 12349
f 12346 12343 12364
f 12354 12346 12365
f 12363 12366 12352
f 12360 12362 12350
f 12343 12355 12367
f 12359 12360 12358
f 12355 12352 12366
o de_nuke_world_geometry.055
v 1320.996826 -276.108307 -253.685181
v 1288.546997 -261.363586 -253.685181
v 1275.276733 -230.388321 -253.685181
v 1290.021362 -197.938538 -253.685181
v 1353.446533 -199.412994 -253.685181
v 1320.996826 -184.668320 -253.685181
v 1274.865234 -231.302704 -253.685181
v 1288.512695 -261.340729 -253.685181
v 1321.934082 -276.508331 -253.685181
v 1353.000732 -262.392273 -253.685181
v 1320.059570 -184.268234 -253.685181
v 1290.044312 -197.904205 -253.685181
v 1366.716675 -230.388321 -253.685181
v 1346.142700 -255.534317 -217.109192
v 1357.572754 -230.388321 -217.109192
v 1357.241211 -229.645370 -217.109192
v 1346.142700 -205.242340 -217.109192
v 1346.954224 -205.608093 -217.109192
v 1357.241211 -229.622482 -217.109192
v 1295.850708 -205.242340 -217.109192
v 1320.082397 -184.256851 -253.685181
v 1320.996826 -193.812317 -217.109192
v 1321.911133 -276.519775 -253.685181
v 1320.996826 -266.964325 -217.109192
v 1295.850708 -255.534317 -217.109192
v 1284.420776 -230.388321 -217.109192
v 1295.850708 -205.242340 -70.805168
v 1320.996826 -193.812317 -70.805168
v 1295.850708 -205.242340 -198.821182
v 1320.996826 -193.812317 -198.821182
v 1320.996826 -266.964325 -70.805168
v 1346.142700 -255.534317 -70.805168
v 1295.850708 -255.534317 -70.805168
v 1346.142700 -205.242340 -198.821182
v 1346.142700 -205.242340 -70.805168
v 1284.420776 -230.388321 -70.805168
v 1357.572754 -230.388321 -70.805168
s 0
f 12375 12370 12369
f 12368 12377 12376
f 12379 12373 12371
f 12383 12382 12381
f 12386 12384 12383
f 12389 12379 12387
f 12381 12390 12377
f 12391 12375 12390
f 12389 12372 12388
f 12393 12379 12374
f 12380 12381 12377
f 12393 12375 12392
f 12372 12386 12380
f 12389 12396 12397
f 12397 12394 12395
f 12399 12391 12381
f 12398 12392 12391
f 12384 12397 12401
f 12401 12395 12402
f 12396 12393 12403
f 12404 12381 12382
f 12393 12400 12403
f 12401 12404 12382
f 12375 12374 12370
f 12379 12378 12373
f 12386 12385 12384
f 12389 12388 12379
f 12381 12391 12390
f 12391 12392 12375
f 12389 12385 12372
f 12393 12387 12379
f 12380 12386 12381
f 12393 12374 12375
f 12372 12385 12386
f 12389 12387 12396
f 12397 12396 12394
f 12399 12398 12391
f 12398 12400 12392
f 12384 12389 12397
f 12401 12397 12395
f 12403 12394 12396
f 12396 12387 12393
f 12404 12399 12381
f 12393 12392 12400
f 12382 12384 12401
f 12401 12402 12404
o de_nuke_world_geometry.056
v 1353.000732 -262.392273 -518.861145
v 1361.801880 -258.620422 -518.861145
v 1356.772583 -253.591217 -518.861145
v 1344.199707 -266.164185 -518.861145
v 1363.287720 -285.252319 -518.861145
v 1375.860718 -272.679321 -518.861145
v 1292.764648 -271.193420 -518.861145
v 1297.793945 -266.164185 -518.861145
v 1288.992676 -262.392273 -518.861145
v 1278.705688 -285.252319 -518.861145
v 1285.220825 -253.591217 -518.861145
v 1266.132690 -272.679321 -518.861145
v 1353.000732 -198.384293 -518.861145
v 1349.228882 -189.583206 -518.861145
v 1344.199707 -194.612427 -518.861145
v 1356.772583 -207.185425 -518.861145
v 1375.860718 -188.097305 -518.861145
v 1363.287720 -175.524323 -518.861145
v 1288.992676 -198.384293 -518.861145
v 1280.191650 -202.156204 -518.861145
v 1285.220825 -207.185425 -518.861145
v 1297.793945 -194.612427 -518.861145
v 1278.705688 -175.524323 -518.861145
v 1266.132690 -188.097305 -518.861145
v 1363.287720 -285.252319 -445.709198
v 1375.860718 -272.679321 -445.709198
v 1278.705688 -175.524323 -445.709198
v 1266.132690 -188.097305 -445.709198
v 1266.132690 -272.679321 -445.709198
v 1278.705688 -285.252319 -445.709198
v 1375.860718 -188.097305 -445.709198
v 1363.287720 -175.524323 -445.709198
v 1288.992676 -198.384293 -383.312744
v 1297.793945 -194.612427 -373.848785
v 1280.191650 -202.156204 -392.776855
v 1285.220825 -207.185425 -373.848785
v 1356.772583 -207.185425 -373.848785
v 1353.000732 -198.384293 -383.312744
v 1349.228882 -189.583206 -392.776855
v 1344.199707 -194.612427 -373.848785
v 1344.199707 -266.164185 -373.848785
v 1353.000732 -262.392273 -383.312744
v 1361.801880 -258.620422 -392.776855
v 1356.772583 -253.591217 -373.848785
v 1297.793945 -266.164185 -373.848785
v 1292.764648 -271.193420 -392.776855
v 1288.992676 -262.392273 -383.312744
v 1285.220825 -253.591217 -373.848785
v 1293.564697 -230.388321 121.218796
v 1293.153320 -229.473938 121.218796
v 1301.085693 -212.008881 121.218796
v 1301.142822 -211.974609 121.218796
v 1320.082397 -258.231781 121.218796
v 1302.617310 -250.299332 121.218796
v 1302.583008 -250.242218 121.218796
v 1320.996826 -257.820312 121.218796
v 1320.996826 -202.956314 121.218796
v 1321.911133 -202.544846 121.218796
v 1340.427734 -210.957291 121.218796
v 1301.565796 -210.957291 121.218796
v 1301.565796 -249.819305 121.218796
v 1340.427734 -249.819305 121.218796
v 1340.850708 -248.802032 121.218796
v 1346.142700 -205.242340 75.498848
v 1357.012695 -231.634186 75.498848
v 1346.142700 -255.534317 75.498848
v 1347.468506 -254.928467 75.498848
v 1357.035645 -231.691345 75.498848
v 1320.996826 -266.964325 75.498848
v 1295.850708 -205.242340 75.498848
v 1320.996826 -193.812317 75.498848
v 1295.850708 -255.534317 75.498848
v 1284.420776 -230.388321 75.498848
v 1348.428711 -230.388321 121.218796
v 1320.996826 -230.388321 157.794800
s 0
f 12407 12406 12405
f 12410 12408 12405
f 12413 12412 12411
f 12415 12413 12414
f 12419 12418 12417
f 12422 12420 12417
f 12425 12424 12423
f 12428 12426 12423
f 12429 12410 12430
f 12428 12431 12427
f 12414 12433 12416
f 12435 12422 12436
f 12431 12439 12437
f 12426 12431 12438
f 12424 12432 12428
f 12425 12439 12424
f 12437 12439 12440
f 12443 12442 12435
f 12418 12436 12422
f 12420 12435 12441
f 12419 12443 12418
f 12442 12443 12444
f 12447 12445 12429
f 12406 12430 12410
f 12408 12429 12445
f 12407 12447 12406
f 12446 12447 12448
f 12451 12450 12449
f 12433 12450 12451
f 12449 12414 12411
f 12415 12433 12452
f 12455 12453 12456
f 12460 12458 12457
f 12463 12462 12461
f 12456 12464 12461
f 12459 12465 12453
f 12467 12466 12460
f 12469 12471 12470
f 12462 12474 12455
f 12472 12467 12471
f 12457 12476 12473
f 12468 12478 12472
f 12468 12462 12463
f 12476 12454 12477
f 12467 12473 12471
f 12454 12474 12477
f 12466 12479 12460
f 12464 12453 12479
f 12478 12479 12466
f 12464 12479 12461
f 12463 12461 12479
f 12453 12465 12479
f 12463 12479 12478
f 12460 12479 12465
f 12405 12406 12410
f 12410 12409 12408
f 12414 12416 12415
f 12413 12411 12414
f 12417 12418 12422
f 12422 12421 12420
f 12423 12424 12428
f 12428 12427 12426
f 12429 12409 12410
f 12428 12432 12431
f 12414 12434 12433
f 12435 12421 12422
f 12437 12438 12431
f 12431 12432 12439
f 12426 12427 12431
f 12424 12439 12432
f 12425 12440 12439
f 12435 12436 12443
f 12442 12441 12435
f 12418 12443 12436
f 12420 12421 12435
f 12419 12444 12443
f 12429 12430 12447
f 12447 12446 12445
f 12406 12447 12430
f 12408 12409 12429
f 12407 12448 12447
f 12451 12452 12433
f 12433 12434 12450
f 12411 12412 12449
f 12449 12434 12414
f 12415 12416 12433
f 12455 12454 12453
f 12460 12459 12458
f 12469 12472 12471
f 12462 12475 12474
f 12472 12478 12467
f 12457 12458 12476
f 12468 12463 12478
f 12468 12475 12462
f 12476 12458 12454
f 12467 12457 12473
f 12454 12455 12474
o de_nuke_world_geometry.057
v 1275.276733 -230.388321 -536.006165
v 1288.992676 -262.392273 -536.006165
v 1320.996826 -276.108307 -536.006165
v 1353.000732 -262.392273 -536.006165
v 1366.716675 -230.388321 -536.006165
v 1353.000732 -198.384293 -536.006165
v 1320.996826 -184.668320 -536.006165
v 1288.992676 -198.384293 -536.006165
s 0
f 12484 12482 12480
f 12480 12487 12486
f 12486 12485 12484
f 12484 12483 12482
f 12482 12481 12480
f 12480 12486 12484
o de_nuke_world_geometry.058
v 3149.796875 37.073700 1436.811768
v 3149.796875 48.503685 1448.241943
v 3149.796875 71.363686 1448.241943
v 3149.796875 82.793709 1436.811768
v 3149.796875 82.793709 1413.951782
v 3149.796875 71.363686 1402.521851
v 3149.796875 48.503685 1402.521851
v 3149.796875 37.073700 1413.951782
v 2936.055908 -8.646305 1413.951782
v 2936.055908 82.793709 1413.951782
v 2936.055908 82.793709 1436.811768
v 2936.055908 -8.646305 1436.811768
v 2970.345703 -8.646305 1402.521851
v 2970.345703 48.503685 1402.521851
v 2947.485840 71.363686 1402.521851
v 2947.485840 -8.646305 1402.521851
v 2981.775879 48.503685 1402.521851
v 2947.485840 71.363686 1448.241943
v 2970.345703 48.503685 1448.241943
v 2970.345703 -8.646305 1448.241943
v 2947.485840 -8.646305 1448.241943
v 2981.775879 48.503685 1448.241943
v 2981.775879 -8.646305 1436.811768
v 2981.775879 37.073700 1436.811768
v 2981.775879 37.073700 1413.951782
v 2981.775879 -8.646305 1413.951782
v 2970.345703 -118.374290 1448.241943
v 2947.485840 -118.374290 1448.241943
v 2936.055908 -118.374290 1436.811768
v 2936.055908 -118.374290 1413.951782
v 2947.485840 -118.374290 1402.521851
v 2970.345703 -118.374290 1402.521851
v 2981.775879 -118.374290 1413.951782
v 2981.775879 -118.374290 1436.811768
s 0
f 12492 12490 12488
f 12498 12496 12499
f 12497 12491 12492
f 12503 12501 12500
f 12493 12504 12501
f 12508 12506 12505
f 12505 12509 12489
f 12491 12505 12490
f 12496 12502 12503
f 12502 12492 12493
f 12505 12499 12508
f 12512 12510 12513
f 12511 12495 12488
f 12512 12494 12495
f 12509 12488 12489
f 12500 12512 12513
f 12512 12501 12504
f 12509 12506 12511
f 12511 12507 12510
f 12515 12507 12508
f 12496 12516 12499
f 12500 12518 12503
f 12510 12520 12513
f 12516 12518 12520
f 12513 12519 12500
f 12507 12521 12510
f 12503 12517 12496
f 12499 12515 12508
f 12488 12495 12494
f 12494 12493 12492
f 12492 12491 12490
f 12490 12489 12488
f 12488 12494 12492
f 12498 12497 12496
f 12497 12498 12491
f 12503 12502 12501
f 12501 12502 12493
f 12493 12494 12504
f 12508 12507 12506
f 12489 12490 12505
f 12505 12506 12509
f 12491 12498 12505
f 12496 12497 12502
f 12502 12497 12492
f 12505 12498 12499
f 12512 12511 12510
f 12511 12512 12495
f 12512 12504 12494
f 12509 12511 12488
f 12500 12501 12512
f 12511 12506 12507
f 12515 12514 12507
f 12496 12517 12516
f 12500 12519 12518
f 12510 12521 12520
f 12520 12521 12514
f 12514 12515 12516
f 12516 12517 12518
f 12518 12519 12520
f 12520 12514 12516
f 12513 12520 12519
f 12507 12514 12521
f 12503 12518 12517
f 12499 12516 12515
o de_nuke_world_geometry.059
v 4740.853027 -63.510311 158.937836
v 4594.548828 -63.510311 158.937836
v 4448.244629 -63.510311 158.937836
v 4740.853027 46.217701 158.937836
v 4731.708984 82.793709 158.937836
v 4704.276855 137.657684 158.937836
v 4658.557129 174.233688 158.937836
v 4594.548828 192.521698 158.937836
v 4530.540527 174.233688 158.937836
v 4484.820312 137.657684 158.937836
v 4457.388672 82.793709 158.937836
v 4448.244629 46.217701 158.937836
v 4653.070312 192.521698 158.937836
v 4536.027344 192.521698 158.937836
v 4653.070312 192.521698 195.513840
v 4536.027344 192.521698 195.513840
v -2464.619385 119.369713 -536.006165
v -2523.140625 119.369713 -536.006165
v -2406.097900 119.369713 -536.006165
v -2367.087158 94.989502 -536.006165
v -2354.891602 82.793709 -536.006165
v -2551.487305 82.793709 -536.006165
v -2528.627441 101.081703 -536.006165
v -2464.619385 82.793709 -536.006165
v -2400.611084 101.081703 -536.006165
v -2377.751221 82.793709 -536.006165
v -2406.097900 119.369713 -572.582214
v -2523.140625 119.369713 -572.582214
v -2367.087158 94.989502 -572.582214
v -2354.891602 82.793709 -572.582214
v -2610.923340 -136.662292 -536.006165
v -2464.619385 -136.662292 -536.006165
v -2318.315186 -136.662292 -536.006165
v -2318.315186 46.217701 -572.582214
v -2318.315186 46.217701 -536.006165
v -2610.923340 -26.934307 -536.006165
v -2601.779541 9.641697 -536.006165
v -2574.347656 64.505699 -536.006165
v -2354.891602 64.505699 -536.006165
v -2327.458984 9.641697 -536.006165
v -2318.315186 -26.934307 -536.006165
s 0
f 12529 12527 12525
f 12533 12531 12529
f 12537 12534 12529
f 12545 12544 12543
f 12546 12545 12547
f 12548 12539 12538
f 12542 12550 12541
f 12545 12559 12557
f 12562 12560 12545
f 12556 12551 12542
f 12522 12523 12529
f 12529 12528 12527
f 12527 12526 12525
f 12525 12522 12529
f 12523 12524 12533
f 12533 12532 12531
f 12531 12530 12529
f 12529 12523 12533
f 12529 12535 12537
f 12537 12536 12534
f 12545 12538 12544
f 12546 12538 12545
f 12538 12540 12548
f 12548 12549 12539
f 12542 12551 12550
f 12552 12553 12545
f 12545 12543 12559
f 12559 12558 12557
f 12557 12552 12545
f 12553 12554 12562
f 12562 12561 12560
f 12560 12547 12545
f 12545 12553 12562
f 12556 12555 12551
o de_nuke_world_geometry.060
v 4594.548828 229.097702 158.937836
v 4653.070312 192.521698 158.937836
v 4536.027344 192.521698 158.937836
v 4653.070312 192.521698 195.513840
v 4536.027344 192.521698 195.513840
v 4594.548828 229.097702 195.513840
v -2464.619385 155.945694 -536.006165
v -2523.140625 119.369713 -536.006165
v -2406.097900 119.369713 -536.006165
v -2347.563232 82.793709 -536.006165
v -2367.087158 94.989502 -536.006165
v -2464.619385 155.945694 -572.582214
v -2406.097900 119.369713 -572.582214
v -2523.140625 119.369713 -572.582214
v -2367.087158 94.989502 -572.582214
v -2347.574707 82.793709 -572.582214
v -2318.315186 64.505699 -572.582214
v -2318.315186 46.217701 -572.582214
v -2318.315186 46.217701 -536.006165
v -2318.315186 64.505699 -536.006165
s 0
f 12568 12564 12566
f 12563 12567 12565
f 12574 12570 12576
f 12569 12575 12571
f 12573 12578 12572
f 12582 12580 12581
f 12572 12579 12582
f 12568 12563 12564
f 12563 12568 12567
f 12574 12569 12570
f 12569 12574 12575
f 12573 12577 12578
f 12582 12579 12580
f 12572 12578 12579
o de_nuke_world_geometry.061
v 3149.796875 9.641697 945.321899
v 3168.084961 9.641697 945.321899
v 3168.084961 9.641697 1055.049927
v 3149.796875 9.641697 1055.049927
v 3149.796875 -8.646305 945.321899
v 3149.796875 -136.662292 945.321899
v 3168.084961 -136.662292 945.321899
v 3149.796875 -136.662292 1055.049927
v 3168.084961 -136.662292 1055.049927
v 3058.356689 -136.662292 1055.049927
v 3058.356689 -8.646305 1055.049927
v 3058.356689 9.641697 1055.049927
v 3058.356689 9.641697 945.321899
v 3058.356689 -8.646305 945.321899
v 3058.356689 -136.662292 945.321899
s 0
f 12584 12588 12587
f 12586 12591 12585
f 12594 12593 12590
f 12595 12587 12596
f 12594 12596 12593
f 12596 12592 12593
f 12587 12597 12596
f 12587 12583 12584
f 12584 12589 12588
f 12586 12590 12591
f 12590 12586 12594
f 12593 12592 12590
f 12595 12583 12587
f 12594 12595 12596
f 12596 12597 12592
f 12587 12588 12597
o de_nuke_world_geometry.062
v 2290.260742 9.641697 506.409882
v 2290.260742 -8.646305 506.409882
v 2418.276611 -8.646305 506.409882
v 2418.276611 9.641697 506.409882
v 2418.276611 9.641697 799.017883
v 2418.276611 -8.646305 799.017883
v 2290.260742 -8.646305 799.017883
v 2290.260742 9.641697 799.017883
v 2418.276611 -136.662292 799.017883
v 2418.276611 -136.662292 506.409882
v 2399.988770 -136.662292 506.409882
v 2345.124756 -136.662292 506.409882
v 2290.260742 -136.662292 799.017883
v 2418.276611 -26.934307 506.409882
v 2345.124756 -26.934307 506.409882
v 2290.260742 -26.934307 506.409882
v 1668.468750 9.641697 1365.945801
v 1668.468750 9.641697 1493.961792
v 1375.860718 9.641697 1493.961792
v 1375.860718 9.641697 1365.945801
v 1668.468750 -136.662292 1493.961792
v 1668.468750 -136.662292 1365.945801
v 1375.860718 -136.662292 1365.945801
v 1375.860718 -136.662292 1493.961792
v 370.020660 9.641697 524.697876
v 370.020660 0.497696 524.697876
v 242.004684 0.497696 524.697876
v 242.004684 9.641697 524.697876
v 242.004684 -136.662292 524.697876
v 370.020660 -136.662292 524.697876
s 0
f 12600 12598 12601
f 12604 12602 12605
f 12611 12608 12609
f 12611 12612 12599
f 12610 12603 12604
f 12618 12614 12615
f 12620 12616 12617
f 12624 12622 12625
f 12626 12623 12624
f 12600 12599 12598
f 12604 12603 12602
f 12609 12612 12611
f 12611 12607 12608
f 12599 12600 12611
f 12612 12613 12599
f 12610 12606 12603
f 12618 12619 12614
f 12620 12621 12616
f 12624 12623 12622
f 12626 12627 12623
o de_nuke_world_geometry.063
v 2290.260742 9.641697 506.409882
v 2418.276611 -8.646305 506.409882
v 2418.276611 9.641697 506.409882
v 2418.276611 9.641697 799.017883
v 2418.276611 -8.646305 799.017883
v 2290.260742 9.641697 799.017883
v 2290.260742 9.641697 542.985901
v 2418.276611 9.641697 542.985901
v 2418.276611 -8.646305 542.985901
v 2418.276611 -136.662292 707.577759
v 2418.276611 -136.662292 799.017883
v 2418.276611 -136.662292 506.409882
v 2418.276611 -136.662292 542.985901
v 2418.276611 -26.934307 506.409882
v 1631.892700 9.641697 1365.945801
v 1668.468750 9.641697 1365.945801
v 1668.468750 9.641697 1493.961792
v 1631.892700 9.641697 1493.961792
v 1375.860718 9.641697 1493.961792
v 1375.860718 9.641697 1365.945801
v 1449.012695 9.641697 1365.945801
v 1522.164673 9.641697 1365.945801
v 1668.468750 -136.662292 1365.945801
v 1375.860718 -136.662292 1365.945801
v 1522.164673 -136.662292 1365.945801
v 1449.012695 -136.662292 1365.945801
v 1522.164673 -63.510311 1365.945801
v 1449.012695 -63.510311 1365.945801
v 370.020660 9.641697 524.697876
v 370.020660 0.497696 524.697876
v 242.004684 9.641697 524.697876
v 242.004684 9.641697 268.665833
v 242.004684 9.641697 232.089844
v 370.020660 9.641697 232.089844
v 370.020660 9.641697 268.665833
v 370.020660 0.497696 232.089844
v 370.020660 0.497696 268.665833
v 370.020660 -136.662292 524.697876
v 370.020660 -136.662292 268.665833
v 370.020660 -136.662292 232.089844
s 0
f 12630 12634 12635
f 12634 12631 12635
f 12636 12630 12635
f 12631 12636 12635
f 12640 12641 12629
f 12632 12637 12640
f 12644 12642 12645
f 12649 12648 12646
f 12642 12650 12654
f 12648 12654 12655
f 12655 12651 12647
f 12661 12659 12662
f 12659 12656 12662
f 12664 12661 12662
f 12656 12664 12662
f 12666 12663 12664
f 12657 12666 12664
f 12630 12628 12634
f 12634 12633 12631
f 12636 12629 12630
f 12631 12632 12636
f 12629 12636 12640
f 12640 12639 12641
f 12640 12636 12632
f 12632 12638 12637
f 12644 12643 12642
f 12646 12645 12642
f 12646 12642 12649
f 12648 12647 12646
f 12654 12649 12642
f 12642 12643 12650
f 12650 12652 12654
f 12648 12649 12654
f 12647 12648 12655
f 12655 12653 12651
f 12661 12660 12659
f 12659 12658 12656
f 12664 12663 12661
f 12656 12657 12664
f 12666 12667 12663
f 12657 12665 12666
o de_nuke_world_geometry.064
v 2290.260742 9.641697 506.409882
v 2290.260742 -8.646305 506.409882
v 2290.260742 -8.646305 799.017883
v 2290.260742 9.641697 799.017883
v 2290.260742 9.641697 542.985901
v 2290.260742 -8.646305 542.985901
v 2290.260742 -136.662292 506.409882
v 2290.260742 -136.662292 542.985901
v 2290.260742 -136.662292 799.017883
v 2290.260742 -26.934307 506.409882
v 1668.468750 9.641697 1493.961792
v 1631.892700 9.641697 1493.961792
v 1375.860718 9.641697 1493.961792
v 1668.468750 -136.662292 1493.961792
v 1375.860718 -136.662292 1493.961792
v 1631.892700 -136.662292 1493.961792
v 242.004684 0.497696 524.697876
v 242.004684 9.641697 524.697876
v 242.004684 9.641697 268.665833
v 242.004684 9.641697 232.089844
v 242.004684 0.497696 232.089844
v 242.004684 0.497696 268.665833
v 242.004684 0.497696 451.545868
v 242.004684 0.497696 414.969849
v 242.004684 -136.662292 341.817871
v 242.004684 -136.662292 414.969849
v 242.004684 -136.662292 524.697876
v 242.004684 -136.662292 451.545868
v 242.004684 -26.934307 232.089844
v 242.004684 -100.086288 414.969849
v 242.004684 -26.934307 341.817871
v 242.004684 -26.934307 414.969849
v 242.004684 -100.086288 451.545868
s 0
f 12668 12673 12672
f 12673 12671 12672
f 12669 12677 12675
f 12675 12670 12673
f 12683 12678 12679
f 12680 12683 12679
f 12686 12688 12689
f 12690 12685 12686
f 12698 12693 12697
f 12689 12696 12698
f 12700 12694 12684
f 12690 12699 12697
f 12668 12669 12673
f 12673 12670 12671
f 12675 12673 12669
f 12677 12674 12675
f 12675 12676 12670
f 12683 12681 12678
f 12680 12682 12683
f 12686 12687 12688
f 12686 12689 12691
f 12690 12684 12685
f 12686 12691 12690
f 12697 12699 12698
f 12698 12692 12693
f 12698 12699 12691
f 12689 12688 12696
f 12698 12691 12689
f 12684 12690 12700
f 12700 12695 12694
f 12697 12700 12690
f 12690 12691 12699
o de_nuke_world_geometry.065
v 1064.964722 0.497696 378.393860
v 1064.964722 0.497696 305.241852
v 2107.380859 -255.534317 30.921822
v 2107.380859 -255.534317 -42.230186
v 2125.668701 -255.534317 30.921822
v 2125.668701 -255.534317 -42.230186
v 1156.404785 0.497696 305.241852
v 1156.404785 0.497696 378.393860
v 1330.140747 0.497696 85.785828
v 1330.140747 0.497696 158.937836
v 1311.852783 0.497696 85.785828
v 1311.852783 0.497696 158.937836
v 1174.692749 0.497696 378.393860
v 1174.692749 0.497696 305.241852
v 1083.252808 0.497696 305.241852
v 1083.252808 0.497696 378.393860
v 1933.644775 -401.838318 35.493851
v 1933.644775 -401.838318 -37.658157
v 1951.932617 -401.838318 -37.658157
v 1951.932617 -401.838318 35.493851
v 1110.684692 -401.838318 -37.658157
v 1110.684692 -401.838318 35.493851
v 1092.396729 -401.838318 35.493851
v 1092.396729 -401.838318 -37.658157
v 2107.380859 -255.534317 1301.937866
v 2107.380859 -255.534317 1228.785889
v 2820.613037 -255.534317 1512.249878
v 2820.613037 -255.534317 1439.097900
v 2838.900635 -255.534317 1439.097900
v 2838.900635 -255.534317 1512.249878
v 2125.668701 -255.534317 1228.785889
v 2125.668701 -255.534317 1301.937866
v 1951.932617 -401.838318 1233.357788
v 1951.932617 -401.838318 1306.509766
v 1933.644775 -401.838318 1306.509766
v 1933.644775 -401.838318 1233.357788
v 1110.684692 -401.838318 1233.357788
v 1110.684692 -401.838318 1306.509766
v 1092.396729 -401.838318 1306.509766
v 1092.396729 -401.838318 1233.357788
v 516.324646 0.497696 305.241852
v 498.036652 0.497696 305.241852
v 498.036652 0.497696 378.393860
v 516.324646 0.497696 378.393860
v 936.948669 -255.534317 -42.230186
v 936.948669 -255.534317 30.921822
v 918.660706 -255.534317 30.921822
v 918.660706 -255.534317 -42.230186
v 936.948669 -255.534317 1301.937866
v 936.948669 -255.534317 1228.785889
v 918.660706 -255.534317 1301.937866
v 918.660706 -255.534317 1228.785889
v 2143.956787 -255.534317 -298.262146
v 2217.108887 -255.534317 -298.262146
v 2217.108887 -255.534317 -590.870178
v 2143.956787 -255.534317 -590.870178
v 2143.956787 -255.534317 -609.158203
v 2217.108887 -255.534317 -609.158203
v 2217.108887 -255.534317 -279.974152
v 2143.956787 -255.534317 -279.974152
s 0
f 12703 12706 12705
f 12712 12709 12710
f 12708 12714 12713
f 12701 12715 12716
f 12717 12719 12720
f 12723 12721 12722
f 12727 12729 12730
f 12725 12731 12732
f 12735 12733 12734
f 12739 12737 12738
f 12743 12741 12744
f 12747 12745 12746
f 12751 12750 12749
f 12755 12757 12758
f 12759 12753 12754
f 12703 12704 12706
f 12712 12711 12709
f 12708 12707 12714
f 12701 12702 12715
f 12717 12718 12719
f 12723 12724 12721
f 12727 12728 12729
f 12725 12726 12731
f 12735 12736 12733
f 12739 12740 12737
f 12743 12742 12741
f 12747 12748 12745
f 12751 12752 12750
f 12755 12756 12757
f 12759 12760 12753
o de_nuke_world_geometry.067
v 1275.276733 -8.646305 241.233795
v 1211.268799 -8.646305 241.233795
v 1211.268799 -8.646305 250.377838
v 1275.276733 -8.646305 250.377838
v 1156.404785 0.497696 241.233795
v 1156.404785 -8.646305 241.233795
v 1156.404785 9.641697 241.233795
v 1156.404785 9.641697 250.377838
v 1156.404785 -8.646305 250.377838
v 1339.284668 -8.646305 250.377838
v 1339.284668 9.641697 250.377838
v 1320.996826 -8.646305 241.233795
v 1330.140747 -8.646305 241.233795
v 1330.140747 0.497696 241.233795
v 1330.140747 9.641697 241.233795
v 1320.996826 -8.646305 250.377838
v 1320.996826 -54.366310 250.377838
v 1275.276733 -54.366310 250.377838
v 1211.268799 -54.366310 250.377838
v 1156.404785 -54.366310 250.377838
v 1156.404785 -100.086288 250.377838
v 1320.996826 -100.086288 250.377838
v 1339.284668 -100.086288 250.377838
v 1339.284668 -136.662292 250.377838
v 1275.276733 -136.662292 250.377838
v 1156.404785 -136.662292 250.377838
v 1330.140747 -100.086288 241.233795
v 1320.996826 -54.366310 241.233795
v 1320.996826 -100.086288 241.233795
v 1275.276733 -54.366310 241.233795
v 1211.268799 -54.366310 241.233795
v 1156.404785 -54.366310 241.233795
v 1156.404785 -100.086288 241.233795
s 0
f 12765 12774 12761
f 12764 12776 12771
f 12764 12777 12776
f 12780 12763 12769
f 12778 12779 12781
f 12785 12783 12782
f 12777 12783 12770
f 12787 12788 12772
f 12791 12790 12789
f 12762 12792 12766
f 12788 12761 12772
f 12762 12766 12765
f 12765 12767 12775
f 12774 12773 12772
f 12765 12775 12774
f 12761 12762 12765
f 12774 12772 12761
f 12771 12768 12769
f 12771 12769 12763
f 12776 12770 12771
f 12771 12763 12764
f 12764 12778 12777
f 12780 12779 12763
f 12781 12782 12777
f 12781 12777 12778
f 12779 12780 12781
f 12782 12781 12786
f 12785 12784 12783
f 12782 12786 12785
f 12770 12776 12777
f 12777 12782 12783
f 12772 12773 12787
f 12787 12789 12788
f 12789 12793 12792
f 12789 12792 12791
f 12790 12788 12789
f 12762 12791 12792
f 12788 12790 12761
o de_nuke_world_geometry.068
v 1275.276733 -45.222309 561.273865
v 1366.716675 -45.222309 561.273865
v 1275.276733 -136.662292 561.273865
v 1366.716675 -136.662292 561.273865
v 1769.052734 -45.222309 561.273865
v 1769.052734 -136.662292 561.273865
v 1677.612793 -136.662292 561.273865
v 1677.612793 -45.222309 561.273865
v 1686.756714 -127.518288 488.121887
v 1686.756714 -136.662292 488.121887
v 1759.908691 -136.662292 488.121887
v 1759.908691 -127.518288 488.121887
v 1677.612793 -45.222309 488.121887
v 1677.612793 -54.366310 488.121887
v 1686.756714 -54.366310 488.121887
v 1759.908691 -54.366310 488.121887
v 1769.052734 -54.366310 488.121887
v 1769.052734 -45.222309 488.121887
v 1769.052734 -136.662292 488.121887
v 1677.612793 -136.662292 488.121887
v 1759.908691 -54.366310 497.265808
v 1686.756714 -54.366310 497.265808
v 1686.756714 -54.366310 552.129822
v 1759.908691 -54.366310 552.129822
v 1759.908691 -127.518288 497.265808
v 1759.908691 -136.662292 552.129822
v 1759.908691 -136.662292 497.265808
v 1759.908691 -173.238297 552.129822
v 1759.908691 -173.238297 497.265808
v 1686.756714 -127.518288 497.265808
v 1686.756714 -136.662292 497.265808
v 1686.756714 -173.238297 497.265808
v 1686.756714 -173.238297 552.129822
v 1275.276733 -136.662292 488.121887
v 1275.276733 -54.366310 488.121887
v 1275.276733 -45.222309 488.121887
v 1357.572754 -54.366310 488.121887
v 1357.572754 -127.518288 488.121887
v 1357.572754 -136.662292 488.121887
v 1366.716675 -136.662292 488.121887
v 1366.716675 -54.366310 488.121887
v 1284.420776 -127.518288 488.121887
v 1284.420776 -136.662292 488.121887
v 1284.420776 -54.366310 488.121887
v 1366.716675 -45.222309 488.121887
v 1357.572754 -136.662292 552.129822
v 1357.572754 -136.662292 497.265808
v 1357.572754 -127.518288 497.265808
v 1357.572754 -54.366310 497.265808
v 1357.572754 -54.366310 552.129822
v 1357.572754 -173.238297 497.265808
v 1357.572754 -173.238297 552.129822
v 1284.420776 -54.366310 497.265808
v 1284.420776 -54.366310 552.129822
v 1284.420776 -127.518288 497.265808
v 1284.420776 -136.662292 552.129822
v 1284.420776 -136.662292 497.265808
v 1284.420776 -173.238297 497.265808
v 1284.420776 -173.238297 552.129822
v 1759.908691 -273.822296 378.393860
v 1759.908691 -346.974304 378.393860
v 1686.756714 -346.974304 378.393860
v 1357.572754 -346.974304 378.393860
v 1284.420776 -346.974304 378.393860
v 1686.756714 -273.822296 378.393860
v 1284.420776 -273.822296 378.393860
v 1357.572754 -273.822296 378.393860
v 1759.908691 -346.974304 890.457825
v 1759.908691 -273.822296 890.457825
v 1686.756714 -346.974304 890.457825
v 1284.420776 -346.974304 890.457825
v 1357.572754 -346.974304 890.457825
v 1686.756714 -273.822296 890.457825
v 1357.572754 -273.822296 890.457825
v 1284.420776 -273.822296 890.457825
v 1677.612793 -346.974304 643.569824
v 1677.612793 -346.974304 570.417847
v 1686.756714 -346.974304 570.417847
v 1686.756714 -346.974304 643.569824
v 1686.756714 -346.974304 561.273865
v 1686.756714 -346.974304 552.129822
v 1686.756714 -346.974304 497.265808
v 1686.756714 -346.974304 414.969849
v 1759.908691 -346.974304 414.969849
v 1759.908691 -346.974304 497.265808
v 1759.908691 -346.974304 552.129822
v 1759.908691 -346.974304 643.569824
v 1759.908691 -346.974304 853.881775
v 1686.756714 -346.974304 853.881775
v 1686.756714 -346.974304 780.729797
v 1686.756714 -346.974304 771.585815
v 1686.756714 -346.974304 698.433838
v 1759.908691 -346.974304 698.433838
v 1677.612793 -346.974304 771.585815
v 1677.612793 -346.974304 698.433838
v 1613.604858 -346.974304 771.585815
v 1558.740723 -346.974304 771.585815
v 1558.740723 -346.974304 698.433838
v 1439.868774 -346.974304 771.585815
v 1439.868774 -346.974304 698.433838
v 1485.588623 -346.974304 698.433838
v 1485.588623 -346.974304 771.585815
v 1485.588623 -346.974304 689.289795
v 1558.740723 -346.974304 689.289795
v 1604.460693 -346.974304 643.569824
v 1604.460693 -346.974304 570.417847
v 1613.604858 -346.974304 570.417847
v 1366.716675 -346.974304 771.585815
v 1366.716675 -346.974304 698.433838
v 1366.716675 -346.974304 643.569824
v 1366.716675 -346.974304 570.417847
v 1485.588623 -346.974304 570.417847
v 1485.588623 -346.974304 643.569824
v 1558.740723 -346.974304 570.417847
v 1558.740723 -346.974304 643.569824
v 1558.740723 -346.974304 652.713745
v 1485.588623 -346.974304 652.713745
v 1357.572754 -346.974304 414.969849
v 1357.572754 -346.974304 488.121887
v 1357.572754 -346.974304 497.265808
v 1357.572754 -346.974304 552.129822
v 1357.572754 -346.974304 561.273865
v 1357.572754 -346.974304 570.417847
v 1357.572754 -346.974304 643.569824
v 1284.420776 -346.974304 643.569824
v 1284.420776 -346.974304 552.129822
v 1284.420776 -346.974304 497.265808
v 1284.420776 -346.974304 488.121887
v 1284.420776 -346.974304 414.969849
v 1284.420776 -346.974304 698.433838
v 1357.572754 -346.974304 698.433838
v 1357.572754 -346.974304 771.585815
v 1357.572754 -346.974304 780.729797
v 1357.572754 -346.974304 853.881775
v 1284.420776 -346.974304 853.881775
v 1686.756714 -273.822296 643.569824
v 1604.460693 -273.822296 643.569824
v 1558.740723 -273.822296 643.569824
v 1759.908691 -273.822296 643.569824
v 1357.572754 -273.822296 643.569824
v 1284.420776 -273.822296 643.569824
v 1485.588623 -273.822296 643.569824
v 1759.908691 -273.822296 414.969849
v 1759.908691 -273.822296 488.121887
v 1759.908691 -273.822296 497.265808
v 1759.908691 -273.822296 552.129822
v 1759.908691 -273.822296 561.273865
v 1284.420776 -273.822296 414.969849
v 1284.420776 -273.822296 488.121887
v 1284.420776 -273.822296 497.265808
v 1284.420776 -273.822296 552.129822
v 1284.420776 -273.822296 561.273865
v 1686.756714 -273.822296 497.265808
v 1686.756714 -273.822296 414.969849
v 1686.756714 -273.822296 488.121887
v 1686.756714 -273.822296 552.129822
v 1686.756714 -273.822296 561.273865
v 1357.572754 -273.822296 414.969849
v 1357.572754 -273.822296 488.121887
v 1357.572754 -273.822296 561.273865
v 1357.572754 -273.822296 552.129822
v 1357.572754 -273.822296 497.265808
v 1686.756714 -273.822296 570.417847
v 1357.572754 -273.822296 570.417847
v 1613.604858 -273.822296 570.417847
v 1604.460693 -273.822296 570.417847
v 1759.908691 -273.822296 698.433838
v 1759.908691 -273.822296 853.881775
v 1284.420776 -273.822296 853.881775
v 1284.420776 -273.822296 698.433838
v 1357.572754 -273.822296 698.433838
v 1485.588623 -273.822296 698.433838
v 1604.460693 -273.822296 698.433838
v 1686.756714 -273.822296 698.433838
v 1558.740723 -273.822296 698.433838
v 1686.756714 -273.822296 780.729797
v 1686.756714 -273.822296 853.881775
v 1686.756714 -273.822296 771.585815
v 1357.572754 -273.822296 780.729797
v 1357.572754 -273.822296 771.585815
v 1357.572754 -273.822296 853.881775
v 1613.604858 -273.822296 771.585815
v 1604.460693 -273.822296 771.585815
s 0
f 12804 12802 12805
f 12809 12808 12806
f 12812 12805 12809
f 12802 12813 12807
f 12806 12807 12800
f 12798 12812 12810
f 12815 12809 12814
f 12806 12798 12811
f 12814 12805 12818
f 12814 12818 12819
f 12820 12821 12819
f 12823 12808 12815
f 12824 12823 12816
f 12826 12817 12819
f 12802 12818 12805
f 12820 12825 12822
f 12824 12818 12823
f 12829 12828 12796
f 12833 12831 12830
f 12832 12835 12831
f 12835 12827 12828
f 12830 12837 12829
f 12829 12795 12838
f 12842 12841 12839
f 12842 12831 12841
f 12839 12844 12845
f 12795 12833 12834
f 12846 12830 12842
f 12848 12837 12846
f 12848 12846 12849
f 12850 12841 12848
f 12851 12840 12850
f 12835 12841 12831
f 12839 12847 12843
f 12845 12849 12839
f 12871 12869 12872
f 12878 12874 12873
f 12884 12883 12881
f 12885 12887 12884
f 12890 12889 12888
f 12894 12892 12895
f 12891 12896 12894
f 12870 12900 12898
f 12893 12901 12892
f 12905 12903 12906
f 12908 12905 12906
f 12898 12907 12908
f 12919 12916 12915
f 12916 12903 12904
f 12926 12925 12923
f 12925 12902 12924
f 12909 12896 12897
f 12855 12877 12854
f 12869 12898 12930
f 12917 12918 12933
f 12877 12937 12936
f 12938 12879 12939
f 12932 12940 12879
f 12921 12941 12942
f 12944 12920 12943
f 12920 12942 12943
f 12918 12944 12945
f 12941 12857 12859
f 12825 12938 12822
f 12948 12936 12937
f 12946 12937 12938
f 12947 12853 12936
f 12948 12946 12876
f 12949 12875 12946
f 12950 12874 12949
f 12950 12939 12940
f 12939 12826 12821
f 12942 12951 12952
f 12941 12860 12951
f 12860 12911 12951
f 12911 12952 12951
f 12914 12953 12954
f 12955 12914 12954
f 12952 12913 12955
f 12943 12952 12955
f 12945 12954 12953
f 12954 12852 12845
f 12943 12844 12851
f 12871 12950 12956
f 12940 12929 12956
f 12915 12957 12953
f 12929 12959 12958
f 12959 12931 12935
f 12900 12870 12956
f 12959 12905 12907
f 12957 12934 12945
f 12961 12886 12881
f 12962 12923 12963
f 12902 12893 12964
f 12888 12885 12967
f 12909 12897 12968
f 12896 12910 12935
f 12968 12935 12931
f 12882 12969 12970
f 12883 12971 12969
f 12961 12969 12971
f 12925 12972 12973
f 12926 12974 12972
f 12975 12884 12887
f 12892 12901 12976
f 12971 12975 12966
f 12976 12964 12965
f 12972 12962 12963
f 12974 12865 12867
f 12866 12882 12970
f 12866 12961 12862
f 12861 12961 12881
f 12882 12861 12881
f 12868 12928 12962
f 12868 12974 12867
f 12928 12865 12927
f 12804 12803 12802
f 12806 12811 12810
f 12806 12810 12809
f 12808 12807 12806
f 12809 12810 12812
f 12812 12804 12805
f 12807 12808 12802
f 12802 12803 12813
f 12800 12801 12806
f 12807 12813 12800
f 12810 12811 12798
f 12798 12799 12812
f 12814 12817 12816
f 12815 12808 12809
f 12814 12816 12815
f 12806 12801 12798
f 12814 12809 12805
f 12819 12817 12814
f 12818 12820 12819
f 12820 12822 12821
f 12823 12802 12808
f 12816 12826 12825
f 12816 12825 12824
f 12823 12815 12816
f 12819 12821 12826
f 12826 12816 12817
f 12802 12823 12818
f 12820 12824 12825
f 12824 12820 12818
f 12796 12794 12829
f 12828 12827 12796
f 12830 12834 12833
f 12833 12832 12831
f 12832 12836 12835
f 12828 12837 12835
f 12835 12836 12827
f 12829 12838 12834
f 12829 12834 12830
f 12837 12828 12829
f 12829 12794 12795
f 12839 12843 12842
f 12841 12840 12839
f 12842 12830 12831
f 12839 12840 12844
f 12834 12838 12795
f 12795 12797 12833
f 12842 12843 12847
f 12846 12837 12830
f 12842 12847 12846
f 12848 12835 12837
f 12849 12852 12851
f 12849 12851 12850
f 12846 12847 12849
f 12849 12850 12848
f 12850 12840 12841
f 12851 12844 12840
f 12835 12848 12841
f 12839 12849 12847
f 12845 12852 12849
f 12871 12870 12869
f 12872 12880 12879
f 12878 12877 12876
f 12872 12879 12878
f 12871 12872 12878
f 12878 12876 12875
f 12878 12875 12874
f 12873 12871 12878
f 12881 12886 12885
f 12881 12885 12884
f 12883 12882 12881
f 12885 12888 12887
f 12888 12891 12890
f 12889 12887 12888
f 12894 12893 12892
f 12894 12895 12890
f 12891 12897 12896
f 12894 12890 12891
f 12898 12869 12870
f 12900 12899 12898
f 12893 12902 12901
f 12905 12904 12903
f 12906 12910 12909
f 12908 12907 12905
f 12906 12909 12908
f 12898 12899 12907
f 12911 12856 12857
f 12911 12857 12922
f 12912 12911 12922
f 12912 12922 12921
f 12913 12912 12921
f 12913 12921 12920
f 12914 12913 12920
f 12919 12918 12917
f 12914 12920 12919
f 12915 12914 12919
f 12919 12917 12916
f 12916 12917 12903
f 12923 12928 12927
f 12923 12927 12926
f 12925 12924 12923
f 12925 12901 12902
f 12909 12910 12896
f 12855 12876 12877
f 12929 12932 12880
f 12929 12880 12872
f 12908 12931 12930
f 12930 12929 12872
f 12930 12872 12869
f 12898 12908 12930
f 12933 12935 12906
f 12933 12906 12903
f 12918 12934 12933
f 12933 12903 12917
f 12936 12853 12854
f 12877 12878 12938
f 12936 12854 12877
f 12877 12938 12937
f 12939 12821 12822
f 12938 12878 12879
f 12939 12822 12938
f 12879 12880 12932
f 12940 12939 12879
f 12921 12922 12941
f 12943 12851 12852
f 12944 12919 12920
f 12943 12852 12944
f 12920 12921 12942
f 12945 12934 12918
f 12918 12919 12944
f 12941 12922 12857
f 12825 12946 12938
f 12948 12947 12936
f 12946 12948 12937
f 12947 12858 12853
f 12876 12855 12858
f 12876 12858 12947
f 12946 12875 12876
f 12876 12947 12948
f 12946 12825 12826
f 12949 12874 12875
f 12946 12826 12949
f 12950 12873 12874
f 12950 12949 12939
f 12939 12949 12826
f 12942 12941 12951
f 12941 12859 12860
f 12860 12856 12911
f 12911 12912 12952
f 12914 12915 12953
f 12954 12845 12844
f 12955 12913 12914
f 12954 12844 12955
f 12952 12912 12913
f 12943 12942 12952
f 12945 12944 12954
f 12954 12944 12852
f 12943 12955 12844
f 12871 12873 12950
f 12956 12950 12940
f 12940 12932 12929
f 12915 12916 12957
f 12958 12956 12929
f 12929 12930 12959
f 12933 12957 12959
f 12959 12930 12931
f 12935 12933 12959
f 12956 12958 12900
f 12870 12871 12956
f 12900 12958 12959
f 12959 12957 12916
f 12959 12916 12904
f 12899 12900 12959
f 12907 12899 12959
f 12959 12904 12905
f 12945 12953 12957
f 12957 12933 12934
f 12961 12960 12886
f 12962 12928 12923
f 12964 12963 12923
f 12964 12923 12924
f 12894 12965 12964
f 12893 12894 12964
f 12964 12924 12902
f 12966 12968 12891
f 12966 12891 12888
f 12886 12960 12967
f 12967 12966 12888
f 12885 12886 12967
f 12968 12931 12908
f 12968 12908 12909
f 12897 12891 12968
f 12935 12965 12894
f 12935 12894 12896
f 12910 12906 12935
f 12968 12965 12935
f 12882 12883 12969
f 12883 12884 12971
f 12967 12960 12961
f 12961 12970 12969
f 12971 12967 12961
f 12925 12926 12972
f 12926 12927 12974
f 12887 12889 12975
f 12975 12971 12884
f 12975 12889 12890
f 12975 12890 12895
f 12925 12973 12976
f 12976 12975 12895
f 12976 12895 12892
f 12901 12925 12976
f 12966 12967 12971
f 12975 12976 12966
f 12968 12966 12976
f 12976 12973 12964
f 12965 12968 12976
f 12963 12964 12973
f 12972 12974 12962
f 12963 12973 12972
f 12974 12927 12865
f 12866 12863 12882
f 12866 12970 12961
f 12861 12862 12961
f 12882 12863 12861
f 12868 12864 12928
f 12868 12962 12974
f 12928 12864 12865
o de_nuke_world_geometry.069
v 1686.756714 -447.558319 890.457825
v 1577.028809 -447.558319 890.457825
v 1796.484741 -447.558319 890.457825
v 1741.620728 -447.558319 963.609802
v 1686.756714 -447.558319 963.609802
v 1796.484741 -447.558319 963.609802
v 1577.028809 -447.558319 963.609802
v 2582.868896 -45.222309 1402.521851
v 2582.868896 -45.222309 1292.793823
v 2656.020752 -45.222309 1292.793823
v 2656.020752 -45.222309 1402.521851
s 0
f 12979 12981 12980
f 12977 12983 12981
f 12985 12987 12986
f 12980 12982 12979
f 12979 12977 12981
f 12977 12978 12983
f 12985 12984 12987
o de_nuke_world_geometry.070
v 1686.756714 -538.998291 963.609802
v 1686.756714 -538.998291 1018.473938
v 1741.620728 -538.998291 963.609802
v 1741.620728 -538.998291 1018.473938
v 1741.620728 -484.134277 963.609802
v 1741.620728 -484.134277 1018.473938
v 1686.756714 -484.134277 1018.473938
v 1686.756714 -484.134277 963.609802
v 1513.020752 -154.950302 -2072.198242
v 1513.020752 -209.814301 -2072.198242
v 1513.020752 -209.814301 -2017.334229
v 1513.020752 -154.950302 -2017.334229
v 1458.156738 -209.814301 -2017.334229
v 1458.156738 -154.950302 -2017.334229
v 1458.156738 -209.814301 -2072.198242
v 1458.156738 -154.950302 -2072.198242
v 1567.884766 -136.662292 -206.822205
v 1513.020752 -136.662292 -206.822205
v 1513.020752 -136.662292 -151.958191
v 1567.884766 -136.662292 -151.958191
v 1567.884766 -81.798317 -151.958191
v 1513.020752 -81.798317 -151.958191
v 1513.020752 -81.798317 -206.822205
v 1567.884766 -81.798317 -206.822205
v 1714.188721 -136.662292 -151.958191
v 1659.324707 -136.662292 -151.958191
v 1659.324707 -136.662292 -97.094193
v 1714.188721 -136.662292 -97.094193
v 1659.324707 -81.798317 -151.958191
v 1714.188721 -81.798317 -151.958191
v 1714.188721 -81.798317 -97.094193
v 1659.324707 -81.798317 -97.094193
v 1476.444702 -136.662292 67.497826
v 1421.580688 -136.662292 67.497826
v 1421.580688 -136.662292 122.361832
v 1476.444702 -136.662292 122.361832
v 1421.580688 -81.798317 122.361832
v 1421.580688 -81.798317 67.497826
v 1476.444702 -81.798317 122.361832
v 1476.444702 -81.798317 67.497826
v 1403.292725 -8.646305 122.361832
v 1403.292725 -63.510311 122.361832
v 1348.428711 -63.510311 122.361832
v 1348.428711 -8.646305 122.361832
v 1348.428711 -63.510311 67.497826
v 1348.428711 -8.646305 67.497826
v 1403.292725 -63.510311 67.497826
v 1403.292725 -8.646305 67.497826
v 2930.340820 9.641697 -261.686157
v 2930.340820 0.497696 -261.686157
v 2930.340820 -63.510311 -261.686157
v 2930.340820 -63.510311 -188.534210
v 2930.340820 0.497696 -188.534210
v 2930.340820 9.641697 -188.534210
v 2857.188721 9.641697 -261.686157
v 2857.188721 0.497696 -261.686157
v 2857.188721 9.641697 -188.534210
v 2857.188721 0.497696 -188.534210
v 2857.188721 -63.510311 -261.686157
v 2857.188721 -63.510311 -188.534210
v 1394.148804 -136.662292 -1340.678223
v 1394.148804 -136.662292 -1450.406250
v 1284.420776 -136.662292 -1395.542236
v 1284.420776 -136.662292 -1340.678223
v 1284.420776 -136.662292 -1450.406250
v 1394.148804 -26.934307 -1340.678223
v 1394.148804 -26.934307 -1450.406250
v 1284.420776 -135.519318 -1340.678223
v 1284.420776 -62.367302 -1340.678223
v 1284.420776 -63.510311 -1450.406250
v 1284.420776 -26.934307 -1450.406250
v 1284.420776 -26.934307 -1395.542236
v 1284.420776 -62.367302 -1395.542236
v 1284.420776 -63.510311 -1395.542236
v 1284.420776 -135.519318 -1395.542236
v 1284.420776 -26.934307 -1340.678223
v 3149.796875 9.641697 945.321899
v 3168.084961 9.641697 945.321899
v 3168.084961 9.641697 1055.049927
v 3149.796875 9.641697 1055.049927
v 3058.356689 9.641697 1055.049927
v 3058.356689 9.641697 945.321899
v 2345.124756 -136.662292 506.409882
v 2345.124756 -136.662292 451.545868
v 2345.124756 -136.662292 396.681854
v 2235.396973 -136.662292 396.681854
v 2235.396973 -136.662292 433.257874
v 2235.396973 -136.662292 506.409882
v 2290.260742 -136.662292 506.409882
v 2345.124756 -26.934307 506.409882
v 2290.260742 -26.934307 506.409882
v 2235.396973 -63.510311 506.409882
v 2235.396973 -26.934307 506.409882
v 2345.124756 -26.934307 396.681854
v 2235.396973 -26.934307 396.681854
v 2235.396973 -63.510311 433.257874
v 2235.396973 -26.934307 433.257874
v 1961.076782 9.641697 232.089844
v 1961.076782 9.641697 122.361832
v 2070.804688 9.641697 232.089844
v 2070.804688 9.641697 122.361832
v 1083.252808 -136.662292 1219.641846
v 1138.116699 -136.662292 1219.641846
v 1083.252808 -136.662292 1109.913818
v 1138.116699 -136.662292 1109.913818
v 1064.964722 -136.662292 1109.913818
v 1064.964722 -136.662292 1219.641846
v 1064.964722 -26.934307 1219.641846
v 1138.116699 -26.934307 1219.641846
v 1138.116699 -26.934307 1109.913818
v 1064.964722 -26.934307 1109.913818
v 205.428680 -26.934307 232.089844
v 205.428680 -136.662292 232.089844
v 722.052063 9.641697 1091.625977
v 717.492676 9.641697 1079.052734
v 821.505676 9.641697 1041.333740
v 839.743408 9.641697 1091.625977
v 205.428680 -136.662292 341.817871
v 242.004684 -136.662292 341.817871
v 242.004684 -26.934307 232.089844
v 242.004684 -26.934307 341.817871
v 205.428680 -26.934307 341.817871
v 132.276672 -136.662292 232.089844
v 132.276672 -136.662292 341.817871
v 132.276672 -26.934307 341.817871
v 132.276672 -26.934307 232.089844
v 755.211609 9.641697 1183.065796
v 859.224670 9.641697 1145.346802
v 1028.388794 -136.662292 1109.913818
v 1028.388794 -136.662292 1219.641846
v 1028.388794 -26.934307 1219.641846
v 1028.388794 -26.934307 1109.913818
v 1319.202271 -534.872131 1311.081787
v 1311.624023 -517.441284 1311.081787
v 1307.280762 -517.441284 1311.081787
v 1302.708618 -517.441284 1311.081787
v 1412.436646 -518.424316 1311.081787
v 1407.864746 -518.424316 1311.081787
v 1302.708618 -392.694305 1416.237793
v 1302.708618 -392.694305 1420.809692
v 1302.708618 -512.549316 1315.653931
v 1302.708618 -392.694305 1409.379883
v 1307.280762 -392.694305 1409.379883
v 1307.280762 -392.694305 1416.237793
v 1326.206177 -392.694305 1416.237793
v 1339.284668 -392.694305 1416.237793
v 1339.284668 -392.694305 1420.809692
v 1307.280762 -538.998291 1315.653931
v 1317.076294 -538.998291 1315.653931
v 1307.280762 -538.998291 1416.237793
v 1320.996826 -538.998291 1315.653931
v 1375.860718 -538.998291 1416.237793
v 1407.864746 -538.998291 1416.237793
v 1407.864746 -538.998291 1315.653931
v 1407.864746 -538.998291 1420.809692
v 1375.860718 -538.998291 1420.809692
v 1343.513794 -409.633575 1420.809692
v 1407.864746 -449.307159 1420.809692
v 1407.864746 -497.850281 1420.809692
v 1412.436646 -497.850281 1420.809692
v 1307.280762 -534.426270 1416.237793
v 1307.280762 -512.549316 1315.653931
v 1307.280762 -534.426270 1315.653931
v 1407.864746 -449.307159 1416.237793
v 1407.864746 -534.426270 1315.653931
v 1407.864746 -472.852905 1386.279907
v 1407.864746 -534.426270 1416.237793
v 1412.436646 -472.852905 1386.279907
v 1309.498169 -512.549316 1315.653931
v 1319.007935 -534.426270 1315.653931
v 1319.202271 -534.872131 1315.653931
v 1374.717773 -534.426270 1416.237793
v 1343.513794 -409.633575 1416.237793
v 1394.148804 -392.694305 250.377838
v 1394.148804 -392.694305 140.649841
v 1503.876831 -392.694305 140.649841
v 1503.876831 -392.694305 250.377838
v 1394.148804 -538.998291 140.649841
v 1394.148804 -538.998291 250.377838
v 1503.876831 -538.998291 250.377838
v 1503.876831 -538.998291 140.649841
v 1961.076782 9.641697 232.089844
v 1961.076782 -8.646305 232.089844
v 1961.076782 -8.646305 122.361832
v 1961.076782 9.641697 122.361832
v 2070.804688 9.641697 232.089844
v 2070.804688 -8.646305 232.089844
v 2070.804688 -8.646305 122.361832
v 2070.804688 9.641697 122.361832
v 1961.076782 -136.662292 232.089844
v 2070.804688 -136.662292 232.089844
v 1961.076782 -136.662292 122.361832
v 2070.804688 -136.662292 122.361832
v 722.052063 9.641697 1091.625977
v 717.492676 9.641697 1079.052734
v 821.505676 9.641697 1041.333740
v 839.743408 9.641697 1091.625977
v 839.743408 0.497696 1091.625977
v 821.505676 0.497696 1041.333740
v 717.492676 0.497696 1079.052734
v 722.052063 0.497696 1091.625977
v 839.743835 -136.662292 1091.625977
v 722.050232 -136.662292 1091.625977
v 821.505676 -136.662292 1041.333740
v 717.492676 -136.662292 1079.052734
v 755.211609 9.641697 1183.065796
v 859.224670 9.641697 1145.346802
v 859.224670 -136.662292 1145.346802
v 755.211609 -136.662292 1183.065796
v 1302.708618 -538.998291 1311.081787
v 1317.076294 -538.998291 1311.081787
v 1319.202271 -534.872131 1311.081787
v 1311.624023 -517.441284 1311.081787
v 1307.280762 -517.441284 1311.081787
v 1302.708618 -517.441284 1311.081787
v 1412.436646 -518.424316 1311.081787
v 1407.864746 -518.424316 1311.081787
v 1407.864746 -534.426270 1311.081787
v 1407.864746 -538.998291 1311.081787
v 1412.436646 -538.998291 1311.081787
v 1501.590698 -534.426270 1274.505737
v 1501.590698 -538.998291 1274.505737
v 1501.590698 -538.998291 1287.078857
v 1501.590698 -534.426270 1287.078857
v 1360.898926 -534.426270 1249.977173
v 1319.705200 -534.426270 1309.401733
v 1341.570801 -534.426270 1224.213745
v 1367.905396 -534.426270 1192.666992
v 1307.909302 -534.426270 1229.997559
v 1339.284668 -534.426270 1176.207886
v 1359.858765 -534.426270 1308.795898
v 1355.286743 -534.426270 1299.651855
v 1451.298706 -534.426270 1247.073730
v 1341.570801 -538.998291 1224.213745
v 1319.705200 -538.998291 1309.401733
v 1360.898926 -538.998291 1249.977173
v 1339.284668 -538.998291 1176.207886
v 1307.909302 -538.998291 1229.997559
v 1367.905396 -538.998291 1192.666992
v 1451.298706 -538.998291 1247.073730
v 1355.286743 -538.998291 1299.651855
v 1359.858765 -538.998291 1308.795898
v 1302.708618 -392.694305 1416.237793
v 1302.708618 -392.694305 1420.809692
v 1302.708618 -538.998291 1420.809692
v 1302.708618 -538.998291 1416.237793
v 1302.708618 -538.998291 1315.653931
v 1302.708618 -512.549316 1315.653931
v 1302.708618 -509.280273 1315.653931
v 1302.708618 -392.694305 1409.379883
v 1307.280762 -392.694305 1409.379883
v 1307.280762 -392.694305 1416.237793
v 1326.206177 -392.694305 1416.237793
v 1339.284668 -392.694305 1416.237793
v 1339.284668 -392.694305 1420.809692
v 1307.280762 -538.998291 1315.653931
v 1317.076294 -538.998291 1315.653931
v 1307.280762 -538.998291 1416.237793
v 1320.996826 -538.998291 1315.653931
v 1375.860718 -538.998291 1416.237793
v 1407.864746 -538.998291 1416.237793
v 1407.864746 -538.998291 1315.653931
v 1407.864746 -538.998291 1420.809692
v 1412.436646 -538.998291 1420.809692
v 1375.860718 -538.998291 1420.809692
v 1343.513794 -409.633575 1420.809692
v 1407.864746 -449.307159 1420.809692
v 1407.864746 -497.850281 1420.809692
v 1412.436646 -497.850281 1420.809692
v 1435.685303 -537.649597 1357.019043
v 1435.742554 -537.638184 1405.687988
v 1434.073730 -531.248718 1412.225952
v 1416.700073 -465.263367 1376.495728
v 1409.876465 -439.431580 1349.943848
v 1413.408325 -452.941833 1336.113403
v 1431.182007 -538.872620 1357.019043
v 1431.261963 -538.849731 1405.630737
v 1307.280762 -534.426270 1416.237793
v 1307.280762 -397.815308 1416.237793
v 1307.280762 -509.280273 1315.653931
v 1307.280762 -512.549316 1315.653931
v 1307.280762 -534.426270 1315.653931
v 1407.864746 -451.627197 1338.806885
v 1408.561890 -454.256256 1336.113403
v 1407.864746 -439.961456 1349.957764
v 1404.972900 -440.723175 1349.978149
v 1407.864746 -449.307159 1416.237793
v 1407.864746 -494.535583 1416.237793
v 1407.864746 -534.426270 1315.653931
v 1407.864746 -472.852905 1386.279907
v 1407.864746 -534.426270 1416.237793
v 1412.276733 -467.880859 1377.901489
v 1429.444702 -532.003113 1412.637573
v 1407.864746 -451.475677 1361.034058
v 1412.436646 -472.852905 1386.279907
v 1309.498169 -512.549316 1315.653931
v 1319.007935 -534.426270 1315.653931
v 1319.202271 -534.872131 1315.653931
v 1374.717773 -534.426270 1416.237793
v 1343.513794 -409.633575 1416.237793
v 1394.148804 -392.694305 250.377838
v 1394.148804 -392.694305 140.649841
v 1503.876831 -392.694305 140.649841
v 1503.876831 -392.694305 250.377838
v 1394.148804 -538.998291 140.649841
v 1394.148804 -538.998291 250.377838
v 1503.876831 -538.998291 250.377838
v 1503.876831 -538.998291 140.649841
v 2802.324707 -63.510311 -243.398209
v 2765.748535 -63.510311 -243.398209
v 2765.748535 -8.646305 -243.398209
v 2802.324707 -8.646305 -243.398209
v 2820.613037 -63.510311 -243.398209
v 2857.188721 -63.510311 -243.398209
v 2857.188721 -8.646305 -243.398209
v 2820.613037 -8.646305 -243.398209
v 2820.613037 -8.646305 -298.262146
v 2820.613037 -63.510311 -298.262146
v 2765.748535 -63.510311 -298.262146
v 2765.748535 -8.646305 -298.262146
v 2802.324707 -8.646305 -188.534210
v 2802.324707 -63.510311 -188.534210
v 2857.188721 -63.510311 -188.534210
v 2857.188721 -8.646305 -188.534210
v 1211.268799 -136.662292 -1468.694214
v 1211.268799 -136.662292 -1395.542236
v 1284.420776 -136.662292 -1468.694214
v 1284.420776 -136.662292 -1395.542236
v 1284.420776 -136.662292 -1450.406250
v 1211.268799 -63.510311 -1468.694214
v 1284.420776 -63.510311 -1468.694214
v 1284.420776 -62.367302 -1322.390259
v 1284.420776 -135.519318 -1322.390259
v 1211.268799 -135.519318 -1322.390259
v 1211.268799 -62.367302 -1322.390259
v 1284.420776 -135.519318 -1340.678223
v 1284.420776 -62.367302 -1340.678223
v 1284.420776 -63.510311 -1450.406250
v 1284.420776 -62.367302 -1395.542236
v 1284.420776 -63.510311 -1395.542236
v 1284.420776 -135.519318 -1395.542236
v 1211.268799 -135.519318 -1395.542236
v 1211.268799 -63.510311 -1395.542236
v 1211.268799 -62.367302 -1395.542236
v 1567.884766 -62.367302 -151.958191
v 1567.884766 -135.519318 -151.958191
v 1567.884766 -135.519318 -225.110199
v 1567.884766 -62.367302 -225.110199
v 1714.188721 -135.519318 -225.110199
v 1714.188721 -62.367302 -225.110199
v 1714.188721 -135.519318 -151.958191
v 1714.188721 -62.367302 -151.958191
v 2162.244873 -136.662292 433.257874
v 2162.244873 -136.662292 506.409882
v 2235.396973 -136.662292 433.257874
v 2235.396973 -136.662292 506.409882
v 2235.396973 -63.510311 506.409882
v 2162.244873 -63.510311 506.409882
v 2235.396973 -63.510311 433.257874
v 2162.244873 -63.510311 433.257874
v 1485.588623 -538.998291 963.609802
v 1558.740723 -538.998291 963.609802
v 1558.740723 -538.998291 890.457825
v 1485.588623 -538.998291 890.457825
v 1421.580688 -62.367302 49.209824
v 1421.580688 -135.519318 49.209824
v 1421.580688 -135.519318 122.361832
v 1421.580688 -62.367302 122.361832
v 1348.428711 -62.367302 122.361832
v 1348.428711 -135.519318 122.361832
v 1348.428711 -135.519318 49.209824
v 1348.428711 -62.367302 49.209824
v 1558.740723 -465.846313 890.457825
v 1485.588623 -465.846313 890.457825
v 1558.740723 -465.846313 963.609802
v 1485.588623 -465.846313 963.609802
v 205.428680 -100.086288 451.545868
v 205.428680 -136.662292 451.545868
v 205.428680 -136.662292 414.969849
v 205.428680 -100.086288 414.969849
v 242.004684 -136.662292 414.969849
v 242.004684 -136.662292 451.545868
v 242.004684 -100.086288 414.969849
v 242.004684 -100.086288 451.545868
v 242.004684 -136.662292 341.817871
v 168.852676 -136.662292 341.817871
v 168.852676 -136.662292 414.969849
v 242.004684 -136.662292 414.969849
v 168.852676 -63.510311 414.969849
v 168.852676 -63.510311 341.817871
v 242.004684 -63.510311 414.969849
v 242.004684 -63.510311 341.817871
s 0
f 12991 12992 12993
f 12988 12994 12995
f 12989 12993 12994
f 12995 12993 12992
f 12998 12996 12999
f 13000 12999 13001
f 13000 12997 12998
f 12997 13003 12996
f 13003 12999 12996
f 13002 13001 13003
f 13006 13004 13007
f 13006 13008 13009
f 13005 13009 13010
f 13010 13008 13011
f 13004 13010 13011
f 13007 13011 13008
f 13014 13012 13015
f 13012 13016 13017
f 13015 13017 13018
f 13016 13018 13017
f 13014 13018 13019
f 13013 13019 13016
f 13022 13020 13023
f 13021 13024 13025
f 13022 13026 13024
f 13025 13026 13027
f 13020 13025 13027
f 13023 13027 13026
f 13030 13028 13031
f 13032 13031 13033
f 13030 13034 13029
f 13033 13028 13035
f 13034 13033 13035
f 13029 13035 13028
f 13040 13038 13037
f 13037 13042 13036
f 13043 13044 13042
f 13042 13041 13036
f 13045 13041 13044
f 13038 13043 13037
f 13047 13040 13045
f 13046 13045 13043
f 13053 13049 13054
f 13060 13058 13057
f 13062 13051 13055
f 13063 13060 13056
f 13054 13052 13057
f 13054 13059 13063
f 13056 13055 13048
f 13066 13064 13067
f 13064 13068 13067
f 13080 13079 13076
f 13077 13071 13072
f 13081 13073 13082
f 13080 13083 13079
f 13082 13074 13083
f 13081 13084 13078
f 13088 13085 13087
f 13095 13089 13090
f 13096 13092 13097
f 13097 13091 13093
f 13096 13098 13095
f 13103 13101 13104
f 13109 13106 13108
f 13108 13099 13109
f 13112 13105 13109
f 13099 13110 13113
f 13113 13111 13112
f 13099 13112 13109
f 13104 13114 13115
f 13118 13094 13095
f 13119 13117 13118
f 13098 13118 13095
f 13098 13116 13119
f 13131 13129 13126
f 13132 13131 13127
f 13139 13136 13138
f 13142 13139 13140
f 13125 13155 13124
f 13153 13147 13155
f 13122 13156 13121
f 13121 13158 13120
f 13157 13148 13159
f 13151 13144 13145
f 13123 13149 13122
f 13163 13161 13164
f 13167 13165 13168
f 13173 13170 13174
f 13172 13175 13171
f 13176 13174 13175
f 13170 13178 13174
f 13175 13179 13171
f 13174 13180 13175
f 13183 13185 13186
f 13182 13186 13187
f 13181 13187 13188
f 13187 13190 13188
f 13185 13191 13186
f 13186 13192 13187
f 13193 13195 13194
f 13181 13188 13196
f 13194 13189 13185
f 13201 13199 13197
f 13206 13205 13203
f 13210 13208 13211
f 13214 13213 13212
f 13217 13216 13215
f 13220 13218 13211
f 13223 13222 13221
f 13226 13225 13224
f 13210 13228 13227
f 13211 13229 13210
f 13212 13222 13223
f 13219 13227 13228
f 13228 13218 13219
f 13209 13220 13208
f 13215 13225 13226
f 13214 13223 13221
f 13221 13213 13214
f 13217 13226 13224
f 13224 13216 13217
f 13235 13232 13230
f 13234 13202 13197
f 13198 13243 13234
f 13243 13233 13234
f 13248 13249 13207
f 13233 13245 13252
f 13232 13242 13231
f 13255 13253 13252
f 13255 13251 13256
f 13261 13259 13257
f 13264 13257 13258
f 13268 13238 13266
f 13272 13262 13270
f 13266 13239 13240
f 13275 13254 13255
f 13276 13206 13249
f 13275 13204 13276
f 13270 13263 13280
f 13203 13256 13251
f 13272 13279 13260
f 13279 13259 13260
f 13264 13259 13280
f 13271 13257 13263
f 13269 13283 13268
f 13285 13246 13244
f 13246 13276 13249
f 13199 13244 13198
f 13266 13241 13286
f 13286 13274 13275
f 13272 13273 13281
f 13281 13273 13270
f 13253 13241 13242
f 13236 13268 13235
f 13238 13236 13237
f 13289 13293 13288
f 13290 13292 13289
f 13288 13294 13291
f 13291 13295 13290
f 13298 13296 13299
f 13302 13300 13303
f 13300 13304 13303
f 13296 13306 13305
f 13306 13298 13307
f 13305 13307 13304
f 13307 13299 13303
f 13296 13308 13299
f 13309 13300 13301
f 13303 13308 13311
f 13309 13311 13308
f 13310 13302 13311
f 13314 13317 13318
f 13321 13319 13322
f 13319 13323 13324
f 13316 13318 13325
f 13330 13321 13322
f 13312 13329 13330
f 13313 13328 13329
f 13327 13331 13326
f 13317 13327 13325
f 13331 13319 13324
f 13321 13328 13323
f 13334 13332 13335
f 13336 13335 13337
f 13338 13337 13339
f 13339 13333 13338
f 13337 13332 13339
f 13338 13334 13336
f 13341 13344 13345
f 13347 13344 13346
f 13340 13345 13347
f 13342 13347 13346
f 13354 13352 13355
f 13358 13356 13359
f 13357 13355 13356
f 13353 13359 13352
f 13359 13355 13352
f 13357 13353 13354
f 13349 13360 13362
f 13351 13363 13361
f 13348 13362 13363
f 13361 13362 13360
f 13366 13364 13367
f 13368 13367 13370
f 13367 13371 13370
f 13365 13371 13364
f 13374 13372 13375
f 13373 13376 13377
f 13374 13378 13376
f 13375 13379 13378
f 13372 13377 13379
f 13377 13378 13379
f 12991 12990 12992
f 12988 12989 12994
f 12989 12991 12993
f 12995 12994 12993
f 12998 12997 12996
f 13000 12998 12999
f 13000 13002 12997
f 12997 13002 13003
f 13003 13001 12999
f 13002 13000 13001
f 13006 13005 13004
f 13006 13007 13008
f 13005 13006 13009
f 13010 13009 13008
f 13004 13005 13010
f 13007 13004 13011
f 13014 13013 13012
f 13012 13013 13016
f 13015 13012 13017
f 13016 13019 13018
f 13014 13015 13018
f 13013 13014 13019
f 13022 13021 13020
f 13021 13022 13024
f 13022 13023 13026
f 13025 13024 13026
f 13020 13021 13025
f 13023 13020 13027
f 13030 13029 13028
f 13032 13030 13031
f 13030 13032 13034
f 13033 13031 13028
f 13034 13032 13033
f 13029 13034 13035
f 13036 13041 13040
f 13040 13039 13038
f 13037 13036 13040
f 13037 13043 13042
f 13043 13045 13044
f 13042 13044 13041
f 13045 13040 13041
f 13038 13046 13043
f 13047 13039 13040
f 13046 13047 13045
f 13053 13048 13049
f 13057 13061 13060
f 13060 13059 13058
f 13062 13050 13051
f 13063 13059 13060
f 13057 13058 13054
f 13054 13049 13052
f 13063 13053 13054
f 13054 13058 13059
f 13048 13053 13063
f 13048 13063 13056
f 13055 13051 13048
f 13066 13065 13064
f 13064 13069 13068
f 13076 13078 13080
f 13079 13075 13076
f 13072 13081 13077
f 13077 13070 13071
f 13081 13072 13073
f 13080 13084 13083
f 13083 13084 13082
f 13082 13073 13074
f 13078 13077 13081
f 13081 13082 13084
f 13084 13080 13078
f 13088 13086 13085
f 13090 13096 13095
f 13095 13094 13089
f 13096 13090 13092
f 13093 13098 13097
f 13097 13092 13091
f 13096 13097 13098
f 13103 13102 13101
f 13109 13105 13106
f 13108 13107 13099
f 13112 13111 13105
f 13099 13100 13110
f 13113 13110 13111
f 13099 13113 13112
f 13104 13101 13114
f 13118 13117 13094
f 13119 13116 13117
f 13098 13119 13118
f 13098 13093 13116
f 13131 13130 13129
f 13127 13134 13133
f 13127 13133 13132
f 13131 13126 13127
f 13138 13141 13140
f 13139 13137 13135
f 13138 13140 13139
f 13139 13135 13136
f 13142 13143 13139
f 13125 13153 13155
f 13153 13146 13147
f 13122 13149 13156
f 13121 13156 13158
f 13159 13154 13152
f 13157 13150 13148
f 13159 13152 13157
f 13151 13160 13144
f 13123 13128 13149
f 13163 13162 13161
f 13167 13166 13165
f 13173 13169 13170
f 13172 13176 13175
f 13176 13173 13174
f 13170 13177 13178
f 13175 13180 13179
f 13174 13178 13180
f 13183 13184 13185
f 13182 13183 13186
f 13181 13182 13187
f 13187 13192 13190
f 13185 13189 13191
f 13186 13191 13192
f 13193 13196 13195
f 13196 13193 13181
f 13188 13190 13196
f 13185 13184 13194
f 13194 13195 13189
f 13197 13202 13201
f 13201 13200 13199
f 13199 13198 13197
f 13203 13207 13206
f 13205 13204 13203
f 13210 13209 13208
f 13211 13208 13220
f 13220 13219 13218
f 13227 13209 13210
f 13210 13229 13228
f 13211 13218 13229
f 13212 13213 13222
f 13219 13220 13227
f 13228 13229 13218
f 13209 13227 13220
f 13215 13216 13225
f 13214 13212 13223
f 13221 13222 13213
f 13217 13215 13226
f 13224 13225 13216
f 13230 13237 13236
f 13235 13234 13233
f 13230 13236 13235
f 13232 13231 13230
f 13235 13233 13232
f 13234 13235 13202
f 13234 13197 13198
f 13198 13244 13243
f 13243 13245 13233
f 13207 13251 13250
f 13207 13250 13248
f 13249 13206 13207
f 13252 13232 13233
f 13245 13247 13252
f 13232 13252 13242
f 13252 13250 13255
f 13255 13254 13253
f 13255 13250 13251
f 13257 13262 13261
f 13261 13260 13259
f 13259 13258 13257
f 13264 13263 13257
f 13265 13269 13268
f 13268 13267 13238
f 13238 13239 13266
f 13266 13265 13268
f 13270 13273 13272
f 13272 13261 13262
f 13262 13271 13270
f 13275 13274 13254
f 13276 13205 13206
f 13276 13278 13275
f 13275 13277 13204
f 13204 13205 13276
f 13279 13281 13270
f 13270 13271 13263
f 13263 13264 13280
f 13280 13279 13270
f 13251 13207 13203
f 13203 13282 13256
f 13260 13261 13272
f 13272 13281 13279
f 13279 13280 13259
f 13264 13258 13259
f 13271 13262 13257
f 13269 13284 13283
f 13246 13284 13276
f 13199 13285 13244
f 13286 13265 13266
f 13266 13240 13241
f 13275 13278 13286
f 13286 13287 13274
f 13253 13287 13241
f 13236 13267 13268
f 13238 13267 13236
f 13289 13292 13293
f 13290 13295 13292
f 13288 13293 13294
f 13291 13294 13295
f 13298 13297 13296
f 13302 13301 13300
f 13300 13305 13304
f 13305 13300 13296
f 13296 13297 13306
f 13306 13297 13298
f 13305 13306 13307
f 13303 13304 13307
f 13307 13298 13299
f 13296 13309 13308
f 13301 13310 13309
f 13309 13296 13300
f 13311 13302 13303
f 13303 13299 13308
f 13309 13310 13311
f 13310 13301 13302
f 13314 13312 13317
f 13321 13320 13319
f 13319 13320 13323
f 13316 13314 13318
f 13322 13331 13330
f 13330 13329 13321
f 13330 13317 13312
f 13312 13313 13329
f 13313 13315 13328
f 13327 13330 13331
f 13325 13318 13317
f 13317 13330 13327
f 13324 13326 13331
f 13331 13322 13319
f 13323 13320 13321
f 13321 13329 13328
f 13334 13333 13332
f 13336 13334 13335
f 13338 13336 13337
f 13339 13332 13333
f 13337 13335 13332
f 13338 13333 13334
f 13341 13343 13344
f 13347 13345 13344
f 13340 13341 13345
f 13342 13340 13347
f 13354 13353 13352
f 13358 13357 13356
f 13357 13354 13355
f 13353 13358 13359
f 13359 13356 13355
f 13357 13358 13353
f 13349 13350 13360
f 13351 13348 13363
f 13348 13349 13362
f 13361 13363 13362
f 13366 13365 13364
f 13368 13366 13367
f 13367 13364 13371
f 13365 13369 13371
f 13374 13373 13372
f 13373 13374 13376
f 13374 13375 13378
f 13375 13372 13379
f 13372 13373 13377
f 13377 13376 13378
o de_nuke_world_geometry.071
v 1577.028809 -538.998291 963.609802
v 1686.756714 -538.998291 963.609802
v 1741.620728 -538.998291 963.609802
v 1796.484741 -538.998291 963.609802
v 1741.620728 -447.558319 963.609802
v 1686.756714 -447.558319 963.609802
v 1796.484741 -447.558319 963.609802
v 1577.028809 -447.558319 963.609802
v 1741.620728 -484.134277 963.609802
v 1686.756714 -484.134277 963.609802
v 2656.020752 -136.662292 1292.793823
v 2656.020752 -136.662292 1402.521851
v 2656.020752 -45.222309 1292.793823
v 2656.020752 -45.222309 1402.521851
s 0
f 13388 13383 13386
f 13384 13389 13388
f 13380 13389 13385
f 13391 13392 13393
f 13386 13384 13388
f 13388 13382 13383
f 13384 13385 13389
f 13385 13387 13380
f 13380 13381 13389
f 13391 13390 13392
o de_nuke_world_geometry.072
v 1577.028809 -538.998291 963.609802
v 1796.484741 -538.998291 963.609802
v 1796.484741 -538.998291 890.457825
v 1577.028809 -538.998291 890.457825
v 1577.028809 -447.558319 890.457825
v 1796.484741 -447.558319 890.457825
v 1796.484741 -447.558319 963.609802
v 1577.028809 -447.558319 963.609802
v 2656.020752 -136.662292 1292.793823
v 2656.020752 -136.662292 1402.521851
v 2582.868896 -136.662292 1292.793823
v 2582.868896 -136.662292 1402.521851
v 2582.868896 -45.222309 1402.521851
v 2582.868896 -45.222309 1292.793823
v 2656.020752 -45.222309 1292.793823
v 2656.020752 -45.222309 1402.521851
s 0
f 13395 13399 13400
f 13397 13401 13398
f 13402 13407 13408
f 13405 13409 13406
f 13395 13396 13399
f 13397 13394 13401
f 13402 13404 13407
f 13405 13403 13409
o de_nuke_world_geometry.073
v 3043.063232 85.182571 1333.941772
v 3043.063232 85.182571 1315.653931
v 3090.006348 141.120987 1333.941772
v 3090.006348 141.120987 1315.653931
s 0
f 13412 13411 13413
f 13412 13410 13411
o de_nuke_world_geometry.074
v 2107.380859 82.793709 1804.857910
v 2232.779297 82.793709 1804.857910
v 2211.885254 46.217701 1731.705933
v 2180.532715 -8.646305 1731.705933
v 2232.779297 82.793709 1768.281860
v 2107.380859 82.793709 1768.281860
v 2107.380859 46.217701 1731.705933
v 2107.380859 9.641697 1731.705933
v 2107.380859 -8.646305 1731.705933
v 2107.380859 -136.662292 1731.705933
v 1543.070190 82.793709 1804.857910
v 1799.102173 82.793709 1804.857910
v 2055.134033 82.793709 1804.857910
v 1584.865112 9.641697 1731.705933
v 1563.964233 46.217701 1731.705933
v 1543.070190 82.793709 1768.281860
v 2055.134033 82.793709 1768.281860
v 1799.102173 82.793709 1768.281860
v 2076.028320 9.641697 1731.705933
v 2076.028320 46.217701 1731.705933
v 1819.996216 9.641697 1731.705933
v 1840.897217 9.641697 1731.705933
v 2055.134033 46.217701 1731.705933
v 1819.996216 46.217701 1731.705933
v 1799.102173 46.217701 1731.705933
v 1961.076782 -136.662292 1731.705933
v 1840.897217 -136.662292 1731.705933
v 1668.468750 -136.662292 1731.705933
v -233.483307 -12.075298 -78.806190
v -233.483307 46.217701 -78.806190
v -233.483307 46.217701 -112.216072
v -233.483307 -136.662292 -79.091949
v -233.483307 -136.662292 -78.806190
v -233.483307 82.793709 -118.834076
v -233.483307 82.793709 -78.806190
v -270.059296 82.793709 -78.806190
v -270.059296 82.793709 -109.690018
v -306.635315 -12.075298 -78.806190
v -306.635315 -37.271011 -78.806190
v -306.635315 46.217701 -93.928070
v -306.635315 46.217701 -78.806190
v -306.635315 46.217701 -5.654182
v -306.635315 -12.075298 -5.654182
v -270.059296 82.793709 -5.654182
v -233.483307 82.793709 -5.654182
v -233.483307 46.217701 -5.654182
v -233.483307 -12.075298 -5.654182
v -233.483307 46.217701 301.915619
v -233.483307 -12.075298 291.317383
v -306.635315 -12.075298 291.317261
v -306.635315 46.217701 301.915619
v -233.483307 82.793709 308.567963
v -270.059296 82.793709 308.567963
v -306.635315 -12.075298 213.801849
v -306.635315 46.217701 213.801849
v -270.059296 82.793709 213.801849
v -233.483307 82.793709 213.801849
v -233.483307 -12.075298 213.801849
v -233.483307 46.217701 213.801849
v -306.635315 -136.662292 -5.654182
v -306.635315 -136.662292 -60.803947
v -306.635315 -136.662292 268.665833
v -306.635315 -136.662292 213.801849
v -233.483307 -136.662292 213.801849
v -233.483307 -136.662292 -5.654182
v -233.483307 -136.662292 268.665833
s 0
f 13415 13419 13414
f 13421 13416 13417
f 13419 13416 13420
f 13422 13417 13423
f 13414 13430 13426
f 13426 13431 13425
f 13431 13424 13425
f 13420 13432 13433
f 13436 13432 13435
f 13434 13428 13438
f 13419 13433 13436
f 13430 13437 13438
f 13431 13428 13429
f 13432 13422 13439
f 13440 13427 13434
f 13445 13443 13442
f 13448 13444 13447
f 13448 13450 13449
f 13453 13451 13454
f 13453 13449 13450
f 13451 13455 13454
f 13448 13457 13458
f 13456 13459 13455
f 13459 13457 13455
f 13443 13460 13442
f 13458 13443 13448
f 13455 13449 13454
f 13463 13468 13467
f 13470 13466 13465
f 13471 13468 13472
f 13472 13469 13470
f 13461 13470 13465
f 13462 13472 13461
f 13464 13469 13468
f 13452 13473 13456
f 13467 13475 13463
f 13477 13467 13471
f 13473 13460 13456
f 13442 13478 13446
f 13479 13471 13462
f 13415 13418 13419
f 13417 13422 13421
f 13421 13420 13416
f 13419 13418 13416
f 13414 13419 13430
f 13426 13430 13431
f 13431 13429 13424
f 13420 13421 13432
f 13434 13437 13436
f 13436 13433 13432
f 13435 13434 13436
f 13438 13437 13434
f 13434 13427 13428
f 13436 13430 13419
f 13419 13420 13433
f 13438 13431 13430
f 13430 13436 13437
f 13431 13438 13428
f 13440 13435 13432
f 13432 13421 13422
f 13422 13423 13439
f 13439 13440 13432
f 13434 13435 13440
f 13440 13441 13427
f 13442 13446 13445
f 13445 13444 13443
f 13448 13443 13444
f 13448 13447 13450
f 13453 13452 13451
f 13453 13454 13449
f 13451 13456 13455
f 13448 13449 13457
f 13456 13460 13459
f 13459 13458 13457
f 13443 13459 13460
f 13458 13459 13443
f 13455 13457 13449
f 13463 13464 13468
f 13470 13469 13466
f 13471 13467 13468
f 13472 13468 13469
f 13461 13472 13470
f 13462 13471 13472
f 13464 13466 13469
f 13456 13451 13452
f 13452 13474 13473
f 13467 13476 13475
f 13477 13476 13467
f 13473 13478 13460
f 13442 13460 13478
f 13479 13477 13471
o de_nuke_world_geometry.075
v 1522.164673 -136.662292 1292.793823
v 1449.012695 -136.662292 1292.793823
v 1522.164673 -136.662292 1365.945801
v 1449.012695 -136.662292 1365.945801
v 1522.164673 -63.510311 1292.793823
v 1522.164673 -63.510311 1365.945801
v 1449.012695 -63.510311 1292.793823
v 1449.012695 -63.510311 1365.945801
s 0
f 13482 13484 13485
f 13480 13486 13484
f 13481 13487 13486
f 13482 13480 13484
f 13480 13481 13486
f 13481 13483 13487
o de_nuke_world_geometry.076
v 1567.884766 -465.846313 2143.185791
v 1567.884766 -465.846313 2152.329590
v 1476.444702 -465.846313 2152.329590
v 1476.444702 -465.846313 2143.185791
v 1567.884766 -319.542297 2152.329590
v 1567.884766 -319.542297 2143.185791
v 1476.444702 -319.542297 2143.185791
v 1476.444702 -319.542297 2152.329590
v 1476.444702 -447.558319 2143.185791
v 1567.884766 -447.558319 2143.185791
v -459.797333 31.358692 149.793777
v -462.083282 31.358692 147.507812
v -459.797333 31.358692 145.221863
v -457.511353 31.358692 147.507812
v -3040.691406 -72.654312 168.081787
v -3040.691406 -200.670303 168.081787
v -3040.691406 -200.670303 332.673798
v -3040.691406 -72.654312 332.673798
v -2876.099365 -200.670303 168.081787
v -2876.099365 -72.654312 168.081787
v -2876.099365 -72.654312 332.673798
v -2876.099365 -200.670303 332.673798
s 0
f 13490 13488 13491
f 13494 13492 13495
f 13495 13491 13496
f 13497 13489 13492
f 13492 13490 13495
f 13500 13498 13501
f 13504 13502 13505
f 13502 13506 13507
f 13506 13508 13507
f 13508 13504 13505
f 13507 13505 13502
f 13509 13503 13504
f 13490 13489 13488
f 13494 13493 13492
f 13496 13494 13495
f 13495 13490 13491
f 13492 13493 13497
f 13497 13488 13489
f 13492 13489 13490
f 13500 13499 13498
f 13504 13503 13502
f 13502 13503 13506
f 13506 13509 13508
f 13508 13509 13504
f 13507 13508 13505
f 13509 13506 13503
o de_nuke_world_geometry.077
v 1567.884766 -465.846313 2143.185791
v 1476.444702 -465.846313 2143.185791
v 1567.884766 -319.542297 2143.185791
v 1476.444702 -319.542297 2143.185791
v 1476.444702 -447.558319 2143.185791
v 1567.884766 -447.558319 2143.185791
s 0
f 13511 13515 13514
f 13514 13512 13513
f 13511 13510 13515
f 13514 13515 13512
o de_nuke_world_geometry.078
v 571.188660 -100.086288 -700.598145
v 571.188660 -136.662292 -700.598145
v 516.324646 -136.662292 -700.598145
v 516.324646 -100.086288 -700.598145
v 571.188660 -136.662292 -755.462158
v 516.324646 -136.662292 -755.462158
v 516.324646 -100.086288 -755.462158
v 571.188660 -100.086288 -755.462158
s 0
f 13518 13516 13519
f 13520 13522 13523
f 13518 13517 13516
f 13520 13521 13522
o de_nuke_world_geometry.079
v 534.612610 7.355711 -732.602173
v 533.469666 7.355711 -732.602173
v 533.469666 7.355711 -733.745178
v 534.612610 7.355711 -733.745178
v 554.043640 7.355711 -732.602173
v 552.900635 7.355711 -732.602173
v 552.900635 7.355711 -733.745178
v 554.043640 7.355711 -733.745178
v 535.755676 -63.510311 -734.888184
v 551.757629 -63.510311 -734.888184
v 551.757629 -63.510311 -731.459229
v 535.755676 -63.510311 -731.459229
v 555.186646 -63.510311 -734.888184
v 562.044678 -63.510311 -734.888184
v 562.044678 -63.510311 -731.459229
v 555.186646 -63.510311 -731.459229
v 525.468689 -63.510311 -731.459229
v 525.468689 -63.510311 -734.888184
v 532.326660 -63.510311 -734.888184
v 532.326660 -63.510311 -731.459229
v 525.468689 -63.510311 -746.318237
v 562.044678 -63.510311 -746.318237
v 562.044678 -63.510311 -718.886169
v 525.468689 -63.510311 -718.886169
v 535.755676 -50.937286 -731.459229
v 535.755676 -50.937286 -732.602173
v 535.755676 -50.937286 -733.745178
v 535.755676 -50.937286 -734.888184
v 554.043640 -50.937286 -733.745178
v 555.186646 -50.937286 -733.745178
v 555.186646 -50.937286 -732.602173
v 554.043640 -50.937286 -732.602173
v 551.757629 -50.937286 -732.602173
v 551.757629 -50.937286 -733.745178
v 552.900635 -50.937286 -733.745178
v 552.900635 -50.937286 -732.602173
v 551.757629 -50.937286 -734.888184
v 555.186646 -50.937286 -734.888184
v 555.186646 -50.937286 -731.459229
v 551.757629 -50.937286 -731.459229
v 534.612610 -50.937286 -733.745178
v 534.612610 -50.937286 -732.602173
v 532.326660 -50.937286 -732.602173
v 532.326660 -50.937286 -733.745178
v 533.469666 -50.937286 -733.745178
v 533.469666 -50.937286 -732.602173
v 532.326660 -50.937286 -734.888184
v 532.326660 -50.937286 -731.459229
v 525.468689 -100.086288 -718.886169
v 562.044678 -100.086288 -718.886169
v 562.044678 -100.086288 -737.174133
v 525.468689 -100.086288 -737.174133
v 562.044678 -100.086288 -746.318237
v 525.468689 -100.086288 -746.318237
s 0
f 13526 13524 13527
f 13530 13528 13531
f 13534 13532 13535
f 13538 13536 13539
f 13542 13540 13543
f 13545 13532 13533
f 13535 13543 13546
f 13549 13535 13532
f 13554 13552 13555
f 13558 13556 13559
f 13561 13557 13558
f 13559 13563 13562
f 13529 13555 13528
f 13530 13559 13529
f 13531 13558 13530
f 13528 13552 13531
f 13563 13539 13562
f 13554 13539 13536
f 13561 13533 13560
f 13557 13533 13534
f 13549 13564 13565
f 13568 13566 13569
f 13551 13567 13568
f 13569 13571 13548
f 13525 13565 13524
f 13526 13569 13525
f 13527 13568 13526
f 13524 13564 13527
f 13571 13535 13548
f 13567 13542 13543
f 13551 13542 13570
f 13541 13575 13572
f 13538 13574 13576
f 13526 13525 13524
f 13530 13529 13528
f 13534 13533 13532
f 13538 13537 13536
f 13542 13541 13540
f 13536 13537 13545
f 13545 13544 13541
f 13545 13541 13542
f 13533 13536 13545
f 13545 13542 13532
f 13546 13538 13539
f 13546 13539 13534
f 13540 13547 13546
f 13543 13540 13546
f 13546 13534 13535
f 13532 13551 13550
f 13549 13548 13535
f 13532 13550 13549
f 13554 13553 13552
f 13558 13557 13556
f 13552 13553 13561
f 13561 13560 13557
f 13558 13552 13561
f 13562 13554 13555
f 13559 13556 13563
f 13562 13555 13559
f 13529 13559 13555
f 13530 13558 13559
f 13531 13552 13558
f 13528 13555 13552
f 13563 13534 13539
f 13536 13561 13553
f 13554 13562 13539
f 13536 13553 13554
f 13561 13536 13533
f 13534 13563 13556
f 13557 13560 13533
f 13534 13556 13557
f 13549 13550 13564
f 13568 13567 13566
f 13564 13550 13551
f 13551 13570 13567
f 13568 13564 13551
f 13548 13549 13565
f 13569 13566 13571
f 13548 13565 13569
f 13525 13569 13565
f 13526 13568 13569
f 13527 13564 13568
f 13524 13565 13564
f 13571 13543 13535
f 13543 13571 13566
f 13567 13570 13542
f 13543 13566 13567
f 13551 13532 13542
f 13572 13547 13540
f 13541 13544 13577
f 13572 13540 13541
f 13541 13577 13575
f 13576 13545 13537
f 13538 13546 13573
f 13576 13537 13538
f 13538 13573 13574
o de_nuke_world_geometry.080
v 571.188660 -100.086288 -700.598145
v 571.188660 -136.662292 -700.598145
v 571.188660 -136.662292 -755.462158
v 571.188660 -136.662292 -718.886169
v 571.188660 -136.662292 -737.174133
v 571.188660 -100.086288 -755.462158
v 571.188660 -100.086288 -746.318237
v 571.188660 -100.086288 -737.174133
v 571.188660 -100.086288 -718.886169
s 0
f 13582 13583 13584
f 13581 13585 13586
f 13579 13586 13578
f 13584 13585 13582
f 13582 13580 13583
f 13581 13582 13585
f 13579 13581 13586
o de_nuke_world_geometry.081
v 571.188660 -100.086288 -700.598145
v 516.324646 -100.086288 -700.598145
v 516.324646 -100.086288 -755.462158
v 571.188660 -100.086288 -755.462158
v 571.188660 -100.086288 -746.318237
v 571.188660 -100.086288 -737.174133
v 571.188660 -100.086288 -718.886169
v 516.324646 -100.086288 -718.886169
v 525.468689 -100.086288 -718.886169
v 562.044678 -100.086288 -718.886169
v 562.044678 -100.086288 -737.174133
v 516.324646 -100.086288 -737.174133
v 525.468689 -100.086288 -737.174133
v 562.044678 -100.086288 -746.318237
v 525.468689 -100.086288 -746.318237
v 516.324646 -100.086288 -746.318237
s 0
f 13596 13595 13588
f 13593 13597 13596
f 13599 13594 13595
f 13590 13602 13601
f 13601 13598 13599
f 13592 13600 13597
f 13588 13587 13593
f 13588 13593 13596
f 13595 13594 13588
f 13593 13592 13597
f 13599 13598 13594
f 13600 13591 13590
f 13590 13589 13602
f 13601 13600 13590
f 13601 13602 13598
f 13592 13591 13600
o de_nuke_world_geometry.082
v 562.044678 -63.510311 -718.886169
v 525.468689 -63.510311 -718.886169
v 525.468689 -100.086288 -718.886169
v 562.044678 -100.086288 -718.886169
s 0
f 13604 13606 13603
f 13604 13605 13606
o de_nuke_world_geometry.083
v 525.468689 -63.510311 -746.318237
v 562.044678 -63.510311 -746.318237
v 562.044678 -100.086288 -746.318237
v 525.468689 -100.086288 -746.318237
v 607.764648 -92.085289 -769.178162
v 607.764648 -92.085289 -741.746155
v 607.764648 -92.085289 -709.742188
v 607.764648 -96.657295 -709.742188
v 607.764648 -96.657295 -717.788879
v 607.764648 -96.657295 -727.344360
v 607.764648 -96.657295 -741.746155
v 607.764648 -96.657295 -763.646057
v 607.764648 -96.657295 -773.281494
v 607.764648 -96.657295 -782.894226
v 607.764648 -92.085289 -782.894226
v 744.924683 -96.657295 -773.281494
v 744.924683 -96.657295 -763.646057
v 744.924683 -96.657295 -755.462158
v 744.924683 -96.657295 -717.788879
v 744.924683 -96.657295 -709.742188
v 744.924683 -92.085289 -709.742188
v 744.924683 -92.085289 -755.462158
v 744.924683 -92.085289 -764.606201
v 744.924683 -92.085289 -769.178162
v 744.924683 -92.085289 -782.894226
v 744.924683 -96.657295 -782.894226
v 626.349854 -96.657295 -717.788879
v 616.474304 -96.657295 -717.788879
v 644.340637 -96.657295 -709.742188
v 644.340637 -96.657295 -717.788879
v 644.340637 -96.657295 -741.746155
v 626.349854 -96.657295 -741.746155
v 616.474304 -96.657295 -727.344360
v 626.349854 -96.657295 -727.344360
v 644.340637 -96.657295 -727.344360
v 667.200684 -96.657295 -709.742188
v 667.200684 -96.657295 -741.746155
v 626.349854 -96.657295 -769.178162
v 626.349854 -96.657295 -763.646057
v 667.200684 -96.657295 -764.606201
v 667.200684 -96.657295 -769.178162
v 616.474304 -96.657295 -763.646057
v 616.474304 -96.657295 -773.281494
v 685.488708 -96.657295 -709.742188
v 685.488708 -96.657295 -755.462158
v 685.488708 -96.657295 -763.646057
v 685.488708 -96.657295 -764.606201
v 708.348633 -96.657295 -709.742188
v 708.348633 -96.657295 -717.788879
v 708.348633 -96.657295 -755.462158
v 735.369202 -96.657295 -717.788879
v 726.625183 -96.657295 -717.788879
v 726.625183 -96.657295 -727.344360
v 726.625183 -96.657295 -755.462158
v 735.369202 -96.657295 -755.462158
v 735.369202 -96.657295 -727.344360
v 735.369202 -96.657295 -763.646057
v 726.625183 -96.657295 -763.646057
v 735.369202 -96.657295 -773.281494
v 726.625183 -96.657295 -764.606201
v 726.625183 -96.657295 -769.178162
v 726.625183 -96.657295 -773.281494
v 626.349854 -96.657295 -773.281494
v 644.340637 -92.085289 -709.742188
v 662.628662 -92.085289 -709.742188
v 667.200684 -92.085289 -709.742188
v 685.488708 -92.085289 -709.742188
v 690.060669 -92.085289 -709.742188
v 708.348633 -92.085289 -709.742188
v 667.200684 -92.085289 -769.178162
v 648.912659 -92.085289 -769.178162
v 667.200684 -92.085289 -741.746155
v 667.200684 -92.085289 -737.174133
v 667.200684 -92.085289 -764.606201
v 685.488708 -92.085289 -764.606201
v 685.488708 -92.085289 -755.462158
v 685.488708 -92.085289 -737.174133
v 708.348633 -92.085289 -755.462158
v 690.060669 -92.085289 -755.462158
v 708.348633 -92.085289 -728.030212
v 690.060669 -92.085289 -728.030212
v 662.628662 -92.085289 -741.746155
v 648.912659 -92.085289 -741.746155
v 644.340637 -92.085289 -741.746155
v 644.340637 -92.085289 -714.314148
v 662.628662 -92.085289 -714.314148
v 729.128357 -136.662292 -724.841187
v 729.128357 -136.662292 -720.292053
v 732.866028 -136.662292 -720.292053
v 732.866028 -136.662292 -724.841187
v 623.858093 -136.662292 -724.841187
v 618.966064 -136.662292 -724.841187
v 618.966064 -136.662292 -720.292053
v 623.858093 -136.662292 -720.292053
v 618.966064 -136.662292 -766.149231
v 623.858093 -136.662292 -766.149231
v 623.858093 -136.662292 -770.778320
v 618.966064 -136.662292 -770.778320
v 732.866028 -136.662292 -770.778320
v 729.128357 -136.662292 -770.778320
v 729.128357 -136.662292 -766.149231
v 732.866028 -136.662292 -766.149231
v 548.328674 -90.942314 -545.150208
v 575.760681 -90.942314 -545.150208
v 580.332642 -90.942314 -545.150208
v 580.332642 -95.514313 -545.150208
v 575.760681 -95.514313 -545.150208
v 562.044678 -95.514313 -545.150208
v 548.328674 -95.514313 -545.150208
v 516.598938 -95.514313 -545.150208
v 507.180725 -95.514313 -545.150208
v 507.180725 -90.942314 -545.150208
v 516.598938 -95.514313 -664.022217
v 575.760681 -95.514313 -664.022217
v 580.332642 -95.514313 -664.022217
v 580.332642 -90.942314 -664.022217
v 575.760681 -90.942314 -664.022217
v 562.673340 -90.942314 -664.022217
v 534.018311 -90.942314 -664.022217
v 507.180725 -90.942314 -664.022217
v 507.180725 -95.514313 -664.022217
v 575.760681 -90.942314 -572.582214
v 575.760681 -90.942314 -554.294189
v 575.760681 -95.514313 -654.832397
v 575.760681 -95.514313 -645.231262
v 575.760681 -95.514313 -563.038086
v 575.760681 -95.514313 -553.436890
v 575.760681 -90.942314 -577.154175
v 575.760681 -90.942314 -595.442139
v 575.760681 -90.942314 -600.014160
v 575.760681 -90.942314 -618.302185
v 516.598938 -95.514313 -553.436890
v 516.598938 -95.514313 -563.038086
v 516.598938 -95.514313 -645.231262
v 516.598938 -95.514313 -654.832397
v 507.180725 -95.514313 -558.866150
v 571.200073 -95.514313 -645.231262
v 562.044678 -95.514313 -645.231262
v 525.628662 -95.514313 -645.231262
v 525.342896 -95.514313 -563.038086
v 562.044678 -95.514313 -563.038086
v 571.200073 -95.514313 -563.038086
v 525.342896 -95.514313 -558.866150
v 548.328674 -95.514313 -558.866150
v 562.044678 -95.514313 -558.866150
v 571.200073 -95.514313 -553.436890
v 525.628662 -95.514313 -654.832397
v 562.044678 -95.514313 -654.832397
v 571.200073 -95.514313 -654.832397
v 562.044678 -95.514313 -553.436890
v 548.328674 -95.514313 -553.436890
v 525.342896 -95.514313 -553.436890
v 507.180725 -90.942314 -618.302185
v 507.180725 -90.942314 -600.014160
v 507.180725 -90.942314 -595.442139
v 507.180725 -90.942314 -577.154175
v 507.180725 -90.942314 -558.866150
v 552.900635 -90.942314 -600.014160
v 525.468689 -90.942314 -600.014160
v 525.468689 -90.942314 -618.302185
v 542.590759 -90.942314 -618.302185
v 552.900635 -90.942314 -618.302185
v 564.604980 -90.942314 -648.568848
v 568.388306 -90.942314 -618.302185
v 537.847351 -90.942314 -643.562500
v 566.845276 -90.942314 -630.703735
v 541.219177 -90.942314 -625.583069
v 520.896667 -90.942314 -577.154175
v 534.612610 -90.942314 -577.154175
v 562.044678 -90.942314 -577.154175
v 548.328674 -90.942314 -577.154175
v 534.612610 -90.942314 -595.442139
v 562.044678 -90.942314 -595.442139
v 548.328674 -90.942314 -572.582214
v 548.328674 -90.942314 -558.866150
v 548.328674 -90.942314 -554.294189
v 520.896667 -90.942314 -558.866150
v 523.342651 -136.662292 -652.260681
v 519.170776 -136.662292 -652.260681
v 519.170776 -136.662292 -647.802979
v 523.342651 -136.662292 -647.802979
v 568.708374 -135.519318 -652.329224
v 564.547852 -135.519318 -652.329224
v 564.547852 -135.519318 -647.734436
v 568.708374 -135.519318 -647.734436
v 564.547852 -135.519318 -560.534912
v 564.547852 -135.519318 -555.940125
v 568.708374 -135.519318 -555.940125
v 568.708374 -135.519318 -560.534912
v 519.102112 -135.519318 -560.534912
v 522.839783 -135.519318 -560.534912
v 519.102112 -135.519318 -555.940125
v 522.839783 -135.519318 -555.940125
s 0
f 13608 13610 13607
f 13617 13616 13612
f 13628 13625 13624
f 13631 13620 13621
f 13635 13615 13634
f 13639 13638 13637
f 13634 13616 13639
f 13641 13633 13640
f 13642 13636 13641
f 13646 13637 13645
f 13638 13618 13648
f 13649 13618 13619
f 13651 13650 13643
f 13655 13650 13651
f 13626 13655 13658
f 13655 13660 13659
f 13657 13662 13624
f 13659 13661 13662
f 13660 13656 13664
f 13622 13663 13665
f 13652 13666 13664
f 13653 13647 13667
f 13668 13647 13644
f 13669 13649 13632
f 13671 13670 13635
f 13621 13677 13676
f 13676 13681 13629
f 13681 13685 13684
f 13684 13686 13627
f 13687 13675 13686
f 13683 13674 13687
f 13679 13673 13683
f 13611 13690 13689
f 13692 13672 13679
f 13691 13671 13692
f 13612 13670 13691
f 13695 13693 13696
f 13699 13697 13700
f 13703 13701 13704
f 13707 13705 13708
f 13659 13694 13658
f 13706 13664 13666
f 13699 13633 13634
f 13701 13645 13648
f 13697 13639 13640
f 13698 13634 13639
f 13633 13697 13640
f 13702 13669 13644
f 13669 13704 13649
f 13704 13648 13649
f 13694 13657 13658
f 13695 13662 13657
f 13708 13665 13663
f 13696 13659 13662
f 13707 13663 13664
f 13705 13668 13665
f 13714 13713 13710
f 13724 13723 13720
f 13732 13731 13721
f 13735 13734 13711
f 13711 13721 13722
f 13742 13741 13740
f 13747 13746 13745
f 13747 13750 13749
f 13752 13732 13733
f 13753 13741 13720
f 13730 13743 13755
f 13754 13745 13753
f 13757 13751 13756
f 13713 13756 13752
f 13715 13738 13758
f 13758 13750 13757
f 13763 13717 13718
f 13737 13724 13769
f 13725 13759 13766
f 13771 13724 13725
f 13767 13768 13772
f 13736 13770 13768
f 13766 13760 13765
f 13764 13765 13778
f 13734 13779 13776
f 13778 13762 13774
f 13734 13776 13780
f 13782 13710 13729
f 13762 13783 13774
f 13783 13718 13782
f 13787 13753 13745
f 13790 13788 13791
f 13794 13792 13795
f 13755 13789 13754
f 13789 13744 13754
f 13792 13756 13751
f 13790 13743 13744
f 13794 13748 13752
f 13793 13752 13756
f 13748 13792 13747
f 13791 13755 13743
f 13797 13739 13746
f 13753 13785 13741
f 13785 13740 13741
f 13786 13745 13740
f 13798 13797 13799
f 13798 13758 13738
f 13739 13798 13738
f 13799 13746 13749
f 13608 13609 13610
f 13611 13621 13620
f 13611 13620 13619
f 13614 13613 13612
f 13612 13611 13619
f 13612 13619 13618
f 13615 13614 13612
f 13616 13615 13612
f 13612 13618 13617
f 13622 13632 13631
f 13622 13631 13630
f 13623 13622 13630
f 13623 13630 13629
f 13624 13623 13629
f 13628 13627 13626
f 13624 13629 13628
f 13628 13626 13625
f 13631 13632 13620
f 13633 13636 13635
f 13635 13614 13615
f 13634 13633 13635
f 13637 13641 13640
f 13639 13616 13617
f 13637 13640 13639
f 13639 13617 13638
f 13634 13615 13616
f 13641 13636 13633
f 13637 13643 13642
f 13642 13635 13636
f 13641 13637 13642
f 13644 13647 13646
f 13646 13643 13637
f 13637 13638 13645
f 13645 13644 13646
f 13648 13645 13638
f 13638 13617 13618
f 13649 13648 13618
f 13643 13646 13653
f 13643 13653 13652
f 13650 13642 13643
f 13643 13652 13651
f 13651 13656 13655
f 13655 13654 13650
f 13657 13625 13626
f 13626 13654 13655
f 13658 13657 13626
f 13659 13658 13655
f 13655 13656 13660
f 13624 13625 13657
f 13662 13661 13624
f 13659 13660 13661
f 13663 13623 13624
f 13663 13624 13661
f 13651 13652 13664
f 13664 13663 13661
f 13664 13661 13660
f 13656 13651 13664
f 13622 13623 13663
f 13652 13653 13666
f 13667 13666 13653
f 13653 13646 13647
f 13644 13669 13668
f 13668 13667 13647
f 13632 13622 13665
f 13632 13665 13668
f 13619 13620 13632
f 13649 13619 13632
f 13632 13668 13669
f 13654 13626 13627
f 13654 13627 13675
f 13650 13654 13675
f 13650 13675 13674
f 13642 13650 13674
f 13642 13674 13673
f 13613 13614 13635
f 13635 13642 13673
f 13635 13673 13672
f 13670 13613 13635
f 13635 13672 13671
f 13630 13631 13621
f 13621 13611 13677
f 13676 13630 13621
f 13629 13630 13676
f 13676 13680 13681
f 13628 13629 13681
f 13681 13682 13685
f 13684 13628 13681
f 13627 13628 13684
f 13686 13675 13627
f 13687 13674 13675
f 13687 13685 13682
f 13683 13673 13674
f 13687 13682 13683
f 13679 13672 13673
f 13689 13677 13611
f 13611 13612 13690
f 13679 13678 13688
f 13692 13671 13672
f 13679 13688 13692
f 13691 13670 13671
f 13691 13690 13612
f 13612 13613 13670
f 13695 13694 13693
f 13699 13698 13697
f 13703 13702 13701
f 13707 13706 13705
f 13659 13693 13694
f 13667 13668 13706
f 13706 13707 13664
f 13666 13667 13706
f 13699 13700 13633
f 13701 13702 13645
f 13697 13698 13639
f 13698 13699 13634
f 13633 13700 13697
f 13644 13645 13702
f 13702 13703 13669
f 13669 13703 13704
f 13704 13701 13648
f 13694 13695 13657
f 13695 13696 13662
f 13708 13705 13665
f 13696 13693 13659
f 13707 13708 13663
f 13705 13706 13668
f 13709 13718 13717
f 13709 13717 13716
f 13712 13711 13710
f 13710 13709 13716
f 13710 13716 13715
f 13713 13712 13710
f 13710 13715 13714
f 13719 13727 13726
f 13719 13726 13725
f 13722 13721 13720
f 13720 13719 13725
f 13720 13725 13724
f 13723 13722 13720
f 13721 13712 13713
f 13721 13713 13733
f 13730 13720 13721
f 13731 13730 13721
f 13721 13733 13732
f 13711 13722 13723
f 13711 13723 13737
f 13729 13710 13711
f 13728 13729 13711
f 13711 13737 13736
f 13711 13736 13735
f 13734 13728 13711
f 13711 13712 13721
f 13738 13716 13717
f 13742 13727 13719
f 13738 13717 13742
f 13739 13738 13742
f 13742 13719 13741
f 13740 13739 13742
f 13743 13731 13732
f 13743 13732 13748
f 13744 13743 13748
f 13744 13748 13747
f 13739 13740 13745
f 13745 13744 13747
f 13746 13739 13745
f 13749 13746 13747
f 13747 13751 13750
f 13752 13748 13732
f 13720 13730 13755
f 13720 13755 13754
f 13741 13719 13720
f 13720 13754 13753
f 13730 13731 13743
f 13754 13744 13745
f 13756 13714 13715
f 13757 13750 13751
f 13756 13715 13757
f 13752 13733 13713
f 13713 13714 13756
f 13758 13757 13715
f 13715 13716 13738
f 13758 13749 13750
f 13763 13742 13717
f 13769 13770 13737
f 13737 13723 13724
f 13766 13767 13725
f 13725 13726 13759
f 13771 13769 13724
f 13772 13773 13767
f 13768 13770 13772
f 13768 13764 13736
f 13736 13737 13770
f 13766 13759 13760
f 13779 13735 13736
f 13779 13736 13764
f 13760 13761 13778
f 13778 13779 13764
f 13765 13760 13778
f 13734 13735 13779
f 13774 13775 13778
f 13778 13761 13762
f 13780 13728 13734
f 13776 13777 13780
f 13782 13709 13710
f 13762 13763 13783
f 13782 13781 13783
f 13783 13763 13718
f 13718 13709 13782
f 13787 13784 13753
f 13790 13789 13788
f 13794 13793 13792
f 13755 13788 13789
f 13789 13790 13744
f 13751 13747 13792
f 13792 13793 13756
f 13790 13791 13743
f 13794 13795 13748
f 13793 13794 13752
f 13748 13795 13792
f 13791 13788 13755
f 13797 13796 13739
f 13753 13784 13785
f 13785 13786 13740
f 13786 13787 13745
f 13798 13796 13797
f 13798 13799 13758
f 13739 13796 13798
f 13749 13758 13799
f 13799 13797 13746
o de_nuke_world_geometry.084
v 516.324646 -136.662292 -700.598145
v 516.324646 -100.086288 -700.598145
v 516.324646 -136.662292 -755.462158
v 516.324646 -136.662292 -737.174133
v 516.324646 -136.662292 -718.886169
v 516.324646 -100.086288 -755.462158
v 516.324646 -100.086288 -718.886169
v 516.324646 -100.086288 -737.174133
v 516.324646 -100.086288 -746.318237
s 0
f 13802 13807 13808
f 13803 13806 13807
f 13804 13801 13806
f 13808 13805 13802
f 13802 13803 13807
f 13803 13804 13806
f 13804 13800 13801
o de_nuke_world_geometry.085
v -658.679382 -112.230675 261.807861
v -658.679382 -116.625519 261.807861
v -658.679382 -124.089294 214.556244
v -658.679382 -124.089294 193.707962
v -658.679382 -119.322777 163.509857
v -658.679382 -116.796951 147.507812
v -658.679382 -98.943306 147.507812
v -658.679382 -98.943306 163.509857
v -658.679382 -98.943306 261.807861
v -354.641327 -90.942314 160.080872
v -354.641327 -90.942314 250.377838
v -354.641327 -108.624519 261.807861
v -354.641327 -110.430428 250.377838
v -354.641327 -98.943306 250.377838
v -354.641327 -98.177467 250.377838
v -354.641327 -90.942314 261.807861
v -354.641327 -98.177467 160.080872
v -354.641327 -98.943306 160.080872
v -354.641327 -110.773354 160.080872
v -354.641327 -108.795952 147.507812
v -354.641327 -90.942314 147.507812
v -354.641327 -116.088303 214.556244
v -354.641327 -116.088303 193.707962
v -343.211334 -90.942314 261.807861
v -343.211334 -90.942314 147.507812
v -343.211334 -108.624519 261.807861
v -343.211334 -108.795952 147.507812
v -343.211334 -116.088303 193.707962
v -343.211334 -116.088303 214.556244
v -649.535339 -98.943306 147.507812
v -644.963318 -98.943306 147.507812
v -644.963318 -98.943306 163.509857
v -649.535339 -98.943306 163.509857
v -644.963318 -116.796951 147.507812
v -644.963318 -119.322777 163.509857
v -644.963318 -117.374191 163.509857
v -649.535339 -115.659660 261.807861
v -646.959839 -116.625519 261.807861
v -644.963318 -124.089294 193.707962
v -644.963318 -124.089294 214.556244
v -644.963318 -117.374191 257.068054
v -644.963318 -117.374191 245.805817
v -649.535339 -98.943306 261.807861
v -644.963318 -98.943306 245.805817
v -644.963318 -98.943306 261.807861
v -644.963318 -116.625519 261.807861
s 0
f 13816 13812 13810
f 13823 13822 13820
f 13829 13827 13826
f 13826 13831 13821
f 13818 13819 13832
f 13824 13834 13832
f 13833 13828 13829
f 13832 13837 13835
f 13830 13836 13837
f 13831 13835 13836
f 13820 13837 13834
f 13838 13816 13841
f 13840 13844 13842
f 13838 13842 13814
f 13813 13842 13843
f 13810 13845 13809
f 13850 13848 13843
f 13811 13847 13848
f 13847 13813 13843
f 13846 13811 13848
f 13844 13852 13850
f 13852 13854 13849
f 13851 13846 13854
f 13849 13854 13846
f 13851 13809 13845
f 13816 13851 13841
f 13809 13817 13816
f 13816 13815 13814
f 13814 13813 13812
f 13812 13811 13810
f 13810 13809 13816
f 13816 13814 13812
f 13820 13824 13819
f 13820 13819 13823
f 13822 13821 13820
f 13825 13818 13829
f 13829 13828 13827
f 13826 13825 13829
f 13821 13822 13826
f 13826 13827 13831
f 13831 13830 13821
f 13832 13833 13829
f 13832 13829 13818
f 13819 13824 13832
f 13824 13820 13834
f 13833 13835 13828
f 13835 13833 13832
f 13832 13834 13837
f 13837 13836 13835
f 13830 13831 13836
f 13831 13828 13835
f 13820 13830 13837
f 13838 13815 13816
f 13842 13839 13840
f 13844 13843 13842
f 13814 13815 13838
f 13838 13839 13842
f 13813 13814 13842
f 13810 13846 13845
f 13843 13844 13850
f 13850 13849 13848
f 13848 13847 13843
f 13811 13812 13847
f 13847 13812 13813
f 13848 13849 13846
f 13846 13810 13811
f 13844 13840 13852
f 13849 13850 13852
f 13852 13853 13854
f 13854 13853 13851
f 13851 13845 13846
f 13851 13817 13809
f 13816 13817 13851
o de_nuke_world_geometry.086
v 991.812683 -136.662292 -42.230186
v 991.812683 -136.662292 -23.942184
v 991.812683 -136.662292 -5.654182
v 991.812683 -136.662292 12.633820
v 991.812683 -109.230286 12.633820
v 991.812683 -127.518288 -23.942184
v 991.812683 -127.518288 -42.230186
v 991.812683 -118.374290 -5.654182
v 991.812683 -118.374290 -23.942184
v 991.812683 -109.230286 -5.654182
s 0
f 13855 13860 13861
f 13860 13857 13862
f 13862 13858 13859
f 13855 13856 13860
f 13862 13863 13860
f 13860 13856 13857
f 13859 13864 13862
f 13862 13857 13858
o de_nuke_world_geometry.087
v -649.535339 -12.075298 145.221863
v -649.535339 -12.075298 264.093811
v -468.941376 -12.075298 264.093811
v -468.941376 -12.075298 145.221863
v -649.535339 -12.075298 140.649841
v -468.941376 -12.075298 140.649841
v -464.369354 -12.075298 140.649841
v -464.369354 -7.503298 140.649841
v -649.535339 -7.503298 140.649841
v -464.369354 -12.075298 144.078827
v -464.369354 -7.137545 144.078827
v -464.369354 -6.028812 154.365814
v -464.369354 -6.520336 149.793777
v -464.369354 -7.503298 149.793777
v -464.369354 -7.503298 152.079849
v -464.369354 -7.503298 257.235840
v -464.369354 -7.503298 268.665833
v -464.369354 -0.645311 204.657776
v -464.369354 -12.075298 149.793777
v -464.369354 -12.075298 152.079849
v -464.369354 -12.075298 257.235840
v -464.369354 -12.075298 268.665833
v -418.649292 -12.075298 152.079849
v -418.649292 -12.075298 257.235840
v -649.535339 -12.075298 268.665833
v -649.535339 -7.503298 268.665833
v -649.535339 -0.645311 204.657776
v -468.941376 -62.367302 140.649841
v -649.535339 -62.367302 140.649841
v -464.369354 -62.367302 140.649841
v -464.369354 -62.367302 257.235840
v -464.369354 -62.367302 268.665833
v -464.369354 -46.365288 268.665833
v -464.369354 -46.365288 257.235840
v -464.369354 -62.367302 149.793777
v -464.369354 -62.367302 152.079849
v -464.369354 -46.365288 152.079849
v -464.369354 -46.365288 149.793777
v -464.369354 -62.367302 144.078827
v -464.369354 -14.361313 152.079849
v -464.369354 -14.361313 149.793777
v -464.369354 -46.365288 154.365814
v -464.369354 -37.221287 154.365814
v -464.369354 -14.361313 154.365814
v -464.369354 -37.221287 268.665833
v -464.369354 -37.221287 252.663803
v -464.369354 -46.365288 252.663803
v -464.369354 -37.221287 156.651886
v -464.369354 -46.365288 156.651886
v -464.369354 -14.361313 268.665833
v -464.369354 -14.361313 257.235840
v -418.649292 -14.361313 152.079849
v -418.649292 -14.361313 257.235840
v -430.479401 -14.361313 152.079849
v -425.655914 -14.361313 152.079849
v -423.621399 -46.365288 152.079849
v -418.797943 -46.365288 152.079849
v -425.655914 -14.361313 257.235840
v -430.479401 -14.361313 257.235840
v -418.797943 -46.365288 257.235840
v -423.621399 -46.365288 257.235840
v -425.655914 -14.361313 156.651886
v -425.655914 -14.361313 252.663803
v -430.479401 -14.361313 252.663803
v -430.479401 -14.361313 156.651886
v -425.507263 -37.575623 252.663803
v -424.592896 -41.793289 252.663803
v -419.780884 -41.793289 252.663803
v -423.621399 -46.365288 252.663803
v -418.797943 -46.365288 252.663803
v -423.621399 -46.365288 156.651886
v -424.592896 -41.793289 156.651886
v -418.797943 -46.365288 156.651886
v -419.780884 -41.793289 156.651886
v -425.507263 -37.575623 156.651886
v -649.535339 -62.367302 268.665833
v -649.535339 -62.367302 145.221863
v -649.535339 -62.367302 264.093811
v -468.941376 -62.367302 264.093811
v -468.941376 -62.367302 145.221863
v -516.947327 -62.367302 145.221863
v -616.388367 -62.367302 145.221863
v -616.388367 -62.367302 264.093811
v -516.947327 -62.367302 264.093811
s 0
f 13867 13865 13868
f 13872 13870 13869
f 13874 13872 13875
f 13879 13878 13876
f 13879 13883 13878
f 13881 13885 13880
f 13884 13879 13887
f 13885 13888 13880
f 13888 13879 13880
f 13881 13889 13886
f 13890 13873 13865
f 13891 13881 13882
f 13873 13882 13872
f 13894 13870 13871
f 13892 13869 13870
f 13897 13895 13898
f 13901 13899 13902
f 13894 13874 13903
f 13907 13901 13905
f 13905 13884 13904
f 13910 13897 13898
f 13906 13912 13913
f 13915 13910 13912
f 13885 13914 13915
f 13888 13916 13887
f 13887 13919 13918
f 13919 13920 13918
f 13923 13922 13888
f 13925 13922 13923
f 13916 13922 13927
f 13928 13923 13908
f 13929 13927 13928
f 13927 13931 13930
f 13929 13936 13938
f 13926 13921 13919
f 13918 13935 13929
f 13928 13925 13923
f 13922 13934 13927
f 13889 13897 13909
f 13893 13865 13869
f 13866 13940 13889
f 13868 13943 13867
f 13946 13945 13868
f 13948 13947 13866
f 13867 13866 13865
f 13869 13873 13872
f 13872 13871 13870
f 13874 13871 13872
f 13876 13882 13881
f 13876 13881 13880
f 13878 13877 13876
f 13876 13880 13879
f 13879 13884 13883
f 13881 13886 13885
f 13888 13887 13879
f 13881 13890 13889
f 13866 13889 13890
f 13890 13891 13873
f 13873 13869 13865
f 13865 13866 13890
f 13891 13890 13881
f 13873 13891 13882
f 13894 13892 13870
f 13892 13893 13869
f 13897 13896 13895
f 13901 13900 13899
f 13894 13871 13874
f 13904 13908 13907
f 13907 13906 13901
f 13901 13902 13905
f 13905 13904 13907
f 13905 13883 13884
f 13898 13911 13910
f 13910 13909 13897
f 13906 13907 13912
f 13912 13907 13908
f 13915 13914 13909
f 13912 13908 13915
f 13915 13909 13910
f 13885 13886 13914
f 13888 13917 13916
f 13904 13884 13887
f 13887 13916 13919
f 13918 13904 13887
f 13919 13921 13920
f 13888 13885 13915
f 13888 13915 13923
f 13922 13917 13888
f 13925 13924 13922
f 13926 13919 13916
f 13916 13917 13922
f 13927 13926 13916
f 13908 13904 13918
f 13908 13918 13929
f 13923 13915 13908
f 13908 13929 13928
f 13929 13926 13927
f 13930 13928 13927
f 13927 13932 13931
f 13938 13926 13929
f 13929 13939 13936
f 13926 13937 13921
f 13918 13920 13935
f 13928 13933 13925
f 13922 13924 13934
f 13914 13886 13889
f 13889 13940 13896
f 13889 13896 13897
f 13909 13914 13889
f 13893 13941 13865
f 13866 13942 13940
f 13868 13944 13943
f 13868 13865 13941
f 13868 13941 13946
f 13945 13944 13868
f 13866 13867 13943
f 13866 13943 13948
f 13947 13942 13866
o de_nuke_world_geometry.088
v -464.369354 -12.075298 144.078827
v -464.369354 -7.137545 144.078827
v -464.369354 -6.520336 149.793777
v -464.369354 -7.503298 149.793777
v -464.369354 -12.075298 149.793777
v -464.369354 1.640703 145.221863
v -464.369354 1.640703 149.793777
v -464.369354 1.640703 144.078827
v -455.225281 1.640703 144.078827
v -455.225281 -12.075298 144.078827
v -455.225281 -12.075298 149.793777
v -455.225281 1.640703 149.793777
v -462.083282 1.640703 147.507812
v -459.797333 1.640703 149.793777
v -458.277191 1.640703 151.314011
v -459.797333 1.640703 152.079849
v -459.797333 1.640703 141.792877
v -457.511353 1.640703 147.507812
v -459.797333 1.640703 145.221863
v -462.083282 1.640703 142.935791
v -459.797333 -12.075298 141.792877
v -459.797333 -12.075298 152.079849
v -464.369354 -62.367302 149.793777
v -464.369354 -46.365288 149.793777
v -464.369354 -62.367302 144.078827
v -464.369354 -14.361313 149.793777
v -464.369354 -94.371307 149.793777
v -464.369354 -94.371307 144.078827
v -459.797333 -94.371307 141.792877
v -459.797333 -94.371307 152.079849
v -455.225281 -94.371307 144.078827
v -455.225281 -94.371307 149.793777
s 0
f 13950 13955 13954
f 13959 13957 13960
f 13955 13963 13961
f 13967 13960 13965
f 13968 13954 13961
f 13966 13963 13960
f 13969 13950 13968
f 13958 13965 13957
f 13952 13970 13964
f 13970 13960 13964
f 13977 13973 13949
f 13980 13958 13959
f 13979 13969 13958
f 13971 13975 13970
f 13978 13959 13970
f 13954 13956 13950
f 13950 13951 13955
f 13959 13958 13957
f 13961 13954 13955
f 13955 13964 13963
f 13963 13962 13961
f 13965 13968 13967
f 13967 13966 13960
f 13960 13957 13965
f 13961 13967 13968
f 13968 13956 13954
f 13966 13962 13963
f 13968 13965 13969
f 13969 13949 13950
f 13950 13956 13968
f 13958 13969 13965
f 13964 13955 13951
f 13952 13953 13970
f 13964 13951 13952
f 13970 13959 13960
f 13949 13969 13977
f 13977 13976 13973
f 13980 13979 13958
f 13979 13977 13969
f 13970 13953 13974
f 13970 13974 13972
f 13975 13978 13970
f 13970 13972 13971
f 13978 13980 13959
o de_nuke_world_geometry.089
v -459.797333 31.358692 149.793777
v -462.083282 31.358692 147.507812
v -459.797333 31.358692 145.221863
v -457.511353 31.358692 147.507812
v -462.083282 1.640703 147.507812
v -459.797333 1.640703 149.793777
v -457.511353 1.640703 147.507812
v -459.797333 1.640703 145.221863
s 0
f 13986 13984 13981
f 13985 13981 13982
f 13988 13982 13983
f 13987 13983 13984
f 13986 13987 13984
f 13985 13986 13981
f 13988 13985 13982
f 13987 13988 13983
o de_nuke_world_geometry.090
v -468.941376 -62.367302 140.649841
v -649.535339 -62.367302 140.649841
v -649.535339 -80.655304 140.649841
v -615.245300 -80.655304 140.649841
v -516.947327 -80.655304 140.649841
v -464.369354 -80.655304 140.649841
v -464.369354 -62.367302 140.649841
v -512.375427 -94.371307 140.649841
v -511.963837 -94.371307 140.649841
v -464.369354 -94.371307 140.649841
v -620.228882 -94.371307 140.649841
v -619.817322 -94.371307 140.649841
v -649.535339 -94.371307 140.649841
v -464.369354 -98.943306 140.649841
v -510.295166 -98.943306 140.649841
v -468.941376 -98.943306 140.649841
v -621.897522 -98.943306 140.649841
v -649.535339 -98.943306 140.649841
v -464.369354 -62.367302 257.235840
v -464.369354 -62.367302 268.665833
v -464.369354 -62.367302 149.793777
v -464.369354 -62.367302 152.079849
v -464.369354 -62.367302 144.078827
v -464.369354 -94.371307 149.793777
v -464.369354 -94.371307 152.079849
v -464.369354 -94.371307 268.665833
v -464.369354 -80.655304 268.665833
v -464.369354 -94.371307 257.235840
v -464.369354 -94.371307 144.078827
v -464.369354 -98.943306 268.665833
v -649.535339 -62.367302 268.665833
v -468.941376 -98.943306 268.665833
v -510.295166 -98.943306 268.665833
v -511.963837 -94.371307 268.665833
v -649.535339 -94.371307 268.665833
v -649.535339 -80.655304 268.665833
v -615.245300 -80.655304 268.665833
v -621.897522 -98.943306 268.665833
v -649.535339 -98.943306 268.665833
v -512.375427 -94.371307 268.665833
v -516.947327 -80.655304 268.665833
v -615.245300 -80.655304 145.221863
v -516.947327 -80.655304 145.221863
v -516.947327 -80.655304 264.093811
v -649.535339 -62.367302 145.221863
v -649.535339 -80.655304 145.221863
v -649.535339 -80.655304 264.093811
v -649.535339 -62.367302 264.093811
v -468.941376 -62.367302 264.093811
v -468.941376 -80.655304 264.093811
v -468.941376 -80.655304 145.221863
v -468.941376 -62.367302 145.221863
v -619.817322 -76.083305 245.805817
v -620.960388 -80.655304 245.805817
v -512.375427 -80.655304 245.805817
v -513.518311 -76.083305 245.805817
v -512.375427 -80.655304 163.509857
v -620.960388 -80.655304 163.509857
v -619.817322 -76.083305 163.509857
v -513.518311 -76.083305 163.509857
v -516.947327 -62.367302 145.221863
v -616.388367 -62.367302 145.221863
v -619.817322 -76.083305 145.221863
v -620.960388 -80.655304 145.221863
v -512.375427 -80.655304 145.221863
v -513.518311 -76.083305 145.221863
v -616.388367 -62.367302 264.093811
v -516.947327 -62.367302 264.093811
v -513.518311 -76.083305 264.093811
v -619.817322 -76.083305 264.093811
v -512.375427 -80.655304 264.093811
v -620.960388 -80.655304 264.093811
v -468.941376 -94.371307 264.093811
v -468.941376 -94.371307 245.805817
v -468.941376 -94.371307 163.509857
v -468.941376 -94.371307 145.221863
v -624.697998 -94.371307 163.509857
v -507.391815 -94.371307 163.509857
v -507.803345 -105.801292 163.509857
v -624.389343 -105.801292 163.509857
v -627.818359 -105.801292 163.509857
v -625.943787 -98.943306 163.509857
v -505.723145 -98.943306 163.509857
v -503.231293 -105.801292 163.509857
v -620.228882 -94.371307 158.937836
v -620.228882 -94.371307 145.221863
v -621.897522 -98.943306 158.937836
v -624.389343 -105.801292 145.221863
v -624.389343 -105.801292 158.937836
v -511.963837 -94.371307 145.221863
v -511.963837 -94.371307 158.937836
v -507.803345 -105.801292 158.937836
v -507.803345 -105.801292 145.221863
v -510.295166 -98.943306 158.937836
v -621.120361 -96.794449 158.937836
v -615.108215 -98.943306 158.937836
v -613.382202 -94.371307 158.937836
v -615.576843 -94.371307 158.937836
v -560.712830 -94.371307 158.937836
v -575.388977 -94.371307 158.937836
v -573.388672 -98.943306 158.937836
v -560.244202 -98.943306 158.937836
v -558.529663 -94.371307 158.937836
v -518.524658 -98.943306 158.937836
v -520.513489 -94.371307 158.937836
v -520.524963 -94.371307 158.937836
v -617.679932 -105.801292 158.937836
v -570.382629 -105.801292 158.937836
v -562.815918 -105.801292 158.937836
v -515.518616 -105.801292 158.937836
v -512.375427 -94.371307 145.221863
v -619.817322 -94.371307 145.221863
v -505.723145 -98.943306 145.221863
v -507.391815 -94.371307 145.221863
v -503.231293 -105.801292 145.221863
v -625.943787 -98.943306 145.221863
v -649.535339 -98.943306 145.221863
v -649.535339 -98.943306 147.507812
v -625.943787 -98.943306 147.507812
v -649.535339 -98.943306 163.509857
v -649.535339 -94.371307 145.221863
v -649.535339 -94.371307 163.509857
v -624.697998 -94.371307 145.221863
v -627.818359 -105.801292 145.221863
v -649.535339 -94.371307 264.093811
v -649.535339 -94.371307 245.805817
v -649.535339 -98.943306 264.093811
v -649.535339 -98.943306 261.807861
v -624.389343 -105.801292 245.805817
v -507.803345 -105.801292 245.805817
v -503.231293 -105.801292 245.805817
v -505.723145 -98.943306 245.805817
v -625.943787 -98.943306 245.805817
v -627.818359 -105.801292 245.805817
v -507.391815 -94.371307 245.805817
v -624.697998 -94.371307 245.805817
v -511.963837 -94.371307 250.377838
v -511.963837 -94.371307 264.093811
v -507.803345 -105.801292 264.093811
v -507.803345 -105.801292 250.377838
v -510.295166 -98.943306 250.377838
v -621.897522 -98.943306 250.377838
v -624.389343 -105.801292 250.377838
v -624.389343 -105.801292 264.093811
v -515.518616 -105.801292 250.377838
v -562.815918 -105.801292 250.377838
v -570.382629 -105.801292 250.377838
v -617.668457 -105.801292 250.377838
v -615.576843 -94.371307 250.377838
v -613.382202 -94.371307 250.377838
v -615.096741 -98.943306 250.377838
v -621.120361 -96.794449 250.377838
v -620.228882 -94.371307 250.377838
v -573.388672 -98.943306 250.377838
v -575.388977 -94.371307 250.377838
v -560.712830 -94.371307 250.377838
v -558.529663 -94.371307 250.377838
v -560.244202 -98.943306 250.377838
v -520.513489 -94.371307 250.377838
v -518.524658 -98.943306 250.377838
v -512.375427 -94.371307 264.093811
v -625.943787 -98.943306 261.807861
v -625.943787 -98.943306 264.093811
v -624.697998 -94.371307 264.093811
v -627.818359 -105.801292 264.093811
v -505.723145 -98.943306 264.093811
v -507.391815 -94.371307 264.093811
v -503.231293 -105.801292 264.093811
s 0
f 13992 13991 13989
f 13998 13997 13993
f 13991 14000 13999
f 14002 14004 13997
f 14001 14005 14006
f 14010 14012 14009
f 14007 14015 14014
f 13998 13994 14011
f 14014 14021 14020
f 14026 14024 14023
f 14015 14028 14022
f 14025 14029 14008
f 13993 14030 13992
f 13991 14033 13990
f 14036 14024 14019
f 14039 14037 14040
f 14043 14041 14044
f 14047 14045 14048
f 14033 14052 14051
f 14040 14054 14053
f 14049 14051 14054
f 14051 14048 14054
f 14052 14047 14051
f 14045 14054 14048
f 14055 14057 14058
f 14059 14057 14037
f 14058 14035 14036
f 14041 14057 14044
f 14059 14044 14057
f 14042 14058 14041
f 14063 14062 14038
f 14045 14065 14066
f 14071 14069 14068
f 14086 14084 14083
f 14090 14088 14087
f 14093 14082 14092
f 14000 14074 13999
f 14074 14100 14030
f 14078 13996 13997
f 14078 14031 14099
f 14068 14097 14098
f 14102 14039 14053
f 14053 14066 14102
f 14067 14080 14103
f 14071 14103 14101
f 14109 14105 14106
f 14109 13991 14001
f 14034 14111 14052
f 14046 14111 14065
f 14076 14077 14069
f 14107 14112 14069
f 14035 14023 14024
f 14115 14113 14114
f 14121 14119 14118
f 14124 14043 14123
f 14140 14139 14137
f 14145 14144 14142
f 14148 14125 14147
f 14134 14135 14117
f 14028 14126 14022
f 14126 14149 14032
f 14152 14035 14060
f 14060 14124 14152
f 14117 14131 14153
f 14150 14122 14153
f 14038 14155 14059
f 14043 14155 14123
f 14127 14128 14119
f 14154 14119 14120
f 13989 13995 13994
f 13989 13994 13993
f 13991 13990 13989
f 13989 13993 13992
f 13993 13994 13998
f 13997 13996 13993
f 13999 14001 13991
f 13991 13992 14000
f 13997 13998 14002
f 14004 14003 13997
f 14001 13999 14005
f 14010 14013 14012
f 14014 14016 14007
f 14007 14008 14015
f 14011 14017 13998
f 13994 13995 14011
f 14020 14018 14014
f 14014 14022 14021
f 14023 14027 14026
f 14026 14025 14024
f 14022 14014 14015
f 14015 14029 14028
f 14008 14019 14024
f 14008 14024 14025
f 14029 14015 14008
f 13993 14031 14030
f 13991 14034 14033
f 14036 14035 14024
f 14039 14038 14037
f 14043 14042 14041
f 14047 14046 14045
f 14051 14050 14033
f 14033 14034 14052
f 14053 14039 14040
f 14040 14049 14054
f 14049 14050 14051
f 14051 14047 14048
f 14052 14046 14047
f 14045 14053 14054
f 14055 14056 14057
f 14037 14038 14059
f 14057 14056 14037
f 14036 14055 14058
f 14058 14060 14035
f 14041 14058 14057
f 14059 14043 14044
f 14042 14060 14058
f 14038 14039 14064
f 14038 14064 14063
f 14062 14061 14038
f 14045 14046 14065
f 14067 14072 14071
f 14071 14070 14069
f 14068 14067 14071
f 14083 14073 14086
f 14086 14085 14084
f 14084 14075 14083
f 14087 14091 14090
f 14090 14089 14088
f 14092 14094 14093
f 14093 14079 14082
f 14000 14100 14074
f 14078 14099 13996
f 14080 14067 14068
f 14068 14077 14095
f 14068 14095 14096
f 14098 14080 14068
f 14068 14096 14097
f 14102 14064 14039
f 14053 14045 14066
f 14103 14072 14067
f 14080 14081 14103
f 14071 14072 14103
f 14106 14108 14110
f 14109 14001 14006
f 14106 14110 14109
f 14109 14006 14105
f 14109 14034 13991
f 14034 14109 14111
f 14046 14052 14111
f 14069 14112 14076
f 14077 14068 14069
f 14069 14070 14107
f 14107 14104 14112
f 14035 14113 14023
f 14110 14108 14116
f 14115 14027 14023
f 14110 14116 14115
f 14114 14110 14115
f 14115 14023 14113
f 14117 14122 14121
f 14121 14120 14119
f 14118 14117 14121
f 14124 14042 14043
f 14137 14141 14140
f 14140 14130 14139
f 14139 14138 14137
f 14142 14146 14145
f 14144 14143 14142
f 14148 14129 14125
f 14117 14118 14128
f 14117 14128 14133
f 14136 14131 14117
f 14135 14136 14117
f 14117 14133 14134
f 14028 14149 14126
f 14152 14113 14035
f 14060 14042 14124
f 14153 14122 14117
f 14131 14132 14153
f 14153 14151 14150
f 14150 14121 14122
f 14038 14061 14155
f 14043 14059 14155
f 14119 14156 14127
f 14128 14118 14119
f 14154 14156 14119
o de_nuke_world_geometry.091
v -520.376282 -128.661301 140.649841
v -513.518311 -110.373299 140.649841
v -521.519348 -92.085289 140.649841
v -539.807312 -85.227303 140.649841
v -558.095337 -93.228302 140.649841
v -564.953308 -111.516304 140.649841
v -556.952332 -129.804306 140.649841
v -538.664307 -136.662292 140.649841
v -575.240295 -128.661301 140.649841
v -568.382324 -110.373299 140.649841
v -576.383362 -92.085289 140.649841
v -594.671326 -85.227303 140.649841
v -612.959351 -93.228302 140.649841
v -619.817322 -111.516304 140.649841
v -611.816345 -129.804306 140.649841
v -593.528320 -136.662292 140.649841
v -366.071350 -128.661301 140.649841
v -359.213348 -110.373299 140.649841
v -364.213959 -98.943306 140.649841
v -367.214264 -92.085289 140.649841
v -385.502289 -85.227303 140.649841
v -403.790283 -93.228302 140.649841
v -405.933411 -98.943306 140.649841
v -410.648376 -111.516304 140.649841
v -402.647369 -129.804306 140.649841
v -384.359344 -136.662292 140.649841
v -367.214264 -92.085289 268.665833
v -364.213959 -98.943306 268.665833
v -359.213348 -110.373299 268.665833
v -366.071350 -128.661301 268.665833
v -384.359344 -136.662292 268.665833
v -402.647369 -129.804306 268.665833
v -410.648376 -111.516304 268.665833
v -405.933411 -98.943306 268.665833
v -403.790283 -93.228302 268.665833
v -385.502289 -85.227303 268.665833
v -384.359344 -136.662292 158.937836
v -366.071350 -128.661301 158.937836
v -384.359344 -136.662292 250.377838
v -366.071350 -128.661301 250.377838
v -359.213348 -110.373299 250.377838
v -359.213348 -110.373299 158.937836
v -402.647369 -129.804306 158.937836
v -402.647369 -129.804306 250.377838
v -364.219696 -98.943306 250.377838
v -364.219696 -98.943306 158.937836
v -405.927704 -98.943306 158.937836
v -405.939117 -98.943306 250.377838
v -364.208252 -98.943306 158.937836
v -363.785278 -99.926270 158.937836
v -363.785278 -122.569122 158.937836
v -410.648376 -111.516304 158.937836
v -410.648376 -111.516304 250.377838
v -576.383362 -92.085289 268.665833
v -568.382324 -110.373299 268.665833
v -575.240295 -128.661301 268.665833
v -593.528320 -136.662292 268.665833
v -611.816345 -129.804306 268.665833
v -619.817322 -111.516304 268.665833
v -612.959351 -93.228302 268.665833
v -594.671326 -85.227303 268.665833
v -521.519348 -92.085289 268.665833
v -513.518311 -110.373299 268.665833
v -520.376282 -128.661301 268.665833
v -538.664307 -136.662292 268.665833
v -556.952332 -129.804306 268.665833
v -564.953308 -111.516304 268.665833
v -558.095337 -93.228302 268.665833
v -539.807312 -85.227303 268.665833
v -538.664307 -136.662292 250.377838
v -520.376282 -128.661301 250.377838
v -538.664307 -136.662292 158.937836
v -520.376282 -128.661301 158.937836
v -617.679932 -105.801292 158.937836
v -570.382629 -105.801292 158.937836
v -562.815918 -105.801292 158.937836
v -515.518616 -105.801292 158.937836
v -513.518311 -110.373299 158.937836
v -556.952332 -129.804306 158.937836
v -564.953308 -111.516304 158.937836
v -568.382324 -110.373299 158.937836
v -575.240295 -128.661301 158.937836
v -593.528320 -136.662292 158.937836
v -611.816345 -129.804306 158.937836
v -619.817322 -111.516304 158.937836
v -611.816345 -129.804306 250.377838
v -593.528320 -136.662292 250.377838
v -513.518311 -110.373299 250.377838
v -515.518616 -105.801292 250.377838
v -562.815918 -105.801292 250.377838
v -564.953308 -111.516304 250.377838
v -556.952332 -129.804306 250.377838
v -575.240295 -128.661301 250.377838
v -568.382324 -110.373299 250.377838
v -570.382629 -105.801292 250.377838
v -617.668457 -105.801292 250.377838
v -619.817322 -111.516304 250.377838
s 0
f 14161 14159 14157
f 14169 14167 14165
f 14179 14175 14173
f 14190 14187 14184
f 14208 14207 14205
f 14207 14198 14206
f 14200 14204 14197
f 14214 14212 14210
f 14222 14220 14218
f 14236 14228 14234
f 14241 14239 14237
f 14248 14246 14244
f 14242 14252 14250
f 14157 14164 14163
f 14163 14162 14161
f 14161 14160 14159
f 14159 14158 14157
f 14157 14163 14161
f 14165 14172 14171
f 14171 14170 14169
f 14169 14168 14167
f 14167 14166 14165
f 14165 14171 14169
f 14173 14182 14181
f 14181 14180 14179
f 14179 14178 14177
f 14177 14176 14175
f 14175 14174 14173
f 14173 14181 14179
f 14179 14177 14175
f 14183 14192 14191
f 14190 14189 14188
f 14183 14191 14190
f 14186 14185 14184
f 14184 14183 14190
f 14190 14188 14187
f 14187 14186 14184
f 14202 14203 14208
f 14208 14199 14193
f 14193 14194 14207
f 14207 14206 14205
f 14205 14202 14208
f 14208 14193 14207
f 14196 14195 14200
f 14200 14209 14204
f 14204 14201 14197
f 14197 14196 14200
f 14210 14217 14216
f 14216 14215 14214
f 14214 14213 14212
f 14212 14211 14210
f 14210 14216 14214
f 14218 14225 14224
f 14224 14223 14222
f 14222 14221 14220
f 14220 14219 14218
f 14218 14224 14222
f 14233 14232 14236
f 14236 14235 14228
f 14228 14229 14234
f 14234 14233 14236
f 14231 14230 14241
f 14241 14240 14239
f 14239 14238 14237
f 14237 14231 14241
f 14227 14226 14248
f 14248 14247 14246
f 14246 14245 14244
f 14244 14227 14248
f 14249 14243 14242
f 14242 14253 14252
f 14252 14251 14250
f 14250 14249 14242
o de_nuke_world_geometry.092
v -464.369354 -94.371307 140.649841
v -418.649292 -94.371307 140.649841
v -457.511353 -94.371307 140.649841
v -464.369354 -98.943306 140.649841
v -457.511353 -98.943306 140.649841
v -414.077362 -98.943306 140.649841
v -416.363312 -94.371307 140.649841
v -400.361298 -80.655304 140.649841
v -402.647369 -76.083305 140.649841
v -363.785278 -80.655304 140.649841
v -361.499329 -76.083305 140.649841
v -356.927277 -94.371307 140.649841
v -354.641327 -89.799309 140.649841
v -464.369354 -94.371307 149.793777
v -464.369354 -94.371307 152.079849
v -464.369354 -94.371307 268.665833
v -464.369354 -94.371307 257.235840
v -464.369354 -94.371307 144.078827
v -414.077362 -98.943306 268.665833
v -416.363312 -94.371307 268.665833
v -402.647369 -76.083305 268.665833
v -400.361298 -80.655304 268.665833
v -354.641327 -89.799309 268.665833
v -356.927277 -94.371307 268.665833
v -363.785278 -80.655304 268.665833
v -361.499329 -76.083305 268.665833
v -464.369354 -98.943306 268.665833
v -418.649292 -94.371307 268.665833
v -354.641327 -89.799309 250.377838
v -459.797333 -94.371307 141.792877
v -361.499329 -76.083305 251.109344
v -354.641327 -89.799309 158.937836
v -356.927277 -85.227303 158.937836
v -359.213348 -80.655304 158.686401
v -361.499329 -76.083305 158.434982
v -418.649292 -98.943306 257.235840
v -418.649292 -98.943306 152.079849
v -414.077362 -98.943306 257.235840
v -414.077362 -98.943306 152.079849
v -356.927277 -94.371307 250.377838
v -356.927277 -94.371307 250.617828
v -356.927277 -94.371307 158.937836
v -418.649292 -94.371307 152.079849
v -396.932281 -76.083305 154.497986
v -402.647369 -76.083305 153.862946
v -416.363312 -94.371307 152.331268
v -414.077362 -98.943306 152.582703
v -416.363312 -94.371307 152.079849
v -400.361298 -80.655304 154.114380
v -363.785278 -80.655304 158.171997
v -414.077362 -98.943306 256.744324
v -414.077362 -98.943306 256.732971
v -416.363312 -94.371307 256.984406
v -416.363312 -94.371307 257.235840
v -418.649292 -94.371307 257.235840
v -400.361298 -80.655304 255.281296
v -402.647369 -76.083305 255.521271
v -363.785278 -80.655304 251.360779
v -459.797333 -94.371307 152.079849
v -455.225281 -94.371307 152.079849
v -439.223358 -94.371307 152.079849
v -455.225281 -94.371307 144.078827
v -455.225281 -94.371307 149.793777
s 0
f 14258 14256 14255
f 14261 14260 14262
f 14264 14261 14262
f 14266 14263 14264
f 14275 14273 14272
f 14278 14276 14279
f 14275 14279 14274
f 14273 14281 14280
f 14254 14283 14256
f 14284 14276 14282
f 14264 14287 14285
f 14277 14294 14282
f 14295 14266 14285
f 14262 14297 14288
f 14292 14299 14301
f 14290 14301 14296
f 14255 14301 14260
f 14286 14295 14285
f 14260 14301 14298
f 14300 14292 14261
f 14302 14263 14303
f 14297 14287 14288
f 14265 14303 14263
f 14303 14286 14287
f 14298 14300 14297
f 14307 14305 14304
f 14307 14289 14308
f 14308 14273 14307
f 14310 14279 14284
f 14277 14311 14294
f 14306 14307 14274
f 14278 14309 14311
f 14275 14291 14304
f 14256 14315 14296
f 14316 14314 14315
f 14316 14312 14313
f 14267 14268 14312
f 14270 14281 14308
f 14255 14260 14259
f 14258 14257 14254
f 14255 14259 14258
f 14258 14254 14256
f 14261 14259 14260
f 14264 14263 14261
f 14266 14265 14263
f 14275 14274 14273
f 14278 14277 14276
f 14275 14278 14279
f 14280 14272 14273
f 14281 14269 14280
f 14254 14271 14283
f 14284 14279 14276
f 14285 14266 14264
f 14264 14288 14287
f 14287 14286 14285
f 14282 14276 14277
f 14294 14293 14282
f 14295 14265 14266
f 14288 14264 14262
f 14262 14298 14297
f 14292 14300 14299
f 14290 14292 14301
f 14255 14296 14301
f 14298 14262 14260
f 14301 14299 14298
f 14261 14302 14300
f 14292 14259 14261
f 14302 14261 14263
f 14297 14302 14287
f 14265 14295 14303
f 14303 14295 14286
f 14298 14299 14300
f 14304 14291 14307
f 14307 14306 14305
f 14307 14291 14289
f 14308 14281 14273
f 14310 14274 14279
f 14277 14278 14311
f 14274 14310 14306
f 14307 14273 14274
f 14278 14275 14309
f 14304 14309 14275
f 14275 14272 14291
f 14296 14255 14256
f 14256 14283 14315
f 14315 14314 14296
f 14316 14313 14314
f 14270 14269 14281
o de_nuke_world_geometry.093
v -354.641327 -60.081291 160.080872
v -354.641327 -89.799309 160.080872
v -354.641327 -90.942314 160.080872
v -354.641327 -90.942314 250.377838
v -354.641327 -89.799309 250.377838
v -354.641327 -60.081291 250.377838
s 0
f 14321 14319 14318
f 14317 14322 14321
f 14321 14320 14319
f 14318 14317 14321
o de_nuke_world_geometry.094
v -520.376282 -128.661301 140.649841
v -513.518311 -110.373299 140.649841
v -521.519348 -92.085289 140.649841
v -539.807312 -85.227303 140.649841
v -558.095337 -93.228302 140.649841
v -564.953308 -111.516304 140.649841
v -556.952332 -129.804306 140.649841
v -538.664307 -136.662292 140.649841
v -575.240295 -128.661301 140.649841
v -568.382324 -110.373299 140.649841
v -576.383362 -92.085289 140.649841
v -594.671326 -85.227303 140.649841
v -612.959351 -93.228302 140.649841
v -619.817322 -111.516304 140.649841
v -611.816345 -129.804306 140.649841
v -593.528320 -136.662292 140.649841
v -366.071350 -128.661301 140.649841
v -359.213348 -110.373299 140.649841
v -364.213959 -98.943306 140.649841
v -367.214264 -92.085289 140.649841
v -385.502289 -85.227303 140.649841
v -403.790283 -93.228302 140.649841
v -405.933411 -98.943306 140.649841
v -410.648376 -111.516304 140.649841
v -402.647369 -129.804306 140.649841
v -384.359344 -136.662292 140.649841
v -367.214264 -92.085289 268.665833
v -364.213959 -98.943306 268.665833
v -359.213348 -110.373299 268.665833
v -366.071350 -128.661301 268.665833
v -384.359344 -136.662292 268.665833
v -402.647369 -129.804306 268.665833
v -410.648376 -111.516304 268.665833
v -405.933411 -98.943306 268.665833
v -403.790283 -93.228302 268.665833
v -385.502289 -85.227303 268.665833
v -384.359344 -136.662292 158.937836
v -366.071350 -128.661301 158.937836
v -384.359344 -136.662292 250.377838
v -366.071350 -128.661301 250.377838
v -359.213348 -110.373299 250.869370
v -359.213348 -110.373299 250.377838
v -359.213348 -110.373299 158.937836
v -402.647369 -129.804306 158.937836
v -402.647369 -129.804306 250.377838
v -405.927704 -98.943306 158.937836
v -405.939117 -98.943306 255.875702
v -405.939117 -98.943306 153.668640
v -364.219696 -98.943306 251.406555
v -364.219696 -98.943306 158.880615
v -367.214264 -92.085289 158.514984
v -385.502289 -85.227303 156.228912
v -403.790283 -93.228302 153.942947
v -403.790283 -93.228302 255.647049
v -385.502289 -85.227303 253.681061
v -367.214264 -92.085289 251.726654
v -363.785278 -99.926270 158.937836
v -410.648376 -111.516304 158.937836
v -410.648376 -111.516304 153.085663
v -405.927704 -98.943306 153.668640
v -410.648376 -111.516304 250.377838
v -410.648376 -111.516304 256.378540
v -364.208252 -98.943306 251.406555
v -364.208252 -98.943306 250.377838
v -405.927704 -98.943306 250.377838
v -405.927704 -98.943306 255.875702
v -576.383362 -92.085289 268.665833
v -568.382324 -110.373299 268.665833
v -575.240295 -128.661301 268.665833
v -593.528320 -136.662292 268.665833
v -611.816345 -129.804306 268.665833
v -619.817322 -111.516304 268.665833
v -612.959351 -93.228302 268.665833
v -594.671326 -85.227303 268.665833
v -521.519348 -92.085289 268.665833
v -513.518311 -110.373299 268.665833
v -520.376282 -128.661301 268.665833
v -538.664307 -136.662292 268.665833
v -556.952332 -129.804306 268.665833
v -564.953308 -111.516304 268.665833
v -558.095337 -93.228302 268.665833
v -539.807312 -85.227303 268.665833
v -538.664307 -136.662292 250.377838
v -520.376282 -128.661301 250.377838
v -538.664307 -136.662292 158.937836
v -520.376282 -128.661301 158.937836
v -612.959351 -93.228302 158.937836
v -594.671326 -85.227303 158.937836
v -576.383362 -92.085289 158.937836
v -539.807312 -85.227303 158.937836
v -521.519348 -92.085289 158.937836
v -558.095337 -93.228302 158.937836
v -570.382629 -105.801292 158.937836
v -515.518616 -105.801292 158.937836
v -513.518311 -110.373299 158.937836
v -556.952332 -129.804306 158.937836
v -564.953308 -111.516304 158.937836
v -568.382324 -110.373299 158.937836
v -575.240295 -128.661301 158.937836
v -593.528320 -136.662292 158.937836
v -611.816345 -129.804306 158.937836
v -619.817322 -111.516304 158.937836
v -611.816345 -129.804306 250.377838
v -593.528320 -136.662292 250.377838
v -513.518311 -110.373299 250.377838
v -515.518616 -105.801292 250.377838
v -564.953308 -111.516304 250.377838
v -556.952332 -129.804306 250.377838
v -575.240295 -128.661301 250.377838
v -568.382324 -110.373299 250.377838
v -570.382629 -105.801292 250.377838
v -619.817322 -111.516304 250.377838
v -612.959351 -93.228302 250.377838
v -594.671326 -85.227303 250.377838
v -576.383362 -92.085289 250.377838
v -539.807312 -85.227303 250.377838
v -521.519348 -92.085289 250.377838
v -558.095337 -93.228302 250.377838
s 0
f 14360 14348 14339
f 14352 14361 14362
f 14363 14352 14362
f 14365 14339 14340
f 14359 14347 14348
f 14353 14367 14361
f 14370 14344 14345
f 14343 14375 14374
f 14341 14373 14372
f 14342 14374 14373
f 14357 14369 14356
f 14378 14350 14371
f 14358 14376 14357
f 14349 14377 14358
f 14372 14365 14340
f 14381 14347 14366
f 14382 14380 14368
f 14345 14381 14382
f 14384 14367 14354
f 14371 14351 14363
f 14386 14363 14364
f 14388 14383 14384
f 14356 14384 14355
f 14399 14405 14406
f 14408 14330 14323
f 14422 14337 14338
f 14417 14323 14324
f 14336 14423 14424
f 14413 14416 14324
f 14335 14424 14409
f 14325 14412 14413
f 14334 14409 14410
f 14327 14419 14414
f 14421 14338 14331
f 14420 14331 14332
f 14333 14410 14411
f 14411 14420 14332
f 14407 14329 14330
f 14326 14414 14412
f 14328 14418 14419
f 14392 14425 14426
f 14398 14406 14427
f 14397 14427 14428
f 14434 14393 14394
f 14439 14404 14397
f 14435 14394 14395
f 14440 14402 14403
f 14391 14426 14431
f 14390 14431 14432
f 14436 14395 14396
f 14389 14432 14433
f 14437 14396 14389
f 14400 14430 14405
f 14438 14403 14404
f 14429 14401 14402
f 14360 14359 14348
f 14352 14353 14361
f 14362 14364 14363
f 14363 14351 14352
f 14365 14360 14339
f 14359 14366 14347
f 14353 14354 14367
f 14370 14375 14344
f 14343 14344 14375
f 14341 14342 14373
f 14342 14343 14374
f 14357 14376 14369
f 14378 14349 14350
f 14358 14377 14376
f 14349 14378 14377
f 14340 14341 14372
f 14372 14379 14365
f 14366 14380 14381
f 14381 14346 14347
f 14382 14381 14380
f 14345 14346 14381
f 14354 14355 14384
f 14384 14383 14367
f 14371 14350 14351
f 14386 14385 14363
f 14388 14387 14383
f 14356 14388 14384
f 14399 14400 14405
f 14408 14407 14330
f 14422 14423 14337
f 14417 14408 14323
f 14336 14337 14423
f 14324 14325 14413
f 14416 14417 14324
f 14335 14336 14424
f 14325 14326 14412
f 14334 14335 14409
f 14327 14328 14419
f 14421 14422 14338
f 14420 14421 14331
f 14333 14334 14410
f 14332 14333 14411
f 14411 14415 14420
f 14407 14418 14329
f 14326 14327 14414
f 14328 14329 14418
f 14392 14393 14425
f 14398 14399 14406
f 14428 14439 14397
f 14397 14398 14427
f 14434 14425 14393
f 14439 14438 14404
f 14435 14434 14394
f 14440 14429 14402
f 14391 14392 14426
f 14390 14391 14431
f 14436 14435 14395
f 14433 14437 14389
f 14389 14390 14432
f 14437 14436 14396
f 14400 14401 14430
f 14438 14440 14403
f 14429 14430 14401
o de_nuke_world_geometry.095
v -464.369354 -98.943306 140.649841
v -457.511353 -98.943306 140.649841
v -414.077362 -98.943306 140.649841
v -510.295166 -98.943306 140.649841
v -468.941376 -98.943306 140.649841
v -621.897522 -98.943306 140.649841
v -649.535339 -98.943306 140.649841
v -414.077362 -98.943306 268.665833
v -464.369354 -98.943306 268.665833
v -354.641327 -98.943306 250.377838
v -354.641327 -98.943306 160.080872
v -354.927094 -98.943306 250.412170
v -354.927094 -98.943306 160.046539
v -464.369354 -98.943306 144.078827
v -464.369354 -98.943306 257.235840
v -418.649292 -98.943306 257.235840
v -418.649292 -98.943306 156.651886
v -464.369354 -98.943306 156.651886
v -364.219696 -98.943306 250.377838
v -364.219696 -98.943306 158.937836
v -405.927704 -98.943306 158.937836
v -405.939117 -98.943306 158.937836
v -405.939117 -98.943306 250.377838
v -405.939117 -98.943306 255.875702
v -405.939117 -98.943306 153.668640
v -418.649292 -98.943306 152.079849
v -364.219696 -98.943306 251.406555
v -359.213348 -98.943306 159.508789
v -364.219696 -98.943306 158.880615
v -414.077362 -98.943306 257.235840
v -464.369354 -98.943306 152.079849
v -414.077362 -98.943306 152.079849
v -468.941376 -98.943306 268.665833
v -510.295166 -98.943306 268.665833
v -621.897522 -98.943306 268.665833
v -649.535339 -98.943306 268.665833
v -468.941376 -98.943306 145.221863
v -468.941376 -98.943306 163.509857
v -468.941376 -98.943306 245.805817
v -468.941376 -98.943306 264.093811
v -625.943787 -98.943306 163.509857
v -505.723145 -98.943306 163.509857
v -621.897522 -98.943306 145.221863
v -510.295166 -98.943306 145.221863
v -505.723145 -98.943306 145.221863
v -625.943787 -98.943306 145.221863
v -649.535339 -98.943306 145.221863
v -649.535339 -98.943306 147.507812
v -644.963318 -98.943306 147.507812
v -625.943787 -98.943306 147.507812
v -644.963318 -98.943306 163.509857
v -649.535339 -98.943306 264.093811
v -649.535339 -98.943306 261.807861
v -505.723145 -98.943306 245.805817
v -625.943787 -98.943306 245.805817
v -644.963318 -98.943306 245.805817
v -510.295166 -98.943306 264.093811
v -621.897522 -98.943306 264.093811
v -625.943787 -98.943306 261.807861
v -644.963318 -98.943306 261.807861
v -625.943787 -98.943306 264.093811
v -505.723145 -98.943306 264.093811
s 0
f 14451 14452 14453
f 14454 14441 14442
f 14457 14455 14458
f 14462 14461 14459
f 14457 14462 14463
f 14468 14452 14459
f 14449 14456 14470
f 14466 14454 14443
f 14458 14466 14457
f 14478 14477 14454
f 14485 14444 14445
f 14477 14482 14485
f 14489 14487 14486
f 14447 14483 14486
f 14491 14490 14481
f 14495 14481 14482
f 14492 14500 14499
f 14501 14475 14476
f 14500 14495 14499
f 14473 14497 14502
f 14479 14502 14494
f 14451 14450 14452
f 14457 14456 14455
f 14459 14463 14462
f 14461 14460 14459
f 14464 14456 14457
f 14457 14466 14465
f 14457 14465 14462
f 14463 14464 14457
f 14460 14469 14468
f 14468 14453 14452
f 14452 14467 14459
f 14459 14460 14468
f 14470 14448 14449
f 14449 14455 14456
f 14443 14472 14466
f 14466 14471 14454
f 14454 14442 14443
f 14458 14471 14466
f 14455 14449 14473
f 14455 14473 14480
f 14458 14455 14480
f 14458 14480 14479
f 14471 14458 14479
f 14471 14479 14478
f 14445 14441 14454
f 14454 14471 14478
f 14477 14445 14454
f 14445 14477 14485
f 14485 14484 14444
f 14477 14478 14482
f 14486 14490 14489
f 14489 14488 14487
f 14486 14487 14447
f 14447 14446 14483
f 14491 14489 14490
f 14478 14479 14494
f 14495 14496 14491
f 14478 14494 14495
f 14482 14478 14495
f 14495 14491 14481
f 14499 14501 14492
f 14492 14493 14500
f 14476 14492 14501
f 14501 14498 14475
f 14500 14496 14495
f 14502 14480 14473
f 14473 14474 14497
f 14479 14480 14502
o de_nuke_world_geometry.096
v -464.369354 -62.367302 257.235840
v -464.369354 -46.365288 257.235840
v -464.369354 -62.367302 152.079849
v -464.369354 -46.365288 152.079849
v -464.369354 -94.371307 152.079849
v -464.369354 -94.371307 257.235840
v -354.641327 -60.081291 160.080872
v -354.641327 -89.799309 160.080872
v -354.641327 -90.942314 160.080872
v -354.641327 -90.942314 250.377838
v -354.641327 -89.799309 250.377838
v -354.641327 -60.081291 250.377838
v -354.641327 -98.177467 250.377838
v -354.641327 -98.177467 160.080872
v -354.927094 -98.943306 250.412170
v -354.927094 -98.943306 160.046539
v -361.499329 -76.083305 251.109344
v -371.283447 -56.515137 252.160950
v -371.283447 -56.515137 158.000671
v -418.649292 -98.943306 257.235840
v -405.939117 -98.943306 255.875702
v -405.939117 -98.943306 153.668640
v -418.649292 -98.943306 152.079849
v -364.219696 -98.943306 251.406555
v -359.213348 -98.943306 159.508789
v -364.219696 -98.943306 158.880615
v -356.927277 -94.371307 250.617828
v -359.213348 -98.943306 250.869370
v -417.369141 -46.639603 257.098633
v -418.649292 -46.365288 257.235840
v -418.649292 -46.365288 152.079849
v -383.970703 -53.794792 156.411896
v -418.649292 -72.802887 152.079849
v -367.214264 -92.085289 158.514984
v -418.649292 -94.371307 152.079849
v -416.854858 -98.943306 152.308380
v -385.502289 -85.227303 156.228912
v -403.790283 -93.228302 153.942947
v -414.077362 -98.943306 256.744324
v -418.649292 -94.371307 257.235840
v -418.649292 -89.799309 257.235840
v -412.717255 -97.137375 256.595642
v -403.790283 -93.228302 255.647049
v -400.361298 -80.655304 255.281296
v -397.698120 -80.655304 254.995544
v -385.502289 -85.227303 253.681061
v -416.363312 -94.371307 256.995850
v -402.647369 -76.083305 255.521271
v -368.277313 -89.650703 251.840851
v -367.214264 -92.085289 251.726654
v -369.134583 -91.365204 251.932297
v -363.785278 -80.655304 251.360779
v -423.621399 -46.365288 152.079849
v -418.797943 -46.365288 152.079849
v -459.797333 -94.371307 152.079849
v -455.225281 -94.371307 152.079849
v -439.223358 -94.371307 152.079849
v -418.797943 -46.365288 257.235840
v -423.621399 -46.365288 257.235840
v -428.136322 -69.225288 252.663803
v -451.636322 -69.225288 252.663803
v -426.238892 -46.365288 252.663803
v -456.391205 -46.365288 252.663803
s 0
f 14513 14514 14520
f 14521 14509 14510
f 14517 14512 14513
f 14511 14518 14527
f 14521 14527 14528
f 14534 14535 14533
f 14538 14537 14535
f 14540 14524 14538
f 14541 14542 14522
f 14544 14523 14545
f 14544 14547 14546
f 14531 14543 14549
f 14553 14552 14551
f 14554 14547 14553
f 14520 14550 14519
f 14551 14530 14529
f 14557 14505 14535
f 14561 14508 14543
f 14563 14564 14562
f 14513 14530 14517
f 14517 14515 14512
f 14527 14510 14511
f 14511 14516 14518
f 14528 14534 14521
f 14521 14510 14527
f 14534 14536 14535
f 14535 14539 14538
f 14538 14525 14537
f 14541 14543 14542
f 14544 14541 14523
f 14544 14548 14547
f 14549 14550 14531
f 14531 14532 14543
f 14520 14531 14550
f 14529 14554 14551
f 14551 14526 14530
f 14535 14537 14559
f 14535 14559 14558
f 14556 14533 14535
f 14505 14506 14555
f 14555 14556 14535
f 14535 14558 14557
f 14557 14507 14505
f 14505 14555 14535
f 14543 14532 14560
f 14561 14504 14503
f 14543 14560 14561
f 14508 14542 14543
f 14561 14503 14508
f 14563 14565 14564
o de_nuke_world_geometry.097
v -354.641327 -60.081291 160.080872
v -354.641327 -60.081291 250.377838
v -371.283447 -56.515137 252.160950
v -371.283447 -56.515137 158.000671
v -418.649292 -46.365288 252.663803
v -418.649292 -41.793289 252.663803
v -418.649292 -41.793289 156.651886
v -418.649292 -46.365288 156.651886
v -417.369141 -46.639603 257.098633
v -418.649292 -46.365288 257.235840
v -418.649292 -46.365288 152.079849
v -424.592896 -41.793289 252.663803
v -419.780884 -41.793289 252.663803
v -425.850250 -41.793289 252.663803
v -425.850250 -41.793289 156.651886
v -424.592896 -41.793289 156.651886
v -419.780884 -41.793289 156.651886
s 0
f 14566 14568 14567
f 14572 14570 14573
f 14573 14570 14574
f 14581 14577 14578
f 14566 14569 14568
f 14572 14571 14570
f 14568 14569 14576
f 14568 14576 14573
f 14570 14575 14574
f 14574 14568 14573
f 14571 14572 14582
f 14581 14580 14579
f 14571 14582 14581
f 14578 14571 14581
f 14581 14579 14577
o de_nuke_world_geometry.098
v -464.369354 -46.365288 257.235840
v -464.369354 -46.365288 152.079849
v -464.369354 -46.365288 154.365814
v -464.369354 -37.221287 252.663803
v -464.369354 -46.365288 252.663803
v -464.369354 -37.221287 156.651886
v -464.369354 -46.365288 156.651886
v -418.649292 -46.365288 252.663803
v -418.649292 -41.793289 156.651886
v -418.649292 -46.365288 156.651886
v -418.649292 -46.365288 257.235840
v -418.649292 -46.365288 152.079849
v -423.621399 -46.365288 152.079849
v -418.797943 -46.365288 152.079849
v -418.797943 -46.365288 257.235840
v -423.621399 -46.365288 257.235840
v -428.136322 -69.225288 252.663803
v -451.636322 -69.225288 252.663803
v -451.636322 -69.225288 156.651886
v -428.136322 -69.225288 156.651886
v -426.238892 -46.365288 252.663803
v -456.391205 -46.365288 252.663803
v -423.621399 -46.365288 252.663803
v -418.797943 -46.365288 252.663803
v -458.288635 -37.221287 252.663803
v -425.850250 -41.793289 156.651886
v -426.238892 -46.365288 156.651886
v -423.621399 -46.365288 156.651886
v -424.592896 -41.793289 156.651886
v -418.797943 -46.365288 156.651886
v -419.780884 -41.793289 156.651886
v -456.391205 -46.365288 156.651886
v -458.288635 -37.221287 156.651886
s 0
f 14601 14599 14602
f 14587 14607 14586
f 14611 14609 14608
f 14591 14612 14613
f 14589 14615 14614
f 14601 14609 14614
f 14596 14592 14594
f 14585 14609 14610
f 14607 14588 14586
f 14607 14601 14615
f 14606 14593 14590
f 14604 14583 14598
f 14601 14600 14599
f 14587 14604 14607
f 14611 14610 14609
f 14591 14592 14612
f 14589 14588 14615
f 14601 14602 14609
f 14596 14612 14592
f 14610 14595 14584
f 14585 14589 14614
f 14610 14584 14585
f 14585 14614 14609
f 14607 14615 14588
f 14607 14600 14601
f 14606 14597 14593
f 14598 14605 14603
f 14604 14587 14583
f 14598 14603 14604
o de_nuke_world_geometry.099
v -418.649292 -46.365288 252.663803
v -418.649292 -41.793289 252.663803
v -428.136322 -69.225288 252.663803
v -428.136322 -69.225288 156.651886
v -424.592896 -41.793289 252.663803
v -419.780884 -41.793289 252.663803
v -426.238892 -46.365288 252.663803
v -425.850250 -41.793289 252.663803
v -423.621399 -46.365288 252.663803
v -418.797943 -46.365288 252.663803
v -425.850250 -41.793289 156.651886
s 0
f 14620 14622 14624
f 14625 14617 14621
f 14626 14618 14623
f 14620 14623 14622
f 14625 14616 14617
f 14626 14619 14618
o de_nuke_world_geometry.100
v -615.245300 -80.655304 140.649841
v -516.947327 -80.655304 140.649841
v -512.375427 -94.371307 140.649841
v -511.963837 -94.371307 140.649841
v -620.228882 -94.371307 140.649841
v -619.817322 -94.371307 140.649841
v -510.295166 -98.943306 140.649841
v -621.897522 -98.943306 140.649841
v -510.295166 -98.943306 268.665833
v -511.963837 -94.371307 268.665833
v -615.245300 -80.655304 268.665833
v -621.897522 -98.943306 268.665833
v -512.375427 -94.371307 268.665833
v -516.947327 -80.655304 268.665833
v -615.245300 -80.655304 145.221863
v -516.947327 -80.655304 145.221863
v -516.947327 -80.655304 264.093811
v -516.947327 -80.655304 250.377838
v -526.514221 -80.655304 250.377838
v -552.003174 -80.655304 250.377838
v -581.378235 -80.655304 250.377838
v -606.867188 -80.655304 250.377838
v -615.245300 -80.655304 250.377838
v -615.245300 -80.655304 158.937836
v -606.867188 -80.655304 158.937836
v -581.378235 -80.655304 158.937836
v -552.003174 -80.655304 158.937836
v -526.514221 -80.655304 158.937836
v -516.947327 -80.655304 158.937836
v -468.941376 -94.371307 264.093811
v -468.941376 -94.371307 245.805817
v -468.941376 -94.371307 163.509857
v -468.941376 -94.371307 145.221863
v -624.697998 -94.371307 163.509857
v -507.391815 -94.371307 163.509857
v -620.228882 -94.371307 158.937836
v -620.228882 -94.371307 145.221863
v -621.897522 -98.943306 145.221863
v -621.897522 -98.943306 158.937836
v -624.389343 -105.801292 145.221863
v -624.389343 -105.801292 158.937836
v -511.963837 -94.371307 145.221863
v -511.963837 -94.371307 158.937836
v -507.803345 -105.801292 158.937836
v -507.803345 -105.801292 145.221863
v -510.295166 -98.943306 145.221863
v -510.295166 -98.943306 158.937836
v -512.375427 -94.371307 145.221863
v -619.817322 -94.371307 145.221863
v -505.723145 -98.943306 145.221863
v -507.391815 -94.371307 145.221863
v -503.231293 -105.801292 145.221863
v -625.943787 -98.943306 145.221863
v -649.535339 -94.371307 145.221863
v -649.535339 -94.371307 163.509857
v -624.697998 -94.371307 145.221863
v -627.818359 -105.801292 145.221863
v -649.535339 -94.371307 264.093811
v -649.535339 -94.371307 245.805817
v -507.391815 -94.371307 245.805817
v -624.697998 -94.371307 245.805817
v -511.963837 -94.371307 250.377838
v -511.963837 -94.371307 264.093811
v -507.803345 -105.801292 264.093811
v -507.803345 -105.801292 250.377838
v -510.295166 -98.943306 250.377838
v -510.295166 -98.943306 264.093811
v -621.897522 -98.943306 250.377838
v -621.897522 -98.943306 264.093811
v -624.389343 -105.801292 250.377838
v -624.389343 -105.801292 264.093811
v -512.375427 -94.371307 264.093811
v -625.943787 -98.943306 264.093811
v -624.697998 -94.371307 264.093811
v -627.818359 -105.801292 264.093811
v -505.723145 -98.943306 264.093811
v -507.391815 -94.371307 264.093811
v -503.231293 -105.801292 264.093811
s 0
f 14646 14643 14637
f 14652 14651 14642
f 14664 14631 14663
f 14665 14666 14664
f 14641 14662 14663
f 14655 14668 14669
f 14672 14670 14673
f 14668 14633 14672
f 14674 14628 14629
f 14641 14632 14627
f 14658 14677 14661
f 14676 14671 14672
f 14680 14660 14682
f 14679 14666 14683
f 14687 14686 14661
f 14643 14688 14689
f 14692 14690 14693
f 14693 14636 14689
f 14695 14649 14637
f 14695 14696 14694
f 14643 14639 14640
f 14685 14700 14687
f 14699 14697 14695
f 14656 14686 14703
f 14702 14690 14704
f 14637 14649 14648
f 14637 14648 14647
f 14643 14640 14637
f 14645 14644 14643
f 14637 14647 14646
f 14646 14645 14643
f 14642 14655 14654
f 14642 14654 14653
f 14650 14641 14642
f 14651 14650 14642
f 14642 14653 14652
f 14662 14665 14664
f 14664 14634 14631
f 14663 14662 14664
f 14665 14667 14666
f 14641 14650 14662
f 14655 14642 14668
f 14672 14671 14670
f 14672 14673 14669
f 14668 14630 14633
f 14672 14669 14668
f 14674 14642 14628
f 14641 14675 14632
f 14658 14659 14677
f 14676 14678 14671
f 14680 14681 14660
f 14679 14664 14666
f 14660 14681 14685
f 14660 14685 14687
f 14657 14658 14661
f 14661 14660 14687
f 14686 14657 14661
f 14643 14644 14688
f 14692 14691 14690
f 14688 14692 14693
f 14693 14635 14636
f 14689 14688 14693
f 14637 14638 14695
f 14695 14694 14649
f 14695 14697 14696
f 14643 14698 14639
f 14685 14684 14700
f 14699 14701 14697
f 14656 14657 14686
f 14702 14693 14690
o de_nuke_world_geometry.101
v -516.947327 -80.655304 250.377838
v -526.514221 -80.655304 250.377838
v -552.003174 -80.655304 250.377838
v -581.378235 -80.655304 250.377838
v -606.867188 -80.655304 250.377838
v -615.245300 -80.655304 250.377838
v -615.245300 -80.655304 158.937836
v -606.867188 -80.655304 158.937836
v -581.378235 -80.655304 158.937836
v -552.003174 -80.655304 158.937836
v -526.514221 -80.655304 158.937836
v -516.947327 -80.655304 158.937836
v -620.228882 -94.371307 158.937836
v -621.897522 -98.943306 158.937836
v -624.389343 -105.801292 158.937836
v -511.963837 -94.371307 158.937836
v -507.803345 -105.801292 158.937836
v -510.295166 -98.943306 158.937836
v -615.108215 -98.943306 158.937836
v -613.382202 -94.371307 158.937836
v -615.576843 -94.371307 158.937836
v -560.712830 -94.371307 158.937836
v -575.388977 -94.371307 158.937836
v -573.388672 -98.943306 158.937836
v -560.244202 -98.943306 158.937836
v -558.529663 -94.371307 158.937836
v -518.524658 -98.943306 158.937836
v -520.513489 -94.371307 158.937836
v -612.959351 -93.228302 158.937836
v -594.671326 -85.227303 158.937836
v -576.383362 -92.085289 158.937836
v -539.807312 -85.227303 158.937836
v -521.519348 -92.085289 158.937836
v -558.095337 -93.228302 158.937836
v -617.679932 -105.801292 158.937836
v -570.382629 -105.801292 158.937836
v -562.815918 -105.801292 158.937836
v -515.518616 -105.801292 158.937836
v -511.963837 -94.371307 250.377838
v -507.803345 -105.801292 250.377838
v -510.295166 -98.943306 250.377838
v -621.897522 -98.943306 250.377838
v -624.389343 -105.801292 250.377838
v -515.518616 -105.801292 250.377838
v -562.815918 -105.801292 250.377838
v -570.382629 -105.801292 250.377838
v -617.668457 -105.801292 250.377838
v -615.576843 -94.371307 250.377838
v -613.382202 -94.371307 250.377838
v -615.096741 -98.943306 250.377838
v -620.228882 -94.371307 250.377838
v -573.388672 -98.943306 250.377838
v -575.388977 -94.371307 250.377838
v -560.712830 -94.371307 250.377838
v -558.529663 -94.371307 250.377838
v -560.244202 -98.943306 250.377838
v -520.513489 -94.371307 250.377838
v -518.524658 -98.943306 250.377838
v -612.959351 -93.228302 250.377838
v -594.671326 -85.227303 250.377838
v -576.383362 -92.085289 250.377838
v -539.807312 -85.227303 250.377838
v -521.519348 -92.085289 250.377838
v -558.095337 -93.228302 250.377838
s 0
f 14733 14724 14725
f 14734 14717 14711
f 14712 14713 14735
f 14736 14727 14713
f 14716 14732 14715
f 14714 14715 14737
f 14738 14730 14726
f 14739 14718 14723
f 14729 14740 14728
f 14742 14722 14721
f 14763 14752 14753
f 14764 14710 14755
f 14765 14708 14709
f 14766 14708 14757
f 14761 14705 14706
f 14767 14706 14707
f 14768 14758 14759
f 14751 14746 14747
f 14760 14750 14749
f 14745 14748 14744
f 14711 14712 14734
f 14734 14725 14717
f 14713 14714 14736
f 14736 14726 14727
f 14716 14720 14732
f 14739 14719 14718
f 14729 14741 14740
f 14742 14731 14722
f 14755 14752 14764
f 14764 14709 14710
f 14757 14758 14766
f 14766 14707 14708
f 14761 14743 14705
f 14751 14754 14746
f 14760 14756 14750
f 14745 14762 14748
o de_nuke_world_geometry.102
v -2956.109131 -127.518288 286.953857
v -2958.395264 -127.518288 286.953857
v -2958.395264 -127.518288 213.801849
v -2956.109131 -127.518288 213.801849
v -2956.109131 -164.094299 213.801849
v -2958.395264 -164.094299 213.801849
v -2958.395264 -164.094299 286.953857
v -2956.109131 -164.094299 286.953857
s 0
f 14771 14769 14772
f 14775 14773 14776
f 14774 14770 14771
f 14775 14769 14770
f 14773 14771 14772
f 14771 14770 14769
f 14775 14774 14773
f 14774 14775 14770
f 14775 14776 14769
f 14773 14774 14771
o de_nuke_world_geometry.103
v -2956.109131 -127.518288 286.953857
v -2956.109131 -127.518288 213.801849
v -2956.109131 -164.094299 213.801849
v -2956.109131 -164.094299 286.953857
s 0
f 14780 14778 14777
f 14780 14779 14778
o de_nuke_world_geometry.104
v 1247.844727 -36.078308 -98.237228
v 1247.844727 -17.790306 -98.237228
v 1293.564697 -17.790306 -98.237228
v 1293.564697 -36.078308 -98.237228
s 0
f 14784 14782 14783
f 14784 14781 14782
o de_nuke_world_geometry.105
v 1055.820679 229.097702 -188.534210
v 1051.248779 229.097702 -188.534210
v 1051.248779 229.097702 -225.110199
v 1055.820679 229.097702 -225.110199
v 1055.820679 -127.518288 -225.110199
v 1051.248779 -127.518288 -225.110199
v 1051.248779 -127.518288 -188.534210
v 1055.820679 -127.518288 -188.534210
v 1055.820679 -26.934307 -225.110199
v 1051.248779 -26.934307 -225.110199
v 1051.248779 -26.934307 -188.534210
v 1055.820679 -26.934307 -188.534210
v 1983.936768 238.241684 -627.446167
v 1979.364624 238.241684 -627.446167
v 1979.364624 238.241684 -664.022217
v 1983.936768 238.241684 -664.022217
v 1983.936768 -127.518288 -664.022217
v 1979.364624 -127.518288 -664.022217
v 1979.364624 -127.518288 -627.446167
v 1983.936768 -127.518288 -627.446167
v 1983.936768 -17.790306 -664.022217
v 1979.364624 -17.790306 -664.022217
v 1979.364624 -17.790306 -627.446167
v 1983.936768 -17.790306 -627.446167
v 1755.336670 -337.830292 506.409882
v 1755.336670 -337.830292 542.985901
v 1759.908691 -127.518288 542.985901
v 1755.336670 -127.518288 542.985901
v 1755.336670 -127.518288 506.409882
v 1759.908691 -127.518288 506.409882
v 1353.000732 -337.830292 506.409882
v 1353.000732 -337.830292 542.985901
v 1357.572754 -127.518288 542.985901
v 1353.000732 -127.518288 542.985901
v 1353.000732 -127.518288 506.409882
v 1357.572754 -127.518288 506.409882
s 0
f 14787 14785 14788
f 14788 14796 14793
f 14796 14789 14793
f 14786 14794 14795
f 14794 14791 14795
f 14799 14797 14800
f 14798 14806 14807
f 14806 14803 14807
f 14800 14808 14805
f 14808 14801 14805
f 14813 14811 14814
f 14813 14810 14812
f 14819 14817 14820
f 14819 14816 14818
f 14787 14786 14785
f 14788 14785 14796
f 14796 14792 14789
f 14786 14787 14794
f 14794 14790 14791
f 14799 14798 14797
f 14798 14799 14806
f 14806 14802 14803
f 14800 14797 14808
f 14808 14804 14801
f 14813 14812 14811
f 14813 14809 14810
f 14819 14818 14817
f 14819 14815 14816
o de_nuke_world_geometry.106
v 1055.820679 -127.518288 -225.110199
v 1051.248779 -127.518288 -225.110199
v 1051.248779 -127.518288 -188.534210
v 1055.820679 -127.518288 -188.534210
v 1983.936768 -127.518288 -664.022217
v 1979.364624 -127.518288 -664.022217
v 1979.364624 -127.518288 -627.446167
v 1983.936768 -127.518288 -627.446167
v 1759.908691 -337.830292 506.409882
v 1755.336670 -337.830292 506.409882
v 1755.336670 -337.830292 542.985901
v 1759.908691 -337.830292 542.985901
v 1357.572754 -337.830292 506.409882
v 1353.000732 -337.830292 506.409882
v 1353.000732 -337.830292 542.985901
v 1357.572754 -337.830292 542.985901
s 0
f 14823 14821 14824
f 14827 14825 14828
f 14831 14829 14832
f 14835 14833 14836
f 14823 14822 14821
f 14827 14826 14825
f 14831 14830 14829
f 14835 14834 14833
o de_nuke_world_geometry.107
v 1055.820679 229.097702 -188.534210
v 1051.248779 229.097702 -188.534210
v 1051.248779 229.097702 -225.110199
v 1055.820679 229.097702 -225.110199
v 1055.820679 -127.518288 -225.110199
v 1051.248779 -127.518288 -225.110199
v 1051.248779 -127.518288 -188.534210
v 1055.820679 -127.518288 -188.534210
v 1055.820679 -26.934307 -225.110199
v 1051.248779 -26.934307 -225.110199
v 1051.248779 -26.934307 -188.534210
v 1055.820679 -26.934307 -188.534210
v 1983.936768 238.241684 -627.446167
v 1979.364624 238.241684 -627.446167
v 1979.364624 238.241684 -664.022217
v 1983.936768 238.241684 -664.022217
v 1983.936768 -127.518288 -664.022217
v 1979.364624 -127.518288 -664.022217
v 1979.364624 -127.518288 -627.446167
v 1983.936768 -127.518288 -627.446167
v 1983.936768 -17.790306 -664.022217
v 1979.364624 -17.790306 -664.022217
v 1979.364624 -17.790306 -627.446167
v 1983.936768 -17.790306 -627.446167
v 1759.908691 -337.830292 506.409882
v 1755.336670 -337.830292 506.409882
v 1755.336670 -337.830292 542.985901
v 1759.908691 -337.830292 542.985901
v 1759.908691 -127.518288 542.985901
v 1755.336670 -127.518288 542.985901
v 1755.336670 -127.518288 506.409882
v 1759.908691 -127.518288 506.409882
v 1357.572754 -337.830292 506.409882
v 1353.000732 -337.830292 506.409882
v 1353.000732 -337.830292 542.985901
v 1357.572754 -337.830292 542.985901
v 1357.572754 -127.518288 542.985901
v 1353.000732 -127.518288 542.985901
v 1353.000732 -127.518288 506.409882
v 1357.572754 -127.518288 506.409882
s 0
f 14839 14845 14846
f 14845 14842 14846
f 14837 14847 14848
f 14847 14844 14848
f 14851 14857 14858
f 14857 14854 14858
f 14849 14859 14860
f 14859 14856 14860
f 14866 14864 14865
f 14868 14862 14867
f 14874 14872 14873
f 14876 14870 14875
f 14839 14840 14845
f 14845 14841 14842
f 14837 14838 14847
f 14847 14843 14844
f 14851 14852 14857
f 14857 14853 14854
f 14849 14850 14859
f 14859 14855 14856
f 14866 14863 14864
f 14868 14861 14862
f 14874 14871 14872
f 14876 14869 14870
o de_nuke_world_geometry.108
v 667.200684 -92.085289 -769.178162
v 667.200684 -90.942314 -769.178162
v 648.912659 -90.942314 -769.178162
v 648.912659 -92.085289 -769.178162
v 667.200684 -92.085289 -741.746155
v 667.200684 -90.942314 -741.746155
v 667.200684 -90.942314 -737.174133
v 667.200684 -92.085289 -737.174133
v 667.200684 -90.942314 -764.606201
v 667.200684 -92.085289 -764.606201
v 685.488708 -92.085289 -764.606201
v 685.488708 -90.942314 -764.606201
v 685.488708 -92.085289 -755.462158
v 685.488708 -92.085289 -737.174133
v 685.488708 -90.942314 -737.174133
v 708.348633 -92.085289 -755.462158
v 708.348633 -89.799309 -755.462158
v 690.060669 -89.799309 -755.462158
v 690.060669 -92.085289 -755.462158
v 708.348633 -92.085289 -728.030212
v 708.348633 -89.799309 -728.030212
v 690.060669 -89.799309 -728.030212
v 690.060669 -92.085289 -728.030212
v 662.628662 -90.942314 -741.746155
v 662.628662 -92.085289 -741.746155
v 648.912659 -92.085289 -741.746155
v 648.912659 -90.942314 -741.746155
v 644.340637 -90.942314 -741.746155
v 644.340637 -92.085289 -741.746155
v 644.340637 -90.942314 -714.314148
v 644.340637 -92.085289 -714.314148
v 662.628662 -90.942314 -714.314148
v 662.628662 -92.085289 -714.314148
v 575.760681 -89.799309 -572.582214
v 575.760681 -90.942314 -572.582214
v 575.760681 -90.942314 -554.294189
v 575.760681 -89.799309 -554.294189
v 552.900635 -90.942314 -600.014160
v 525.468689 -90.942314 -600.014160
v 525.468689 -89.799309 -600.014160
v 552.900635 -89.799309 -600.014160
v 525.468689 -90.942314 -618.302185
v 542.590759 -90.942314 -618.302185
v 552.900635 -90.942314 -618.302185
v 552.900635 -89.799309 -618.302185
v 525.468689 -89.799309 -618.302185
v 520.896667 -90.942314 -577.154175
v 534.612610 -90.942314 -577.154175
v 534.612610 -89.799309 -577.154175
v 520.896667 -89.799309 -577.154175
v 562.044678 -90.942314 -577.154175
v 548.328674 -90.942314 -577.154175
v 548.328674 -89.799309 -577.154175
v 562.044678 -89.799309 -577.154175
v 534.612610 -89.799309 -595.442139
v 562.044678 -89.799309 -595.442139
v 534.612610 -90.942314 -595.442139
v 562.044678 -90.942314 -595.442139
v 548.328674 -90.942314 -572.582214
v 548.328674 -89.799309 -572.582214
v 548.328674 -90.942314 -558.866150
v 548.328674 -89.799309 -558.866150
v 548.328674 -89.799309 -554.294189
v 548.328674 -90.942314 -554.294189
v 520.896667 -90.942314 -558.866150
v 520.896667 -89.799309 -558.866150
s 0
f 14879 14877 14880
f 14883 14881 14884
f 14877 14885 14886
f 14885 14887 14886
f 14888 14890 14889
f 14894 14892 14895
f 14893 14896 14892
f 14898 14895 14899
f 14897 14899 14896
f 14891 14884 14890
f 14881 14900 14901
f 14904 14902 14905
f 14903 14880 14902
f 14906 14905 14907
f 14903 14906 14908
f 14900 14909 14901
f 14908 14907 14909
f 14912 14910 14913
f 14916 14914 14917
f 14921 14919 14918
f 14917 14920 14921
f 14922 14915 14916
f 14922 14917 14921
f 14925 14923 14926
f 14929 14927 14930
f 14932 14933 14931
f 14931 14924 14925
f 14930 14934 14932
f 14936 14928 14929
f 14939 14937 14940
f 14913 14940 14912
f 14910 14935 14936
f 14942 14937 14938
f 14926 14941 14942
f 14879 14878 14877
f 14883 14882 14881
f 14877 14878 14885
f 14885 14888 14887
f 14889 14887 14888
f 14888 14891 14890
f 14894 14893 14892
f 14893 14897 14896
f 14898 14894 14895
f 14897 14898 14899
f 14891 14883 14884
f 14881 14882 14900
f 14904 14903 14902
f 14903 14879 14880
f 14906 14904 14905
f 14908 14900 14903
f 14903 14904 14906
f 14900 14908 14909
f 14908 14906 14907
f 14912 14911 14910
f 14916 14915 14914
f 14918 14922 14921
f 14921 14920 14919
f 14917 14914 14920
f 14922 14918 14915
f 14922 14916 14917
f 14925 14924 14923
f 14929 14928 14927
f 14932 14934 14933
f 14931 14933 14924
f 14930 14927 14934
f 14936 14935 14928
f 14939 14938 14937
f 14913 14939 14940
f 14910 14911 14935
f 14942 14941 14937
f 14926 14923 14941
o de_nuke_world_geometry.109
v 708.348633 -89.799309 -755.462158
v 690.060669 -89.799309 -755.462158
v 708.348633 -89.799309 -728.030212
v 690.060669 -89.799309 -728.030212
v 575.760681 -89.799309 -572.582214
v 575.760681 -89.799309 -554.294189
v 548.328674 -89.799309 -572.582214
v 548.328674 -89.799309 -558.866150
v 548.328674 -89.799309 -554.294189
s 0
f 14944 14945 14943
f 14948 14949 14950
f 14944 14946 14945
f 14950 14951 14948
f 14948 14947 14949
o de_nuke_world_geometry.110
v 667.200684 -90.942314 -741.746155
v 667.200684 -90.942314 -737.174133
v 667.200684 -90.942314 -764.606201
v 685.488708 -90.942314 -764.606201
v 685.488708 -90.942314 -737.174133
v 534.612610 -89.799309 -577.154175
v 548.328674 -89.799309 -577.154175
v 562.044678 -89.799309 -577.154175
v 534.612610 -89.799309 -595.442139
v 562.044678 -89.799309 -595.442139
s 0
f 14954 14952 14956
f 14960 14958 14959
f 14956 14955 14954
f 14952 14953 14956
f 14959 14961 14960
f 14960 14957 14958
o de_nuke_world_geometry.111
v 667.200684 -90.942314 -769.178162
v 648.912659 -90.942314 -769.178162
v 667.200684 -90.942314 -741.746155
v 667.200684 -90.942314 -764.606201
v 662.628662 -90.942314 -741.746155
v 648.912659 -90.942314 -741.746155
v 534.612610 -89.799309 -577.154175
v 520.896667 -89.799309 -577.154175
v 548.328674 -89.799309 -577.154175
v 548.328674 -89.799309 -572.582214
v 548.328674 -89.799309 -558.866150
v 520.896667 -89.799309 -558.866150
s 0
f 14963 14966 14965
f 14968 14973 14971
f 14965 14962 14963
f 14963 14967 14966
f 14966 14964 14965
f 14971 14970 14968
f 14968 14969 14973
f 14973 14972 14971
o de_nuke_world_geometry.112
v 1886.781738 -452.130280 -170.246201
v 1886.781738 -429.270325 -170.246201
v 1886.781738 -452.130280 -124.526138
v 1886.781738 -429.270325 -124.526138
s 0
f 14975 14976 14977
f 14975 14974 14976
o de_nuke_world_geometry.113
v 2981.775879 -118.374290 1413.951782
v 2981.775879 -136.662292 1413.951782
v 2981.775879 -136.662292 1436.811768
v 2981.775879 -118.374290 1436.811768
v 3168.084961 37.073700 1413.951782
v 3149.796875 37.073700 1413.951782
v 3149.796875 37.073700 1436.811768
v 3168.084961 37.073700 1436.811768
v 3149.796875 82.793709 1436.811768
v 3149.796875 71.363686 1448.241943
v 3149.796875 48.503685 1448.241943
v 3149.796875 48.503685 1402.521851
v 3149.796875 71.363686 1402.521851
v 3149.796875 82.793709 1413.951782
v 3168.084961 48.503685 1402.521851
v 3168.084961 71.363686 1402.521851
v 3168.084961 82.793709 1436.811768
v 3168.084961 82.793709 1413.951782
v 3168.084961 48.503685 1448.241943
v 3168.084961 71.363686 1448.241943
v 2970.345703 -118.374290 1448.241943
v 2947.485840 -118.374290 1448.241943
v 2936.055908 -118.374290 1436.811768
v 2936.055908 -118.374290 1413.951782
v 2947.485840 -118.374290 1402.521851
v 2970.345703 -118.374290 1402.521851
v 2970.345703 -136.662292 1448.241943
v 2947.485840 -136.662292 1448.241943
v 2936.055908 -136.662292 1436.811768
v 2936.055908 -136.662292 1413.951782
v 2947.485840 -136.662292 1402.521851
v 2970.345703 -136.662292 1402.521851
s 0
f 14980 14978 14981
f 14984 14982 14985
f 14983 14988 14986
f 14993 14989 14990
f 14991 14994 14995
f 14987 14996 14997
f 14997 14985 14992
f 14992 14983 14989
f 14995 14990 14991
f 14988 14985 14996
f 14986 14997 14994
f 15001 14999 14981
f 15005 14998 14999
f 15007 15000 15001
f 15009 15002 15003
f 14979 15004 15006
f 14978 15009 15003
f 14998 14980 14981
f 15002 15007 15001
f 15000 15005 14999
f 14980 14979 14978
f 14984 14983 14982
f 14986 14991 14990
f 14990 14989 14983
f 14983 14984 14988
f 14988 14987 14986
f 14986 14990 14983
f 14993 14992 14989
f 14991 14986 14994
f 14987 14988 14996
f 14992 14993 14995
f 14995 14994 14997
f 14997 14996 14985
f 14985 14982 14992
f 14992 14995 14997
f 14992 14982 14983
f 14995 14993 14990
f 14988 14984 14985
f 14986 14987 14997
f 14981 14978 15003
f 15003 15002 15001
f 15001 15000 14999
f 14999 14998 14981
f 14981 15003 15001
f 15005 15004 14998
f 15007 15006 15000
f 15009 15008 15002
f 15006 15007 15008
f 15008 15009 14979
f 14979 14980 15004
f 15004 15005 15006
f 15006 15008 14979
f 14978 14979 15009
f 14998 15004 14980
f 15002 15008 15007
f 15000 15006 15005
o de_nuke_world_geometry.114
v -79.178329 -136.662292 -60.518188
v -251.771301 -136.662292 1.203804
v -181.356155 -136.662292 195.513840
v -8.058331 -136.662292 195.513840
v 11.118706 -136.662292 188.655853
v -161.474335 -136.662292 250.377838
v 11.118706 -132.090302 188.655853
v -161.474335 -132.090302 250.377838
v -239.631302 -132.090302 34.704208
v -67.389366 -132.090302 -27.986755
v -251.771301 -132.090302 1.203804
v -79.178329 -132.090302 -60.518188
s 0
f 15013 15011 15010
f 15013 15015 15012
f 15019 15017 15016
f 15021 15018 15019
f 15015 15013 15016
f 15012 15017 15018
f 15010 15020 15021
f 15014 15021 15019
f 15010 15014 15013
f 15013 15012 15011
f 15019 15018 15017
f 15021 15020 15018
f 15016 15017 15015
f 15013 15014 15016
f 15018 15020 15011
f 15012 15015 15017
f 15018 15011 15012
f 15010 15011 15020
f 15019 15016 15014
f 15014 15010 15021
o de_nuke_world_geometry.115
v 1759.908691 -337.830292 506.409882
v 1759.908691 -337.830292 542.985901
v 1759.908691 -127.518288 542.985901
v 1759.908691 -127.518288 506.409882
v 1357.572754 -337.830292 506.409882
v 1357.572754 -337.830292 542.985901
v 1357.572754 -127.518288 542.985901
v 1357.572754 -127.518288 506.409882
s 0
f 15024 15022 15025
f 15028 15026 15029
f 15024 15023 15022
f 15028 15027 15026
o de_nuke_world_geometry.117
v 1540.452759 -136.662292 1237.929688
v 1485.588623 -136.662292 1237.929688
v 1485.588623 -136.662292 1292.793823
v 1540.452759 -136.662292 1292.793823
v 1485.588623 -81.798317 1237.929688
v 1540.452759 -81.798317 1237.929688
v 1485.588623 -81.798317 1292.793823
v 1540.452759 -81.798317 1292.793823
v 1083.252808 -136.662292 1219.641846
v 1028.388794 -136.662292 1219.641846
v 1028.388794 -136.662292 1274.505737
v 1083.252808 -136.662292 1274.505737
v 1083.252808 -81.798317 1274.505737
v 1028.388794 -81.798317 1274.505737
v 1028.388794 -81.798317 1219.641846
v 1083.252808 -81.798317 1219.641846
s 0
f 15032 15030 15033
f 15034 15037 15035
f 15040 15038 15041
f 15044 15042 15045
f 15032 15031 15030
f 15034 15036 15037
f 15040 15039 15038
f 15044 15043 15042
o de_nuke_world_geometry.118
v 1540.452759 -136.662292 1237.929688
v 1485.588623 -136.662292 1237.929688
v 1485.588623 -136.662292 1292.793823
v 1540.452759 -136.662292 1292.793823
v 1485.588623 -81.798317 1237.929688
v 1540.452759 -81.798317 1237.929688
v 1485.588623 -81.798317 1292.793823
v 1540.452759 -81.798317 1292.793823
v 1083.252808 -136.662292 1219.641846
v 1028.388794 -136.662292 1219.641846
v 1028.388794 -136.662292 1274.505737
v 1083.252808 -136.662292 1274.505737
v 1083.252808 -81.798317 1274.505737
v 1028.388794 -81.798317 1274.505737
v 1028.388794 -81.798317 1219.641846
v 1083.252808 -81.798317 1219.641846
s 0
f 15046 15050 15051
f 15047 15052 15050
f 15049 15051 15053
f 15048 15053 15052
f 15056 15058 15059
f 15055 15059 15060
f 15057 15061 15058
f 15054 15060 15061
f 15046 15047 15050
f 15047 15048 15052
f 15049 15046 15051
f 15048 15049 15053
f 15056 15057 15058
f 15055 15056 15059
f 15057 15054 15061
f 15054 15055 15060
o de_nuke_world_geometry.119
v 564.604980 -89.799309 -648.568848
v 566.845276 -89.799309 -630.703735
v 541.219177 -89.799309 -625.583069
v 537.847351 -89.799309 -643.562500
v 564.604980 -90.942314 -648.568848
v 537.847351 -90.942314 -643.562500
v 566.845276 -90.942314 -630.703735
v 541.219177 -90.942314 -625.583069
s 0
f 15065 15063 15062
f 15069 15063 15064
f 15068 15062 15063
f 15066 15065 15062
f 15067 15064 15065
f 15065 15064 15063
f 15069 15068 15063
f 15068 15066 15062
f 15066 15067 15065
f 15067 15069 15064
o de_nuke_world_geometry.120
v 523.342651 -136.662292 -652.260681
v 519.170776 -136.662292 -652.260681
v 519.170776 -136.662292 -647.802979
v 523.342651 -136.662292 -647.802979
s 0
f 15072 15070 15073
f 15072 15071 15070
o de_nuke_world_geometry.121
v 2029.656860 -356.118317 -316.550171
v 2020.512817 -356.118317 -316.550171
v 2020.512817 -264.678284 -316.550171
v 2029.656860 -264.678284 -316.550171
v 2020.512817 -356.118317 -572.582214
v 2029.656860 -356.118317 -572.582214
v 2029.656860 -264.678284 -572.582214
v 2020.512817 -264.678284 -572.582214
v 2057.088867 -77.226311 -211.394180
v 2057.088867 -31.506308 -211.394180
v 2057.088867 -31.506308 -215.966202
v 2057.088867 -77.226311 -215.966202
v 1993.080566 -77.226311 -215.966202
v 1993.080566 -77.226311 -211.394180
v 1993.080566 -31.506308 -215.966202
v 1993.080566 -31.506308 -211.394180
v 2130.240723 -77.226311 -211.394180
v 2130.240723 -31.506308 -211.394180
v 2130.240723 -31.506308 -215.966202
v 2130.240723 -77.226311 -215.966202
v 2066.232666 -77.226311 -215.966202
v 2066.232666 -77.226311 -211.394180
v 2066.232666 -31.506308 -215.966202
v 2066.232666 -31.506308 -211.394180
s 0
f 15076 15074 15077
f 15080 15078 15081
f 15081 15077 15080
f 15075 15079 15074
f 15078 15076 15081
f 15077 15079 15080
f 15084 15082 15085
f 15087 15085 15082
f 15089 15086 15087
f 15088 15083 15084
f 15088 15085 15086
f 15083 15087 15082
f 15092 15090 15093
f 15095 15093 15090
f 15097 15094 15095
f 15096 15091 15092
f 15096 15093 15094
f 15091 15095 15090
f 15076 15075 15074
f 15080 15079 15078
f 15081 15076 15077
f 15075 15078 15079
f 15078 15075 15076
f 15077 15074 15079
f 15084 15083 15082
f 15087 15086 15085
f 15089 15088 15086
f 15088 15089 15083
f 15088 15084 15085
f 15083 15089 15087
f 15092 15091 15090
f 15095 15094 15093
f 15097 15096 15094
f 15096 15097 15091
f 15096 15092 15093
f 15091 15097 15095
