# Blender 3.3.0
# www.blender.org
o bsp_model_0.006
v 212.542572 -1420.493896 -3003.396484
v 57.349548 -1237.084351 -3003.396484
v -45.919189 -1304.251099 -3003.396484
v -164.467621 -1444.250977 -3003.396484
v -185.919189 -1469.584351 -3003.396484
v -107.592621 -1377.084351 -3003.396484
v -398.419189 -1329.584351 -3383.396484
v -1346.544189 -1329.584351 -3533.396484
v -1228.099854 -1329.584351 -3514.658203
v -1340.244263 -1274.145020 -3573.244141
v -1221.803101 -1274.173096 -3554.484863
v -1221.792236 -1274.173096 -3554.482910
v -951.539612 -1329.584351 -3470.904297
v -945.250366 -1274.238770 -3510.683838
v -945.239563 -1274.238770 -3510.682373
v -674.979370 -1329.584351 -3427.150635
v -668.697571 -1274.304321 -3466.882812
v -668.686768 -1274.304321 -3466.881104
v -1296.544189 -889.584351 -3849.646484
v -1178.024658 -889.584351 -3830.895996
v -1158.264038 -889.584351 -3827.769775
v -1019.983887 -889.584351 -3805.893066
v -743.423584 -889.584351 -3762.139160
v -624.904175 -889.584351 -3743.388672
v -605.143433 -889.584351 -3740.262451
v -466.863251 -889.584351 -3718.385742
v -348.419189 -889.584351 -3699.646484
v 34.161987 -1237.084351 -2948.584229
v 254.080811 -1669.584351 -2603.396484
v 243.504028 -1657.084351 -2603.396484
v 254.080811 -1657.084351 -2628.396484
v 125.043488 -1517.084351 -2603.396484
v 135.620270 -1517.084351 -2628.396484
v 175.812225 -1517.084351 -2723.396484
v 194.850616 -1517.084351 -2768.396484
v 254.080811 -1587.084351 -2768.396484
v 235.042572 -1517.084351 -2863.396484
v 254.080811 -1517.084351 -2908.396484
v 34.161987 -1409.677979 -2603.396484
v 34.161987 -1377.084351 -2668.584229
v 57.351685 -1377.084351 -2723.396484
v 116.581573 -1377.084351 -2863.396484
v 34.161987 -1349.677979 -2723.396484
v 34.161987 -1279.678101 -2863.396484
v -175.334473 -1657.084351 -2603.396484
v -185.919189 -1669.584351 -2603.396484
v -185.919189 -1657.084351 -2628.396484
v -56.786499 -1517.084351 -2603.396484
v -67.371216 -1517.084351 -2628.396484
v -185.919189 -1587.084351 -2768.396484
v -126.645203 -1517.084351 -2768.396484
v -107.592773 -1517.084351 -2723.396484
v -185.919189 -1517.084351 -2908.396484
v -166.866760 -1517.084351 -2863.396484
v 10.955811 -1377.084351 -2723.396484
v -48.318634 -1377.084351 -2863.396484
v -185.919189 -1769.584351 -1863.396729
v -185.919189 -1769.584351 -1923.396729
v -84.380798 -1649.584351 -1923.396729
v -84.380798 -1649.584351 -1863.396729
v -185.919189 -1769.584351 -2063.396729
v -84.380798 -1649.584351 -2063.396729
v -185.919189 -1769.584351 -2203.396729
v -118.226929 -1689.584351 -2203.396729
v -84.380798 -1649.584351 -2203.396729
v 34.080811 -1509.584351 -1923.396729
v 34.080811 -1509.584351 -1863.396729
v 34.080811 -1509.584351 -2063.396729
v 0.234680 -1549.584351 -2203.396729
v 34.080811 -1509.584351 -2203.396729
v 46.773071 -1494.584351 -2323.396729
v 34.080811 -1479.584351 -2323.396729
v 61.580811 -1477.084351 -2463.396729
v 34.080811 -1444.584351 -2463.396729
v 34.080811 -1409.584351 -2603.396484
v 76.388550 -1459.584351 -2603.396484
v -185.919189 -1759.584351 -2243.396729
v -126.688385 -1689.584351 -2243.396729
v -185.919189 -1724.584351 -2383.396729
v -156.303864 -1689.584351 -2383.396729
v -143.611450 -1689.584351 -2323.396729
v -185.919189 -1689.584351 -2523.396729
v -173.226929 -1689.584351 -2463.396729
v -25.149994 -1549.584351 -2323.396729
v -54.765320 -1549.584351 -2463.396729
v -84.380798 -1549.584351 -2603.396484
v 254.080811 -1739.584351 -2323.396729
v 254.080811 -1769.584351 -2203.396729
v 228.696136 -1739.584351 -2203.396729
v 152.542419 -1649.584351 -2203.396729
v 110.234680 -1599.584351 -2203.396729
v 135.619202 -1599.584351 -2323.396729
v 254.080811 -1704.584351 -2463.396729
v 165.234680 -1599.584351 -2463.396729
v 194.850006 -1599.584351 -2603.396484
v 254.080811 -1769.584351 -1923.396729
v 254.080811 -1769.584351 -1863.396729
v 152.542419 -1649.584351 -1863.396729
v 152.542419 -1649.584351 -1923.396729
v 254.080811 -1769.584351 -2063.396729
v 152.542419 -1649.584351 -2063.396729
v -1507.794189 -1409.584351 -3650.896484
v -2259.044189 -1409.584351 -3053.396484
v -2165.215332 -1409.584351 -3128.022461
v -2284.106689 -1354.274170 -3084.822998
v -2190.242920 -1354.264038 -3159.486084
v -1946.075195 -1409.584351 -3302.313965
v -1971.113159 -1354.240479 -3333.791016
v -1726.934692 -1409.584351 -3476.605225
v -1751.983398 -1354.216797 -3508.095703
v -1532.854980 -1354.193115 -3682.399414
v -2458.419189 -969.584351 -3303.396484
v -2364.314697 -969.499817 -3378.320312
v -2145.263184 -969.302979 -3552.723389
v -1926.211426 -969.106140 -3727.126221
v -1707.169189 -968.909302 -3901.521484
v -2065.919189 -1009.584351 -2343.396729
v -1955.919189 -1157.084351 -2272.771729
v -1966.688354 -1144.357056 -2272.771729
v -1976.111450 -1133.220703 -2272.771729
v -1973.715820 -1133.220703 -2284.197998
v -2025.919189 -1074.357056 -2272.771729
v -2025.919189 -1063.220703 -2317.715088
v -1955.919189 -1507.084351 -1872.771729
v -2025.919189 -1507.084351 -1872.771729
v -2025.919189 -1511.771851 -1863.396729
v -1955.919189 -1511.771851 -1863.396729
v -2025.919189 -1157.084351 -2272.771729
v -1955.919189 -1392.084351 -2026.104980
v -1955.919189 -1357.084351 -2072.771729
v -2025.919189 -1357.084351 -2072.771729
v -2025.919189 -1402.084351 -2012.771729
v -1955.919189 -1402.084351 -2012.771729
v -2025.919189 -1454.584351 -1942.771729
v -1955.919189 -1454.584351 -1942.771729
v -1955.919189 -1414.356934 -1996.408081
v -1955.919189 -1484.356934 -1903.074829
v -1958.226929 -1284.356934 -2142.771729
v -1955.919189 -1284.356934 -2145.499023
v -1955.919189 -1287.084351 -2142.771729
v -1966.688354 -1344.356934 -2072.771729
v -2017.457520 -1284.356934 -2072.771729
v -1966.688354 -1214.357056 -2202.771729
v -1955.919189 -1214.357056 -2215.499023
v -1955.919189 -1217.084351 -2212.771729
v -2017.457520 -1214.357056 -2142.771729
v -2025.919189 -1274.357056 -2072.771729
v -2025.919189 -1237.084351 -2110.044434
v -2025.919189 -1214.357056 -2132.771729
v -2025.919189 -1144.357056 -2202.771729
v -2025.919189 -1204.357056 -2142.771729
v -2025.919189 -1167.084351 -2180.044434
v -2025.919189 -1097.084351 -2250.044434
v -1966.688354 -1494.357178 -1872.771729
v -1970.654785 -1494.357178 -1863.396729
v -2025.919189 -1424.357178 -1872.771729
v -1975.150024 -1484.356934 -1872.771729
v -2006.688354 -1451.771851 -1863.396729
v -2025.919189 -1429.044678 -1863.396729
v -1981.496094 -1414.356934 -1956.104980
v -1989.957520 -1414.356934 -1942.771729
v -2025.919189 -1414.356934 -1886.104980
v -1981.496094 -1344.356934 -2049.438477
v -1996.303833 -1344.356934 -2026.104980
v -2025.919189 -1361.856934 -1956.104980
v -2025.919189 -1344.356934 -1979.438477
v -2025.919189 -1371.857178 -1942.771729
v -2025.919189 -1367.084351 -1949.135498
v -2025.919189 -1291.856934 -2049.438477
v -2025.919189 -1309.356934 -2026.104980
v -2025.919189 -1297.084351 -2042.468750
v -2025.919189 -1217.084351 -2212.771729
v -2025.919189 -1221.629761 -2208.226318
v -2025.919189 -1287.084351 -2142.771729
v -2025.919189 -1291.629761 -2138.226318
v -2095.919189 -1507.084351 -1872.771729
v -2105.919189 -1507.084351 -1872.771729
v -2105.919189 -1511.771851 -1863.396729
v -2095.919189 -1511.771851 -1863.396729
v -2065.919189 -1027.084351 -2272.771729
v -2065.919189 -1377.084351 -1872.771729
v -2065.919189 -1381.771851 -1863.396729
v -2082.842285 -1157.084351 -2272.771729
v -2105.919189 -1063.220703 -2317.715088
v -2105.919189 -1121.227051 -2289.940674
v -2057.457520 -1217.084351 -2212.771729
v -2055.534424 -1221.629761 -2208.226318
v -2027.842285 -1287.084351 -2142.771729
v -2087.072998 -1052.084351 -2272.771729
v -2105.919189 -1074.357056 -2272.771729
v -2029.957520 -1367.084351 -1942.771729
v -2065.919189 -1367.084351 -1886.104980
v -2036.303833 -1297.084351 -2026.104980
v -2065.919189 -1314.584351 -1956.104980
v -2065.919189 -1297.084351 -1979.438477
v -2065.919189 -1227.084351 -2072.771729
v -2057.457520 -1237.084351 -2072.771729
v -2065.919189 -1244.584351 -2049.438477
v -2070.149902 -1192.084351 -2112.771729
v -2073.171875 -1167.084351 -2141.343262
v -2065.919189 -1167.084351 -2132.771729
v -2079.669189 -1113.334351 -2202.771729
v -2081.633545 -1097.084351 -2221.343262
v -2065.919189 -1097.084351 -2202.771729
v -2077.553955 -1130.834351 -2182.771729
v -2078.611328 -1122.084351 -2192.771729
v -2086.015381 -1060.834351 -2262.771729
v -2057.457520 -1167.084351 -2142.771729
v -2101.880859 -1199.584351 -2142.771729
v -2103.996094 -1192.084351 -2152.771729
v -2095.534424 -1192.084351 -2142.771729
v -2087.072998 -1252.084351 -2072.771729
v -2105.919189 -1164.357056 -2182.771729
v -2105.919189 -1144.357056 -2202.771729
v -2105.919189 -1122.084351 -2225.044434
v -2105.919189 -1185.266113 -2161.862549
v -2105.919189 -1084.357056 -2262.771729
v -2067.611572 -1367.084351 -1888.771851
v -2074.733398 -1325.001099 -1956.104980
v -2075.226807 -1322.084351 -1960.771729
v -2079.457764 -1297.084351 -2000.771729
v -2073.322998 -1333.334351 -1942.771729
v -2084.604980 -1266.667603 -2049.438477
v -2082.630859 -1278.334351 -2030.771729
v -2105.919189 -1157.084351 -2272.771729
v -2095.919189 -1157.084351 -2272.771729
v -2095.919189 -1357.084351 -2072.771729
v -2105.919189 -1357.084351 -2072.771729
v -2105.919189 -1402.084351 -2012.771729
v -2095.919189 -1402.084351 -2012.771729
v -2105.919189 -1454.584351 -1942.771729
v -2095.919189 -1454.584351 -1942.771729
v -2089.765381 -1255.266113 -2072.771729
v -2105.919189 -1274.357056 -2072.771729
v -2105.919189 -1255.266113 -2091.862549
v -2105.919189 -1204.357056 -2142.771729
v -2105.919189 -1214.357056 -2132.771729
v -2105.919189 -1424.357178 -1872.771729
v -2078.611328 -1392.084351 -1872.771729
v -2105.919189 -1429.044678 -1863.396729
v -2105.919189 -1414.356934 -1886.104980
v -2105.919189 -1392.084351 -1915.802002
v -2105.919189 -1371.857178 -1942.771729
v -2105.919189 -1361.856934 -1956.104980
v -2105.919189 -1344.356934 -1979.438477
v -2105.919189 -1322.084351 -2009.135498
v -2105.919189 -1305.857056 -2030.771729
v -2105.919189 -1291.856934 -2049.438477
v -2095.919189 -1217.084351 -2212.771729
v -2105.919189 -1217.084351 -2212.771729
v -2095.919189 -1287.084351 -2142.771729
v -2105.919189 -1287.084351 -2142.771729
v -2165.149902 -1144.357056 -2272.771729
v -2175.919189 -1157.084351 -2272.771729
v -2175.919189 -1507.084351 -1872.771729
v -2175.919189 -1511.771851 -1863.396729
v -2165.919189 -1511.771851 -1863.396729
v -2175.919189 -1357.084351 -2072.771729
v -2175.919189 -1392.084351 -2026.104980
v -2175.919189 -1402.084351 -2012.771729
v -2175.919189 -1414.356934 -1996.408081
v -2175.919189 -1454.584351 -1942.771729
v -2175.919189 -1484.356934 -1903.074829
v -2173.611328 -1284.356934 -2142.771729
v -2114.380859 -1284.356934 -2072.771729
v -2165.149902 -1344.356934 -2072.771729
v -2175.919189 -1287.084351 -2142.771729
v -2175.919189 -1284.356934 -2145.499023
v -2175.919189 -1217.084351 -2212.771729
v -2175.919189 -1214.357056 -2215.499023
v -2165.149902 -1214.357056 -2202.771729
v -2114.380859 -1214.357056 -2142.771729
v -2165.149902 -1494.357178 -1872.771729
v -2161.183594 -1494.357178 -1863.396729
v -2156.688477 -1484.356934 -1872.771729
v -2125.149902 -1451.771851 -1863.396729
v -2150.342285 -1414.356934 -1956.104980
v -2141.880859 -1414.356934 -1942.771729
v -2150.342285 -1344.356934 -2049.438477
v -2135.534424 -1344.356934 -2026.104980
v -1237.794189 -1933.334351 -509.021759
v -1237.794189 -1939.584351 -505.521851
v -1237.794189 -1939.584351 -509.021759
v -1237.794189 -1933.334351 -477.521820
v -1237.794189 -1939.584351 -477.521820
v -1237.794189 -1939.584351 -481.021729
v -1237.794189 -1939.584351 -449.521790
v -1237.794189 -1939.584351 -453.021698
v -1237.794189 -1933.334351 -421.521759
v -1237.794189 -1939.584351 -421.521759
v -1237.794189 -1939.584351 -425.021667
v -1237.794189 -1945.209351 -545.271729
v -1237.794189 -1933.334351 -545.271729
v -1237.794189 -1933.334351 -541.396790
v -1237.794189 -1957.084351 -541.396790
v -1237.794189 -1957.084351 -545.271729
v -1237.794189 -1933.334351 -513.396729
v -1237.794189 -1939.584351 -513.396729
v -1237.794189 -1957.084351 -513.396729
v -1237.794189 -1939.584351 -417.146759
v -1237.794189 -1933.334351 -417.146759
v -1237.794189 -1933.334351 -415.771790
v -1237.794189 -1933.334351 -413.271790
v -1237.794189 -1957.084351 -413.271790
v -1237.794189 -1957.084351 -417.146759
v -1237.794189 -1933.334351 -385.271759
v -1237.794189 -1945.209351 -385.271759
v -1237.794189 -1957.084351 -385.271759
v -1077.794189 -1957.084351 -545.271729
v -1077.794189 -1945.209351 -545.271729
v -1093.919067 -1945.209351 -545.271729
v -1097.794189 -1945.209351 -545.271729
v -1097.794189 -1957.084351 -545.271729
v -1121.919067 -1945.209351 -545.271729
v -1125.794067 -1945.209351 -545.271729
v -1125.794067 -1957.084351 -545.271729
v -1149.919189 -1945.209351 -545.271729
v -1153.794067 -1945.209351 -545.271729
v -1153.794067 -1957.084351 -545.271729
v -1177.919189 -1945.209351 -545.271729
v -1181.794189 -1945.209351 -545.271729
v -1181.794189 -1957.084351 -545.271729
v -1205.919189 -1945.209351 -545.271729
v -1209.794189 -1945.209351 -545.271729
v -1209.794189 -1957.084351 -545.271729
v -1205.919189 -1933.334351 -545.271729
v -1209.794189 -1933.334351 -545.271729
v -1077.794189 -1933.334351 -545.271729
v -1093.919067 -1933.334351 -545.271729
v -1110.294189 -1933.334351 -545.271729
v -1121.919067 -1933.334351 -545.271729
v -1149.919189 -1933.334351 -545.271729
v -1177.919189 -1933.334351 -545.271729
v -1097.794189 -1969.584351 -545.271729
v -1077.794189 -1969.584351 -545.271729
v -1237.794189 -1969.584351 -545.271729
v 254.080811 -1769.584351 -1803.396729
v 186.388550 -1689.584351 -1803.396729
v 152.542419 -1649.584351 -1803.396729
v 67.926941 -1549.584351 -1803.396729
v 34.080811 -1509.584351 -1803.396729
v 220.234680 -1629.584351 -1403.396729
v 254.080811 -1669.584351 -1403.396729
v 254.080811 -1629.584351 -1323.396729
v 254.080811 -1529.584351 -1123.396729
v 254.080811 -1489.584351 -1043.396729
v 220.234680 -1489.584351 -1123.396729
v 254.080811 -1599.584351 -1263.396729
v 161.003876 -1489.584351 -1263.396729
v 101.773071 -1489.584351 -1403.396729
v 152.542419 -1549.584351 -1403.396729
v 161.003876 -1559.584351 -1403.396729
v 254.080811 -1469.584351 -1003.396729
v 152.542419 -1349.584351 -1003.396729
v 101.773071 -1349.584351 -1123.396729
v 93.311615 -1349.584351 -1143.396729
v 42.542419 -1349.584351 -1263.396729
v 34.080811 -1409.584351 -1403.396729
v 34.080811 -1349.584351 -1283.396729
v 135.619202 -1329.584351 -1003.396729
v 76.388550 -1259.584351 -1003.396729
v 34.080811 -1209.584351 -1003.396729
v 34.080811 -1279.584351 -1143.396729
v -8.226929 -959.584351 -603.396729
v 34.080811 -909.584351 -603.396729
v 34.080811 -851.459351 -545.271729
v -15.101929 -909.584351 -545.271729
v -20.522614 -915.990601 -545.271729
v 243.503876 -1722.084351 -1663.396729
v 232.080841 -1699.584351 -1627.396851
v 227.003937 -1689.584351 -1611.396606
v 216.003876 -1689.584351 -1663.396729
v 254.080811 -1742.917603 -1696.729858
v 199.080811 -1634.584351 -1523.396729
v 187.657776 -1612.084351 -1487.396851
v 127.157745 -1549.584351 -1523.396729
v 97.542419 -1549.584351 -1663.396729
v 34.080811 -1439.584351 -1523.396729
v 34.080811 -1474.584351 -1663.396729
v 30.696259 -1189.584351 -971.396790
v 34.080811 -1189.584351 -976.730103
v 7.003937 -1049.584351 -747.396729
v 15.465393 -1099.584351 -827.396851
v 16.452637 -1105.417603 -836.730042
v 34.080811 -1084.584351 -836.730042
v 34.080811 -1049.584351 -790.063477
v 19.273071 -1122.084351 -863.396729
v -3.291016 -988.751099 -650.063477
v 34.080811 -944.584351 -650.063477
v 0.657654 -1012.084351 -687.396851
v 67.926941 -1189.584351 -923.396729
v 58.760376 -1113.751099 -836.730042
v 53.119354 -1067.084351 -783.396729
v 51.003876 -1049.584351 -763.396729
v 39.016724 -950.417786 -650.063477
v 36.196136 -927.084351 -623.396729
v 27.734680 -1432.084351 -1463.396729
v 21.388550 -1454.584351 -1523.396729
v 12.926941 -1484.584351 -1603.396729
v 19.273071 -1492.084351 -1663.396729
v 254.080811 -1707.917603 -1556.729858
v 254.080811 -1699.584351 -1523.396729
v 247.029572 -1699.584351 -1556.729858
v 254.080811 -1690.584473 -1487.396851
v 221.821136 -1131.459351 -603.396729
v 254.080811 -1169.584351 -603.396729
v 254.080811 -1131.459351 -565.271729
v 103.359680 -991.459351 -603.396729
v 152.542419 -1049.584351 -603.396729
v 254.080811 -1111.459351 -545.271729
v 201.725006 -1049.584351 -545.271729
v 152.542419 -991.459351 -545.271729
v 83.263550 -909.584351 -545.271729
v 254.080811 -1364.584351 -863.396729
v 254.080811 -1329.584351 -816.730042
v 224.465485 -1329.584351 -863.396729
v 254.080811 -1259.584351 -723.396729
v 254.080811 -1189.584351 -630.063477
v 245.619202 -1189.584351 -643.396729
v 194.850006 -1189.584351 -723.396729
v 156.773071 -1189.584351 -783.396729
v 106.003876 -1189.584351 -863.396729
v 139.850006 -1049.584351 -623.396729
v 127.157745 -1049.584351 -643.396729
v -185.919189 -1111.459351 -545.271729
v -185.919189 -1169.584351 -603.396729
v -126.688385 -1099.584351 -603.396729
v -89.801483 -1055.990601 -603.396729
v -138.984070 -1055.990601 -545.271729
v -133.563385 -1049.584351 -545.271729
v -84.380798 -1349.584351 -1003.396729
v -92.842255 -1359.584351 -1003.396729
v -67.457733 -1389.584351 -1123.396729
v -33.611450 -1349.584351 -1123.396729
v -37.842255 -1424.584351 -1263.396729
v 25.619202 -1349.584351 -1263.396729
v -25.149994 -1349.584351 -1143.396729
v -8.226929 -1459.584351 -1403.396729
v 8.696136 -1239.584351 -1003.396729
v -1.880798 -1467.084351 -1463.396729
v 4.465485 -1474.584351 -1523.396729
v -185.919189 -1239.584351 -696.730225
v -185.919189 -1249.584351 -710.063477
v -181.688385 -1254.584351 -723.396729
v -168.996124 -1239.584351 -723.396729
v -137.265320 -1307.084351 -863.396729
v -80.149994 -1239.584351 -863.396729
v -73.380737 -1099.584351 -687.396851
v -50.534668 -1099.584351 -723.396729
v -84.380798 -1649.584351 -1803.396729
v -160.534515 -1739.584351 -1803.396729
v -185.919189 -1769.584351 -1803.396729
v -42.073059 -1599.584351 -1803.396729
v -185.919189 -1389.584351 -896.730103
v -185.919189 -1469.584351 -1003.396729
v -118.226929 -1389.584351 -1003.396729
v -185.919189 -1259.584351 -723.396729
v -185.919189 -1364.584351 -863.396729
v -185.919189 -1639.584351 -1343.396729
v -185.919189 -1669.584351 -1403.396729
v -160.534515 -1639.584351 -1403.396729
v -185.919189 -1499.584351 -1063.396729
v -185.919189 -1529.584351 -1123.396729
v -160.534515 -1499.584351 -1123.396729
v -185.919189 -1599.584351 -1263.396729
v -101.303864 -1499.584351 -1263.396729
v -126.688385 -1599.584351 -1403.396729
v -42.073059 -1499.584351 -1403.396729
v -185.919189 -1739.584351 -1683.396729
v -185.919189 -1699.584351 -1523.396729
v -101.303864 -1599.584351 -1523.396729
v -185.919189 -1734.584351 -1663.396729
v -71.688385 -1599.584351 -1663.396729
v 54.080811 -449.584351 -203.396759
v -145.919189 -449.584351 -203.396759
v -45.919189 -449.584351 -203.396759
v 14.080811 -449.584351 -193.396759
v -145.919189 -449.584351 -193.396759
v 94.080811 -449.584351 -203.396759
v 214.080811 -449.584351 -203.396759
v 214.080811 -449.584351 -193.396759
v 54.080811 -449.584351 -193.396759
v 254.080811 -769.584351 -203.396759
v -185.919189 -769.584351 -203.396759
v 174.080811 -675.038940 -203.396759
v 152.542419 -649.584351 -203.396759
v 34.080811 -509.584351 -203.396759
v -45.919189 -604.129761 -203.396759
v -84.380798 -649.584351 -203.396759
v 201.725006 -769.584351 -265.271759
v 51.003876 -649.584351 -323.396759
v 152.542419 -769.584351 -323.396759
v 34.080811 -649.584351 -343.396759
v 34.080811 -769.584351 -463.396759
v 83.263550 -769.584351 -405.271759
v -133.563385 -769.584351 -265.271759
v -84.380798 -769.584351 -323.396759
v 17.157745 -649.584351 -323.396759
v -15.101929 -769.584351 -405.271759
v 14.080811 -449.584351 -103.396759
v 14.080811 -449.584351 36.603241
v 14.080811 -449.584351 176.603241
v -5.919189 -449.584351 176.603241
v -145.919189 -449.584351 176.603241
v -145.919189 -449.584351 36.603241
v -145.919189 -449.584351 -103.396759
v 214.080811 -449.584351 -103.396759
v 214.080811 -449.584351 36.603241
v 214.080811 -449.584351 176.603241
v 194.080811 -449.584351 176.603241
v 54.080811 -449.584351 176.603241
v 54.080811 -449.584351 36.603241
v 54.080811 -449.584351 -103.396759
v -1077.794189 -1957.084351 -525.271729
v -1077.794189 -1933.334351 -513.396729
v -1077.794189 -1957.084351 -497.271881
v -1077.794189 -1933.334351 -481.521759
v -1077.794189 -1957.084351 -469.271851
v -1077.794189 -1933.334351 -441.271820
v -1077.794189 -1957.084351 -441.271820
v -1077.794189 -1933.334351 -413.271790
v -1077.794189 -1933.334351 -417.146759
v -1077.794189 -1957.084351 -413.271790
v -1077.794189 -1945.209351 -385.271759
v -1077.794189 -1933.334351 -385.271759
v -1077.794189 -1957.084351 -385.271759
v -1077.794189 -1969.584351 -525.271729
v -1077.794189 -1969.584351 -405.271759
v -1077.794189 -1969.584351 -385.271759
v 254.080811 -1049.584351 -483.396759
v 254.080811 -971.459351 -405.271759
v 254.080811 -909.584351 -343.396759
v 201.725006 -909.584351 -405.271759
v 254.080811 -831.459351 -265.271759
v -185.919189 -1049.584351 -483.396759
v -185.919189 -909.584351 -343.396759
v -185.919189 -971.459351 -405.271759
v -133.563385 -909.584351 -405.271759
v -185.919189 -831.459351 -265.271759
v -1097.794189 -1969.584351 -385.271759
v -1097.794189 -1957.084351 -385.271759
v -1237.794189 -1969.584351 -385.271759
v -1209.794189 -1957.084351 -385.271759
v -1181.794189 -1957.084351 -385.271759
v -1153.794067 -1957.084351 -385.271759
v -1125.794067 -1957.084351 -385.271759
v -1110.294189 -1945.209351 -385.271759
v -1121.919067 -1945.209351 -385.271759
v -1121.919067 -1933.334351 -385.271759
v -1125.794067 -1945.209351 -385.271759
v -1149.919189 -1945.209351 -385.271759
v -1149.919189 -1933.334351 -385.271759
v -1153.794067 -1945.209351 -385.271759
v -1177.919189 -1945.209351 -385.271759
v -1177.919189 -1933.334351 -385.271759
v -1181.794189 -1945.209351 -385.271759
v -1205.919189 -1945.209351 -385.271759
v -1082.294189 -1945.209351 -385.271759
v -1097.794189 -1945.209351 -385.271759
v -1209.794189 -1945.209351 -385.271759
v -1209.794189 -1933.334351 -385.271759
v -1097.794189 -1969.584351 -405.271759
v -1237.794189 -1969.584351 -405.271759
v -1205.919189 -1945.209351 -449.021759
v -1205.919189 -1945.209351 -445.146790
v -1205.919189 -1933.334351 -445.146790
v -1205.919189 -1933.334351 -449.021759
v -1205.919189 -1945.209351 -421.021729
v -1205.919189 -1945.209351 -417.146759
v -1205.919189 -1933.334351 -417.146759
v -1205.919189 -1945.209351 -513.396729
v -1205.919189 -1945.209351 -509.521790
v -1205.919189 -1933.334351 -509.521790
v -1205.919189 -1933.334351 -513.396729
v -1205.919189 -1945.209351 -485.396729
v -1205.919189 -1945.209351 -481.521759
v -1205.919189 -1933.334351 -481.521759
v -1121.919067 -1945.209351 -481.521759
v -1110.294189 -1945.209351 -481.521759
v -1110.294189 -1933.334351 -481.521759
v -1149.919189 -1945.209351 -481.521759
v -1138.294189 -1945.209351 -481.521759
v -1177.919189 -1945.209351 -481.521759
v -1166.294189 -1945.209351 -481.521759
v -1194.294312 -1945.209351 -481.521759
v -1110.294189 -1945.209351 -509.521790
v -1110.294189 -1945.209351 -513.396729
v -1110.294189 -1933.334351 -513.396729
v -1110.294189 -1933.334351 -512.771729
v -1110.294189 -1945.209351 -485.396729
v -1110.294189 -1933.334351 -492.146759
v -1110.294189 -1933.334351 -491.521759
v -1121.919067 -1945.209351 -513.396729
v -1121.919067 -1933.334351 -513.396729
v -1138.294189 -1945.209351 -513.396729
v -1149.919189 -1945.209351 -513.396729
v -1149.919189 -1933.334351 -513.396729
v -1166.294189 -1945.209351 -513.396729
v -1177.919189 -1945.209351 -513.396729
v -1194.294312 -1945.209351 -513.396729
v -1194.294312 -1945.209351 -485.396729
v -1166.294189 -1945.209351 -485.396729
v -1138.294189 -1945.209351 -485.396729
v -1110.294189 -1945.209351 -449.021759
v -1121.919067 -1945.209351 -449.021759
v -1121.919067 -1933.334351 -449.021759
v -1138.294189 -1945.209351 -449.021759
v -1149.919189 -1945.209351 -449.021759
v -1149.919189 -1933.334351 -449.021759
v -1166.294189 -1945.209351 -449.021759
v -1177.919189 -1945.209351 -449.021759
v -1194.294312 -1945.209351 -449.021759
v -1110.294189 -1933.334351 -428.396759
v -1110.294189 -1933.334351 -438.396759
v -1110.294189 -1933.334351 -427.771759
v -1110.294189 -1945.209351 -445.146790
v -1110.294189 -1945.209351 -417.146759
v -1110.294189 -1945.209351 -421.021729
v -1121.919067 -1945.209351 -417.146759
v -1121.919067 -1933.334351 -417.146759
v -1149.919189 -1945.209351 -417.146759
v -1138.294189 -1945.209351 -417.146759
v -1177.919189 -1945.209351 -417.146759
v -1166.294189 -1945.209351 -417.146759
v -1177.919189 -1933.334351 -417.146759
v -1194.294312 -1945.209351 -417.146759
v -1194.294312 -1945.209351 -421.021729
v -1166.294189 -1945.209351 -421.021729
v -1138.294189 -1945.209351 -421.021729
v -2175.919189 -1507.084351 -872.771729
v -2165.919189 -1495.266113 -872.771729
v -2165.919189 -1507.084351 -872.771729
v -2155.149902 -1482.538940 -872.771729
v -2095.919189 -1482.538940 -872.771729
v -2095.919189 -1507.084351 -872.771729
v -2125.149902 -1447.084351 -872.771729
v -2095.919189 -1412.538940 -872.771729
v -2095.919189 -1447.084351 -872.771729
v -2025.919189 -1447.084351 -872.771729
v -2025.919189 -1494.357178 -872.771729
v -2025.919189 -1507.084351 -872.771729
v -2065.919189 -1377.084351 -872.771729
v -2025.919189 -1424.357178 -872.771729
v -1966.688354 -1494.357178 -872.771729
v -1955.919189 -1507.084351 -872.771729
v -2006.688354 -1447.084351 -872.771729
v -2165.919189 -1657.084351 -1472.771729
v -2175.919189 -1657.084351 -1472.771729
v -2175.919189 -1657.084351 -1412.771729
v -2165.919189 -1657.084351 -1412.771729
v -2175.919189 -1657.084351 -1342.771729
v -2165.919189 -1657.084351 -1342.771729
v -2175.919189 -1657.084351 -1272.771729
v -2165.919189 -1657.084351 -1272.771729
v -2095.919189 -1657.084351 -1472.771729
v -2133.611328 -1657.084351 -1472.771729
v -2095.919189 -1657.084351 -1412.771729
v -2095.919189 -1657.084351 -1342.771729
v -2133.611328 -1657.084351 -1272.771729
v -2095.919189 -1657.084351 -1272.771729
v -2025.919189 -1657.084351 -1472.771729
v -2025.919189 -1657.084351 -1412.771729
v -2025.919189 -1657.084351 -1342.771729
v -2048.996094 -1657.084351 -1272.771729
v -2025.919189 -1657.084351 -1272.771729
v -1955.919189 -1657.084351 -1472.771729
v -1998.226929 -1657.084351 -1472.771729
v -1955.919189 -1657.084351 -1412.771729
v -1955.919189 -1657.084351 -1342.771729
v -1955.919189 -1657.084351 -1272.771729
v -2162.962402 -1591.771851 -1672.771729
v -2175.919189 -1607.084351 -1672.771729
v -2175.919189 -1591.771851 -1703.396729
v -2175.919189 -1537.084351 -1812.771729
v -2175.919189 -1521.771851 -1843.396729
v -2162.962402 -1521.771851 -1812.771729
v -2175.919189 -1572.084351 -1742.771729
v -2133.346924 -1521.771851 -1742.771729
v -2103.731689 -1521.771851 -1672.771729
v -2125.149902 -1547.084351 -1672.771729
v -2103.731689 -1451.771851 -1812.771729
v -2095.534424 -1451.771851 -1793.396729
v -2074.116455 -1451.771851 -1742.771729
v -2065.919189 -1477.084351 -1672.771729
v -2065.919189 -1451.771851 -1723.396729
v -2065.919189 -1416.771851 -1793.396729
v -2165.919189 -1607.084351 -1072.771729
v -2175.919189 -1607.084351 -1072.771729
v -2175.919189 -1587.084351 -1032.771729
v -2175.919189 -1577.084351 -1012.771729
v -2165.919189 -1577.084351 -1012.771729
v -2175.919189 -1552.084351 -962.771729
v -2175.919189 -1542.084351 -942.771729
v -2165.919189 -1542.084351 -942.771729
v -2175.919189 -1517.084351 -892.771729
v -2095.919189 -1607.084351 -1072.771729
v -2118.996094 -1607.084351 -1072.771729
v -2133.611328 -1607.084351 -1072.771729
v -2095.919189 -1577.084351 -1012.771729
v -2095.919189 -1542.084351 -942.771729
v -2025.919189 -1607.084351 -1072.771729
v -2048.996094 -1607.084351 -1072.771729
v -2025.919189 -1577.084351 -1012.771729
v -2025.919189 -1542.084351 -942.771729
v -1955.919189 -1603.751099 -1066.105103
v -1955.919189 -1607.084351 -1072.771729
v -1955.919189 -1577.084351 -1012.771729
v -1955.919189 -1542.084351 -942.771729
v -1955.919189 -1568.751099 -996.105103
v -1955.919189 -1517.084351 -892.771729
v -1955.919189 -1533.751099 -926.105103
v -2175.919189 -1622.084351 -1612.771729
v -2175.919189 -1620.417603 -1619.438477
v -2175.919189 -1617.084351 -1632.771729
v -2171.688477 -1617.084351 -1612.771729
v -2175.919189 -1639.584351 -1542.771729
v -2156.880859 -1617.084351 -1542.771729
v -2142.072998 -1617.084351 -1472.771729
v -2146.303711 -1622.084351 -1472.771729
v -2175.919189 -1609.584351 -1662.771729
v -2112.457520 -1547.084351 -1612.771729
v -2097.649902 -1547.084351 -1542.771729
v -2082.842285 -1547.084351 -1472.771729
v -2129.380859 -1602.084351 -1472.771729
v -2065.919189 -1492.084351 -1612.771729
v -2065.919189 -1509.584351 -1542.771729
v -2065.919189 -1527.084351 -1472.771729
v -2032.072998 -1517.084351 -1072.771729
v -2002.457520 -1552.084351 -1072.771729
v -2000.342285 -1551.251099 -1066.105103
v -1989.765381 -1547.084351 -1032.771729
v -2015.150024 -1517.084351 -1032.771729
v -1978.130859 -1542.501099 -996.105103
v -1967.553833 -1538.334351 -962.771729
v -1985.534546 -1517.084351 -962.771729
v -2006.688354 -1517.084351 -1012.771729
v -1977.072998 -1517.084351 -942.771729
v -2065.919189 -1477.084351 -1072.771729
v -2044.765381 -1502.084351 -1072.771729
v -2065.919189 -1447.084351 -1012.771729
v -2036.303833 -1447.084351 -942.771729
v -2065.919189 -1412.084351 -942.771729
v -2116.688477 -1587.084351 -1412.771729
v -2065.919189 -1527.084351 -1412.771729
v -2101.880859 -1569.584351 -1342.771729
v -2065.919189 -1527.084351 -1342.771729
v -2065.919189 -1527.084351 -1272.771729
v -2087.072998 -1552.084351 -1272.771729
v -2059.572998 -1519.584351 -1212.771729
v -2065.919189 -1512.084351 -1212.771729
v -2052.169189 -1510.834351 -1142.771729
v -2065.919189 -1494.584351 -1142.771729
v -2080.727051 -1529.584351 -1212.771729
v -2085.662842 -1547.084351 -1259.438477
v -2073.322998 -1503.334351 -1142.771729
v -2044.765381 -1552.084351 -1272.771729
v -2032.072998 -1552.084351 -1212.771729
v -2017.265381 -1552.084351 -1142.771729
v -2059.572998 -1534.584351 -1412.771729
v -2052.169189 -1543.334351 -1342.771729
v -2146.303711 -1622.084351 -1412.771729
v -2146.303711 -1622.084351 -1342.771729
v -2146.303711 -1622.084351 -1272.771729
v -2142.072998 -1617.084351 -1272.771729
v -2158.996094 -1587.084351 -1072.771729
v -2125.149902 -1547.084351 -1072.771729
v -2099.765381 -1517.084351 -1072.771729
v -2116.688477 -1517.084351 -1032.771729
v -2125.149902 -1517.084351 -1012.771729
v -2146.303955 -1517.084351 -962.771729
v -2154.765381 -1517.084351 -942.771729
v -2095.534424 -1447.084351 -942.771729
v -2175.919189 -1652.084351 -1252.771729
v -2146.303955 -1617.084351 -1252.771729
v -2175.919189 -1634.584351 -1182.771729
v -2175.919189 -1642.084351 -1212.771729
v -2154.765381 -1617.084351 -1212.771729
v -2161.111328 -1617.084351 -1182.771729
v -2169.572998 -1617.084351 -1142.771729
v -2175.919189 -1617.084351 -1112.771729
v -2175.919189 -1624.584351 -1142.771729
v -2095.534424 -1547.084351 -1212.771729
v -2110.342285 -1547.084351 -1142.771729
v -2163.227051 -1642.084351 -1212.771729
v -2161.111328 -1624.584351 -1142.771729
v -2154.765381 -1632.084351 -1172.771729
v -2148.419189 -1624.584351 -1142.771729
v -2125.534424 -1652.311523 -1253.680786
v -2118.996094 -1642.084351 -1212.771729
v -2118.996094 -1648.447998 -1238.226318
v -2118.996094 -1624.584351 -1142.771729
v -2108.227051 -1642.084351 -1212.771729
v -2078.611328 -1624.584351 -1142.771729
v -2095.919189 -1634.811523 -1183.680786
v -2046.175537 -1547.084351 -1486.104980
v -2044.765381 -1552.084351 -1472.771729
v -2048.996094 -1547.084351 -1472.771729
v -2060.983398 -1494.584351 -1626.104980
v -2059.572998 -1499.584351 -1612.771729
v -2053.579346 -1520.834351 -1556.104980
v -2052.169189 -1525.834351 -1542.771729
v -1966.496094 -1624.584351 -1142.771729
v -1972.842285 -1627.084351 -1152.771729
v -1970.726929 -1624.584351 -1142.771729
v -1955.919189 -1620.417603 -1126.105103
v -2006.688354 -1597.084351 -1292.771729
v -2002.457520 -1602.084351 -1272.771729
v -2006.688354 -1597.084351 -1272.771729
v -2032.072998 -1567.084351 -1412.771729
v -2017.265381 -1584.584351 -1342.771729
v -2000.342285 -1602.917603 -1266.105103
v -1983.419189 -1609.584351 -1212.771729
v -1978.130859 -1611.667603 -1196.105103
v -1961.207520 -1618.334351 -1142.771729
v -2173.803955 -1609.584351 -1662.771729
v -2171.688477 -1622.084351 -1612.771729
v -2158.996094 -1627.084351 -1592.771729
v -2163.227051 -1622.084351 -1612.771729
v -2165.919189 -1618.902588 -1625.499023
v -2148.419189 -1639.584351 -1542.771729
v -2095.919189 -1652.311523 -1253.680786
v -2095.919189 -1642.084351 -1212.771729
v -2025.919189 -1642.084351 -1212.771729
v -2025.919189 -1647.993408 -1236.408203
v -2025.919189 -1624.584351 -1142.771729
v -2010.919189 -1642.084351 -1212.771729
v -2000.342285 -1637.917603 -1196.105103
v -2025.919189 -1655.417603 -1266.105103
v -1955.919189 -1655.417603 -1266.105103
v -1955.919189 -1637.917603 -1196.105103
v -1955.919189 -1591.771851 -1703.396729
v -1955.919189 -1607.084351 -1672.771729
v -1968.875854 -1591.771851 -1672.771729
v -1955.919189 -1521.771851 -1843.396729
v -1955.919189 -1537.084351 -1812.771729
v -1968.875854 -1521.771851 -1812.771729
v -1955.919189 -1572.084351 -1742.771729
v -1998.491333 -1521.771851 -1742.771729
v -2006.688354 -1547.084351 -1672.771729
v -2028.106689 -1521.771851 -1672.771729
v -2028.106689 -1451.771851 -1812.771729
v -2057.721924 -1451.771851 -1742.771729
v -2036.303833 -1451.771851 -1793.396729
v -1985.534546 -1622.084351 -1272.771729
v -1955.919189 -1617.084351 -1632.771729
v -1955.919189 -1622.084351 -1612.771729
v -1960.150024 -1617.084351 -1612.771729
v -1955.919189 -1639.584351 -1542.771729
v -1974.957520 -1617.084351 -1542.771729
v -1985.534546 -1622.084351 -1472.771729
v -1989.765381 -1617.084351 -1472.771729
v -2016.560181 -1547.084351 -1626.104980
v -2019.380859 -1547.084351 -1612.771729
v -2034.188354 -1547.084351 -1542.771729
v -2031.367920 -1547.084351 -1556.104980
v -1985.534546 -1622.084351 -1412.771729
v -1985.534546 -1622.084351 -1342.771729
v -1968.611450 -1622.084351 -1612.771729
v -1983.419189 -1639.584351 -1542.771729
v -2165.919189 -1607.084351 -1672.771729
v -2095.919189 -1607.084351 -1672.771729
v -2095.919189 -1622.084351 -1612.771729
v -2095.919189 -1639.584351 -1542.771729
v -2025.919189 -1607.084351 -1672.771729
v -2025.919189 -1622.084351 -1612.771729
v -2025.919189 -1639.584351 -1542.771729
v -2165.919189 -1537.084351 -1812.771729
v -2165.919189 -1572.084351 -1742.771729
v -2095.919189 -1537.084351 -1812.771729
v -2095.919189 -1572.084351 -1742.771729
v -2025.919189 -1537.084351 -1812.771729
v -2025.919189 -1572.084351 -1742.771729
v -1270.294189 -1969.584351 -385.271759
v -1270.294189 -1957.084351 -385.271759
v -1270.294189 -1969.584351 -525.271729
v -1270.294189 -1969.584351 -545.271729
v -1270.294189 -1957.084351 -545.271729
v -1270.294189 -1957.084351 -525.271729
v -1270.294189 -1957.084351 -513.396729
v -1270.294189 -1957.084351 -501.146851
v -1270.294189 -1957.084351 -473.146820
v -1270.294189 -1957.084351 -445.146790
v -1270.294189 -1957.084351 -417.146759
v -1270.294189 -1969.584351 -405.271759
v -1270.294189 -1933.334351 -417.146759
v -1270.294189 -1939.584351 -417.146759
v -1270.294189 -1939.584351 -421.521759
v -1270.294189 -1933.334351 -421.521759
v -1270.294189 -1933.334351 -509.021759
v -1270.294189 -1939.584351 -509.021759
v -1270.294189 -1939.584351 -513.396729
v -1270.294189 -1933.334351 -513.396729
v -1270.294189 -1939.584351 -501.146851
v -1270.294189 -1939.584351 -481.021729
v -1270.294189 -1939.584351 -473.146820
v -1270.294189 -1939.584351 -453.021698
v -1270.294189 -1939.584351 -445.146790
v -1270.294189 -1939.584351 -425.021667
v -1242.294189 -1933.334351 -417.146759
v -1242.294189 -1933.334351 -421.521759
v -1242.294189 -1933.334351 -509.021759
v -1242.294189 -1933.334351 -513.396729
v -1242.294189 -1939.584351 -509.021759
v -1242.294189 -1957.084351 -513.396729
v -1242.294189 -1939.584351 -513.396729
v -1242.294189 -1939.584351 -421.521759
v -1242.294189 -1939.584351 -425.021667
v -1242.294189 -1939.584351 -453.021698
v -1242.294189 -1939.584351 -481.021729
v -1242.294189 -1957.084351 -417.146759
v -1242.294189 -1939.584351 -417.146759
v -1645.919189 -1969.584351 -23.396759
v -1585.919189 -1969.584351 -23.396759
v -1585.919189 -1929.584351 -23.396759
v -1645.919189 -1929.584351 -23.396759
v -1585.919189 -1969.584351 176.603241
v -1645.919189 -1969.584351 176.603241
v -1585.919189 -1969.584351 36.603241
v -1585.919189 -1929.584351 36.603241
v -1585.919189 -1969.584351 116.603241
v -1645.919189 -1929.584351 116.603241
v -1645.919189 -1969.584351 116.603241
v -1785.919189 -1929.584351 -23.396759
v -1785.919189 -1969.584351 -23.396759
v -2065.919189 -1969.584351 -23.396759
v -1985.919189 -1969.584351 -23.396759
v -1985.919189 -1929.584351 -23.396759
v -2065.919189 -1929.584351 -23.396759
v -1985.919189 -1969.584351 176.603241
v -2065.919189 -1969.584351 176.603241
v -2065.919189 -1929.584351 176.603241
v -1785.919189 -1969.584351 176.603241
v -1785.919189 -1929.584351 176.603241
v -1785.919189 -1969.584351 36.603241
v -1785.919189 -1929.584351 36.603241
v -1785.919189 -1969.584351 116.603241
v -1985.919189 -1969.584351 36.603241
v -1985.919189 -1929.584351 36.603241
v -1985.919189 -1969.584351 116.603241
v -1985.919189 -1929.584351 116.603241
v -2065.919189 -1929.584351 116.603241
v -2065.919189 -1969.584351 116.603241
v -2445.919189 -1969.584351 -23.396759
v -2385.919189 -1969.584351 -23.396759
v -2465.919189 -1929.584351 -23.396759
v -2585.919189 -1969.584351 -23.396759
v -2465.919189 -1969.584351 -23.396759
v -2185.919189 -1929.584351 -23.396759
v -2185.919189 -1969.584351 -23.396759
v -2385.919189 -1929.584351 176.603241
v -2385.919189 -1969.584351 176.603241
v -2465.919189 -1969.584351 176.603241
v -2465.919189 -1929.584351 176.603241
v -2185.919189 -1969.584351 176.603241
v -2185.919189 -1929.584351 176.603241
v -2185.919189 -1969.584351 36.603241
v -2185.919189 -1929.584351 36.603241
v -2185.919189 -1929.584351 116.603241
v -2185.919189 -1969.584351 116.603241
v -2385.919189 -1969.584351 36.603241
v -2385.919189 -1929.584351 36.603241
v -2385.919189 -1969.584351 116.603241
v -2385.919189 -1929.584351 116.603241
v -2465.919189 -1929.584351 116.603241
v -2465.919189 -1969.584351 116.603241
v -2585.919189 -1969.584351 176.603241
v -2585.919189 -1929.584351 176.603241
v -2585.919189 -1969.584351 36.603241
v -2585.919189 -1929.584351 36.603241
v -2585.919189 -1929.584351 116.603241
v -2585.919189 -1969.584351 116.603241
v -2070.919189 -1459.584351 -872.146729
v -2070.919189 -1474.584351 -872.771729
v -2070.919189 -1459.584351 -872.771729
v -2070.919189 -1429.584351 -872.771729
v -2070.919189 -1444.584351 -872.771729
v -2070.919189 -1444.584351 -872.146729
v -2070.919189 -1429.584351 -872.146729
v -2025.919189 -1429.584351 -872.771729
v -2025.919189 -1444.584351 -872.771729
v -2025.919189 -1444.584351 -872.146729
v -2018.419189 -1459.584351 -872.146729
v -2018.419189 -1459.584351 -872.771729
v -2005.919189 -1459.584351 -872.771729
v -2005.919189 -1474.584351 -872.771729
v -2018.419189 -1474.584351 -872.771729
v -2048.419189 -1444.584351 -872.771729
v -2060.919189 -1444.584351 -872.771729
v -2048.419189 -1444.584351 -872.146729
v -2038.419189 -1444.584351 -872.771729
v -2038.419189 -1444.584351 -872.146729
v -2048.419189 -1429.584351 -872.771729
v -2048.419189 -1429.584351 -872.146729
v -2038.419189 -1429.584351 -872.771729
v -2060.919189 -1429.584351 -872.771729
v -2060.919189 -1429.584351 -872.146729
v -2043.419189 -1459.584351 -872.146729
v -2043.419189 -1474.584351 -872.146729
v -2043.419189 -1474.584351 -872.771729
v -2043.419189 -1459.584351 -872.771729
v -2030.919189 -1459.584351 -872.771729
v -2030.919189 -1474.584351 -872.146729
v -2030.919189 -1474.584351 -872.771729
v -2058.419189 -1459.584351 -872.771729
v -2058.419189 -1474.584351 -872.771729
v -2093.419189 -1459.584351 -872.771729
v -2080.919189 -1459.584351 -872.771729
v -2110.919189 -1459.584351 -872.146729
v -2123.419189 -1459.584351 -872.146729
v -2123.419189 -1459.584351 -872.771729
v -2110.919189 -1459.584351 -872.771729
v -2105.919189 -1429.584351 -872.146729
v -2105.919189 -1444.584351 -872.146729
v -2105.919189 -1444.584351 -872.771729
v -2105.919189 -1429.584351 -872.771729
v -2093.419189 -1444.584351 -872.771729
v -2093.419189 -1444.584351 -872.146729
v -2083.419189 -1444.584351 -872.771729
v -2093.419189 -1429.584351 -872.771729
v -2093.419189 -1429.584351 -872.146729
v -2083.419189 -1429.584351 -872.146729
v -2083.419189 -1429.584351 -872.771729
v -2110.919189 -1474.584351 -872.771729
v -2110.919189 -1474.584351 -872.146729
v -2093.419189 -1474.584351 -872.146729
v -2093.419189 -1474.584351 -872.771729
v -2080.919189 -1474.584351 -872.771729
v -2080.919189 -1474.584351 -872.146729
v -2123.419189 -1474.584351 -872.146729
v -2123.419189 -1474.584351 -872.771729
v -1605.919189 -1929.584351 -1863.396729
v -1545.919189 -1889.584351 -1863.396729
v -1885.919189 -1929.584351 -1863.396729
v -1785.919189 -1889.584351 -1863.396729
v -2305.919189 -1929.584351 -1863.396729
v -2265.919189 -1929.584351 -1863.396729
v -2065.919189 -1889.584351 -1863.396729
v -2345.919189 -1889.584351 -1863.396729
v -2545.919189 -1929.584351 -1863.396729
v -2405.919189 -1929.584351 -1863.396729
v -1505.919189 -1969.584351 -2943.396484
v -1505.919189 -1969.584351 -2903.396484
v -1505.919189 -1969.584351 -2703.396484
v -1505.919189 -1889.584351 -2703.396484
v -1505.919189 -1889.584351 -2903.396484
v -1505.919189 -1889.584351 -2943.396484
v -1505.919189 -1969.584351 -2423.396729
v -1505.919189 -1889.584351 -2423.396729
v -1505.919189 -1889.584351 -2623.396484
v -1505.919189 -1969.584351 -2143.396729
v -1505.919189 -1889.584351 -2143.396729
v -1505.919189 -1889.584351 -2343.396729
v -1505.919189 -1969.584351 -1863.396729
v -1505.919189 -1889.584351 -1863.396729
v -1505.919189 -1889.584351 -2063.396729
v -1785.919189 -1969.584351 -2943.396484
v -1545.919189 -1889.584351 -2943.396484
v -1785.919189 -1889.584351 -2943.396484
v -2065.919189 -1969.584351 -2943.396484
v -1825.919189 -1889.584351 -2943.396484
v -2065.919189 -1889.584351 -2943.396484
v -2345.919189 -1969.584351 -2943.396484
v -2105.919189 -1969.584351 -2943.396484
v -2105.919189 -1889.584351 -2943.396484
v -2345.919189 -1889.584351 -2943.396484
v -2625.919189 -1969.584351 -2943.396484
v -2625.919189 -1889.584351 -2943.396484
v -1745.919189 -1929.584351 -2903.396484
v -1825.919189 -1929.584351 -2903.396484
v -1825.919189 -1889.584351 -2903.396484
v -2025.919189 -1929.584351 -2903.396484
v -2105.919189 -1929.584351 -2903.396484
v -2105.919189 -1889.584351 -2903.396484
v -1545.919189 -1889.584351 -2063.396729
v -1545.919189 -1889.584351 -2423.396729
v -1545.919189 -1889.584351 -2623.396484
v -1545.919189 -1929.584351 -2763.396484
v -1545.919189 -1929.584351 -2423.396729
v -1545.919189 -1929.584351 -2623.396484
v -1545.919189 -1929.584351 -2143.396729
v -1545.919189 -1929.584351 -2203.396729
v -2265.919189 -1929.584351 -2903.396484
v -2305.919189 -1889.584351 -2903.396484
v -2405.919189 -1929.584351 -2903.396484
v -2585.919189 -1929.584351 -2903.396484
v -2585.919189 -1889.584351 -2903.396484
v -2345.919189 -1889.584351 -2903.396484
v -2625.919189 -1889.584351 -2903.396484
v -2625.919189 -1969.584351 -2903.396484
v -2625.919189 -1889.584351 -1863.396729
v -2625.919189 -1889.584351 -2063.396729
v -2585.919189 -1889.584351 -2143.396729
v -2625.919189 -1889.584351 -2143.396729
v -2625.919189 -1889.584351 -2343.396729
v -2585.919189 -1889.584351 -2623.396484
v -2625.919189 -1889.584351 -2423.396729
v -2625.919189 -1889.584351 -2623.396484
v -2625.919189 -1889.584351 -2703.396484
v -2585.919189 -1929.584351 -2763.396484
v -2585.919189 -1929.584351 -2703.396484
v -2585.919189 -1929.584351 -2623.396484
v -2585.919189 -1929.584351 -2343.396729
v -2585.919189 -1929.584351 -2203.396729
v -2585.919189 -1929.584351 -2063.396729
v -2625.919189 -1969.584351 -2703.396484
v -2625.919189 -1969.584351 -2423.396729
v -2625.919189 -1969.584351 -2143.396729
v -2625.919189 -1969.584351 -1863.396729
v -1505.919189 -1969.584351 -1823.396729
v -1505.919189 -1889.584351 -1823.396729
v -2625.919189 -1969.584351 -1823.396729
v -2625.919189 -1889.584351 -1823.396729
v -1785.919189 -1969.584351 -1823.396729
v -1785.919189 -1889.584351 -1823.396729
v -2065.919189 -1969.584351 -1823.396729
v -2065.919189 -1889.584351 -1823.396729
v -2345.919189 -1969.584351 -1823.396729
v -2345.919189 -1889.584351 -1823.396729
v 254.080811 -1469.584351 -3003.396484
v 234.080811 -1445.947998 -3003.396484
v 234.080811 -1469.584351 -3003.396484
v 212.542572 -1420.493896 -3003.396484
v 94.080811 -1420.493896 -3003.396484
v 94.080811 -1469.584351 -3003.396484
v 175.811462 -1377.084351 -3003.396484
v 94.080811 -1280.493896 -3003.396484
v 94.080811 -1377.084351 -3003.396484
v -45.919189 -1377.084351 -3003.396484
v -45.919189 -1444.250977 -3003.396484
v -45.919189 -1469.584351 -3003.396484
v 10.955811 -1237.084351 -3003.396484
v -45.919189 -1304.251099 -3003.396484
v -107.592621 -1377.084351 -3003.396484
v -225.919189 -469.584351 -64.021759
v -225.919189 -469.584351 -193.396759
v -225.919189 -449.584351 -193.396759
v -225.919189 -449.584351 -64.021759
v -225.919189 -469.584351 75.978241
v -225.919189 -469.584351 -53.396759
v -225.919189 -449.584351 -53.396759
v -225.919189 -449.584351 75.978241
v -225.919189 -449.584351 86.603241
v -225.919189 -449.584351 215.978241
v -225.919189 -469.584351 215.978241
v -225.919189 -469.584351 86.603241
v -225.919189 -449.584351 217.228241
v -225.919189 -449.584351 256.603241
v -225.919189 -469.584351 256.603241
v -225.919189 -469.584351 216.603241
v -225.919189 -449.584351 216.603241
v -185.919189 -469.584351 -193.396759
v -185.919189 -449.584351 -193.396759
v 254.080811 -449.584351 -193.396759
v 254.080811 -469.584351 -193.396759
v 294.080811 -469.584351 -193.396759
v 294.080811 -449.584351 -193.396759
v 54.080811 -449.584351 -243.396759
v 14.080811 -449.584351 -243.396759
v 14.080811 -449.584351 -203.396759
v 54.080811 -449.584351 -203.396759
v -145.919189 -449.584351 -203.396759
v -45.919189 -449.584351 -203.396759
v 14.080811 -449.584351 -193.396759
v -145.919189 -449.584351 -193.396759
v 94.080811 -449.584351 -203.396759
v 214.080811 -449.584351 -203.396759
v 54.080811 -449.584351 -193.396759
v 254.080811 -349.584351 -203.396759
v 254.080811 -449.584351 -203.396759
v 254.080811 -349.584351 -193.396759
v 254.080811 -209.584351 -203.396759
v 254.080811 -209.584351 -193.396759
v 254.080811 -169.584351 -243.396759
v 254.080811 -209.584351 -243.396759
v 254.080811 -169.584351 -193.396759
v 14.080811 -209.584351 -193.396759
v 14.080811 -209.584351 -203.396759
v -5.919189 -209.584351 -203.396759
v -5.919189 -209.584351 -193.396759
v -45.919189 -209.584351 -203.396759
v -145.919189 -209.584351 -203.396759
v -145.919189 -209.584351 -193.396759
v 214.080811 -209.584351 -193.396759
v 214.080811 -209.584351 -203.396759
v 194.080811 -209.584351 -203.396759
v 194.080811 -209.584351 -193.396759
v 54.080811 -209.584351 -203.396759
v 54.080811 -209.584351 -193.396759
v 14.080811 -209.584351 -243.396759
v -45.919189 -209.584351 -243.396759
v -185.919189 -209.584351 -243.396759
v -185.919189 -209.584351 -203.396759
v 234.080811 -209.584351 -243.396759
v 194.080811 -209.584351 -243.396759
v 94.080811 -209.584351 -243.396759
v 54.080811 -209.584351 -243.396759
v -185.919189 -209.584351 -193.396759
v -185.919189 -169.584351 -243.396759
v -185.919189 -169.584351 -193.396759
v 234.080811 -169.584351 -243.396759
v 94.080811 -169.584351 -243.396759
v -45.919189 -169.584351 -243.396759
v 234.080811 -169.584351 -193.396759
v 94.080811 -169.584351 -193.396759
v -45.919189 -169.584351 -193.396759
v 14.080811 -349.584351 -243.396759
v 14.080811 -349.584351 -193.396759
v 54.080811 -349.584351 -243.396759
v 214.080811 -349.584351 -203.396759
v 214.080811 -349.584351 -193.396759
v 234.080811 -449.584351 -203.396759
v 54.080811 -349.584351 -193.396759
v -185.919189 -349.584351 -203.396759
v -185.919189 -449.584351 -203.396759
v -145.919189 -349.584351 -203.396759
v -145.919189 -349.584351 -193.396759
v -185.919189 -349.584351 -193.396759
v 254.080811 -729.584351 -203.396759
v 254.080811 -769.584351 -203.396759
v 254.080811 -769.584351 -193.396759
v 254.080811 -729.584351 -193.396759
v 254.080811 -589.584351 -203.396759
v 254.080811 -649.584351 -203.396759
v 254.080811 -649.584351 -193.396759
v 254.080811 -589.584351 -193.396759
v 254.080811 -509.584351 -193.396759
v 254.080811 -509.584351 -203.396759
v -185.919189 -729.584351 -193.396759
v -185.919189 -769.584351 -193.396759
v -185.919189 -769.584351 -203.396759
v -185.919189 -729.584351 -203.396759
v -185.919189 -589.584351 -193.396759
v -185.919189 -649.584351 -193.396759
v -185.919189 -649.584351 -203.396759
v -185.919189 -589.584351 -203.396759
v -185.919189 -509.584351 -203.396759
v -185.919189 -509.584351 -193.396759
v 174.080811 -649.584351 -203.396759
v 174.080811 -675.038940 -203.396759
v 234.080811 -509.584351 -203.396759
v 174.080811 -509.584351 -203.396759
v 152.542419 -649.584351 -203.396759
v 94.080811 -509.584351 -203.396759
v 34.080811 -509.584351 -203.396759
v -45.919189 -604.129761 -203.396759
v -45.919189 -509.584351 -203.396759
v -84.380798 -649.584351 -203.396759
v 14.080811 -449.584351 -103.396759
v 14.080811 -449.584351 36.603241
v 14.080811 -449.584351 176.603241
v -5.919189 -449.584351 176.603241
v -145.919189 -449.584351 176.603241
v -145.919189 -449.584351 -103.396759
v 214.080811 -449.584351 -103.396759
v 214.080811 -449.584351 36.603241
v 214.080811 -449.584351 176.603241
v 194.080811 -449.584351 176.603241
v 54.080811 -449.584351 176.603241
v 54.080811 -449.584351 36.603241
v 54.080811 -449.584351 -103.396759
v -185.919189 -449.584351 176.603241
v -185.919189 -449.584351 215.978241
v -185.919189 -449.584351 86.603241
v -185.919189 -449.584351 -53.396759
v -185.919189 -449.584351 36.603241
v -185.919189 -449.584351 -103.396759
v 294.080811 -449.584351 256.603241
v 194.080811 -449.584351 256.603241
v 194.080811 -449.584351 217.228241
v 294.080811 -449.584351 217.228241
v 54.080811 -449.584351 256.603241
v 54.080811 -449.584351 217.228241
v -85.919189 -449.584351 256.603241
v -85.919189 -449.584351 217.228241
v 14.080811 -449.584351 217.228241
v 194.080811 -449.584351 216.603241
v 254.080811 -449.584351 216.603241
v 294.080811 -449.584351 216.603241
v 54.080811 -449.584351 216.603241
v -85.919189 -449.584351 216.603241
v -45.919189 -449.584351 216.603241
v -185.919189 -449.584351 216.603241
v 294.080811 -449.584351 215.978241
v 254.080811 -449.584351 215.978241
v 254.080811 -449.584351 176.603241
v 254.080811 -449.584351 86.603241
v 294.080811 -449.584351 86.603241
v 254.080811 -449.584351 36.603241
v 254.080811 -449.584351 -53.396759
v 294.080811 -449.584351 75.978241
v 254.080811 -449.584351 -103.396759
v 294.080811 -449.584351 -64.021759
v 254.080811 -309.584351 176.603241
v 254.080811 -349.584351 176.603241
v 254.080811 -309.584351 216.603241
v 254.080811 -169.584351 176.603241
v 254.080811 -209.584351 176.603241
v 254.080811 -169.584351 216.603241
v 254.080811 -209.584351 -103.396759
v 254.080811 -169.584351 -103.396759
v 254.080811 -209.584351 36.603241
v 254.080811 -169.584351 36.603241
v 254.080811 -169.584351 -53.396759
v 254.080811 -169.584351 86.603241
v 254.080811 -349.584351 -103.396759
v 254.080811 -349.584351 36.603241
v 234.080811 -169.584351 176.603241
v 234.080811 -169.584351 86.603241
v 234.080811 -169.584351 -53.396759
v 94.080811 -169.584351 176.603241
v 94.080811 -169.584351 86.603241
v 94.080811 -169.584351 -53.396759
v -45.919189 -169.584351 176.603241
v -45.919189 -169.584351 86.603241
v -45.919189 -169.584351 -53.396759
v -185.919189 -169.584351 176.603241
v -185.919189 -169.584351 86.603241
v -185.919189 -169.584351 36.603241
v -185.919189 -169.584351 -53.396759
v -185.919189 -169.584351 -103.396759
v 234.080811 -169.584351 216.603241
v 194.080811 -169.584351 216.603241
v 94.080811 -169.584351 216.603241
v 54.080811 -169.584351 216.603241
v 14.080811 -169.584351 216.603241
v -45.919189 -169.584351 216.603241
v -185.919189 -169.584351 216.603241
v 54.080811 -169.584351 217.228241
v 14.080811 -169.584351 217.228241
v 14.080811 -349.584351 -103.396759
v 14.080811 -209.584351 -103.396759
v 14.080811 -349.584351 36.603241
v 14.080811 -209.584351 -53.396759
v 14.080811 -209.584351 36.603241
v 14.080811 -349.584351 176.603241
v 14.080811 -209.584351 86.603241
v 14.080811 -209.584351 176.603241
v 14.080811 -309.584351 217.228241
v 14.080811 -309.584351 216.603241
v 214.080811 -349.584351 176.603241
v 194.080811 -349.584351 176.603241
v 214.080811 -209.584351 176.603241
v 194.080811 -209.584351 176.603241
v 54.080811 -349.584351 176.603241
v 54.080811 -209.584351 176.603241
v 214.080811 -209.584351 86.603241
v 194.080811 -209.584351 86.603241
v 214.080811 -209.584351 36.603241
v 214.080811 -209.584351 -53.396759
v 194.080811 -209.584351 -53.396759
v 214.080811 -209.584351 -103.396759
v 54.080811 -209.584351 86.603241
v 54.080811 -209.584351 -53.396759
v 54.080811 -209.584351 36.603241
v 54.080811 -209.584351 -103.396759
v 214.080811 -349.584351 -103.396759
v 214.080811 -349.584351 36.603241
v 54.080811 -349.584351 -103.396759
v 54.080811 -349.584351 36.603241
v 54.080811 -309.584351 216.603241
v 54.080811 -309.584351 217.228241
v 194.080811 -309.584351 216.603241
v -5.919189 -349.584351 176.603241
v -5.919189 -209.584351 176.603241
v -145.919189 -349.584351 176.603241
v -145.919189 -209.584351 176.603241
v -5.919189 -209.584351 86.603241
v -5.919189 -209.584351 -53.396759
v -145.919189 -209.584351 86.603241
v -145.919189 -209.584351 -53.396759
v -145.919189 -209.584351 36.603241
v -145.919189 -209.584351 -103.396759
v -185.919189 -209.584351 -103.396759
v -185.919189 -209.584351 36.603241
v -185.919189 -209.584351 176.603241
v -145.919189 -349.584351 -103.396759
v -145.919189 -349.584351 36.603241
v -185.919189 -349.584351 -103.396759
v -185.919189 -349.584351 36.603241
v -185.919189 -349.584351 176.603241
v -185.919189 -309.584351 176.603241
v -185.919189 -309.584351 216.603241
v -45.919189 -309.584351 216.603241
v 294.080811 -469.584351 -64.021759
v 294.080811 -469.584351 -53.396759
v 294.080811 -469.584351 75.978241
v 294.080811 -469.584351 86.603241
v 294.080811 -469.584351 215.978241
v 294.080811 -469.584351 216.603241
v 294.080811 -469.584351 256.603241
v 254.080811 -469.584351 216.603241
v -185.919189 -469.584351 216.603241
v 254.080811 -769.584351 216.603241
v 234.080811 -769.584351 216.603241
v 234.080811 -749.584351 216.603241
v 254.080811 -749.584351 216.603241
v 234.080811 -609.584351 216.603241
v 254.080811 -609.584351 216.603241
v 254.080811 -649.584351 216.603241
v 234.080811 -469.584351 216.603241
v 254.080811 -509.584351 216.603241
v 94.080811 -769.584351 216.603241
v 94.080811 -749.584351 216.603241
v 94.080811 -609.584351 216.603241
v 94.080811 -469.584351 216.603241
v 194.080811 -469.584351 216.603241
v -45.919189 -769.584351 216.603241
v -45.919189 -749.584351 216.603241
v -45.919189 -609.584351 216.603241
v -45.919189 -469.584351 216.603241
v 54.080811 -469.584351 216.603241
v -185.919189 -769.584351 216.603241
v -185.919189 -749.584351 216.603241
v -185.919189 -649.584351 216.603241
v -185.919189 -609.584351 216.603241
v -185.919189 -509.584351 216.603241
v -85.919189 -469.584351 216.603241
v 254.080811 -509.584351 -64.021759
v 254.080811 -469.584351 -64.021759
v 254.080811 -509.584351 -63.396759
v 254.080811 -509.584351 75.978241
v 254.080811 -469.584351 75.978241
v 254.080811 -469.584351 -53.396759
v 254.080811 -509.584351 76.603241
v 254.080811 -509.584351 215.978241
v 254.080811 -469.584351 215.978241
v 254.080811 -469.584351 86.603241
v 254.080811 -769.584351 -63.396759
v 254.080811 -649.584351 -63.396759
v 254.080811 -769.584351 76.603241
v 254.080811 -649.584351 76.603241
v -185.919189 -509.584351 -64.021759
v -185.919189 -469.584351 -64.021759
v -185.919189 -509.584351 75.978241
v -185.919189 -509.584351 -63.396759
v -185.919189 -469.584351 -53.396759
v -185.919189 -469.584351 75.978241
v -185.919189 -509.584351 215.978241
v -185.919189 -509.584351 76.603241
v -185.919189 -469.584351 86.603241
v -185.919189 -469.584351 215.978241
v -185.919189 -769.584351 -63.396759
v -185.919189 -649.584351 -63.396759
v -185.919189 -769.584351 76.603241
v -185.919189 -649.584351 76.603241
v 194.080811 -469.584351 256.603241
v 54.080811 -469.584351 256.603241
v -85.919189 -469.584351 256.603241
v -477.175446 -1329.584351 -3395.859375
v -398.419189 -1329.584351 -3383.396484
v -477.169189 -1329.584351 -3395.896484
v -385.919189 -1329.584351 -3462.771484
v -348.612976 -1329.584351 -3699.677979
v -427.369232 -1329.584351 -3712.134277
v -464.669189 -1329.584351 -3475.271484
v -1267.175415 -1329.584351 -3520.840332
v -1030.296143 -1329.584351 -3483.365234
v -980.210266 -1329.584351 -3799.600098
v -1217.369141 -1329.584351 -3837.121582
v -348.419189 -1329.584351 -3699.646484
v -1296.544189 -1329.584351 -3849.646484
v -1346.544189 -1329.584351 -3533.396484
v -1267.169189 -1329.584351 -3520.896484
v -426.981659 -1329.584351 -3712.077881
v -310.494232 -1329.584351 -3936.552979
v -389.669189 -1329.584351 -3949.021484
v -298.788147 -1329.584351 -4016.053467
v -297.794189 -1329.584351 -4015.896484
v -377.162933 -1329.584351 -4028.446777
v -377.169189 -1329.584351 -4028.396484
v -664.141907 -1329.584351 -3749.597412
v -614.045715 -1329.584351 -4065.897949
v -1216.987915 -1329.584351 -3837.059326
v -1167.175415 -1329.584351 -4153.346680
v -1296.350342 -1329.584351 -3849.615479
v -1259.044189 -1329.584351 -4086.521484
v -392.144775 -1274.369995 -3423.082031
v -1296.544189 -889.584351 -3849.646484
v -348.419189 -889.584351 -3699.646484
v -605.143433 -889.619873 -3740.262451
v -743.423584 -889.638977 -3762.139160
v -743.509827 -889.639038 -3762.152832
v -1158.264038 -889.696533 -3827.769775
v -1296.544189 -889.715576 -3849.646484
v -693.414795 -1329.584351 -4078.445312
v -1557.794189 -1409.584351 -3713.396484
v -1707.856689 -1409.584351 -3900.971680
v -1770.475464 -1409.584351 -3851.121826
v -1620.294189 -1409.584351 -3663.396484
v -2207.881836 -1409.584351 -3502.869873
v -2395.275391 -1409.584351 -3353.671875
v -2196.706787 -1409.584351 -3102.978027
v -2008.720093 -1409.584351 -3252.490479
v -1570.437988 -1409.584351 -3601.071777
v -1707.169189 -1409.584351 -3901.521484
v -2458.419189 -1409.584351 -3303.396484
v -2308.950439 -1409.584351 -3115.971680
v -2247.773438 -1409.584351 -3164.913330
v -2246.544189 -1409.584351 -3165.896484
v -1905.919189 -1409.584351 -4151.521484
v -1707.937988 -1409.584351 -3900.909424
v -2457.731689 -1409.584351 -3303.946777
v -2396.269287 -1409.584351 -3352.878174
v -2545.294189 -1409.584351 -3541.521484
v -2594.750488 -1409.584351 -3604.121582
v -1968.656616 -1409.584351 -4101.665527
v -2157.166504 -1409.584351 -3951.860596
v -1958.166748 -1409.584351 -3701.685059
v -1769.100464 -1409.584351 -3852.215576
v -1919.044189 -1409.584351 -4039.646484
v -1707.169189 -968.909302 -3901.521484
v -2458.419189 -968.371887 -3303.396484
v -2458.693359 -968.978394 -3303.741455
v -2020.341309 -969.135437 -3652.235107
v -1975.347412 -969.151550 -3688.005371
v -2020.315918 -969.078979 -3652.202637
v -2020.352173 -969.135437 -3652.226562
v -1707.169189 -969.584351 -3901.521484
v -2219.372070 -1409.584351 -3902.427002
v -398.419189 -1329.584351 -3383.396484
v -477.169189 -1329.584351 -3395.896484
v -385.919189 -1329.584351 -3462.771484
v -1333.994141 -1329.584351 -3612.765625
v -1254.669189 -1329.584351 -3600.271484
v -1346.544189 -1329.584351 -3533.396484
v -1267.169189 -1329.584351 -3520.896484
v -310.494232 -1329.584351 -3936.552979
v -389.669189 -1329.584351 -3949.021484
v -298.788147 -1329.584351 -4016.053467
v -297.794189 -1329.584351 -4015.896484
v -377.169189 -1329.584351 -4028.396484
v -1167.175415 -1329.584351 -4153.346680
v -1246.544189 -1329.584351 -4165.896484
v -1259.044189 -1329.584351 -4086.521484
v -1179.669189 -1329.584351 -4074.021484
v -1334.044189 -1329.584351 -3612.771484
v -1167.169189 -1329.584351 -4153.396484
v -310.294189 -1329.584351 -3936.521484
v -1334.044189 -1969.584351 -3612.771484
v -1346.544189 -1969.584351 -3533.396484
v -1267.169189 -1969.584351 -3520.896484
v -1254.669189 -1969.584351 -3600.271484
v -1246.544189 -1969.584351 -4165.896484
v -1259.044189 -1969.584351 -4086.521484
v -1179.669189 -1969.584351 -4074.021484
v -1167.169189 -1969.584351 -4153.396484
v -298.788147 -1969.584351 -4016.053467
v -377.169189 -1969.584351 -4028.396484
v -389.669189 -1969.584351 -3949.021484
v -311.288147 -1969.584351 -3936.678467
v -310.294189 -1969.584351 -3936.521484
v -297.794189 -1969.584351 -4015.896484
v -464.669189 -1969.584351 -3475.271484
v -477.078400 -1969.584351 -3396.473145
v -477.169189 -1969.584351 -3395.896484
v -398.419189 -1969.584351 -3383.396484
v -398.313293 -1969.584351 -3384.069336
v -385.919189 -1969.584351 -3462.771484
v -1267.169189 -1569.584351 -3520.896484
v -1346.544189 -1569.584351 -3533.396484
v -1346.544189 -1469.584351 -3533.396484
v -1267.169189 -1469.584351 -3520.896484
v -1346.544189 -1849.584351 -3533.396484
v -1267.169189 -1849.584351 -3520.896484
v -1346.544189 -1709.584351 -3533.396484
v -1267.169189 -1709.584351 -3520.896484
v -398.313293 -1469.584351 -3384.069336
v -398.313293 -1569.584351 -3384.069336
v -398.419189 -1569.584351 -3383.396484
v -398.419189 -1469.584351 -3383.396484
v -398.313293 -1329.584351 -3384.069336
v -398.313293 -1849.584351 -3384.069336
v -398.419189 -1849.584351 -3383.396484
v -398.313293 -1709.584351 -3384.069336
v -398.419189 -1709.584351 -3383.396484
v -477.169189 -1849.584351 -3395.896484
v -477.169189 -1709.584351 -3395.896484
v -477.169189 -1569.584351 -3395.896484
v -477.169189 -1469.584351 -3395.896484
v -477.078400 -1569.584351 -3396.473145
v -477.078400 -1469.584351 -3396.473145
v -477.078400 -1329.584351 -3396.473145
v -477.078400 -1849.584351 -3396.473145
v -477.078400 -1709.584351 -3396.473145
v -385.919189 -1469.584351 -3462.771484
v -385.919189 -1569.584351 -3462.771484
v -385.919189 -1849.584351 -3462.771484
v -385.919189 -1709.584351 -3462.771484
v -311.288147 -1849.584351 -3936.678467
v -310.294189 -1849.584351 -3936.521484
v -311.288147 -1709.584351 -3936.678467
v -310.294189 -1709.584351 -3936.521484
v -311.288147 -1569.584351 -3936.678467
v -310.294189 -1569.584351 -3936.521484
v -311.288147 -1469.584351 -3936.678467
v -310.294189 -1469.584351 -3936.521484
v -311.288147 -1329.584351 -3936.678467
v -297.794189 -1569.584351 -4015.896484
v -297.794189 -1469.584351 -4015.896484
v -297.794189 -1849.584351 -4015.896484
v -297.794189 -1709.584351 -4015.896484
v -298.788147 -1569.584351 -4016.053467
v -298.788147 -1469.584351 -4016.053467
v -298.788147 -1849.584351 -4016.053467
v -298.788147 -1709.584351 -4016.053467
v -1334.044189 -1569.584351 -3612.771484
v -1254.669189 -1569.584351 -3600.271484
v -1254.669189 -1469.584351 -3600.271484
v -1334.044189 -1469.584351 -3612.771484
v -1254.669189 -1849.584351 -3600.271484
v -1334.044189 -1849.584351 -3612.771484
v -1254.669189 -1709.584351 -3600.271484
v -1334.044189 -1709.584351 -3612.771484
v -377.169189 -1849.584351 -4028.396484
v -389.669189 -1849.584351 -3949.021484
v -377.169189 -1709.584351 -4028.396484
v -389.669189 -1709.584351 -3949.021484
v -377.169189 -1569.584351 -4028.396484
v -389.669189 -1569.584351 -3949.021484
v -377.169189 -1469.584351 -4028.396484
v -389.669189 -1469.584351 -3949.021484
v -1259.044189 -1849.584351 -4086.521484
v -1179.669189 -1849.584351 -4074.021484
v -1259.044189 -1709.584351 -4086.521484
v -1179.669189 -1709.584351 -4074.021484
v -1259.044189 -1569.584351 -4086.521484
v -1179.669189 -1569.584351 -4074.021484
v -1259.044189 -1469.584351 -4086.521484
v -1179.669189 -1469.584351 -4074.021484
v -1167.169189 -1569.584351 -4153.396484
v -1167.169189 -1469.584351 -4153.396484
v -1167.169189 -1849.584351 -4153.396484
v -1167.169189 -1709.584351 -4153.396484
v -1246.544189 -1849.584351 -4165.896484
v -1246.544189 -1709.584351 -4165.896484
v -1246.544189 -1569.584351 -4165.896484
v -1246.544189 -1469.584351 -4165.896484
v -464.669189 -1569.584351 -3475.271484
v -464.669189 -1469.584351 -3475.271484
v -464.669189 -1849.584351 -3475.271484
v -464.669189 -1709.584351 -3475.271484
v -1557.794189 -1409.584351 -3713.396484
v -1507.794189 -1409.584351 -3650.896484
v -2607.794189 -1409.584351 -3491.521484
v -2657.794189 -1409.584351 -3554.021484
v -2594.669189 -1409.584351 -3604.021484
v -1856.544189 -1409.584351 -4089.021484
v -2309.044189 -1409.584351 -3115.896484
v -2196.544189 -1409.584351 -3102.771484
v -1570.294189 -1409.584351 -3600.896484
v -1969.044189 -1409.584351 -4102.146484
v -2247.773438 -1969.584351 -3164.913330
v -2309.044189 -1969.584351 -3115.896484
v -2259.044189 -1969.584351 -3053.396484
v -2196.544189 -1969.584351 -3102.771484
v -2246.544189 -1969.584351 -3165.896484
v -1507.794189 -1969.584351 -3650.896484
v -1557.794189 -1969.584351 -3713.396484
v -1620.294189 -1969.584351 -3663.396484
v -1570.294189 -1969.584351 -3600.896484
v -1856.544189 -1969.584351 -4089.021484
v -1905.919189 -1969.584351 -4151.521484
v -1969.044189 -1969.584351 -4102.146484
v -1919.044189 -1969.584351 -4039.646484
v -2657.794189 -1969.584351 -3554.021484
v -2607.794189 -1969.584351 -3491.521484
v -2545.294189 -1969.584351 -3541.521484
v -2594.669189 -1969.584351 -3604.021484
v -2196.544189 -1849.584351 -3102.771484
v -2259.044189 -1849.584351 -3053.396484
v -2196.544189 -1709.584351 -3102.771484
v -2259.044189 -1709.584351 -3053.396484
v -2259.044189 -1569.584351 -3053.396484
v -2196.544189 -1569.584351 -3102.771484
v -2196.544189 -1549.584351 -3102.771484
v -2259.044189 -1549.584351 -3053.396484
v -2545.294189 -1849.584351 -3541.521484
v -2594.669189 -1849.584351 -3604.021484
v -2545.294189 -1709.584351 -3541.521484
v -2594.669189 -1709.584351 -3604.021484
v -2545.294189 -1569.584351 -3541.521484
v -2594.669189 -1569.584351 -3604.021484
v -2594.669189 -1549.584351 -3604.021484
v -2545.294189 -1549.584351 -3541.521484
v -2247.773438 -1849.584351 -3164.913330
v -2246.544189 -1849.584351 -3165.896484
v -2247.773438 -1709.584351 -3164.913330
v -2246.544189 -1709.584351 -3165.896484
v -2246.544189 -1569.584351 -3165.896484
v -2247.773438 -1569.584351 -3164.913330
v -2247.773438 -1549.584351 -3164.913330
v -2246.544189 -1549.584351 -3165.896484
v -1905.919189 -1849.584351 -4151.521484
v -1856.544189 -1849.584351 -4089.021484
v -1905.919189 -1709.584351 -4151.521484
v -1856.544189 -1709.584351 -4089.021484
v -1856.544189 -1569.584351 -4089.021484
v -1905.919189 -1569.584351 -4151.521484
v -1905.919189 -1549.584351 -4151.521484
v -1856.544189 -1549.584351 -4089.021484
v -1919.044189 -1569.584351 -4039.646484
v -1919.044189 -1549.584351 -4039.646484
v -1919.044189 -1849.584351 -4039.646484
v -1919.044189 -1709.584351 -4039.646484
v -1969.044189 -1569.584351 -4102.146484
v -1969.044189 -1549.584351 -4102.146484
v -1969.044189 -1849.584351 -4102.146484
v -1969.044189 -1709.584351 -4102.146484
v -1507.794189 -1849.584351 -3650.896484
v -1557.794189 -1849.584351 -3713.396484
v -1507.794189 -1709.584351 -3650.896484
v -1557.794189 -1709.584351 -3713.396484
v -1507.794189 -1569.584351 -3650.896484
v -1557.794189 -1569.584351 -3713.396484
v -1507.794189 -1549.584351 -3650.896484
v -1557.794189 -1549.584351 -3713.396484
v -1620.294189 -1849.584351 -3663.396484
v -1570.294189 -1849.584351 -3600.896484
v -1620.294189 -1709.584351 -3663.396484
v -1570.294189 -1709.584351 -3600.896484
v -1620.294189 -1569.584351 -3663.396484
v -1570.294189 -1569.584351 -3600.896484
v -1620.294189 -1549.584351 -3663.396484
v -1570.294189 -1549.584351 -3600.896484
v -2309.044189 -1849.584351 -3115.896484
v -2309.044189 -1709.584351 -3115.896484
v -2309.044189 -1569.584351 -3115.896484
v -2309.044189 -1549.584351 -3115.896484
v -2657.794189 -1849.584351 -3554.021484
v -2607.794189 -1849.584351 -3491.521484
v -2657.794189 -1709.584351 -3554.021484
v -2607.794189 -1709.584351 -3491.521484
v -2657.794189 -1569.584351 -3554.021484
v -2607.794189 -1569.584351 -3491.521484
v -2607.794189 -1549.584351 -3491.521484
v -2657.794189 -1549.584351 -3554.021484
v -1178.024658 -889.584351 -3830.895996
v -901.464355 -889.584351 -3787.142334
v -881.703735 -889.584351 -3784.016113
v -624.904175 -889.584351 -3743.388672
v -466.863251 -889.584351 -3718.385742
v -348.419189 -889.584351 -3699.646484
v -466.863251 -889.600769 -3718.385742
v -605.143433 -889.619873 -3740.262451
v -881.703735 -889.658203 -3784.016113
v -1019.983887 -889.677246 -3805.893066
v -2413.822754 -968.444092 -3338.903320
v -2413.822754 -969.544556 -3338.903320
v -2304.296631 -968.621277 -3426.104736
v -2304.296631 -969.446655 -3426.104736
v -2194.770752 -968.798523 -3513.306152
v -2194.770752 -969.348755 -3513.306152
v -2085.245117 -968.975830 -3600.507812
v -2085.245117 -969.250977 -3600.507812
v -1975.719116 -969.153137 -3687.709473
v -1756.667603 -968.954346 -3862.112305
v -1756.667603 -969.504883 -3862.112305
v -1866.193359 -969.053650 -3774.910889
v -1866.193359 -969.328979 -3774.910889
v 124.080811 -1948.334351 -4493.396484
v 124.080811 -1969.584351 -4493.396484
v 124.080811 -1969.584351 -4523.396484
v 164.080811 -1948.334351 -4493.396484
v 164.080811 -1969.584351 -4493.396484
v 154.080811 -1909.584351 -4523.396484
v 134.080811 -1909.584351 -4523.396484
v 134.080811 -1909.584351 -4543.396484
v 154.080811 -1909.584351 -4543.396484
v 134.080811 -1969.584351 -4543.396484
v 154.080811 -1969.584351 -4543.396484
v 164.080811 -1948.334351 -4523.396484
v 164.080811 -1969.584351 -4523.396484
v 134.080811 -1969.584351 -4523.396484
v 154.080811 -1969.584351 -4523.396484
v 154.080811 -1948.334351 -4523.396484
v 134.080811 -1948.334351 -4523.396484
v 37.830811 -1411.459351 -3003.396484
v 44.705811 -1418.334351 -3003.396484
v 69.705811 -1415.209351 -3003.396484
v 65.955811 -1418.334351 -3003.396484
v 55.330811 -1408.334351 -3003.396484
v 37.830811 -1460.834351 -3003.396484
v 37.830811 -1447.084351 -3003.396484
v 76.580811 -1422.084351 -3003.396484
v 59.080811 -1291.459351 -3003.396484
v 69.705811 -1287.709351 -3003.396484
v 62.830811 -1294.584351 -3003.396484
v 37.830811 -1270.209351 -3003.396484
v 37.830811 -1242.084351 -3003.396484
v 2.205811 -1418.959351 -3007.771484
v 12.830811 -1408.334351 -3007.771484
v 9.080811 -1404.584351 -3007.771484
v -1.544189 -1415.209351 -3007.771484
v -43.419189 -1351.459351 -3007.771484
v -10.937805 -1384.327393 -3007.771484
v -28.499146 -1402.004395 -3007.771484
v -8.419189 -1422.084351 -3007.771484
v 0.572968 -1395.975220 -3007.771484
v 23.768311 -1418.646851 -3007.771484
v 34.080811 -1428.959351 -3007.771484
v 34.080811 -1414.584351 -3007.771484
v 34.080811 -1408.334351 -3007.771484
v 23.455811 -1418.334351 -3007.771484
v 23.423615 -1439.739014 -3007.771484
v 9.332123 -1439.835693 -3007.771484
v 16.329498 -1446.833008 -3007.771484
v 34.080811 -1464.584351 -3007.771484
v 34.080811 -1450.209351 -3007.771484
v 34.080811 -1449.583740 -3007.771484
v 37.830811 -1411.459351 -3007.771484
v 37.830811 -1414.584351 -3007.771484
v 37.830811 -1425.834351 -3007.771484
v 23.455811 -1418.959351 -3007.771484
v 23.612061 -1418.803101 -3007.771484
v 59.080811 -1404.584351 -3007.771484
v 55.330811 -1408.334351 -3007.771484
v 65.955811 -1418.334351 -3007.771484
v 69.705811 -1415.209351 -3007.771484
v 51.832123 -1446.833008 -3007.771484
v 76.580811 -1422.084351 -3007.771484
v 44.957123 -1439.958008 -3007.771484
v 37.830811 -1447.084351 -3007.771484
v 37.830811 -1449.583740 -3007.771484
v 37.830811 -1460.834351 -3007.771484
v 37.830811 -1439.706909 -3007.771484
v 41.479034 -1443.355103 -3007.771484
v 147.205811 -1351.459351 -3007.771484
v 111.580811 -1351.459351 -3007.771484
v 87.830811 -1375.492065 -3007.771484
v 94.503479 -1404.161621 -3007.771484
v 62.830811 -1294.584351 -3007.771484
v 69.705811 -1287.709351 -3007.771484
v 66.580811 -1284.584351 -3007.771484
v 59.080811 -1291.459351 -3007.771484
v 104.491425 -1343.744995 -3007.771484
v 112.830811 -1352.084351 -3007.771484
v 121.933899 -1326.187500 -3007.771484
v 79.219513 -1318.473022 -3007.771484
v 94.705811 -1333.959351 -3007.771484
v 96.661987 -1300.915527 -3007.771484
v 59.080811 -1298.334351 -3007.771484
v 34.080811 -1238.334351 -3007.771484
v 34.080811 -1253.723877 -3007.771484
v 34.080811 -1273.334351 -3007.771484
v 37.830811 -1273.334351 -3007.771484
v 37.830811 -1270.209351 -3007.771484
v 37.830811 -1263.836792 -3007.771484
v 37.830811 -1255.834351 -3007.771484
v 37.830811 -1242.084351 -3007.771484
v 34.080811 -1273.959351 -3007.771484
v 37.830811 -1308.333740 -3007.771484
v 37.830811 -1294.584351 -3007.771484
v 34.080811 -1323.334351 -3007.771484
v 37.830811 -1319.584351 -3007.771484
v 49.705811 -1282.084351 -3007.771484
v 44.956055 -1262.959473 -3007.771484
v 41.831970 -1259.835571 -3007.771484
v 51.831055 -1256.084595 -3007.771484
v -64.914093 -1337.329224 -3007.771484
v -34.821930 -1342.862061 -3007.771484
v -8.470612 -1316.510742 -3007.771484
v 17.880554 -1290.159668 -3007.771484
v 0.009460 -1272.405640 -3007.771484
v 76.580811 -1280.834351 -3004.021484
v 37.830811 -1242.084351 -3004.021484
v 76.580811 -1422.084351 -3004.021484
v 49.705811 -1282.084351 -3004.021484
v 59.080811 -1291.459351 -3004.021484
v 62.830811 -1294.584351 -3004.021484
v 37.830811 -1270.209351 -3004.021484
v 69.705811 -1415.209351 -3004.021484
v 37.830811 -1425.834351 -3004.021484
v 37.830811 -1411.459351 -3004.021484
v 37.830811 -1447.084351 -3004.021484
v 34.080811 -1428.959351 -3004.021484
v 151.580811 -1913.334351 -4522.146484
v 136.580811 -1913.334351 -4522.146484
v 136.580811 -1913.334351 -4523.396484
v 151.580811 -1913.334351 -4523.396484
v 151.580811 -1935.209351 -4523.396484
v 151.580811 -1935.209351 -4522.146484
v 136.580811 -1935.209351 -4523.396484
v 136.580811 -1935.209351 -4522.146484
v 394.080811 -1972.084351 -4623.396484
v 394.080811 -1972.084351 -4604.021484
v 377.205811 -1972.084351 -4604.021484
v 124.080811 -1972.084351 -4604.021484
v 124.080811 -1972.084351 -4623.396484
v 377.205811 -1972.084351 -4493.396484
v 124.080811 -1972.084351 -4493.396484
v 394.080811 -1972.084351 -4493.396484
v 377.205811 -1972.084351 -3003.396484
v 124.080811 -1972.084351 -3003.396484
v 124.080811 -1972.084351 -3204.021484
v 394.080811 -1972.084351 -3003.396484
v -105.919189 -1972.084351 -4604.021484
v -1505.919189 -1972.084351 -4604.021484
v -105.919189 -1972.084351 -4623.396484
v -1505.919189 -1972.084351 -4623.396484
v -105.919189 -1972.084351 -3003.396484
v -105.919189 -1972.084351 -3204.021484
v -1505.919189 -1972.084351 -3003.396484
v -1505.919189 -1972.084351 -3204.021484
v 377.205811 -1972.084351 -1863.396729
v 377.205811 -1972.084351 -2603.396484
v 394.080811 -1972.084351 -1863.396729
v -105.919189 -1972.084351 -2603.396484
v -1505.919189 -1972.084351 -2603.396484
v -1505.919189 -1972.084351 -2903.396484
v -1505.919189 -1972.084351 -2943.396484
v 162.205811 -1972.084351 -1863.396729
v -105.919189 -1972.084351 -1863.396729
v -1237.794189 -1972.084351 -1863.396729
v -1505.919189 -1972.084351 -1863.396729
v -2829.044189 -1972.084351 -4604.021484
v -2845.919189 -1972.084351 -4604.021484
v -2845.919189 -1972.084351 -4623.396484
v -2829.044189 -1972.084351 -3204.021484
v -2829.044189 -1972.084351 -2943.396484
v -2105.919189 -1972.084351 -2943.396484
v -2625.919189 -1972.084351 -2943.396484
v -2845.919189 -1972.084351 -2943.396484
v -2845.919189 -1972.084351 -3204.021484
v -1545.919189 -1972.084351 -2903.396484
v -2025.919189 -1972.084351 -2903.396484
v -2105.919189 -1972.084351 -2903.396484
v -1545.919189 -1972.084351 -1863.396729
v -2025.919189 -1972.084351 -1863.396729
v -2105.919189 -1972.084351 -1863.396729
v -2585.919189 -1972.084351 -2903.396484
v -2625.919189 -1972.084351 -2903.396484
v -2829.044189 -1972.084351 -2903.396484
v -2845.919189 -1972.084351 -2903.396484
v -2585.919189 -1972.084351 -1863.396729
v -2625.919189 -1972.084351 -1863.396729
v -2829.044189 -1972.084351 -1863.396729
v -2845.919189 -1972.084351 -1863.396729
v 377.205811 -1972.084351 -545.271729
v 394.080811 -1972.084351 -545.271729
v 162.205811 -1972.084351 -545.271729
v -1077.794189 -1972.084351 -545.271729
v -1237.794189 -1972.084351 -545.271729
v -1237.794189 -1972.084351 -872.771729
v 377.205811 -1972.084351 297.228241
v 394.080811 -1972.084351 316.603241
v 377.205811 -1972.084351 316.603241
v -1077.794189 -1972.084351 297.228241
v -1077.794189 -1972.084351 -385.271759
v -1077.794189 -1972.084351 316.603241
v -1237.794189 -1972.084351 -385.271759
v -1237.794189 -1972.084351 297.228241
v -1237.794189 -1972.084351 -23.396759
v -1237.794189 -1972.084351 316.603241
v -1505.919189 -1972.084351 -1823.396729
v -1270.294189 -1972.084351 -872.771729
v -1505.919189 -1972.084351 -872.771729
v -2625.919189 -1972.084351 -1823.396729
v -2065.919189 -1972.084351 -872.771729
v -2625.919189 -1972.084351 -872.771729
v -2829.044189 -1972.084351 -872.771729
v -2845.919189 -1972.084351 -872.771729
v -1270.294189 -1972.084351 -385.271759
v -1645.919189 -1972.084351 -385.271759
v -2065.919189 -1972.084351 -385.271759
v -1645.919189 -1972.084351 -23.396759
v -1645.919189 -1972.084351 316.603241
v -1645.919189 -1972.084351 297.228241
v -2065.919189 -1972.084351 -23.396759
v -2065.919189 -1972.084351 316.603241
v -2065.919189 -1972.084351 297.228241
v -2829.044189 -1972.084351 -23.396759
v -2465.919189 -1972.084351 -23.396759
v -2845.919189 -1972.084351 -23.396759
v -2465.919189 -1972.084351 297.228241
v -2465.919189 -1972.084351 316.603241
v -2829.044189 -1972.084351 316.603241
v -2829.044189 -1972.084351 297.228241
v -2845.919189 -1972.084351 316.603241
v 10.955811 -1237.084351 -3003.396484
v 34.161987 -1237.084351 -2948.584229
v -2025.919189 -1009.584351 -2343.396729
v -2105.919189 -1009.584351 -2423.396729
v -2105.919189 -1887.766113 -2843.396484
v -2105.919189 -1889.584351 -2844.266357
v -2105.919189 -1929.584351 -2873.396484
v -2105.919189 -1889.584351 -2854.266357
v -2105.919189 -1854.129761 -2827.309814
v -2105.919189 -1714.129761 -2760.353516
v -2105.919189 -1595.038940 -2703.396484
v -2105.919189 -1608.893555 -2710.022949
v -2105.919189 -1709.584351 -2768.179199
v -2105.919189 -1561.402588 -2687.309814
v -2105.919189 -1561.402588 -2697.309814
v -2105.919189 -1421.402588 -2620.353516
v -2105.919189 -1421.402588 -2630.353516
v -2105.919189 -1289.584351 -2563.396484
v -2105.919189 -1302.311768 -2563.396484
v -2105.919189 -1289.584351 -2567.309814
v -2105.919189 -1289.584351 -2557.309814
v -2105.919189 -1149.584351 -2490.353271
v -2105.919189 -1188.893555 -2509.153320
v -2105.919189 -1034.125732 -2435.134033
v -2025.919189 -1866.856934 -2843.396484
v -2025.919189 -1889.584351 -2844.266357
v -2025.919189 -1887.766113 -2843.396484
v -2025.919189 -1854.129761 -2837.309814
v -2025.919189 -1854.129761 -2827.309814
v -2025.919189 -1714.129761 -2760.353516
v -2025.919189 -1574.129761 -2703.396484
v -2025.919189 -1709.584351 -2768.179199
v -2025.919189 -1608.893555 -2710.022949
v -2025.919189 -1595.038940 -2703.396484
v -2025.919189 -1561.402588 -2687.309814
v -2025.919189 -1421.402588 -2620.353516
v -2025.919189 -1289.584351 -2563.396484
v -2025.919189 -1281.402588 -2563.396484
v -2025.919189 -1289.584351 -2567.309814
v -2025.919189 -1302.311768 -2563.396484
v -2025.919189 -1289.584351 -2557.309814
v -2025.919189 -1149.584351 -2500.353271
v -2025.919189 -1188.893555 -2509.153320
v -2025.919189 -1149.584351 -2490.353271
v -2025.919189 -1034.125732 -2435.134033
v -2002.191772 -1059.196167 -2447.124268
v -1954.434937 -1159.051270 -2271.912598
v -2025.919189 -1063.212402 -2317.748535
v -2025.919189 -1527.648193 -2095.627197
v -2025.919189 -1354.173584 -2178.593262
v -1942.953125 -1354.173584 -2178.593262
v -1660.246094 -1774.173584 -1977.723633
v -1605.049561 -1889.584351 -1922.527100
v -2025.919189 -1889.584351 -1922.527100
v -2025.919189 -1774.173584 -1977.723633
v -1861.115601 -1354.173584 -2178.593262
v -1676.039307 -1741.151367 -1993.516846
v -1605.049561 -1889.584351 -2844.266357
v -1739.293091 -1608.893555 -2710.022949
v -1940.162598 -1188.893555 -2509.153320
v -1605.049561 -1889.584351 -2516.496826
v -1676.039307 -1741.151367 -2445.507080
v -1739.293091 -1608.893555 -2382.253174
v -1876.908936 -1321.151367 -2244.637451
v -1605.049561 -1889.584351 -2478.235840
v -2025.919189 -1245.446289 -2230.593262
v -2105.919189 -1889.584351 -1922.527100
v -2105.919189 -1774.173584 -1977.723633
v -2105.919189 -1354.173584 -2178.593262
v -2105.919189 -1063.212402 -2317.748535
v -2105.919189 -1121.186646 -2290.021729
v -1745.919189 -1929.584351 -1903.396729
v -1885.919189 -1929.584351 -1903.396729
v -1585.919189 -1929.584351 -1923.396729
v -1585.919189 -1929.584351 -2483.396729
v -1885.919189 -1929.584351 -2863.396484
v -2129.646484 -1059.196167 -2447.124268
v -2177.403320 -1159.051270 -2271.912598
v -2526.788818 -1889.584351 -2844.266357
v -2445.782227 -1720.207031 -2763.259766
v -2392.545410 -1608.893555 -2710.022949
v -2362.904053 -1546.916260 -2680.381348
v -2392.545410 -1608.893555 -2650.739990
v -2526.788818 -1889.584351 -2516.496826
v -2392.545410 -1608.893555 -2056.770508
v -2471.592285 -1774.173584 -1977.723633
v -2526.788818 -1889.584351 -1922.527100
v -2191.675781 -1188.893555 -2509.153320
v -2270.722900 -1354.173584 -2178.593262
v -2364.775635 -1889.584351 -2844.266357
v -2545.919189 -1929.584351 -2863.396484
v -2545.919189 -1929.584351 -2343.396729
v -2545.919189 -1929.584351 -2483.396729
v -2545.919189 -1929.584351 -2763.396484
v -2105.919189 -1009.584351 -2343.396729
v -2025.919189 -1009.584351 -2423.396729
v -2065.919189 -929.584351 -2383.396729
v -2105.919189 -1009.584351 -2433.396729
v -2025.919189 -1009.584351 -2433.396729
v -2105.919189 -1866.856934 -2843.396484
v -2105.919189 -1854.129761 -2837.309814
v -2105.919189 -1849.584351 -2835.135742
v -2105.919189 -1714.129761 -2770.353516
v -2105.919189 -1574.129761 -2703.396484
v -2105.919189 -1569.584351 -2701.222900
v -2105.919189 -1429.584351 -2634.266357
v -2105.919189 -1281.402588 -2563.396484
v -2105.919189 -1149.584351 -2500.353271
v -2025.919189 -1889.584351 -2854.266357
v -2025.919189 -1714.129761 -2770.353516
v -2025.919189 -1849.584351 -2835.135742
v -2025.919189 -1561.402588 -2697.309814
v -2025.919189 -1569.584351 -2701.222900
v -2025.919189 -1421.402588 -2630.353516
v -2025.919189 -1429.584351 -2634.266357
v 54.080811 -449.584351 217.228241
v 14.080811 -449.584351 217.228241
v 54.080811 -169.584351 217.228241
v 14.080811 -169.584351 217.228241
v 14.080811 -309.584351 217.228241
v 54.080811 -309.584351 217.228241
v -2025.919189 -1929.584351 -1863.396729
v -2125.919189 -1929.584351 -1863.396729
v -2105.919189 -1929.584351 -1863.396729
v -2585.919189 -1929.584351 -1863.396729
v -2105.919189 -1929.584351 -2863.396484
v -1585.919189 -1929.584351 -2903.396484
v -1605.919189 -1929.584351 -2903.396484
v -2025.919189 -1929.584351 -2873.396484
v -2025.919189 -1929.584351 -2863.396484
v -1545.919189 -1929.584351 -2483.396729
v -1545.919189 -1929.584351 -1903.396729
v -1585.919189 -1929.584351 -1903.396729
v -1605.919189 -1929.584351 -1903.396729
v -2025.919189 -1929.584351 -1903.396729
v -1585.919189 -1929.584351 -2063.396729
v -1585.919189 -1929.584351 -2203.396729
v -1585.919189 -1929.584351 -2343.396729
v -1585.919189 -1929.584351 -2497.366211
v -1585.919189 -1929.584351 -2623.396484
v -1585.919189 -1929.584351 -2763.396484
v -1585.919189 -1929.584351 -2863.396484
v -1605.919189 -1929.584351 -2863.396484
v -1745.919189 -1929.584351 -2863.396484
v -2105.919189 -1929.584351 -1903.396729
v -2125.919189 -1929.584351 -2903.396484
v -2305.919189 -1929.584351 -2903.396484
v -2545.919189 -1929.584351 -2903.396484
v -2585.919189 -1929.584351 -2483.396729
v -2585.919189 -1929.584351 -2423.396729
v -2585.919189 -1929.584351 -1923.396729
v -2125.919189 -1929.584351 -2863.396484
v -2265.919189 -1929.584351 -2863.396484
v -2405.919189 -1929.584351 -2863.396484
v -2125.919189 -1929.584351 -1903.396729
v -2265.919189 -1929.584351 -1903.396729
v -2405.919189 -1929.584351 -1903.396729
v -2545.919189 -1929.584351 -1903.396729
v -2545.919189 -1929.584351 -1923.396729
v -2545.919189 -1929.584351 -2063.396729
v -2545.919189 -1929.584351 -2203.396729
v -2545.919189 -1929.584351 -2623.396484
v -2545.919189 -1929.584351 -2497.366211
v -1102.169189 -1917.084351 -445.146790
v -1102.169189 -1917.084351 -417.146759
v -1110.294189 -1917.084351 -417.146759
v -1110.294189 -1917.084351 -417.771759
v -1110.294189 -1917.084351 -427.771759
v -1110.294189 -1917.084351 -428.396759
v -1110.294189 -1917.084351 -438.396759
v -1110.294189 -1917.084351 -439.021759
v -1110.294189 -1917.084351 -449.021759
v -1109.669189 -1917.084351 -449.021759
v -1102.169189 -1917.084351 -449.021759
v -1102.169189 -1917.084351 -509.521790
v -1102.169189 -1917.084351 -481.521759
v -1109.669189 -1917.084351 -481.521759
v -1110.294189 -1917.084351 -481.521759
v -1110.294189 -1917.084351 -491.521759
v -1110.294189 -1917.084351 -492.146759
v -1110.294189 -1917.084351 -502.146759
v -1110.294189 -1917.084351 -502.771759
v -1110.294189 -1917.084351 -512.771729
v -1110.294189 -1917.084351 -513.396729
v -1102.169189 -1917.084351 -513.396729
v -1110.294189 -1933.334351 -481.521759
v -1110.294189 -1920.209351 -481.521759
v -1109.669189 -1920.209351 -481.521759
v -1109.669189 -1929.584351 -481.521759
v -1110.294189 -1929.584351 -481.521759
v -1111.544189 -1929.584351 -481.521759
v -1102.169189 -1933.334351 -481.521759
v -1109.669189 -1933.334351 -481.521759
v -1110.294189 -1933.334351 -512.771729
v -1110.294189 -1933.334351 -509.521790
v -1110.294189 -1933.334351 -502.771759
v -1110.294189 -1933.334351 -502.146759
v -1110.294189 -1933.334351 -492.146759
v -1110.294189 -1933.334351 -491.521759
v -1110.294189 -1920.209351 -512.771729
v -1110.294189 -1920.209351 -502.771759
v -1110.294189 -1929.584351 -512.771729
v -1110.294189 -1929.584351 -502.771759
v -1110.294189 -1920.209351 -491.521759
v -1110.294189 -1929.584351 -491.521759
v -1110.294189 -1929.584351 -492.146759
v -1110.294189 -1920.209351 -492.146759
v -1110.294189 -1920.209351 -502.146759
v -1110.294189 -1929.584351 -502.146759
v -1102.169189 -1933.334351 -509.521790
v -1111.544189 -1920.209351 -502.771759
v -1111.544189 -1929.584351 -502.771759
v -1111.544189 -1929.584351 -512.771729
v -1111.544189 -1929.584351 -492.146759
v -1111.544189 -1929.584351 -502.146759
v -1111.544189 -1920.209351 -502.146759
v -1111.544189 -1929.584351 -491.521759
v -1110.294189 -1920.209351 -449.021759
v -1111.544189 -1920.209351 -449.021759
v -1110.294189 -1929.584351 -449.021759
v -1109.669189 -1929.584351 -449.021759
v -1109.669189 -1920.209351 -449.021759
v -1109.669189 -1933.334351 -449.021759
v -1102.169189 -1933.334351 -449.021759
v -1110.294189 -1933.334351 -449.021759
v -1110.294189 -1920.209351 -438.396759
v -1110.294189 -1920.209351 -428.396759
v -1110.294189 -1933.334351 -438.396759
v -1110.294189 -1929.584351 -438.396759
v -1110.294189 -1929.584351 -428.396759
v -1110.294189 -1933.334351 -439.021759
v -1110.294189 -1929.584351 -439.021759
v -1110.294189 -1920.209351 -439.021759
v -1110.294189 -1933.334351 -417.771759
v -1110.294189 -1929.584351 -417.771759
v -1110.294189 -1920.209351 -417.771759
v -1110.294189 -1920.209351 -427.771759
v -1110.294189 -1929.584351 -427.771759
v -1111.544189 -1929.584351 -417.771759
v -1111.544189 -1920.209351 -428.396759
v -1111.544189 -1929.584351 -428.396759
v -1111.544189 -1929.584351 -438.396759
v -1111.544189 -1920.209351 -439.021759
v -1111.544189 -1929.584351 -439.021759
v -1237.794189 -1933.334351 -505.521851
v -1237.794189 -1933.334351 -449.521790
v -1237.794189 -1933.334351 -417.146759
v -1205.919189 -1933.334351 -545.271729
v -1209.794189 -1933.334351 -545.271729
v -1077.794189 -1933.334351 -545.271729
v -1093.919067 -1933.334351 -545.271729
v -1121.919067 -1933.334351 -545.271729
v -1077.794189 -1933.334351 -525.271729
v -1077.794189 -1933.334351 -497.271881
v -1077.794189 -1933.334351 -513.396729
v -1077.794189 -1933.334351 -469.271851
v -1077.794189 -1933.334351 -481.521759
v -1077.794189 -1933.334351 -449.021759
v -1077.794189 -1933.334351 -385.271759
v -1110.294189 -1933.334351 -385.271759
v -1205.919189 -1933.334351 -385.271759
v -1082.294189 -1933.334351 -385.271759
v -1205.919189 -1933.334351 -417.146759
v -1205.919189 -1933.334351 -481.521759
v -1110.294189 -1933.334351 -481.521759
v -1121.919067 -1933.334351 -481.521759
v -1177.919189 -1933.334351 -481.521759
v -1110.294189 -1933.334351 -513.396729
v -1102.169189 -1933.334351 -513.396729
v -1149.919189 -1933.334351 -513.396729
v -1177.919189 -1933.334351 -513.396729
v -1110.294189 -1933.334351 -449.021759
v -1177.919189 -1933.334351 -449.021759
v -1110.294189 -1933.334351 -417.146759
v -1102.169189 -1933.334351 -417.146759
v -1102.169189 -1933.334351 -445.146790
v -1121.919067 -1933.334351 -417.146759
v -1149.919189 -1933.334351 -417.146759
v -1205.919189 -1933.334351 -415.771790
v -1205.919189 -1937.084351 -481.521759
v -1205.919189 -1937.084351 -485.396729
v -1205.919189 -1937.084351 -509.521790
v -1205.919189 -1937.084351 -513.396729
v -1205.919189 -1933.334351 -513.396729
v -1110.294189 -1937.084351 -509.521790
v -1110.294189 -1937.084351 -485.396729
v -1110.294189 -1937.084351 -481.521759
v -1110.294189 -1933.334351 -481.521759
v -1110.294189 -1933.334351 -509.521790
v -1110.294189 -1937.084351 -513.396729
v -1177.919189 -1937.084351 -513.396729
v -1149.919189 -1937.084351 -513.396729
v -1121.919067 -1937.084351 -513.396729
v -1177.919189 -1937.084351 -481.521759
v -1177.919189 -1933.334351 -481.521759
v -1149.919189 -1937.084351 -481.521759
v -1149.919189 -1933.334351 -481.521759
v -1121.919067 -1937.084351 -481.521759
v -1121.919067 -1933.334351 -481.521759
v -1177.919189 -1937.084351 -485.396729
v -1149.919189 -1937.084351 -485.396729
v -1121.919067 -1937.084351 -485.396729
v -1205.919189 -1933.334351 -417.146759
v -1205.919189 -1937.084351 -417.146759
v -1205.919189 -1937.084351 -421.021729
v -1205.919189 -1937.084351 -445.146790
v -1205.919189 -1933.334351 -445.146790
v -1205.919189 -1937.084351 -449.021759
v -1205.919189 -1933.334351 -449.021759
v -1110.294189 -1937.084351 -445.146790
v -1110.294189 -1937.084351 -421.021729
v -1110.294189 -1937.084351 -417.146759
v -1110.294189 -1933.334351 -417.146759
v -1110.294189 -1933.334351 -445.146790
v -1110.294189 -1933.334351 -449.021759
v -1110.294189 -1937.084351 -449.021759
v -1177.919189 -1937.084351 -417.146759
v -1177.919189 -1933.334351 -417.146759
v -1149.919189 -1937.084351 -417.146759
v -1149.919189 -1933.334351 -417.146759
v -1121.919067 -1937.084351 -417.146759
v -1177.919189 -1937.084351 -449.021759
v -1177.919189 -1933.334351 -449.021759
v -1149.919189 -1937.084351 -449.021759
v -1149.919189 -1933.334351 -449.021759
v -1121.919067 -1937.084351 -449.021759
v -1121.919067 -1933.334351 -449.021759
v -1177.919189 -1937.084351 -421.021729
v -1149.919189 -1937.084351 -421.021729
v -1121.919067 -1937.084351 -421.021729
v -1111.544189 -1920.209351 -512.771729
v -1111.544189 -1929.584351 -449.021759
v -2060.919189 -1444.584351 -872.146729
v -1111.544189 -1920.209351 -492.146759
v -1111.544189 -1920.209351 -502.146759
v -1111.544189 -1920.209351 -428.396759
v -1111.544189 -1920.209351 -438.396759
v -1111.544189 -1920.209351 -481.521759
v -1111.544189 -1920.209351 -491.521759
v -1111.544189 -1920.209351 -417.771759
v -1111.544189 -1929.584351 -427.771759
v -1111.544189 -1920.209351 -427.771759
v -1768.419189 -1769.584351 74.103241
v -1728.419189 -1769.584351 74.103241
v -1728.419189 -1822.084351 74.103241
v -2030.919189 -1459.584351 -872.146729
v -2385.919189 -1769.584351 79.103241
v -2445.919189 -1769.584351 79.103241
v -2445.919189 -1769.584351 76.603241
v -2423.419189 -1769.584351 76.603241
v -2385.919189 -1769.584351 76.603241
v -2465.919189 -1769.584351 79.103241
v -2585.919189 -1769.584351 79.103241
v -2585.919189 -1769.584351 76.603241
v -2538.419189 -1769.584351 76.603241
v -2495.919189 -1769.584351 76.603241
v -2465.919189 -1769.584351 76.603241
v -1985.919189 -1769.584351 79.103241
v -2045.919189 -1769.584351 79.103241
v -2045.919189 -1769.584351 76.603241
v -1985.919189 -1769.584351 76.603241
v -2065.919189 -1769.584351 79.103241
v -2185.919189 -1769.584351 79.103241
v -2185.919189 -1769.584351 76.603241
v -2110.919189 -1769.584351 76.603241
v -2065.919189 -1769.584351 76.603241
v -1585.919189 -1769.584351 79.103241
v -1645.919189 -1769.584351 79.103241
v -1645.919189 -1769.584351 76.603241
v -1605.919189 -1769.584351 76.603241
v -1585.919189 -1769.584351 76.603241
v -1785.919189 -1769.584351 79.103241
v -1785.919189 -1769.584351 76.603241
v -1768.419189 -1769.584351 76.603241
v -1728.419189 -1769.584351 76.603241
v -1705.919189 -1769.584351 76.603241
v -1665.919189 -1769.584351 76.603241
v -2538.419189 -1769.584351 74.103241
v -2495.919189 -1769.584351 74.103241
v -2465.919189 -1769.584351 74.103241
v -1768.419189 -1769.584351 74.103241
v -1728.419189 -1769.584351 74.103241
v -1705.919189 -1769.584351 74.103241
v -1665.919189 -1769.584351 74.103241
v -1645.919189 -1769.584351 74.103241
v -1605.919189 -1769.584351 74.103241
v -2065.919189 -1822.084351 76.603241
v -1645.919189 -1822.084351 76.603241
v -1585.919189 -1822.084351 76.603241
v -1585.919189 -1822.084351 79.103241
v -1585.919189 -1919.584351 76.603241
v -1585.919189 -1919.584351 79.103241
v -1605.919189 -1822.084351 74.103241
v -1605.919189 -1822.084351 76.603241
v -1590.919189 -1822.084351 76.603241
v -1645.919189 -1822.084351 79.103241
v -1590.919189 -1822.084351 79.103241
v -1590.919189 -1919.584351 76.603241
v -1590.919189 -1919.584351 79.103241
v -1785.919189 -1822.084351 79.103241
v -1785.919189 -1919.584351 79.103241
v -1785.919189 -1919.584351 76.603241
v -1785.919189 -1822.084351 76.603241
v -1665.919189 -1822.084351 74.103241
v -1705.919189 -1822.084351 74.103241
v -1705.919189 -1822.084351 76.603241
v -1665.919189 -1822.084351 76.603241
v -1728.419189 -1822.084351 74.103241
v -1768.419189 -1822.084351 74.103241
v -1768.419189 -1822.084351 76.603241
v -1728.419189 -1822.084351 76.603241
v -1780.919189 -1822.084351 76.603241
v -1780.919189 -1822.084351 79.103241
v -1780.919189 -1919.584351 76.603241
v -1780.919189 -1919.584351 79.103241
v -1985.919189 -1822.084351 76.603241
v -1985.919189 -1822.084351 79.103241
v -1985.919189 -1919.584351 76.603241
v -1985.919189 -1919.584351 79.103241
v -1990.919189 -1919.584351 76.603241
v -1990.919189 -1919.584351 79.103241
v -1990.919189 -1822.084351 76.603241
v -2065.919189 -1822.084351 79.103241
v -1990.919189 -1822.084351 79.103241
v -2465.919189 -1822.084351 76.603241
v -2465.919189 -1822.084351 74.103241
v -2185.919189 -1822.084351 79.103241
v -2185.919189 -1822.084351 76.603241
v -2185.919189 -1919.584351 79.103241
v -2185.919189 -1919.584351 76.603241
v -2180.919189 -1919.584351 76.603241
v -2180.919189 -1919.584351 79.103241
v -2180.919189 -1822.084351 76.603241
v -2110.919189 -1822.084351 76.603241
v -2180.919189 -1822.084351 79.103241
v -2385.919189 -1822.084351 76.603241
v -2385.919189 -1919.584351 76.603241
v -2385.919189 -1919.584351 79.103241
v -2385.919189 -1822.084351 79.103241
v -2423.419189 -1822.084351 74.103241
v -2423.419189 -1822.084351 76.603241
v -2390.919189 -1822.084351 76.603241
v -2465.919189 -1822.084351 79.103241
v -2390.919189 -1822.084351 79.103241
v -2390.919189 -1919.584351 76.603241
v -2390.919189 -1919.584351 79.103241
v -2585.919189 -1822.084351 79.103241
v -2585.919189 -1919.584351 79.103241
v -2585.919189 -1919.584351 76.603241
v -2585.919189 -1822.084351 76.603241
v -2580.919189 -1919.584351 76.603241
v -2580.919189 -1919.584351 79.103241
v -2580.919189 -1822.084351 76.603241
v -2495.919189 -1822.084351 76.603241
v -2538.419189 -1822.084351 76.603241
v -2495.919189 -1822.084351 74.103241
v -2538.419189 -1822.084351 74.103241
v -2580.919189 -1822.084351 79.103241
v -2538.419189 -1769.584351 74.103241
v -2110.919189 -1769.584351 74.103241
v -2065.919189 -1769.584351 74.103241
v -1645.919189 -1769.584351 74.103241
v -1605.919189 -1769.584351 74.103241
v -2065.919189 -1822.084351 74.103241
v -1645.919189 -1822.084351 74.103241
v -2110.919189 -1822.084351 74.103241
v -2538.419189 -1822.084351 74.103241
v -2005.919189 -1459.584351 -872.146729
v -2005.919189 -1474.584351 -872.146729
v -2018.419189 -1474.584351 -872.146729
v -1705.919189 -1769.584351 74.103241
v -1665.919189 -1769.584351 74.103241
v -2423.419189 -1769.584351 74.103241
v -2465.919189 -1822.084351 74.103241
v -2445.919189 -1929.584351 -1863.396729
v -2585.919189 -1889.584351 -1863.396729
v -2445.919189 -1889.584351 -1863.396729
v -2305.919189 -1889.584351 -1863.396729
v -2165.919189 -1929.584351 -1863.396729
v -2165.919189 -1889.584351 -1863.396729
v -2025.919189 -1889.584351 -1863.396729
v -1885.919189 -1889.584351 -1863.396729
v -1745.919189 -1929.584351 -1863.396729
v -1745.919189 -1889.584351 -1863.396729
v -1605.919189 -1889.584351 -1863.396729
v -1545.919189 -1929.584351 -1863.396729
v -2585.919189 -1889.584351 -1923.396729
v -2585.919189 -1929.584351 -2003.396729
v -2585.919189 -1889.584351 -2003.396729
v -2585.919189 -1929.584351 -2143.396729
v -2585.919189 -1889.584351 -2063.396729
v -2585.919189 -1929.584351 -2283.396729
v -2585.919189 -1889.584351 -2283.396729
v -2585.919189 -1889.584351 -2203.396729
v -2585.919189 -1889.584351 -2423.396729
v -2585.919189 -1889.584351 -2343.396729
v -2585.919189 -1929.584351 -2563.396484
v -2585.919189 -1889.584351 -2563.396484
v -2585.919189 -1889.584351 -2483.396729
v -2585.919189 -1889.584351 -2703.396484
v -2585.919189 -1929.584351 -2843.396484
v -2585.919189 -1889.584351 -2843.396484
v -2585.919189 -1889.584351 -2763.396484
v -2445.919189 -1929.584351 -2903.396484
v -2445.919189 -1889.584351 -2903.396484
v -2165.919189 -1929.584351 -2903.396484
v -2165.919189 -1889.584351 -2903.396484
v -2025.919189 -1889.584351 -2903.396484
v -1885.919189 -1929.584351 -2903.396484
v -1885.919189 -1889.584351 -2903.396484
v -1745.919189 -1889.584351 -2903.396484
v -1605.919189 -1889.584351 -2903.396484
v -1545.919189 -1929.584351 -2903.396484
v -1545.919189 -1889.584351 -2903.396484
v -1545.919189 -1929.584351 -2003.396729
v -1545.919189 -1929.584351 -1923.396729
v -1545.919189 -1889.584351 -1923.396729
v -1545.919189 -1889.584351 -2003.396729
v -1545.919189 -1929.584351 -2063.396729
v -1545.919189 -1889.584351 -2143.396729
v -1545.919189 -1929.584351 -2283.396729
v -1545.919189 -1889.584351 -2203.396729
v -1545.919189 -1889.584351 -2283.396729
v -1545.919189 -1929.584351 -2343.396729
v -1545.919189 -1889.584351 -2343.396729
v -1545.919189 -1929.584351 -2563.396484
v -1545.919189 -1889.584351 -2483.396729
v -1545.919189 -1889.584351 -2563.396484
v -1545.919189 -1929.584351 -2703.396484
v -1545.919189 -1889.584351 -2703.396484
v -1545.919189 -1929.584351 -2843.396484
v -1545.919189 -1889.584351 -2763.396484
v -1545.919189 -1889.584351 -2843.396484
v -2445.919189 -1889.584351 -2763.396484
v -2445.919189 -1889.584351 -2623.396484
v -2445.919189 -1889.584351 -2483.396729
v -2445.919189 -1889.584351 -2343.396729
v -2445.919189 -1889.584351 -2203.396729
v -2445.919189 -1889.584351 -2063.396729
v -2445.919189 -1889.584351 -1923.396729
v -2305.919189 -1889.584351 -2763.396484
v -2305.919189 -1889.584351 -2623.396484
v -2305.919189 -1889.584351 -2483.396729
v -2305.919189 -1889.584351 -2343.396729
v -2305.919189 -1889.584351 -2203.396729
v -2305.919189 -1889.584351 -2063.396729
v -2305.919189 -1889.584351 -1923.396729
v -2165.919189 -1889.584351 -2763.396484
v -2165.919189 -1889.584351 -2623.396484
v -2165.919189 -1889.584351 -2483.396729
v -2165.919189 -1889.584351 -2343.396729
v -2165.919189 -1889.584351 -2203.396729
v -2165.919189 -1889.584351 -2063.396729
v -2165.919189 -1889.584351 -1923.396729
v -2025.919189 -1889.584351 -2763.396484
v -2025.919189 -1889.584351 -2623.396484
v -2025.919189 -1889.584351 -2483.396729
v -2025.919189 -1889.584351 -2343.396729
v -2025.919189 -1889.584351 -2203.396729
v -2025.919189 -1889.584351 -2063.396729
v -2025.919189 -1889.584351 -1923.396729
v -1885.919189 -1889.584351 -2763.396484
v -1885.919189 -1889.584351 -2623.396484
v -1885.919189 -1889.584351 -2483.396729
v -1885.919189 -1889.584351 -2343.396729
v -1885.919189 -1889.584351 -2203.396729
v -1885.919189 -1889.584351 -2063.396729
v -1885.919189 -1889.584351 -1923.396729
v -1745.919189 -1889.584351 -2763.396484
v -1745.919189 -1889.584351 -2623.396484
v -1745.919189 -1889.584351 -2483.396729
v -1745.919189 -1889.584351 -2343.396729
v -1745.919189 -1889.584351 -2203.396729
v -1745.919189 -1889.584351 -2063.396729
v -1745.919189 -1889.584351 -1923.396729
v -1605.919189 -1889.584351 -2763.396484
v -1605.919189 -1889.584351 -2623.396484
v -1605.919189 -1889.584351 -2483.396729
v -1605.919189 -1889.584351 -2343.396729
v -1605.919189 -1889.584351 -2203.396729
v -1605.919189 -1889.584351 -2063.396729
v -1605.919189 -1889.584351 -1923.396729
v -2445.919189 -1929.584351 -2763.396484
v -2445.919189 -1929.584351 -2623.396484
v -2445.919189 -1929.584351 -2483.396729
v -2445.919189 -1929.584351 -2343.396729
v -2445.919189 -1929.584351 -2203.396729
v -2445.919189 -1929.584351 -2063.396729
v -2445.919189 -1929.584351 -1923.396729
v -2305.919189 -1929.584351 -2763.396484
v -2305.919189 -1929.584351 -2623.396484
v -2305.919189 -1929.584351 -2483.396729
v -2305.919189 -1929.584351 -2343.396729
v -2305.919189 -1929.584351 -2203.396729
v -2305.919189 -1929.584351 -2063.396729
v -2305.919189 -1929.584351 -1923.396729
v -2165.919189 -1929.584351 -2763.396484
v -2165.919189 -1929.584351 -2623.396484
v -2165.919189 -1929.584351 -2483.396729
v -2165.919189 -1929.584351 -2343.396729
v -2165.919189 -1929.584351 -2203.396729
v -2165.919189 -1929.584351 -2063.396729
v -2165.919189 -1929.584351 -1923.396729
v -2025.919189 -1929.584351 -2763.396484
v -2025.919189 -1929.584351 -2623.396484
v -2025.919189 -1929.584351 -2483.396729
v -2025.919189 -1929.584351 -2343.396729
v -2025.919189 -1929.584351 -2203.396729
v -2025.919189 -1929.584351 -2063.396729
v -2025.919189 -1929.584351 -1923.396729
v -1885.919189 -1929.584351 -2763.396484
v -1885.919189 -1929.584351 -2623.396484
v -1885.919189 -1929.584351 -2483.396729
v -1885.919189 -1929.584351 -2343.396729
v -1885.919189 -1929.584351 -2203.396729
v -1885.919189 -1929.584351 -2063.396729
v -1885.919189 -1929.584351 -1923.396729
v -1745.919189 -1929.584351 -2763.396484
v -1745.919189 -1929.584351 -2623.396484
v -1745.919189 -1929.584351 -2483.396729
v -1745.919189 -1929.584351 -2343.396729
v -1745.919189 -1929.584351 -2203.396729
v -1745.919189 -1929.584351 -2063.396729
v -1745.919189 -1929.584351 -1923.396729
v -1605.919189 -1929.584351 -2763.396484
v -1605.919189 -1929.584351 -2623.396484
v -1605.919189 -1929.584351 -2483.396729
v -1605.919189 -1929.584351 -2343.396729
v -1605.919189 -1929.584351 -2203.396729
v -1605.919189 -1929.584351 -2063.396729
v -1605.919189 -1929.584351 -1923.396729
v 124.080811 -1947.084351 -4493.396484
v 124.080811 -1948.334351 -4493.396484
v 124.080811 -1948.334351 -4523.396484
v 124.080811 -1947.084351 -4523.396484
v 164.080811 -1947.084351 -4493.396484
v 164.080811 -1948.334351 -4493.396484
v 164.080811 -1947.084351 -4523.396484
v 164.080811 -1948.334351 -4523.396484
v -1270.294189 -1933.334351 -509.646759
v -1270.294189 -1939.584351 -509.646759
v -1237.794189 -1939.584351 -509.646759
v -1237.794189 -1933.334351 -509.646759
v -1237.794189 -1933.334351 -420.896759
v -1237.794189 -1939.584351 -420.896759
v -1270.294189 -1939.584351 -420.896759
v -1270.294189 -1933.334351 -420.896759
v -1645.919189 -1929.584351 176.603241
v -1785.919189 -1919.584351 176.603241
v -1645.919189 -1919.584351 176.603241
v -1585.919189 -1919.584351 176.603241
v -1585.919189 -1929.584351 176.603241
v -1585.919189 -1929.584351 116.603241
v -1585.919189 -1919.584351 116.603241
v -1585.919189 -1919.584351 36.603241
v -1585.919189 -1919.584351 -23.396759
v -1585.919189 -1929.584351 -23.396759
v -1785.919189 -1919.584351 -23.396759
v -1785.919189 -1929.584351 -23.396759
v -1645.919189 -1919.584351 -23.396759
v -1785.919189 -1919.584351 116.603241
v -1785.919189 -1929.584351 116.603241
v -1785.919189 -1929.584351 36.603241
v -1785.919189 -1919.584351 36.603241
v -1645.919189 -1919.584351 116.603241
v -2185.919189 -1919.584351 116.603241
v -2185.919189 -1919.584351 176.603241
v -2185.919189 -1929.584351 116.603241
v -2185.919189 -1929.584351 36.603241
v -2185.919189 -1919.584351 36.603241
v -2185.919189 -1929.584351 -23.396759
v -2185.919189 -1919.584351 -23.396759
v -2045.919189 -1929.584351 -23.396759
v -2045.919189 -1919.584351 -23.396759
v -1985.919189 -1929.584351 -23.396759
v -1985.919189 -1919.584351 -23.396759
v -2045.919189 -1929.584351 176.603241
v -2045.919189 -1919.584351 176.603241
v -1985.919189 -1919.584351 176.603241
v -1985.919189 -1929.584351 176.603241
v -1985.919189 -1929.584351 36.603241
v -1985.919189 -1929.584351 116.603241
v -1985.919189 -1919.584351 116.603241
v -1985.919189 -1919.584351 36.603241
v -2045.919189 -1929.584351 116.603241
v -2045.919189 -1919.584351 116.603241
v -2585.919189 -1919.584351 116.603241
v -2585.919189 -1919.584351 176.603241
v -2585.919189 -1929.584351 116.603241
v -2585.919189 -1929.584351 36.603241
v -2585.919189 -1919.584351 36.603241
v -2585.919189 -1929.584351 -23.396759
v -2585.919189 -1919.584351 -23.396759
v -2445.919189 -1929.584351 -23.396759
v -2445.919189 -1919.584351 -23.396759
v -2385.919189 -1929.584351 -23.396759
v -2385.919189 -1919.584351 -23.396759
v -2445.919189 -1929.584351 176.603241
v -2445.919189 -1919.584351 176.603241
v -2385.919189 -1919.584351 176.603241
v -2385.919189 -1929.584351 36.603241
v -2385.919189 -1929.584351 116.603241
v -2385.919189 -1919.584351 116.603241
v -2385.919189 -1919.584351 36.603241
v -2445.919189 -1929.584351 116.603241
v -2445.919189 -1919.584351 116.603241
v 37.830811 -1425.834351 -3003.396484
v 37.830811 -1411.459351 -3003.396484
v 59.080811 -1404.584351 -3003.396484
v 65.955811 -1418.334351 -3003.396484
v 37.830811 -1460.834351 -3003.396484
v 76.580811 -1422.084351 -3003.396484
v 59.080811 -1291.459351 -3003.396484
v 66.580811 -1284.584351 -3003.396484
v 69.705811 -1287.709351 -3003.396484
v 62.830811 -1294.584351 -3003.396484
v 37.830811 -1270.209351 -3003.396484
v 37.830811 -1255.834351 -3003.396484
v 51.831970 -1256.085571 -3003.396484
v 76.580811 -1280.834351 -3003.396484
v 37.830811 -1242.084351 -3003.396484
v -13.419189 -1362.709351 -3007.771484
v -14.044189 -1360.834351 -3007.771484
v -17.169189 -1361.459351 -3007.771484
v -20.919189 -1364.584351 -3007.771484
v -19.669189 -1361.459351 -3007.771484
v -24.044189 -1362.709351 -3007.771484
v -26.544189 -1360.834351 -3007.771484
v -23.419189 -1359.584351 -3007.771484
v -25.294189 -1354.584351 -3007.771484
v -27.169189 -1357.709351 -3007.771484
v -20.919189 -1352.709351 -3007.771484
v -18.419189 -1350.834351 -3007.771484
v -15.294189 -1345.209351 -3007.771484
v -16.544189 -1347.709351 -3007.771484
v -14.669189 -1348.334351 -3007.771484
v -12.169189 -1345.834351 -3007.771484
v -14.669189 -1341.459351 -3007.771484
v -14.044189 -1343.334351 -3007.771484
v -11.544189 -1342.084351 -3007.771484
v -12.169189 -1338.959351 -3007.771484
v -18.419189 -1338.334351 -3007.771484
v -16.544189 -1338.959351 -3007.771484
v -16.544189 -1335.834351 -3007.771484
v -20.919189 -1338.334351 -3007.771484
v -20.919189 -1335.834351 -3007.771484
v -25.294189 -1337.084351 -3007.771484
v 0.955811 -1337.709351 -3007.771484
v 4.705811 -1337.084351 -3007.771484
v 4.705811 -1333.959351 -3007.771484
v -2.169189 -1340.209351 -3007.771484
v -5.919189 -1337.084351 -3007.771484
v -4.669189 -1342.084351 -3007.771484
v -5.294189 -1344.584351 -3007.771484
v -10.294189 -1345.209351 -3007.771484
v -9.044189 -1348.959351 -3007.771484
v -4.669189 -1348.334351 -3007.771484
v -5.919189 -1353.334351 -3007.771484
v 1.580811 -1352.084351 -3007.771484
v -0.919189 -1355.209351 -3007.771484
v 4.705811 -1356.334351 -3007.771484
v 91.580811 -1363.959351 -3007.771484
v 91.580811 -1333.959351 -3007.771484
v 31.580811 -1333.959351 -3007.771484
v 31.580811 -1345.209351 -3007.771484
v 40.955811 -1364.584351 -3007.771484
v 46.580811 -1363.959351 -3007.771484
v 72.830811 -1356.459351 -3007.771484
v 72.830811 -1364.584351 -3007.771484
v 57.205811 -1333.959351 -3007.771484
v 57.205811 -1341.459351 -3007.771484
v 54.080811 -1333.959351 -3007.771484
v 16.580811 -1363.959351 -3007.771484
v 18.455811 -1363.959351 -3007.771484
v 25.955811 -1356.459351 -3007.771484
v 37.024536 -1356.459351 -3007.771484
v 4.705811 -1352.603149 -3007.771484
v 4.705811 -1363.959351 -3007.771484
v 12.205811 -1333.959351 -3007.771484
v -36.061401 -1358.904785 -3007.771484
v -43.419189 -1351.459351 -3007.771484
v -79.044189 -1351.459351 -3007.771484
v -53.771667 -1376.731934 -3007.771484
v -28.499146 -1402.004395 -3007.771484
v -8.419189 -1422.084351 -3007.771484
v 0.572968 -1395.975220 -3007.771484
v 9.332123 -1439.835693 -3007.771484
v 16.329498 -1446.833008 -3007.771484
v 34.080811 -1464.584351 -3007.771484
v 44.705811 -1418.334351 -3007.771484
v 37.830811 -1383.334351 -3007.771484
v 34.080811 -1379.584351 -3007.771484
v 59.080811 -1404.584351 -3007.771484
v 51.832123 -1446.833008 -3007.771484
v 76.580811 -1422.084351 -3007.771484
v 112.205811 -1351.459351 -3007.771484
v 111.580811 -1351.459351 -3007.771484
v 103.034668 -1360.107300 -3007.771484
v 120.854645 -1377.810547 -3007.771484
v 87.830811 -1375.492065 -3007.771484
v 76.839752 -1386.613892 -3007.771484
v 104.491425 -1343.744995 -3007.771484
v 76.580811 -1280.834351 -3007.771484
v 37.830811 -1242.084351 -3007.771484
v 34.080811 -1273.959351 -3007.771484
v 34.080811 -1308.333740 -3007.771484
v 34.080811 -1323.334351 -3007.771484
v 51.831055 -1256.084595 -3007.771484
v -64.914093 -1337.329224 -3007.771484
v -34.821930 -1342.862061 -3007.771484
v -52.693024 -1325.108154 -3007.771484
v -26.341705 -1298.756836 -3007.771484
v 17.880554 -1290.159668 -3007.771484
v 0.009460 -1272.405640 -3007.771484
v 26.360779 -1246.054443 -3007.771484
v 34.080811 -1238.334351 -3004.021484
v 19.950714 -1252.464478 -3004.021484
v -64.914093 -1337.329224 -3004.021484
v -79.044189 -1351.459351 -3004.021484
v 16.329498 -1446.833008 -3004.021484
v 34.080811 -1464.584351 -3004.021484
v 9.332123 -1439.835693 -3004.021484
v -8.419189 -1422.084351 -3004.021484
v -61.231689 -1369.271851 -3004.021484
v -11.127472 -1419.376099 -3004.021484
v 147.205811 -1351.459351 -3004.021484
v 129.705811 -1333.959351 -3004.021484
v 76.580811 -1280.834351 -3004.021484
v 37.830811 -1242.084351 -3004.021484
v 37.830811 -1460.834351 -3004.021484
v 87.830811 -1410.834351 -3004.021484
v 129.705811 -1368.959351 -3004.021484
v -43.419189 -1351.459351 -3004.021484
v 34.080811 -1273.959351 -3004.021484
v 4.705811 -1333.959351 -3004.646484
v 12.205811 -1333.959351 -3004.646484
v 54.080811 -1333.959351 -3004.646484
v 57.205811 -1333.959351 -3004.646484
v 87.830811 -1333.959351 -3004.646484
v 91.580811 -1333.959351 -3004.646484
v 34.080811 -1323.334351 -3004.021484
v 37.830811 -1310.940552 -3004.021484
v 37.830811 -1294.584351 -3004.021484
v 59.080811 -1298.334351 -3004.021484
v 37.830811 -1319.584351 -3004.021484
v 37.830811 -1270.209351 -3004.021484
v 94.705811 -1333.959351 -3004.021484
v -25.294189 -1337.084351 -3004.646484
v -20.919189 -1335.834351 -3004.646484
v 112.205811 -1351.459351 -3004.021484
v 17.205811 -1362.709351 -3004.646484
v 16.580811 -1363.959351 -3004.646484
v 31.580811 -1333.959351 -3004.646484
v -24.044189 -1362.709351 -3004.646484
v -20.919189 -1364.584351 -3004.646484
v 0.572968 -1395.975220 -3004.021484
v -17.169189 -1361.459351 -3004.646484
v -14.044189 -1360.834351 -3004.646484
v -13.419189 -1362.709351 -3004.646484
v -17.169189 -1363.959351 -3004.646484
v -19.669189 -1361.459351 -3004.646484
v -22.169189 -1360.834351 -3004.646484
v -23.419189 -1359.584351 -3004.646484
v -26.544189 -1360.834351 -3004.646484
v -22.794189 -1354.584351 -3004.646484
v -24.044189 -1357.084351 -3004.646484
v -27.169189 -1357.709351 -3004.646484
v -25.294189 -1354.584351 -3004.646484
v -18.419189 -1350.834351 -3004.646484
v -20.919189 -1352.709351 -3004.646484
v -23.419189 -1351.459351 -3004.646484
v -19.669189 -1348.959351 -3004.646484
v -16.544189 -1347.709351 -3004.646484
v -14.669189 -1348.334351 -3004.646484
v -12.169189 -1338.959351 -3004.646484
v -11.544189 -1342.084351 -3004.646484
v -14.044189 -1343.334351 -3004.646484
v -14.669189 -1341.459351 -3004.646484
v -16.544189 -1338.959351 -3004.646484
v -18.419189 -1338.334351 -3004.646484
v -16.544189 -1335.834351 -3004.646484
v -13.419189 -1337.084351 -3004.646484
v -15.294189 -1345.209351 -3004.646484
v -12.169189 -1345.834351 -3004.646484
v -20.919189 -1338.334351 -3004.646484
v -24.044189 -1340.209351 -3004.646484
v 4.705811 -1337.084351 -3004.646484
v 0.955811 -1337.709351 -3004.646484
v -0.294189 -1334.584351 -3004.646484
v -2.169189 -1340.209351 -3004.646484
v -5.919189 -1337.084351 -3004.646484
v -4.669189 -1342.084351 -3004.646484
v -9.044189 -1341.459351 -3004.646484
v -5.294189 -1344.584351 -3004.646484
v -10.294189 -1345.209351 -3004.646484
v -4.669189 -1348.334351 -3004.646484
v -9.044189 -1348.959351 -3004.646484
v -2.169189 -1350.834351 -3004.646484
v -5.919189 -1353.334351 -3004.646484
v -0.919189 -1355.209351 -3004.646484
v 1.580811 -1352.084351 -3004.646484
v 5.330811 -1356.459351 -3004.646484
v 4.705811 -1356.334351 -3004.646484
v 5.330811 -1352.709351 -3004.646484
v 12.830811 -1363.959351 -3004.646484
v 4.705811 -1363.959351 -3004.646484
v 4.705811 -1352.603149 -3004.646484
v 87.830811 -1364.584351 -3004.646484
v 87.830811 -1341.459351 -3004.646484
v 87.830811 -1375.492065 -3004.021484
v 111.580811 -1351.459351 -3004.021484
v 112.830811 -1352.084351 -3004.021484
v 91.580811 -1363.959351 -3004.646484
v 37.830811 -1383.334351 -3004.021484
v 34.080811 -1379.584351 -3004.021484
v 59.080811 -1404.584351 -3004.021484
v 57.205811 -1364.584351 -3004.646484
v 57.205811 -1341.459351 -3004.646484
v 72.830811 -1364.584351 -3004.646484
v 72.830811 -1356.459351 -3004.646484
v 53.455811 -1363.959351 -3004.646484
v 37.205811 -1356.459351 -3004.646484
v 37.024536 -1356.459351 -3004.646484
v 25.955811 -1356.459351 -3004.646484
v 26.580811 -1354.584351 -3004.646484
v 36.118317 -1354.584351 -3004.646484
v 36.580811 -1354.584351 -3004.646484
v 31.580811 -1345.209351 -3004.646484
v 21.580811 -1363.959351 -3004.646484
v 18.455811 -1363.959351 -3004.646484
v 46.580811 -1363.959351 -3004.646484
v 40.955811 -1364.584351 -3004.646484
v 37.830811 -1425.834351 -3004.021484
v 37.830811 -1447.084351 -3004.021484
v 44.705811 -1418.334351 -3004.021484
v 34.080811 -1450.209351 -3004.021484
v 34.080811 -1436.581909 -3004.021484
v 34.080811 -1428.959351 -3004.021484
v 34.080811 -1408.334351 -3004.021484
v 23.768311 -1418.646851 -3004.021484
v 23.612061 -1418.803101 -3004.021484
v 23.455811 -1418.959351 -3004.021484
v 12.830811 -1408.334351 -3004.021484
v 9.080811 -1404.584351 -3004.021484
v 27.199554 -1443.463135 -3004.021484
v 2.205811 -1418.959351 -3004.021484
v -1.544189 -1415.209351 -3004.021484
v 23.423615 -1439.739014 -3004.021484
v 23.455811 -1418.334351 -3004.021484
v 34.080811 -1266.594482 -3004.021484
v -17.169189 -1363.959351 -3007.771484
v -13.419189 -1362.709351 -3007.771484
v -14.044189 -1360.834351 -3007.771484
v -17.169189 -1361.459351 -3007.771484
v -20.919189 -1364.584351 -3007.771484
v -22.169189 -1360.834351 -3007.771484
v -24.044189 -1357.084351 -3007.771484
v -22.794189 -1354.584351 -3007.771484
v -27.169189 -1357.709351 -3007.771484
v -20.919189 -1352.709351 -3007.771484
v -18.419189 -1350.834351 -3007.771484
v -19.669189 -1348.959351 -3007.771484
v -23.419189 -1351.459351 -3007.771484
v -15.294189 -1345.209351 -3007.771484
v -12.169189 -1345.834351 -3007.771484
v -12.169189 -1338.959351 -3007.771484
v -18.419189 -1338.334351 -3007.771484
v -16.544189 -1338.959351 -3007.771484
v -13.419189 -1337.084351 -3007.771484
v -24.044189 -1340.209351 -3007.771484
v -25.294189 -1337.084351 -3007.771484
v 0.955811 -1337.709351 -3007.771484
v 4.705811 -1337.084351 -3007.771484
v -0.294189 -1334.584351 -3007.771484
v -2.169189 -1340.209351 -3007.771484
v -9.044189 -1341.459351 -3007.771484
v -4.669189 -1342.084351 -3007.771484
v -10.294189 -1345.209351 -3007.771484
v -4.669189 -1348.334351 -3007.771484
v -2.169189 -1350.834351 -3007.771484
v -0.919189 -1355.209351 -3007.771484
v 5.330811 -1352.709351 -3007.771484
v 5.330811 -1356.459351 -3007.771484
v 87.830811 -1341.459351 -3007.771484
v 87.830811 -1364.584351 -3007.771484
v 87.830811 -1333.959351 -3007.771484
v 31.580811 -1345.209351 -3007.771484
v 40.955811 -1364.584351 -3007.771484
v 72.830811 -1364.584351 -3007.771484
v 57.205811 -1333.959351 -3007.771484
v 57.205811 -1341.459351 -3007.771484
v 53.455811 -1363.959351 -3007.771484
v 57.205811 -1364.584351 -3007.771484
v 16.580811 -1363.959351 -3007.771484
v 21.580811 -1363.959351 -3007.771484
v 37.205811 -1356.459351 -3007.771484
v 36.580811 -1354.584351 -3007.771484
v 36.118317 -1354.584351 -3007.771484
v 26.580811 -1354.584351 -3007.771484
v 12.830811 -1363.959351 -3007.771484
v 12.205811 -1333.959351 -3007.771484
v 54.080811 -449.584351 216.603241
v 14.080811 -449.584351 216.603241
v 14.080811 -449.584351 222.228241
v 54.080811 -449.584351 222.228241
v 54.080811 -169.584351 222.228241
v 14.080811 -169.584351 222.228241
v 14.080811 -169.584351 216.603241
v 54.080811 -169.584351 216.603241
v 114.080811 -69.584351 -363.396759
v 114.080811 -189.584351 -363.396759
v 114.080811 -189.584351 -243.396759
v 114.080811 -69.584351 -243.396759
v -45.919189 -69.584351 -243.396759
v -45.919189 -189.584351 -243.396759
v -45.919189 -189.584351 -363.396759
v -45.919189 -69.584351 -363.396759
v -1750.919189 -1822.084351 66.603241
v -1750.919189 -1917.084351 66.603241
v -1750.919189 -1917.084351 -15.896759
v -1750.919189 -1822.084351 -15.896759
v -1623.419189 -1822.084351 -15.896759
v -1623.419189 -1917.084351 -15.896759
v -1623.419189 -1917.084351 66.603241
v -1623.419189 -1822.084351 66.603241
v -2148.419189 -1822.084351 69.103241
v -2148.419189 -1917.084351 69.103241
v -2148.419189 -1917.084351 -13.396759
v -2148.419189 -1822.084351 -13.396759
v -2020.919189 -1822.084351 -13.396759
v -2020.919189 -1917.084351 -13.396759
v -2020.919189 -1917.084351 69.103241
v -2020.919189 -1822.084351 69.103241
v -2543.419189 -1822.084351 69.103241
v -2543.419189 -1917.084351 69.103241
v -2543.419189 -1917.084351 -13.396759
v -2543.419189 -1822.084351 -13.396759
v -2415.919189 -1822.084351 -13.396759
v -2415.919189 -1917.084351 -13.396759
v -2415.919189 -1917.084351 69.103241
v -2415.919189 -1822.084351 69.103241
v -2025.919189 -1929.584351 -2883.396484
v -2105.919189 -1929.584351 -2883.396484
v -2105.919189 -1009.584351 -2443.396729
v -2025.919189 -1009.584351 -2443.396729
v -2825.919189 -1949.584351 -4583.396484
v -2825.919189 -1969.584351 -4583.396484
v 374.080811 -1969.584351 -4583.396484
v 374.080811 -1949.584351 -4583.396484
v 374.080811 -1949.584351 296.603241
v 374.080811 -1969.584351 296.603241
v -2825.919189 -1969.584351 296.603241
v -2825.919189 -1949.584351 296.603241
v -225.919189 -429.584351 -193.396759
v -225.919189 -449.584351 -193.396759
v -220.919189 -449.584351 -193.396759
v -220.919189 -429.584351 -193.396759
v -220.919189 -429.584351 256.603241
v -220.919189 -449.584351 256.603241
v -225.919189 -449.584351 256.603241
v -225.919189 -429.584351 256.603241
v -220.919189 -449.584351 -163.396759
v -225.919189 -449.584351 -163.396759
v -225.919189 -449.584351 -53.396759
v -220.919189 -449.584351 -53.396759
v -225.919189 -449.584351 -23.396759
v -225.919189 -449.584351 86.603241
v -220.919189 -449.584351 86.603241
v -220.919189 -449.584351 -23.396759
v -225.919189 -449.584351 116.603241
v -225.919189 -449.584351 226.603241
v -220.919189 -449.584351 226.603241
v -220.919189 -449.584351 116.603241
v -220.919189 -429.584351 226.603241
v -220.919189 -429.584351 116.603241
v -220.919189 -429.584351 86.603241
v -220.919189 -429.584351 -23.396759
v -220.919189 -429.584351 -53.396759
v -220.919189 -429.584351 -163.396759
v -225.919189 -429.584351 -53.396759
v -225.919189 -429.584351 -163.396759
v -225.919189 -429.584351 86.603241
v -225.919189 -429.584351 -23.396759
v -225.919189 -429.584351 226.603241
v -225.919189 -429.584351 116.603241
v -220.919189 -429.584351 256.603241
v -220.919189 -449.584351 256.603241
v -220.919189 -449.584351 251.603241
v -220.919189 -429.584351 251.603241
v 289.080811 -429.584351 251.603241
v 289.080811 -449.584351 251.603241
v 289.080811 -449.584351 256.603241
v 289.080811 -429.584351 256.603241
v -80.919189 -449.584351 251.603241
v -80.919189 -449.584351 256.603241
v 59.080811 -449.584351 251.603241
v 59.080811 -449.584351 256.603241
v 199.080811 -449.584351 251.603241
v 199.080811 -449.584351 256.603241
v -80.919189 -429.584351 251.603241
v 59.080811 -429.584351 251.603241
v 199.080811 -429.584351 251.603241
v -80.919189 -429.584351 256.603241
v 59.080811 -429.584351 256.603241
v 199.080811 -429.584351 256.603241
v 289.080811 -429.584351 -193.396759
v 289.080811 -449.584351 -193.396759
v 294.080811 -449.584351 -193.396759
v 294.080811 -429.584351 -193.396759
v 294.080811 -429.584351 256.603241
v 289.080811 -449.584351 256.603241
v 289.080811 -429.584351 256.603241
v 294.080811 -449.584351 -163.396759
v 289.080811 -449.584351 -163.396759
v 289.080811 -449.584351 -53.396759
v 294.080811 -449.584351 -53.396759
v 289.080811 -449.584351 -23.396759
v 289.080811 -449.584351 86.603241
v 294.080811 -449.584351 86.603241
v 294.080811 -449.584351 -23.396759
v 289.080811 -449.584351 116.603241
v 289.080811 -449.584351 226.603241
v 294.080811 -449.584351 226.603241
v 294.080811 -449.584351 116.603241
v 289.080811 -429.584351 226.603241
v 289.080811 -429.584351 116.603241
v 289.080811 -429.584351 -23.396759
v 289.080811 -429.584351 86.603241
v 289.080811 -429.584351 -163.396759
v 289.080811 -429.584351 -53.396759
v 294.080811 -429.584351 -163.396759
v 294.080811 -429.584351 -53.396759
v 294.080811 -429.584351 -23.396759
v 294.080811 -429.584351 86.603241
v 294.080811 -429.584351 116.603241
v 294.080811 -429.584351 226.603241
v 151.580811 -1913.334351 -4522.146484
v 136.580811 -1913.334351 -4522.146484
v 151.580811 -1935.209351 -4522.146484
v 136.580811 -1935.209351 -4522.146484
v -2025.919189 -1429.584351 -872.146729
v -2038.419189 -1429.584351 -872.146729
v -2070.919189 -1474.584351 -872.146729
v -2058.419189 -1459.584351 -872.146729
v -2058.419189 -1474.584351 -872.146729
v -2083.419189 -1444.584351 -872.146729
v -2080.919189 -1459.584351 -872.146729
v -2093.419189 -1459.584351 -872.146729
s 0
f 11 8 9
f 14 9 13
f 17 13 16
f 16 1477 18
f 20 10 11
f 21 12 14
f 1739 15 17
f 17 1477 26
f 31 30 29
f 33 30 31
f 36 34 33
f 36 37 35
f 41 39 33
f 35 42 41
f 38 1120 1125
f 41 43 40
f 42 43 41
f 1126 28 44
f 47 46 45
f 49 45 48
f 52 50 47
f 54 50 51
f 49 39 55
f 51 55 56
f 54 6 4
f 55 40 43
f 56 43 44
f 44 1979 6
f 59 57 60
f 62 58 59
f 65 64 61
f 60 66 59
f 59 68 62
f 68 69 65
f 72 70 71
f 72 73 74
f 74 76 75
f 77 64 78
f 81 79 77
f 83 79 80
f 78 65 69
f 85 80 81
f 86 82 83
f 84 70 72
f 72 85 84
f 74 86 85
f 89 88 87
f 91 90 87
f 92 93 94
f 94 29 95
f 71 91 92
f 73 92 94
f 94 76 73
f 98 96 99
f 99 100 101
f 100 89 90
f 67 99 66
f 66 101 68
f 101 91 70
f 106 103 104
f 106 107 108
f 108 109 110
f 110 102 111
f 112 106 113
f 113 108 114
f 114 110 115
f 115 111 116
f 121 119 118
f 121 122 120
f 126 124 127
f 121 128 123
f 132 130 129
f 136 134 132
f 137 125 134
f 141 140 138
f 138 145 143
f 149 147 138
f 143 118 119
f 152 149 146
f 119 120 153
f 155 124 154
f 158 154 157
f 154 137 157
f 135 160 161
f 162 157 135
f 129 141 163
f 166 160 133
f 167 161 160
f 163 142 147
f 171 166 164
f 128 144 145
f 173 145 140
f 140 131 175
f 178 176 179
f 179 125 126
f 123 180 122
f 182 156 181
f 184 123 183
f 186 128 172
f 173 174 188
f 184 189 180
f 191 167 168
f 192 156 162
f 193 170 171
f 195 165 166
f 192 168 165
f 169 197 196
f 195 193 169
f 201 199 196
f 204 203 202
f 204 206 205
f 180 207 203
f 197 147 148
f 208 151 152
f 201 197 149
f 204 150 153
f 201 208 150
f 204 122 180
f 211 210 209
f 211 212 196
f 206 214 213
f 200 213 210
f 207 190 217
f 202 207 215
f 192 218 181
f 195 220 219
f 194 222 218
f 198 212 223
f 198 224 221
f 185 226 225
f 229 227 230
f 232 229 230
f 176 231 232
f 230 131 132
f 134 230 132
f 125 232 134
f 235 234 233
f 210 236 209
f 237 233 212
f 182 239 238
f 241 239 242
f 219 246 244
f 243 239 218
f 223 233 248
f 221 247 246
f 225 249 250
f 250 251 252
f 251 228 252
f 249 183 186
f 249 187 188
f 188 131 227
f 184 253 190
f 257 255 177
f 185 254 184
f 260 259 228
f 231 261 260
f 177 263 262
f 267 266 264
f 271 269 264
f 272 265 235
f 214 254 270
f 272 236 213
f 215 190 253
f 274 255 256
f 276 238 273
f 263 273 275
f 277 262 278
f 278 263 238
f 279 258 259
f 244 280 260
f 278 242 243
f 248 265 266
f 280 246 248
f 270 225 250
f 268 250 252
f 252 258 267
f 282 281 283
f 286 284 2223
f 288 2224 284
f 291 289 2224
f 295 293 292
f 299 298 294
f 304 302 300
f 308 307 303
f 312 311 309
f 316 314 312
f 319 317 315
f 322 320 318
f 325 323 321
f 296 324 325
f 326 324 327
f 324 293 327
f 328 311 329
f 330 311 312
f 331 315 317
f 332 318 320
f 320 321 326
f 309 334 313
f 316 313 336
f 339 338 97
f 67 340 339
f 344 343 342
f 347 346 345
f 349 345 348
f 348 342 351
f 354 346 347
f 356 347 349
f 357 350 358
f 363 360 355
f 357 363 356
f 367 365 364
f 372 370 369
f 369 337 338
f 351 375 374
f 376 371 372
f 372 339 340
f 358 350 376
f 379 376 377
f 377 341 379
f 381 362 380
f 385 383 382
f 381 387 384
f 389 364 365
f 386 390 388
f 381 361 362
f 386 393 392
f 385 391 381
f 389 396 395
f 389 394 386
f 378 397 358
f 379 399 398
f 379 341 400
f 403 402 401
f 403 373 369
f 352 343 404
f 374 404 403
f 407 406 405
f 411 407 409
f 413 408 365
f 416 415 414
f 414 354 360
f 419 417 420
f 421 417 416
f 422 360 361
f 423 405 418
f 420 393 424
f 422 392 393
f 396 408 409
f 424 395 396
f 428 426 425
f 430 364 428
f 433 431 434
f 437 435 433
f 359 438 435
f 434 439 362
f 363 436 437
f 397 438 358
f 398 441 440
f 445 443 442
f 445 446 444
f 439 432 446
f 445 426 448
f 383 387 445
f 380 439 447
f 448 428 388
f 382 449 448
f 57 451 450
f 60 453 341
f 456 455 454
f 444 457 443
f 446 457 444
f 432 454 458
f 461 460 459
f 464 463 462
f 466 463 464
f 468 461 465
f 464 455 456
f 433 466 464
f 435 468 466
f 451 452 469
f 470 461 467
f 473 470 471
f 453 451 472
f 471 468 440
f 399 473 471
f 400 453 473
f 477 476 475
f 481 479 474
f 491 485 490
f 495 493 491
f 487 491 493
f 497 496 489
f 493 499 497
f 498 488 487
f 505 502 500
f 512 509 507
f 309 310 2231
f 514 515 2232
f 516 517 2234
f 518 2236 519
f 520 522 521
f 523 525 524
f 527 309 514
f 518 523 528
f 411 530 410
f 533 532 531
f 412 533 530
f 490 483 534
f 492 534 532
f 413 494 495
f 429 535 430
f 538 537 536
f 368 535 537
f 496 539 484
f 497 538 539
f 494 367 538
f 540 526 541
f 543 308 540
f 548 2238 549
f 552 550 548
f 555 553 551
f 2239 556 554
f 558 525 2240
f 2238 559 558
f 560 2239 561
f 306 560 561
f 526 558 559
f 541 547 548
f 546 551 553
f 545 554 556
f 544 557 560
f 560 308 543
f 529 562 528
f 562 335 527
f 540 563 562
f 563 334 562
f 566 564 567
f 570 568 565
f 573 571 574
f 577 575 572
f 580 578 2277
f 2277 582 581
f 2275 584 583
f 583 585 577
f 589 587 586
f 591 2174 590
f 593 588 594
f 597 595 593
f 2249 598 596
f 574 600 599
f 601 576 585
f 583 602 601
f 581 603 602
f 578 590 603
f 600 572 575
f 602 599 600
f 603 596 598
f 586 593 595
f 605 2293 606
f 609 607 605
f 2301 610 608
f 567 612 611
f 2293 616 2292
f 614 2292 618
f 2291 619 620
f 620 622 621
f 2298 624 623
f 623 626 570
f 627 569 626
f 623 628 627
f 621 629 628
f 619 618 629
f 612 565 568
f 628 611 612
f 629 608 610
f 616 605 607
f 632 631 630
f 635 633 631
f 638 636 633
f 634 641 640
f 639 642 637
f 641 644 640
f 644 643 639
f 649 647 650
f 652 649 650
f 654 651 652
f 650 656 655
f 658 650 657
f 660 659 652
f 657 661 662
f 663 657 662
f 665 664 658
f 662 667 666
f 669 662 668
f 670 663 669
f 673 672 671
f 676 675 674
f 678 674 677
f 677 671 679
f 276 256 676
f 682 676 678
f 683 679 684
f 686 240 681
f 683 686 682
f 690 689 687
f 694 692 690
f 632 695 693
f 691 698 697
f 700 691 699
f 635 694 700
f 699 702 701
f 704 699 703
f 641 700 704
f 703 706 705
f 709 704 703
f 710 641 704
f 715 713 712
f 717 712 716
f 716 719 718
f 680 720 715
f 721 717 722
f 717 724 723
f 684 679 721
f 726 721 722
f 722 727 726
f 731 729 728
f 736 734 731
f 737 711 734
f 736 728 738
f 741 735 736
f 644 710 737
f 741 740 742
f 742 643 646
f 727 724 743
f 744 745 746
f 746 748 747
f 750 749 747
f 750 751 749
f 752 739 751
f 747 754 753
f 750 755 752
f 752 755 738
f 749 756 747
f 751 757 749
f 739 729 758
f 744 759 727
f 746 759 744
f 747 760 746
f 719 649 761
f 761 651 762
f 651 763 762
f 724 718 761
f 743 762 745
f 762 764 748
f 765 688 689
f 767 766 689
f 769 689 692
f 692 695 771
f 738 768 769
f 740 770 771
f 771 630 633
f 742 740 772
f 772 637 642
f 764 763 773
f 777 773 775
f 775 781 779
f 754 764 774
f 782 778 779
f 779 688 765
f 753 754 782
f 753 783 755
f 783 767 738
f 784 773 653
f 786 781 775
f 785 780 781
f 785 786 787
f 787 687 688
f 789 653 659
f 791 786 784
f 791 698 787
f 789 790 792
f 789 794 793
f 793 696 697
f 705 729 730
f 731 709 705
f 734 708 709
f 797 796 795
f 725 798 684
f 726 800 799
f 727 795 801
f 804 803 802
f 804 805 706
f 808 807 806
f 809 797 727
f 760 809 759
f 756 806 810
f 811 808 756
f 758 813 812
f 729 805 814
f 815 720 672
f 819 816 714
f 816 712 713
f 817 716 712
f 656 647 716
f 788 660 821
f 822 792 788
f 823 821 664
f 825 794 822
f 825 702 793
f 823 824 826
f 823 827 804
f 804 701 825
f 664 828 824
f 828 670 829
f 830 826 828
f 805 802 827
f 833 832 831
f 836 835 834
f 838 835 836
f 839 831 837
f 841 834 155
f 843 838 836
f 685 840 838
f 841 159 686
f 686 842 843
f 829 844 807
f 812 830 829
f 814 830 813
f 847 846 845
f 849 846 847
f 851 666 848
f 847 833 852
f 855 849 847
f 795 851 849
f 852 840 684
f 799 855 853
f 801 854 855
f 668 850 856
f 857 668 856
f 844 669 857
f 856 851 796
f 810 856 809
f 806 844 857
f 858 845 846
f 848 858 846
f 666 859 848
f 815 860 819
f 818 860 861
f 863 817 818
f 863 656 820
f 862 864 865
f 866 862 865
f 661 863 866
f 858 864 832
f 859 865 858
f 667 866 859
f 867 675 256
f 868 674 867
f 860 673 677
f 257 178 869
f 867 870 868
f 870 860 868
f 179 871 869
f 869 872 870
f 872 861 870
f 126 834 835
f 871 837 872
f 837 832 864
f 874 542 308
f 877 875 878
f 884 883 882
f 887 885 888
f 891 889 892
f 890 879 880
f 894 880 881
f 896 881 882
f 882 886 887
f 900 301 289
f 888 899 900
f 902 281 297
f 892 901 902
f 542 884 563
f 884 875 336
f 336 877 296
f 903 281 901
f 889 903 901
f 295 878 904
f 298 904 905
f 904 891 905
f 297 905 902
f 905 892 902
f 289 906 900
f 906 888 900
f 906 291 907
f 907 287 288
f 908 285 286
f 286 282 903
f 907 887 906
f 908 897 898
f 909 895 896
f 903 893 894
f 910 874 304
f 910 300 911
f 886 910 911
f 911 301 899
f 885 911 899
f 914 912 915
f 917 2630 2626
f 918 914 919
f 2631 916 920
f 921 2630 2631
f 919 915 921
f 916 922 920
f 922 913 918
f 912 923 915
f 927 925 928
f 930 2658 931
f 933 917 2626
f 923 934 935
f 936 933 2640
f 2640 2626 921
f 915 935 2640
f 917 936 922
f 936 934 912
f 937 927 938
f 940 929 939
f 941 2658 940
f 938 928 941
f 929 942 939
f 942 926 937
f 2674 943 2672
f 947 2670 945
f 925 948 928
f 952 950 953
f 955 930 931
f 948 956 957
f 959 955 958
f 958 931 941
f 928 957 958
f 930 959 942
f 959 956 925
f 960 2674 961
f 963 951 962
f 964 950 963
f 961 2672 964
f 951 965 962
f 965 943 960
f 967 952 953
f 2670 968 969
f 971 967 970
f 970 953 964
f 945 969 970
f 952 971 965
f 971 968 947
f 973 972 974
f 977 975 978
f 981 979 3119
f 983 2446 984
f 2447 984 2446
f 985 983 984
f 2448 985 2447
f 986 982 983
f 2311 987 989
f 991 980 981
f 989 992 993
f 980 994 979
f 994 3119 979
f 990 3120 994
f 987 995 992
f 995 993 992
f 988 996 995
f 999 997 1000
f 1000 2324 1001
f 998 1003 1002
f 1002 1001 2324
f 1003 1000 1001
f 974 3122 1004
f 3121 1005 3123
f 3123 1004 3122
f 1005 974 1004
f 1006 3125 1007
f 1010 1008 1011
f 1014 1012 1015
f 1013 1016 1017
f 3124 976 977
f 1017 1019 1020
f 1022 978 975
f 1018 1021 1022
f 976 1022 975
f 1015 1020 1019
f 1016 1015 1019
f 1024 1011 1008
f 1026 3126 1006
f 1027 1006 1007
f 1025 1027 1028
f 1028 1007 3125
f 1029 1023 1024
f 1030 1009 1010
f 1023 1010 1011
f 1029 1008 1009
f 1032 1031 2461
f 1034 2461 1033
f 1037 2102 1036
f 1040 2103 1038
f 1045 1043 1042
f 1049 1047 1043
f 1052 1050 1047
f 1055 1053 1050
f 1057 1041 1056
f 1060 1056 1059
f 1064 1059 1063
f 1065 1066 1067
f 1068 2105 2492
f 1073 1071 2487
f 1046 1057 2492
f 1058 1070 2492
f 1061 1073 1070
f 1045 1046 2492
f 1055 1032 1054
f 1051 2503 2498
f 1048 1076 1075
f 1044 2492 2508
f 2492 1077 2507
f 1076 1079 1078
f 2503 2502 1080
f 2110 2464 1074
f 1083 1082 2124
f 1087 2126 2125
f 1065 1083 1073
f 1065 1086 1087
f 1088 1086 1067
f 1067 1089 1088
f 1090 2469 1091
f 1093 2469 1092
f 1096 2474 2473
f 1098 1095 2478
f 1100 1099 1086
f 1095 2127 1100
f 2474 1103 2128
f 2469 2129 2468
f 1088 1105 1098
f 1097 1105 1106
f 1094 1106 1107
f 1091 1107 1108
f 1110 1053 1054
f 1090 1111 1112
f 1114 1109 1110
f 1116 1113 1114
f 1118 1115 1116
f 1112 1117 1118
f 1090 1112 2454
f 1054 1032 1110
f 1110 2462 1034
f 1114 2459 1037
f 1116 2456 1038
f 1118 2454 1112
f 1121 1120 1119
f 1124 1122 1120
f 1127 1125 1122
f 1123 1130 1129
f 1128 1131 1126
f 1130 4 1129
f 4 1132 1128
f 1136 1134 1137
f 1140 1134 1139
f 1145 1143 1142
f 1149 1147 1146
f 1151 1136 1152
f 1155 1153 1156
f 1159 1157 1160
f 1153 1168 1170
f 1170 1171 1172
f 1172 1171 1173
f 1178 1176 1179
f 1182 1180 1178
f 1185 1183 1186
f 1188 1185 1186
f 1178 1190 1189
f 1181 1191 1190
f 1184 1194 1193
f 1187 1195 1194
f 1198 1192 1197
f 1173 1193 1200
f 1200 1194 1195
f 1201 1196 1189
f 1190 1198 1202
f 1175 1200 1203
f 1203 1201 1204
f 1204 1202 1205
f 1202 1199 1205
f 1206 1159 1163
f 1176 1177 1206
f 1157 1206 1208
f 1208 1189 1196
f 1209 481 1210
f 1183 1209 1210
f 1169 1211 1209
f 1168 1184 1171
f 1167 1160 1208
f 1212 1196 1187
f 1161 1213 1215
f 1215 1192 1181
f 1164 1215 1216
f 1216 1181 1182
f 1213 1152 1217
f 1197 1213 1217
f 1220 1218 1221
f 1224 1218 1223
f 1227 1154 1226
f 1230 1228 1231
f 1234 1228 1233
f 1237 1152 1236
f 1238 1218 1219
f 1240 1222 1223
f 1238 1239 1242
f 1242 1243 1241
f 1246 1244 1245
f 1247 1231 1234
f 1245 1234 1235
f 1169 1240 1211
f 1166 1240 1241
f 1160 1244 1246
f 1246 1214 1161
f 1142 1262 1261
f 1265 1140 1141
f 1266 1136 1137
f 1269 1267 1270
f 1272 1268 1269
f 1275 1273 1271
f 1146 1273 1274
f 1270 1277 1276
f 1269 1279 1272
f 1275 1281 1280
f 1280 1282 1146
f 1286 1285 1283
f 1290 1289 1288
f 1292 1153 1291
f 1284 1294 1293
f 1295 1297 1296
f 1300 1172 1175
f 1303 1301 1299
f 1304 1297 1301
f 1305 1153 1170
f 1172 1305 1170
f 1306 1289 1291
f 1299 1306 1305
f 1294 1286 1288
f 1301 1293 1294
f 1308 1296 1304
f 1302 1309 1308
f 1300 1203 1309
f 1311 1307 1308
f 1309 1311 1308
f 1203 1312 1309
f 1314 1310 1311
f 1312 1314 1311
f 1204 1315 1312
f 1317 1313 1314
f 1315 1318 1317
f 1205 1320 1319
f 1307 1298 1296
f 1310 1322 1321
f 1313 1325 1324
f 1316 1326 1313
f 1325 1328 1324
f 1207 1248 1330
f 1331 1207 1330
f 1330 1249 1332
f 1334 1333 1330
f 1249 1335 1332
f 1332 1337 1336
f 2981 1338 1339
f 1339 1329 1325
f 1340 1257 1341
f 1343 1340 1341
f 1341 1258 1344
f 1345 1341 1344
f 1346 1343 1347
f 1350 1348 1346
f 1186 1351 1349
f 1347 1345 1352
f 1354 1350 1347
f 1355 1186 1350
f 1210 1254 1356
f 1351 1210 1356
f 1356 1255 1357
f 1348 1349 1356
f 1255 1340 1357
f 1357 1342 1346
f 1358 1167 1212
f 1188 1358 1212
f 1359 1260 1358
f 1355 1353 1359
f 1344 1259 1359
f 1354 1352 1344
f 1272 1360 1361
f 1361 1324 1328
f 1276 1295 1362
f 1362 1298 1321
f 1360 1276 1362
f 1322 1323 1360
f 1335 1251 1363
f 1364 1335 1363
f 1363 1252 1365
f 1366 1363 1365
f 1336 1364 1367
f 1368 1334 1336
f 1179 1331 1333
f 1367 1366 1369
f 1371 1368 1367
f 1372 1179 1368
f 1199 1373 1320
f 1319 1373 1374
f 1374 1316 1317
f 1376 1164 1216
f 1182 1376 1216
f 1377 1253 1376
f 1372 1370 1377
f 1365 505 1377
f 1371 1369 1365
f 1217 1266 1378
f 1373 1217 1378
f 1378 1264 1265
f 1374 1378 1379
f 1265 1263 1380
f 1379 1381 1375
f 1380 1262 1382
f 1375 1382 1327
f 1383 2981 1339
f 1325 1383 1339
f 1382 1280 1281
f 1326 1382 1383
f 1384 1156 1292
f 3094 1386 1385
f 1287 1388 1387
f 1390 1278 1270
f 1278 1391 1277
f 1392 1150 1282
f 1395 1393 1396
f 1399 1397 1395
f 1401 1400 1397
f 1403 1394 1395
f 1397 1403 1395
f 1400 1406 1404
f 1408 1402 1403
f 1404 1408 1403
f 1405 1411 1409
f 1413 1407 1408
f 1409 1414 1413
f 1417 1416 1415
f 1419 1226 1154
f 1423 1421 1420
f 1427 1425 1424
f 1391 1425 1426
f 1429 1220 1221
f 1225 1418 1429
f 1431 1428 1429
f 1420 1421 1431
f 1399 1396 1430
f 1425 1398 1399
f 1426 1283 1284
f 1388 1427 1387
f 1386 1427 1422
f 1419 1155 1384
f 1151 1432 1433
f 1436 1432 1435
f 1440 1434 1439
f 1441 1416 1392
f 1233 1228 1442
f 1432 1232 1233
f 1443 1444 1445
f 1439 1434 1443
f 1444 1413 1414
f 1445 1415 1438
f 1144 1262 1143
f 1441 1145 1440
f 1437 1145 1138
f 1134 1151 1433
f 1446 1400 1391
f 1447 1405 1406
f 1448 1410 1411
f 1148 1392 1417
f 1446 1267 1268
f 1271 1446 1268
f 1273 1447 1271
f 1147 1448 1273
f 1451 1450 1449
f 1455 1453 1452
f 1458 1456 1459
f 1454 1457 1458
f 1453 1460 1450
f 1459 1523 1461
f 1463 1456 1462
f 1466 1460 1464
f 1469 1467 1470
f 1469 1471 1472
f 1472 1473 1474
f 1475 1461 1533
f 1535 1475 1476
f 1479 1460 1468
f 1460 1477 1450
f 1743 1479 1485
f 1485 1483 1745
f 1533 1461 1484
f 1484 1462 10
f 1489 1487 1486
f 1493 1491 1490
f 1493 1488 1494
f 1487 1495 102
f 1498 1496 1491
f 1501 1500 1495
f 1503 1644 1504
f 1646 1645 1505
f 1502 1496 1645
f 1508 1506 1509
f 1508 1505 1507
f 1647 1509 1510
f 1513 112 1512
f 1516 1515 1514
f 1514 1513 1512
f 1518 1495 1500
f 1495 1518 111
f 1645 112 1513
f 1514 1518 1506
f 1519 1513 1517
f 1496 105 112
f 1523 1536 1525
f 1532 1537 1533
f 1527 1538 1530
f 1541 1539 1542
f 1545 1543 1546
f 1550 1548 1547
f 1557 1555 1554
f 1561 1559 1562
f 1526 1561 1562
f 1563 1541 1564
f 1566 1563 1564
f 1559 1565 1566
f 1569 1567 1570
f 1567 1520 1570
f 1556 1572 1573
f 1573 1574 1575
f 1574 1569 1575
f 1555 1573 1576
f 1576 1575 1577
f 1575 1578 1577
f 1578 1570 1579
f 1570 1521 1579
f 1580 1579 1581
f 1579 1582 1581
f 1554 1576 1583
f 1583 1577 1584
f 1577 1580 1584
f 1568 1585 1567
f 1585 1571 1567
f 1557 1587 1572
f 1572 1588 1574
f 1588 1568 1574
f 1589 1551 1590
f 1592 1589 1590
f 1594 1591 1592
f 1595 1594 1596
f 1538 1595 1596
f 1596 1598 1599
f 1530 1596 1599
f 1590 1552 1600
f 1601 1590 1600
f 1598 1592 1601
f 1599 1602 1603
f 1529 1599 1603
f 1600 1547 1604
f 1605 1600 1604
f 1602 1601 1605
f 1608 1606 1609
f 1536 1608 1609
f 1610 1539 1611
f 1613 1610 1611
f 1606 1612 1613
f 1614 1549 1615
f 1617 1614 1615
f 1619 1616 1617
f 1620 1619 1621
f 1528 1620 1621
f 1622 1545 1623
f 1625 1622 1623
f 1627 1624 1625
f 1628 1627 1629
f 1535 1628 1629
f 1629 1630 1631
f 1537 1629 1631
f 1623 1546 1632
f 1633 1623 1632
f 1630 1625 1633
f 1632 1543 1634
f 1635 1632 1634
f 1636 1633 1635
f 1631 1636 1637
f 1533 1631 1637
f 1637 1626 1628
f 1534 1637 1628
f 1634 1544 1622
f 1624 1634 1622
f 1626 1635 1624
f 1615 1550 1589
f 1591 1615 1589
f 1593 1617 1591
f 1621 1593 1595
f 1597 1621 1595
f 1603 1618 1620
f 1531 1603 1620
f 1604 1548 1614
f 1616 1604 1614
f 1618 1605 1616
f 1638 1581 1639
f 1581 1455 1639
f 1553 1583 1640
f 1640 1584 1641
f 1584 1638 1641
f 1611 1540 1563
f 1565 1611 1563
f 1560 1613 1565
f 1609 1560 1561
f 1525 1609 1561
f 1562 1607 1608
f 1524 1562 1608
f 1564 1542 1610
f 1612 1564 1610
f 1607 1566 1612
f 1558 1640 1587
f 1587 1641 1588
f 1641 1586 1588
f 1586 1639 1585
f 1639 1522 1585
f 1497 1648 103
f 1649 1492 103
f 1643 1494 1650
f 1500 1651 1506
f 1655 1653 1652
f 1659 1657 1660
f 1664 1662 1661
f 1667 1665 1668
f 1654 1669 1670
f 1670 1671 1672
f 1671 1673 1672
f 1673 1675 1676
f 1675 103 1676
f 1677 1668 1678
f 1680 1677 1678
f 1682 1679 1680
f 1681 1683 1684
f 1683 1504 1684
f 1656 1685 1686
f 1686 1687 1688
f 1687 1689 1688
f 1689 1691 1692
f 1691 1499 1692
f 1661 1693 1694
f 1694 1695 1696
f 1695 1697 1696
f 1697 1699 1700
f 1699 1647 1700
f 1701 1700 1702
f 1700 1510 1702
f 1664 1694 1703
f 1703 1696 1704
f 1696 1701 1704
f 1705 1702 1706
f 1702 1651 1706
f 1663 1703 1707
f 1707 1704 1708
f 1704 1705 1708
f 1662 1707 1693
f 1693 1708 1695
f 1708 1698 1695
f 1698 1706 1699
f 1706 1500 1699
f 1709 1658 1710
f 1712 1709 1710
f 1714 1711 1712
f 1715 1714 1716
f 1642 1715 1716
f 1655 1686 1669
f 1669 1688 1671
f 1688 1674 1671
f 1674 1692 1675
f 1692 1649 1675
f 1717 1660 1718
f 1720 1717 1718
f 1722 1719 1720
f 1723 1722 1724
f 1650 1723 1724
f 1724 1713 1715
f 1643 1724 1715
f 1718 1657 1709
f 1711 1718 1709
f 1713 1720 1711
f 1716 1721 1723
f 1489 1716 1723
f 1710 1659 1717
f 1719 1710 1717
f 1721 1712 1719
f 1652 1725 1685
f 1685 1726 1687
f 1726 1690 1687
f 1690 1728 1691
f 1728 1497 1498
f 1729 1666 1730
f 1732 1729 1730
f 1734 1731 1732
f 1733 1735 1736
f 1735 1645 1736
f 1734 1684 1735
f 1684 1644 1735
f 1730 1667 1677
f 1679 1730 1677
f 1681 1732 1679
f 1678 1665 1729
f 1731 1678 1729
f 1733 1680 1731
f 1682 1736 1683
f 1736 1646 1683
f 1727 1676 1728
f 1676 1648 1728
f 1653 1670 1725
f 1725 1672 1726
f 1672 1727 1726
f 1741 1742 1743
f 1741 1744 25
f 1740 1744 1481
f 23 1482 1745
f 1738 1745 1746
f 22 1483 21
f 1483 19 1737
f 1747 112 1748
f 1748 1749 1747
f 1750 1751 1749
f 1752 1753 1751
f 1754 1755 1753
f 1757 116 1518
f 1759 1756 1757
f 1759 1755 1758
f 1762 1760 2612
f 1761 1763 1760
f 1767 1765 1768
f 1770 1767 1768
f 1764 1771 1763
f 1773 1770 1774
f 1761 1773 1774
f 1776 1765 1766
f 1773 2612 1776
f 1771 1774 1775
f 1775 1770 1768
f 1769 1776 1766
f 1776 1760 1763
f 1792 1790 1793
f 2761 1794 2758
f 2761 1795 1796
f 1795 1792 1793
f 1802 1801 1799
f 1805 1793 1804
f 1806 1808 1807
f 1791 1809 1808
f 1810 2769 2768
f 2768 1811 1810
f 1791 2770 1813
f 1799 1814 2770
f 2769 1815 2768
f 1815 1817 1816
f 1818 1819 1821
f 1819 1823 1822
f 1817 1825 1812
f 1826 1822 1825
f 2776 2774 1827
f 1830 1829 2776
f 1820 1818 2779
f 1833 1831 1834
f 1827 2774 1835
f 1837 1839 1838
f 1840 1841 1831
f 1847 1845 1843
f 1852 2784 1850
f 1854 2784 1851
f 1856 1855 1847
f 1857 1847 1848
f 1855 1845 1846
f 2781 1833 1856
f 1856 1848 1849
f 1841 1851 1852
f 1860 2760 1859
f 2790 1860 2789
f 1863 1861 2790
f 2793 1844 1862
f 2793 1842 1843
f 1810 1801 1802
f 1825 1823 1800
f 1824 1808 1809
f 1870 1867 1785
f 1787 1868 1869
f 1869 2698 1786
f 1779 1866 1871
f 2687 1871 2894
f 1873 2685 1777
f 1874 1782 1783
f 1872 1783 2685
f 1780 1874 1826
f 1871 1780 1817
f 1871 1821 1874
f 1816 1872 2685
f 2894 1816 1781
f 2913 2685 1872
f 1777 2913 1873
f 1799 2919 1814
f 1799 1875 2918
f 1875 1814 2919
f 1788 2696 1865
f 1878 1876 1879
f 1881 1879 1876
f 1883 1880 1881
f 1882 1877 1878
f 1880 1878 1879
f 1887 1886 1884
f 1889 1887 1890
f 1885 1889 1891
f 1894 1892 1889
f 1891 1892 1895
f 1898 1887 1888
f 1899 1896 1898
f 1900 1894 1901
f 1894 1890 1896
f 1902 1901 1903
f 1901 1897 1903
f 1895 1905 1904
f 1907 1892 1893
f 1910 1908 1907
f 1912 1911 1905
f 1908 1913 1912
f 1917 1915 1897
f 1921 1902 1903
f 1903 1915 1918
f 1918 1922 1919
f 1915 1923 1918
f 1925 1909 1910
f 1927 1908 1909
f 1925 1927 1924
f 1926 1928 1925
f 1930 1920 1921
f 1921 1932 1931
f 1919 1933 1932
f 1930 1929 1926
f 1931 1934 1930
f 1932 1935 1931
f 1932 1937 1936
f 1906 1938 1939
f 1940 1904 1911
f 1912 1943 1941
f 1938 1944 1945
f 1948 1944 1940
f 1947 1946 1944
f 1941 1950 1948
f 1950 1952 1947
f 1951 1949 1947
f 1955 1913 1954
f 1954 1928 1934
f 1959 1958 1954
f 1957 1936 1960
f 1936 1961 1960
f 1950 1942 1955
f 1956 1964 1963
f 1950 1962 1965
f 1967 1953 1951
f 1965 1951 1952
f 1963 1968 1965
f 1970 1966 1967
f 1968 1967 1965
f 1964 1959 1971
f 1960 1973 1971
f 1972 1970 1968
f 1974 1969 1970
f 1977 1975 1974
f 1973 1976 1977
f 1971 1974 1972
f 1980 2 1979
f 1982 117 1981
f 2076 2074 2077
f 1986 2104 1984
f 2078 1987 2079
f 2080 1987 1988
f 1991 1988 1990
f 2083 1989 1992
f 2084 1992 1994
f 1998 1994 1996
f 1996 1997 1999
f 2085 1999 2000
f 2086 2002 1982
f 2005 2087 2003
f 2007 2003 2006
f 2007 2089 2088
f 2011 2088 2010
f 2012 2091 2090
f 2013 2093 2092
f 2014 2017 2015
f 2019 2018 2015
f 2021 2015 2020
f 2023 2020 2077
f 2023 2074 2024
f 2026 2025 1981
f 2024 1981 2025
f 2029 2028 2027
f 2032 2030 2033
f 2027 2030 2035
f 2007 2011 2036
f 2013 2019 2037
f 2040 2036 2037
f 2041 2038 2042
f 2040 2030 2043
f 2041 2034 2035
f 2022 2024 2038
f 2044 2029 2025
f 2024 2034 2042
f 2045 2033 2046
f 2046 2027 2028
f 2026 1981 117
f 2044 117 2048
f 2047 2044 2049
f 2108 2087 2004
f 2051 2112 2031
f 2004 2121 2054
f 2119 2039 2043
f 2043 2115 2116
f 2045 2113 2032
f 2002 2055 1982
f 2073 2055 2056
f 2048 2073 2056
f 2061 2059 2057
f 2062 2064 2063
f 2063 2066 2060
f 2068 2057 2058
f 1987 2068 2059
f 1992 2059 2066
f 2045 2064 2065
f 2047 2063 2064
f 2000 2066 2055
f 2056 2066 2067
f 2049 2056 2067
f 2132 2069 2068
f 2062 2069 2072
f 2070 2137 2062
f 2045 2135 2133
f 2074 1982 2075
f 1982 2073 2075
f 2074 2075 1981
f 1981 2075 2073
f 2003 1986 2079
f 2088 2080 2081
f 2009 1991 2083
f 2090 2083 1993
f 2092 2084 1995
f 2016 1998 2085
f 2020 2076 2077
f 2107 1986 2087
f 2095 2099 2098
f 2098 2096 2097
f 1031 2110 2111
f 2050 1031 2112
f 2051 2461 2050
f 2113 1033 2051
f 2111 2494 2052
f 2052 2497 2114
f 2114 1080 1081
f 2115 2502 2116
f 2116 1078 2109
f 2117 2109 1079
f 2118 2507 1077
f 1077 2105 2120
f 2106 2120 2105
f 1068 2121 2106
f 1069 2054 2122
f 1071 2107 2054
f 2107 1072 1985
f 2123 2100 2113
f 2104 1985 2124
f 2130 1082 2131
f 2131 2125 1084
f 2132 2126 2069
f 2133 2102 2123
f 2134 2101 2133
f 2135 1035 1036
f 2136 1040 2135
f 2103 2136 2137
f 2129 2138 1104
f 2468 2138 2139
f 1103 2070 1102
f 2128 2070 2071
f 2127 2141 2140
f 1100 2140 2072
f 2072 2069 1085
f 2151 2146 2143
f 2161 2158 2155
f 2168 2166 2165
f 2167 2170 2154
f 2168 2171 2167
f 2155 2165 2166
f 2160 2178 2179
f 2180 2173 2174
f 2162 2172 2180
f 2182 2156 2157
f 2177 2168 2183
f 2185 2176 2183
f 2179 2174 2187
f 2187 2176 2184
f 2158 2186 2185
f 2247 2162 2163
f 2188 2163 2153
f 2154 2188 2153
f 2187 2194 2186
f 2190 2180 2181
f 2309 2179 2178
f 2189 2181 2179
f 2180 2309 2178
f 2192 2187 2184
f 2169 2183 2168
f 2183 2317 2182
f 2194 2185 2186
f 2312 2184 2185
f 2317 2165 2182
f 2198 2197 2196
f 2152 2201 2199
f 2201 2198 2199
f 2200 2150 2151
f 2147 2204 2205
f 2207 613 2208
f 2211 2209 2207
f 2213 2291 2144
f 2205 613 2216
f 2216 2212 2213
f 2145 2215 2214
f 2198 2292 2209
f 2149 2196 2211
f 2291 2143 2144
f 2254 2152 2142
f 2143 2254 2142
f 2218 2208 2205
f 2219 2207 2208
f 2222 2198 2210
f 2207 2315 2204
f 2197 2211 2196
f 2221 2210 2211
f 2315 2205 2204
f 2217 2216 2213
f 2320 2214 2215
f 2216 2320 2215
f 2318 2213 2214
f 2231 2229 2246
f 2232 2247 2188
f 332 2262 2249
f 2245 2287 2303
f 2234 2171 2201
f 519 2202 2254
f 2253 2240 521
f 2296 2257 552
f 303 561 2257
f 573 2227 294
f 2260 2259 2242
f 2262 2260 573
f 2266 2264 2263
f 2263 588 2267
f 2269 2262 2249
f 2248 2269 2249
f 594 2270 2248
f 588 2271 594
f 2242 2272 2273
f 2273 2274 2275
f 2275 2276 2277
f 2276 2266 2277
f 573 2275 2267
f 2259 2260 2269
f 2272 2259 2278
f 2278 2270 2279
f 2274 2278 2279
f 2279 2271 2280
f 2276 2279 2280
f 2280 2268 2263
f 2265 2280 2264
f 2284 2283 2281
f 2287 2284 2285
f 2291 2289 2288
f 2288 2293 2292
f 2281 2295 2296
f 2296 2297 2298
f 2298 2299 620
f 2299 2291 620
f 2300 2287 2301
f 2303 2300 2301
f 2305 2302 2303
f 2293 2304 2305
f 2285 2298 2292
f 2283 2284 2300
f 2295 2283 2306
f 2306 2302 2307
f 2297 2306 2307
f 2307 2304 2308
f 2299 2307 2308
f 2308 2294 2288
f 2290 2308 2289
f 2191 2189 2309
f 2310 2221 2197
f 2311 993 996
f 2193 2312 2313
f 2220 2314 2315
f 2195 2316 2317
f 2319 2318 2320
f 2323 2321 2322
f 998 2324 997
f 2328 2326 2325
f 2334 2332 2330
f 2338 2336 2339
f 2343 2340 2337
f 2348 2346 2345
f 2352 2351 2346
f 2356 2334 2357
f 2358 2327 2328
f 2438 2344 2439
f 2359 2353 2360
f 2361 2355 2362
f 2363 2348 2364
f 2365 2439 2344
f 2443 2347 2363
f 2368 2349 2345
f 2370 2367 2368
f 2366 2371 2372
f 2374 2372 2373
f 2349 2373 2372
f 2372 2364 2348
f 2374 2375 2345
f 2377 2369 2370
f 2369 2373 2367
f 2377 2368 2375
f 2376 2375 2373
f 2380 2378 2381
f 2381 2350 2351
f 2384 2382 2385
f 2388 2386 2389
f 2391 2389 2385
f 2388 2390 2351
f 2347 2385 2355
f 2354 2389 2353
f 2383 2354 2361
f 2385 2362 2355
f 2389 2360 2353
f 2387 2352 2359
f 2350 2391 2374
f 2379 2392 2393
f 2392 2381 2390
f 2393 2390 2391
f 2379 2391 2378
f 2395 2339 2336
f 2397 2394 2395
f 2399 2396 2397
f 2338 2394 2400
f 2396 2400 2394
f 2401 2400 2402
f 2402 2336 2337
f 2399 2395 2402
f 2398 2402 2400
f 2404 2335 2358
f 2406 2341 2342
f 2408 2405 2406
f 2407 2409 2410
f 2412 2411 2342
f 2409 2406 2411
f 2412 2442 2365
f 2444 2343 2438
f 2413 2412 2365
f 2341 2413 2401
f 2410 2411 2413
f 2407 2413 2405
f 2416 2414 2417
f 2417 2329 2325
f 2403 2418 2419
f 2421 2419 2420
f 2329 2420 2419
f 2419 2451 2328
f 2422 2325 2326
f 2424 2415 2416
f 2415 2420 2414
f 2424 2417 2422
f 2423 2422 2420
f 2427 2425 2428
f 2428 2331 2332
f 2426 2429 2430
f 2429 2428 2431
f 2335 2432 2334
f 2433 2431 2332
f 2433 2434 2432
f 2435 2333 2356
f 2432 2357 2334
f 2436 2433 2432
f 2331 2436 2421
f 2430 2431 2436
f 2426 2436 2425
f 2371 2440 2441
f 2442 2438 2439
f 2434 2437 2357
f 2448 2446 982
f 2382 2449 2450
f 2418 2358 2451
f 2454 2453 2455
f 2455 1035 2456
f 2456 2457 2458
f 2458 2100 2459
f 2459 1033 2460
f 2460 2461 2462
f 2462 1031 2463
f 1031 1032 2463
f 2129 2454 2465
f 2469 2468 1104
f 2472 2470 1103
f 2474 2128 1102
f 2477 2475 2127
f 1095 1100 1101
f 2481 2479 1099
f 1086 2479 2480
f 2482 1086 2483
f 1083 2482 2483
f 2485 2125 1083
f 2486 2484 2485
f 2488 1071 2486
f 2489 2487 2488
f 2490 1068 2489
f 2492 2106 2490
f 2495 2464 2494
f 1074 2493 2497
f 2500 1080 1081
f 2503 2499 2502
f 2505 1078 2109
f 1076 2504 1079
f 2510 2507 1077
f 2509 2492 2511
f 2483 2480 2481
f 2512 2478 1095
f 2513 2476 2477
f 2514 2473 2474
f 2515 2471 2472
f 2516 1092 2469
f 2517 2467 2465
f 2465 2455 2518
f 1083 2512 2519
f 2519 2513 2520
f 2520 2514 2521
f 2521 2515 2522
f 2522 2516 2523
f 2523 2517 2524
f 2524 2518 2525
f 2518 2456 2525
f 2485 2519 2526
f 2526 2520 2527
f 2527 2521 2528
f 2528 2522 2529
f 2529 2523 2530
f 2530 2524 2531
f 2531 2525 2532
f 2525 2458 2532
f 2486 2526 2533
f 2533 2527 2534
f 2534 2528 2535
f 2535 2529 2536
f 2536 2530 2537
f 2537 2531 2538
f 2538 2532 2539
f 2532 2459 2539
f 2488 2533 2540
f 2540 2534 2541
f 2541 2535 2542
f 2542 2536 2543
f 2543 2537 2544
f 2544 2538 2545
f 2545 2539 2546
f 2539 2460 2546
f 2489 2540 2547
f 2547 2541 2548
f 2548 2542 2549
f 2549 2543 2550
f 2550 2544 2551
f 2551 2545 2552
f 2552 2546 2553
f 2546 2462 2553
f 2490 2547 2554
f 2554 2548 2555
f 2555 2549 2556
f 2556 2550 2557
f 2557 2551 2558
f 2558 2552 2559
f 2559 2553 2560
f 2553 2463 2560
f 2511 2490 2554
f 2508 2554 2555
f 2506 2555 2556
f 1075 2556 2557
f 2501 2557 2558
f 2498 2558 2559
f 2496 2559 2560
f 2560 1032 2495
f 1099 2479 2482
f 2562 1100 1099
f 2563 2475 1101
f 2564 2128 2127
f 2565 2470 1102
f 2566 2468 1103
f 2567 2466 1104
f 2453 2129 2567
f 2561 2125 2568
f 2569 2561 2568
f 2570 2562 2569
f 2571 2563 2570
f 2572 2564 2571
f 2573 2565 2572
f 2574 2566 2573
f 1035 2567 2574
f 2568 2484 2575
f 2576 2568 2575
f 2577 2569 2576
f 2578 2570 2577
f 2579 2571 2578
f 2580 2572 2579
f 2581 2573 2580
f 2457 2574 2581
f 2575 1071 2582
f 2583 2575 2582
f 2584 2576 2583
f 2585 2577 2584
f 2586 2578 2585
f 2587 2579 2586
f 2588 2580 2587
f 2100 2581 2588
f 2582 2487 2589
f 2590 2582 2589
f 2591 2583 2590
f 2592 2584 2591
f 2593 2585 2592
f 2594 2586 2593
f 2595 2587 2594
f 1033 2588 2595
f 2589 1068 2596
f 2597 2589 2596
f 2598 2590 2597
f 2599 2591 2598
f 2600 2592 2599
f 2601 2593 2600
f 2602 2594 2601
f 2461 2595 2602
f 2596 2106 2603
f 2604 2596 2603
f 2605 2597 2604
f 2606 2598 2605
f 2607 2599 2606
f 2608 2600 2607
f 2609 2601 2608
f 1031 2602 2609
f 2603 2491 2509
f 2507 2604 2603
f 2504 2605 2604
f 1078 2606 2605
f 2499 2607 2606
f 1080 2608 2607
f 2493 2609 2608
f 2464 2609 2494
f 2612 2610 2613
f 2611 2614 2610
f 2615 2616 2614
f 2617 2613 2616
f 2611 2617 2615
f 2613 2614 2616
f 2620 2618 2621
f 2624 2622 2625
f 2623 2621 2622
f 2619 2625 2618
f 2618 2622 2621
f 2624 2620 2623
f 2627 2626 2628
f 2626 2629 2628
f 2632 2630 2631
f 919 2634 2633
f 915 2636 2638
f 2634 915 2638
f 2640 2627 2639
f 2636 2641 2642
f 2640 2641 915
f 921 2635 919
f 2638 2642 2639
f 2639 2628 2643
f 2633 2638 2643
f 2643 2629 2632
f 2646 2645 2644
f 2650 2647 2648
f 2651 2650 2652
f 2654 2651 2652
f 2645 2655 2656
f 2655 2657 2656
f 2661 2658 2660
f 2659 2654 2662
f 2646 2647 2651
f 2655 2646 2663
f 2663 2653 2659
f 2658 2663 2660
f 2652 2648 2644
f 2644 2656 2664
f 2662 2652 2664
f 2664 2657 2661
f 2667 2666 2665
f 2671 2668 2669
f 2672 2671 2673
f 2675 2672 2673
f 2666 2676 2677
f 2676 2678 2677
f 2681 950 2680
f 2679 2675 2682
f 2667 2668 2672
f 2676 2667 2683
f 2683 2674 2679
f 950 2683 2680
f 2673 2669 2665
f 2665 2677 2684
f 2682 2673 2684
f 2684 2678 2681
f 1778 2686 2685
f 2688 2687 1781
f 2690 1783 2689
f 2688 2685 1783
f 2694 2692 2691
f 2695 2692 2696
f 2696 2693 2697
f 2795 1842 2790
f 2787 2797 2796
f 2766 2799 2798
f 2801 2765 2800
f 2761 2763 2803
f 2805 1837 1840
f 2794 2782 1842
f 2697 2806 2781
f 2782 2807 2697
f 2808 2767 1824
f 2810 1866 1830
f 1866 2808 2772
f 2812 2788 2791
f 2757 2813 2814
f 2748 2815 2816
f 2741 2817 2818
f 2783 2784 2819
f 1868 2821 2820
f 1868 2823 2822
f 1867 2824 2821
f 2819 2820 2821
f 2806 1869 2825
f 2822 1838 1839
f 1854 2822 2823
f 2724 2826 2827
f 1839 2780 2828
f 2742 2830 2829
f 2833 2705 2703
f 2802 2834 2811
f 2758 2811 2834
f 2837 2835 2838
f 2838 2839 2833
f 2840 2833 2839
f 2832 2841 2842
f 2846 2844 2843
f 2845 2841 2844
f 2850 2848 2847
f 2849 2843 2848
f 2847 2851 2850
f 2856 2854 2853
f 2859 2857 2860
f 2852 2854 2861
f 2857 2853 2860
f 2827 2858 2859
f 2826 2863 2827
f 2813 2866 2865
f 2867 2868 2866
f 2869 2870 2868
f 2871 2872 2870
f 2875 2872 2873
f 2877 2874 2875
f 2876 2878 2879
f 2879 2881 2880
f 2865 2881 2883
f 2739 2884 2881
f 2865 2755 2885
f 2883 2756 2978
f 2814 2978 2757
f 2853 2718 2719
f 2728 2867 2813
f 2881 2738 2739
f 2952 2869 2867
f 2878 2736 2738
f 2730 2871 2869
f 2734 2877 2875
f 2865 2726 2727
f 2755 2879 2885
f 2954 2873 2871
f 2874 2958 2735
f 2868 2731 2729
f 2737 2876 2879
f 2870 2732 2731
f 2872 2735 2732
f 2866 2729 2726
f 2733 2875 2873
f 2722 2827 2859
f 2863 2948 2723
f 2837 2929 2700
f 2860 2719 2947
f 2858 2723 2720
f 2947 2859 2860
f 2857 2720 2721
f 2701 2835 2836
f 2854 2715 2718
f 2832 2706 2705
f 2702 2839 2835
f 2709 2842 2845
f 2721 2856 2857
f 2704 2840 2839
f 2848 2936 2710
f 2841 2934 2707
f 2852 2711 2714
f 2843 2935 2936
f 2847 2710 2711
f 2844 2707 2935
f 2862 2714 2715
f 2941 2846 2849
f 2708 2845 2846
f 2716 2855 2856
f 2712 2851 2861
f 2713 2850 2851
f 2940 2849 2850
f 2717 2861 2855
f 2838 2703 2929
f 2836 2700 2701
f 2725 2864 2826
f 2962 2886 2887
f 2890 2889 2888
f 2889 2776 2778
f 2818 2740 2741
f 2817 2887 2891
f 2891 2963 2740
f 2774 2889 2828
f 2893 2769 2770
f 2892 2771 2769
f 2896 2971 2749
f 2888 1871 1866
f 2887 2747 2962
f 2778 2779 2894
f 2896 2898 2816
f 2898 2887 2817
f 2816 2746 2748
f 2964 2898 2817
f 2749 2897 2896
f 2750 2899 2815
f 2904 2902 2901
f 2908 2906 2831
f 2906 2909 2831
f 2909 2744 2745
f 2831 2745 2742
f 2906 2973 2743
f 2976 2903 2904
f 2906 2976 2904
f 2901 2753 2754
f 2977 2902 2903
f 2754 2910 2901
f 2973 2908 2752
f 2815 2895 2896
f 2895 2970 2971
f 2894 2768 2771
f 1873 2913 2892
f 2913 2894 2892
f 2908 2751 2752
f 2829 2830 2908
f 2914 2912 1873
f 2893 2919 2918
f 2893 2921 2920
f 2924 2915 2916
f 2923 2914 2915
f 2925 2800 2798
f 2798 2914 2926
f 2918 2917 2927
f 2801 2925 2834
f 2925 2921 2922
f 2770 2922 2893
f 2834 1792 2764
f 2804 2890 2810
f 2825 2828 2804
f 2928 2824 2807
f 2811 2928 2796
f 2928 2794 2795
f 2932 2930 2929
f 2704 2929 2933
f 2933 2934 2704
f 2707 2705 2706
f 2708 2935 2937
f 2937 2707 2706
f 2940 2938 2941
f 2936 2941 2938
f 2714 2942 2943
f 2713 2939 2940
f 2718 2716 2944
f 2722 2946 2945
f 2943 2717 2718
f 2944 2946 2947
f 2724 2945 2723
f 2949 2723 2948
f 2728 2950 2952
f 2952 2953 2730
f 2955 2730 2953
f 2954 2732 2956
f 2732 2734 2956
f 2736 2957 2958
f 2959 2958 2737
f 2739 2737 2960
f 2741 2963 2962
f 2745 2965 2742
f 2962 2746 2964
f 2746 2969 2968
f 2968 2969 2970
f 2965 2752 2972
f 2976 2974 2754
f 2979 2739 2951
f 2982 2980 2983
f 2986 2984 2987
f 2981 2985 2986
f 2983 2987 2984
f 2980 2986 2987
f 2982 2984 2985
f 2990 2988 2991
f 2994 2992 2995
f 2993 2991 2992
f 2995 2991 2988
f 2993 2989 2990
f 2989 2995 2988
f 2998 2996 2999
f 3002 3000 3003
f 2999 3003 3000
f 3001 2999 3000
f 2997 3001 3002
f 2997 3003 2996
f 3006 3004 3007
f 3010 3008 3011
f 3007 3011 3008
f 3005 3011 3004
f 3005 3009 3010
f 3009 3007 3008
f 3014 3012 3015
f 3018 3016 3019
f 3015 3019 3016
f 3013 3019 3012
f 3013 3017 3018
f 3017 3015 3016
f 2104 3020 2108
f 3022 2074 3023
f 3022 2104 1982
f 2108 3023 2074
f 3020 3022 3023
f 2104 2074 1982
f 3026 3024 3027
f 3030 3028 3031
f 3025 3031 3024
f 3029 3027 3028
f 3024 3028 3027
f 3030 3026 3029
f 3034 3032 3035
f 3038 3036 3039
f 3041 3034 3040
f 3047 3045 3044
f 3051 3049 3048
f 3037 3049 3050
f 3052 3037 3050
f 3054 3051 3046
f 3056 3047 3043
f 3040 3035 3057
f 3057 3032 3059
f 3055 3058 3061
f 3053 3060 3063
f 3062 3036 3052
f 3049 3039 3062
f 3060 3044 3045
f 3058 3041 3042
f 3032 3041 3059
f 3066 3064 3067
f 3070 3068 3071
f 3065 3072 3073
f 3073 3074 3075
f 3075 3076 3077
f 3077 3069 3070
f 3072 3067 3078
f 3079 3072 3078
f 3080 3074 3079
f 3068 3076 3080
f 3067 3081 3078
f 3078 3082 3079
f 3079 3083 3080
f 3080 3071 3068
f 3064 3073 3081
f 3081 3075 3082
f 3082 3077 3083
f 3077 3071 3083
f 3086 3084 3087
f 3089 3088 3090
f 3092 3086 3091
f 3098 3096 3095
f 3102 3100 3099
f 1267 3100 3101
f 3100 3090 3103
f 3106 3095 3096
f 3108 3092 3093
f 3084 3092 3107
f 3109 3084 3107
f 3111 3108 3105
f 3113 3106 3104
f 3103 3088 3114
f 3114 1267 3101
f 3112 3102 3097
f 3110 3098 3094
f 3091 3087 3109
f 3118 3115 3116
f 991 3119 3120
f 3121 3122 972
f 3124 978 1021
f 1013 1020 1012
f 1025 3125 3126
f 9 12 11
f 11 10 8
f 13 15 14
f 14 12 9
f 16 18 17
f 17 15 13
f 16 7 1477
f 20 19 10
f 14 1738 22
f 21 20 11
f 14 22 21
f 21 11 12
f 17 24 23
f 1739 1738 14
f 17 23 1739
f 1739 14 15
f 25 24 17
f 17 18 1477
f 1477 27 26
f 26 25 17
f 33 32 30
f 33 31 36
f 36 35 34
f 36 38 37
f 33 34 41
f 41 40 39
f 39 32 33
f 41 34 35
f 35 37 42
f 42 37 38
f 38 1119 1120
f 1120 1 1125
f 1125 42 38
f 42 44 43
f 44 42 1125
f 1126 2 28
f 44 1125 1126
f 49 47 45
f 47 49 52
f 52 51 50
f 54 53 50
f 55 52 49
f 49 48 39
f 39 40 55
f 56 54 51
f 51 52 55
f 5 53 54
f 54 56 6
f 4 5 54
f 56 55 43
f 6 56 44
f 44 28 1979
f 1979 3 6
f 59 58 57
f 62 61 58
f 61 62 65
f 64 63 61
f 60 67 66
f 59 66 68
f 65 62 68
f 68 70 69
f 72 71 73
f 74 73 76
f 77 63 64
f 77 78 81
f 81 80 79
f 83 82 79
f 69 84 81
f 78 64 65
f 69 81 78
f 81 84 85
f 85 83 80
f 83 85 86
f 86 46 82
f 84 69 70
f 72 74 85
f 74 75 86
f 87 92 91
f 90 89 87
f 92 87 93
f 94 93 29
f 71 70 91
f 73 71 92
f 94 95 76
f 98 97 96
f 99 96 100
f 90 101 100
f 100 88 89
f 67 98 99
f 66 99 101
f 70 68 101
f 101 90 91
f 106 105 103
f 106 104 107
f 108 107 109
f 110 109 102
f 112 105 106
f 113 106 108
f 114 108 110
f 115 110 111
f 121 120 119
f 121 123 122
f 126 125 124
f 121 118 128
f 129 133 132
f 132 131 130
f 132 133 136
f 136 135 134
f 134 135 137
f 137 124 125
f 138 142 141
f 141 130 140
f 140 139 138
f 143 146 138
f 138 139 145
f 145 144 143
f 138 146 149
f 149 148 147
f 147 142 138
f 119 150 143
f 143 144 118
f 143 150 152
f 152 151 149
f 146 143 152
f 153 150 119
f 120 122 153
f 155 127 124
f 156 159 158
f 158 155 154
f 157 156 158
f 154 124 137
f 135 136 160
f 135 161 162
f 162 156 157
f 157 137 135
f 163 164 129
f 129 130 141
f 129 164 166
f 166 165 160
f 160 136 133
f 133 129 166
f 160 165 168
f 167 162 161
f 160 168 167
f 147 169 163
f 163 141 142
f 163 169 171
f 171 170 166
f 164 163 171
f 145 172 128
f 128 118 144
f 140 174 173
f 173 172 145
f 145 139 140
f 175 174 140
f 140 130 131
f 178 177 176
f 179 176 125
f 123 117 180
f 182 159 156
f 183 185 184
f 184 117 123
f 123 128 183
f 173 187 186
f 186 183 128
f 172 173 186
f 188 187 173
f 174 175 188
f 180 117 184
f 184 190 189
f 167 191 192
f 192 181 156
f 162 167 192
f 170 193 195
f 195 194 165
f 166 170 195
f 165 194 192
f 192 191 168
f 196 198 169
f 169 147 197
f 169 198 195
f 193 171 169
f 201 200 199
f 200 201 204
f 204 202 206
f 205 200 204
f 203 204 180
f 180 189 207
f 151 208 201
f 201 196 197
f 197 148 149
f 149 151 201
f 150 204 201
f 208 152 150
f 204 153 122
f 196 199 211
f 211 209 212
f 213 205 206
f 206 215 214
f 211 199 200
f 200 205 213
f 213 216 210
f 210 211 200
f 207 189 190
f 215 206 202
f 202 203 207
f 207 217 215
f 219 194 195
f 195 221 220
f 218 192 194
f 194 219 222
f 198 196 212
f 221 195 198
f 198 223 224
f 185 183 226
f 229 228 227
f 232 231 229
f 176 177 231
f 230 227 131
f 134 232 230
f 125 176 232
f 210 216 236
f 212 209 236
f 237 235 233
f 212 236 237
f 238 240 182
f 182 181 239
f 241 238 239
f 243 222 219
f 219 220 246
f 246 245 244
f 244 243 219
f 218 222 243
f 243 242 239
f 239 181 218
f 247 224 223
f 223 212 233
f 233 234 248
f 248 247 223
f 246 220 221
f 221 224 247
f 225 226 249
f 250 249 251
f 251 227 228
f 249 226 183
f 188 251 249
f 249 186 187
f 227 251 188
f 188 175 131
f 184 254 253
f 177 178 257
f 257 256 255
f 185 225 254
f 228 229 260
f 259 258 228
f 260 229 231
f 231 262 261
f 262 231 177
f 177 255 263
f 264 268 267
f 267 258 266
f 266 265 264
f 264 272 271
f 271 270 269
f 269 268 264
f 235 237 272
f 272 264 265
f 265 234 235
f 270 271 214
f 214 253 254
f 214 271 272
f 272 237 236
f 236 216 213
f 213 214 272
f 253 214 215
f 215 217 190
f 274 273 255
f 273 274 276
f 276 240 238
f 238 275 273
f 263 255 273
f 277 261 262
f 238 241 278
f 278 262 263
f 263 275 238
f 259 280 279
f 279 266 258
f 261 277 244
f 244 245 280
f 280 259 260
f 260 261 244
f 244 277 278
f 278 241 242
f 243 244 278
f 266 279 248
f 248 234 265
f 248 279 280
f 280 245 246
f 246 247 248
f 250 269 270
f 270 254 225
f 252 267 268
f 268 269 250
f 252 228 258
f 282 2223 281
f 2223 282 286
f 286 285 284
f 284 285 288
f 288 287 2224
f 2224 287 291
f 291 290 289
f 292 296 295
f 295 294 293
f 294 295 299
f 298 297 294
f 300 305 304
f 304 303 302
f 302 301 300
f 303 304 308
f 307 306 303
f 309 313 312
f 311 310 309
f 312 313 316
f 316 315 314
f 315 316 319
f 319 318 317
f 318 319 322
f 322 321 320
f 321 322 325
f 325 324 323
f 296 292 324
f 326 323 324
f 324 292 293
f 328 310 311
f 314 331 330
f 330 329 311
f 312 314 330
f 317 332 331
f 331 314 315
f 320 333 332
f 332 317 318
f 326 333 320
f 321 323 326
f 309 335 334
f 336 296 325
f 322 319 316
f 336 325 322
f 313 334 336
f 336 322 316
f 97 98 339
f 338 337 97
f 339 98 67
f 67 341 340
f 349 347 345
f 350 349 348
f 348 344 342
f 342 352 351
f 351 350 348
f 347 355 354
f 354 353 346
f 349 357 356
f 356 355 347
f 358 359 357
f 357 349 350
f 355 356 363
f 363 362 361
f 360 354 355
f 363 361 360
f 357 359 363
f 364 368 367
f 367 366 365
f 372 371 370
f 338 372 369
f 369 373 337
f 374 376 351
f 351 352 375
f 372 377 376
f 376 374 371
f 340 377 372
f 372 338 339
f 376 378 358
f 350 351 376
f 379 378 376
f 377 340 341
f 382 386 385
f 385 384 383
f 384 385 381
f 381 380 387
f 389 388 364
f 388 389 386
f 386 382 390
f 381 391 361
f 392 385 386
f 386 394 393
f 385 392 391
f 389 365 396
f 389 395 394
f 378 398 397
f 398 378 379
f 379 400 399
f 369 370 403
f 403 401 373
f 404 375 352
f 352 342 343
f 403 370 371
f 374 375 404
f 403 371 374
f 404 402 403
f 408 412 411
f 411 410 407
f 407 405 409
f 409 408 411
f 365 366 413
f 413 412 408
f 360 416 414
f 414 353 354
f 419 418 417
f 416 422 421
f 421 420 417
f 417 415 416
f 361 391 422
f 422 416 360
f 418 419 424
f 423 409 405
f 418 424 423
f 405 406 418
f 424 419 420
f 420 421 393
f 393 394 424
f 393 421 422
f 422 391 392
f 409 423 396
f 396 365 408
f 396 423 424
f 424 394 395
f 425 429 428
f 428 427 426
f 428 429 430
f 430 368 364
f 433 432 431
f 433 434 437
f 437 436 435
f 435 436 359
f 359 358 438
f 362 363 437
f 434 431 439
f 362 437 434
f 363 359 436
f 397 440 438
f 440 397 398
f 398 399 441
f 445 444 443
f 445 447 446
f 446 447 439
f 439 431 432
f 448 449 445
f 445 442 426
f 426 427 448
f 445 449 383
f 383 384 387
f 387 447 445
f 447 387 380
f 380 362 439
f 388 390 448
f 448 427 428
f 428 364 388
f 448 390 382
f 382 383 449
f 450 60 57
f 57 452 451
f 341 67 60
f 60 450 453
f 446 458 457
f 458 446 432
f 432 456 454
f 466 465 463
f 465 466 468
f 468 467 461
f 461 459 465
f 432 433 464
f 464 462 455
f 456 432 464
f 433 435 466
f 435 438 468
f 467 471 470
f 470 460 461
f 473 472 470
f 472 473 453
f 453 450 451
f 451 469 472
f 440 441 471
f 471 467 468
f 468 438 440
f 471 441 399
f 399 400 473
f 400 341 453
f 475 478 477
f 477 1159 476
f 474 482 481
f 481 480 479
f 490 492 491
f 491 486 485
f 485 483 490
f 491 492 495
f 495 494 493
f 487 486 491
f 489 498 497
f 496 484 489
f 497 498 493
f 493 494 499
f 487 493 498
f 498 489 488
f 477 478 506
f 505 504 503
f 477 506 505
f 502 501 500
f 500 477 505
f 505 503 502
f 481 482 513
f 512 511 510
f 481 513 512
f 509 508 507
f 507 481 512
f 512 510 509
f 2231 514 309
f 310 328 2231
f 2232 516 514
f 514 2231 515
f 2234 518 516
f 516 2232 517
f 519 520 518
f 518 2234 2236
f 521 523 520
f 520 519 522
f 524 526 523
f 523 521 525
f 527 335 309
f 527 514 516
f 518 520 523
f 527 516 518
f 526 529 528
f 528 527 518
f 523 526 528
f 530 411 412
f 412 413 533
f 533 531 530
f 532 533 495
f 492 490 534
f 532 495 492
f 495 533 413
f 413 366 494
f 429 425 535
f 537 538 367
f 368 430 535
f 537 367 368
f 539 496 497
f 497 499 538
f 538 536 539
f 538 499 494
f 494 366 367
f 540 529 526
f 540 541 546
f 545 544 543
f 540 546 545
f 308 542 540
f 540 545 543
f 548 547 2238
f 548 549 552
f 552 551 550
f 551 552 555
f 555 554 553
f 554 555 2239
f 2239 557 556
f 558 524 525
f 558 2240 2238
f 2238 547 559
f 560 557 2239
f 306 307 560
f 559 541 526
f 526 524 558
f 550 546 541
f 541 559 547
f 548 550 541
f 553 545 546
f 546 550 551
f 556 544 545
f 545 553 554
f 560 543 544
f 544 556 557
f 560 307 308
f 529 540 562
f 527 528 562
f 562 334 335
f 540 542 563
f 563 336 334
f 566 565 564
f 565 566 570
f 570 569 568
f 573 572 571
f 572 573 577
f 577 576 575
f 580 579 578
f 581 2275 2277
f 2277 578 582
f 583 2245 2275
f 2275 581 584
f 577 2245 583
f 585 576 577
f 586 2267 589
f 589 588 587
f 579 580 592
f 591 2175 2174
f 579 592 591
f 2267 586 590
f 590 579 591
f 2174 2267 590
f 593 587 588
f 593 594 597
f 597 596 595
f 596 597 2249
f 2249 599 598
f 599 2249 574
f 574 571 600
f 601 575 576
f 601 585 583
f 583 584 602
f 602 584 581
f 581 582 603
f 603 582 578
f 578 579 590
f 575 601 600
f 600 571 572
f 600 601 602
f 602 598 599
f 598 602 603
f 603 595 596
f 595 603 590
f 586 587 593
f 595 590 586
f 605 604 2293
f 605 606 609
f 609 608 607
f 608 609 2301
f 2301 611 610
f 611 2301 567
f 567 564 612
f 2293 604 616
f 617 2291 2212
f 615 613 614
f 617 2212 615
f 2292 616 618
f 618 617 615
f 614 2209 2292
f 618 615 614
f 2291 617 619
f 621 2298 620
f 620 619 622
f 623 625 2298
f 2298 621 624
f 570 625 623
f 626 569 570
f 627 568 569
f 627 626 623
f 623 624 628
f 628 624 621
f 621 622 629
f 629 622 619
f 619 617 618
f 568 627 612
f 612 564 565
f 612 627 628
f 628 610 611
f 610 628 629
f 629 607 608
f 607 629 618
f 616 604 605
f 607 618 616
f 631 632 635
f 635 634 633
f 633 634 638
f 638 637 636
f 639 638 634
f 634 635 641
f 640 639 634
f 637 638 639
f 639 643 642
f 641 645 644
f 639 640 644
f 644 646 643
f 649 648 647
f 652 651 649
f 654 653 651
f 655 657 650
f 650 647 656
f 658 652 650
f 652 658 660
f 659 654 652
f 657 655 661
f 663 658 657
f 658 663 665
f 664 660 658
f 666 668 662
f 662 661 667
f 669 663 662
f 670 665 663
f 678 676 674
f 679 678 677
f 677 673 671
f 671 680 679
f 676 681 276
f 276 274 256
f 256 675 676
f 678 683 682
f 682 681 676
f 684 685 683
f 683 678 679
f 681 682 686
f 686 182 240
f 240 276 681
f 683 685 686
f 687 691 690
f 689 688 687
f 690 691 694
f 694 693 692
f 693 694 632
f 632 630 695
f 696 699 691
f 691 687 698
f 697 696 691
f 700 694 691
f 635 632 694
f 701 703 699
f 699 696 702
f 704 700 699
f 641 635 700
f 705 707 703
f 703 701 706
f 703 707 709
f 709 708 704
f 704 708 711
f 710 645 641
f 704 711 710
f 715 714 713
f 717 715 712
f 718 717 716
f 716 648 719
f 715 721 680
f 680 671 672
f 720 714 715
f 680 672 720
f 721 715 717
f 723 722 717
f 717 718 724
f 721 725 684
f 679 680 721
f 726 725 721
f 722 723 727
f 728 732 731
f 731 730 729
f 731 732 736
f 736 735 734
f 734 733 731
f 734 735 737
f 737 710 711
f 738 740 736
f 736 732 728
f 728 739 738
f 736 740 741
f 741 737 735
f 737 741 646
f 644 645 710
f 737 646 644
f 646 741 742
f 742 642 643
f 743 744 727
f 727 723 724
f 744 743 745
f 746 745 748
f 750 752 751
f 752 738 739
f 753 750 747
f 747 748 754
f 750 753 755
f 749 757 756
f 751 758 757
f 758 751 739
f 739 728 729
f 746 760 759
f 747 756 760
f 719 648 649
f 761 649 651
f 651 653 763
f 761 743 724
f 718 719 761
f 743 761 762
f 748 745 762
f 762 763 764
f 689 768 767
f 766 765 689
f 692 770 769
f 769 768 689
f 689 690 692
f 771 770 692
f 692 693 695
f 769 740 738
f 738 767 768
f 771 772 740
f 740 769 770
f 636 772 771
f 771 695 630
f 630 631 633
f 633 636 771
f 642 742 772
f 772 636 637
f 773 774 764
f 763 653 773
f 775 778 777
f 777 774 773
f 773 776 775
f 779 778 775
f 781 780 779
f 777 782 754
f 754 748 764
f 774 777 754
f 779 783 782
f 782 777 778
f 766 783 779
f 779 780 688
f 765 766 779
f 753 782 783
f 738 755 783
f 783 766 767
f 784 776 773
f 776 784 786
f 786 785 781
f 775 776 786
f 785 688 780
f 688 785 787
f 787 698 687
f 788 790 789
f 789 784 653
f 653 654 659
f 659 788 789
f 784 789 791
f 791 787 786
f 791 697 698
f 793 791 789
f 789 792 794
f 697 791 793
f 793 702 696
f 705 706 729
f 705 730 731
f 731 733 709
f 709 707 705
f 709 733 734
f 734 711 708
f 725 799 798
f 799 725 726
f 726 801 800
f 801 726 727
f 727 797 795
f 804 802 805
f 727 759 809
f 809 796 797
f 760 810 809
f 810 760 756
f 756 808 806
f 756 757 812
f 811 807 808
f 756 812 811
f 812 757 758
f 758 814 813
f 814 758 729
f 729 706 805
f 720 815 819
f 819 818 817
f 816 713 714
f 819 817 816
f 714 720 819
f 712 816 817
f 817 820 716
f 716 820 656
f 647 648 716
f 788 659 660
f 788 821 822
f 822 794 792
f 792 790 788
f 664 824 823
f 823 822 821
f 821 660 664
f 822 823 825
f 825 793 794
f 825 701 702
f 804 825 823
f 823 826 827
f 827 803 804
f 804 706 701
f 664 665 828
f 828 665 670
f 828 829 830
f 830 827 826
f 826 824 828
f 827 830 805
f 802 803 827
f 838 837 835
f 837 838 840
f 839 833 831
f 837 840 839
f 155 158 841
f 841 836 834
f 834 127 155
f 836 841 843
f 843 842 838
f 838 842 685
f 685 684 840
f 686 843 841
f 841 158 159
f 159 182 686
f 686 685 842
f 807 811 829
f 829 670 844
f 829 811 812
f 812 813 830
f 814 805 830
f 849 848 846
f 848 849 851
f 851 850 666
f 852 853 847
f 847 845 832
f 833 839 852
f 847 832 833
f 847 853 855
f 855 854 849
f 849 854 795
f 795 796 851
f 684 798 852
f 852 839 840
f 852 798 799
f 799 800 855
f 853 852 799
f 855 800 801
f 801 795 854
f 668 666 850
f 857 669 668
f 844 670 669
f 796 809 856
f 856 850 851
f 810 857 856
f 857 810 806
f 806 807 844
f 858 832 845
f 848 859 858
f 666 667 859
f 815 672 860
f 861 862 818
f 818 819 860
f 818 862 863
f 863 820 817
f 863 655 656
f 862 861 864
f 866 863 862
f 661 655 863
f 858 865 864
f 859 866 865
f 667 661 866
f 256 257 867
f 867 674 675
f 868 677 674
f 677 868 860
f 860 672 673
f 869 867 257
f 178 179 869
f 867 869 870
f 870 861 860
f 179 126 871
f 869 871 872
f 872 864 861
f 835 871 126
f 126 127 834
f 871 835 837
f 864 872 837
f 837 831 832
f 874 873 542
f 877 876 875
f 879 878 875
f 884 873 874
f 879 875 884
f 882 881 880
f 880 879 884
f 884 874 883
f 882 880 884
f 887 886 885
f 891 890 889
f 880 893 890
f 890 891 879
f 881 895 894
f 894 893 880
f 882 897 896
f 896 895 881
f 898 897 882
f 882 883 886
f 887 898 882
f 900 899 301
f 888 885 899
f 902 901 281
f 892 889 901
f 542 873 884
f 336 563 884
f 875 876 336
f 336 876 877
f 903 283 281
f 889 890 903
f 904 299 295
f 295 296 877
f 878 879 904
f 295 877 878
f 298 299 904
f 904 879 891
f 297 298 905
f 905 891 892
f 289 290 906
f 906 887 888
f 906 290 291
f 288 908 907
f 907 291 287
f 286 909 908
f 908 288 285
f 903 909 286
f 282 283 903
f 907 898 887
f 898 907 908
f 908 896 897
f 896 908 909
f 909 894 895
f 894 909 903
f 903 890 893
f 304 305 910
f 910 883 874
f 874 308 304
f 910 305 300
f 886 883 910
f 911 300 301
f 885 886 911
f 914 913 912
f 917 916 2630
f 918 913 914
f 918 919 2631
f 2631 2630 916
f 920 918 2631
f 921 2626 2630
f 921 2631 919
f 919 914 915
f 916 917 922
f 918 920 922
f 922 912 913
f 912 924 923
f 927 926 925
f 930 929 2658
f 933 932 917
f 923 924 934
f 2640 935 934
f 936 932 933
f 2640 934 936
f 2640 933 2626
f 2640 921 915
f 915 923 935
f 917 932 936
f 912 922 936
f 934 924 912
f 937 926 927
f 937 938 940
f 940 2658 929
f 939 937 940
f 941 931 2658
f 941 940 938
f 938 927 928
f 929 930 942
f 937 939 942
f 942 925 926
f 2674 944 943
f 945 2672 943
f 947 946 2670
f 945 943 947
f 925 949 948
f 952 951 950
f 955 954 930
f 948 949 956
f 958 957 956
f 959 954 955
f 958 956 959
f 958 955 931
f 958 941 928
f 928 948 957
f 930 954 959
f 925 942 959
f 956 949 925
f 960 944 2674
f 960 961 963
f 963 950 951
f 962 960 963
f 964 953 950
f 964 963 961
f 961 2674 2672
f 2672 945 964
f 951 952 965
f 960 962 965
f 965 947 943
f 943 944 960
f 967 966 952
f 2670 946 968
f 970 969 968
f 971 966 967
f 970 968 971
f 970 967 953
f 970 964 945
f 945 2670 969
f 952 966 971
f 947 965 971
f 968 946 947
f 973 3121 972
f 977 976 975
f 981 980 979
f 983 982 2446
f 2447 985 984
f 985 986 983
f 2448 986 985
f 986 2448 982
f 2311 988 987
f 991 990 980
f 989 987 992
f 980 990 994
f 994 3120 3119
f 990 991 3120
f 987 988 995
f 995 996 993
f 988 2311 996
f 999 998 997
f 1000 997 2324
f 998 999 1003
f 1002 1003 1001
f 1003 999 1000
f 974 972 3122
f 3121 973 1005
f 3123 1005 1004
f 1005 973 974
f 1006 3126 3125
f 1010 1009 1008
f 1014 1013 1012
f 1013 1014 1016
f 3124 1018 976
f 1017 1016 1019
f 1022 1021 978
f 1018 3124 1021
f 976 1018 1022
f 1015 1012 1020
f 1016 1014 1015
f 1024 1023 1011
f 1026 1025 3126
f 1027 1026 1006
f 1025 1026 1027
f 1028 1027 1007
f 1029 1030 1023
f 1030 1029 1009
f 1023 1030 1010
f 1029 1024 1008
f 2461 2462 1032
f 1032 2464 1031
f 2100 2459 1034
f 1034 2462 2461
f 1033 2100 1034
f 1035 2456 1037
f 1037 2459 2100
f 2102 2101 1036
f 1037 2100 2102
f 1036 1035 1037
f 1038 2456 1035
f 1040 1039 2103
f 1038 1035 1040
f 2103 2454 1038
f 1041 1046 1045
f 1045 1044 1043
f 1042 1041 1045
f 1043 1044 1049
f 1049 1048 1047
f 1047 1048 1052
f 1052 1051 1050
f 1050 1051 1055
f 1055 1054 1053
f 1056 1058 1057
f 1057 1046 1041
f 1059 1061 1060
f 1060 1058 1056
f 1062 1065 1064
f 1064 1061 1059
f 1063 1062 1064
f 1065 1062 1066
f 2492 1070 1069
f 1068 2106 2105
f 2492 1069 1068
f 2105 2491 2492
f 1069 1070 1073
f 1073 1072 1071
f 2487 1069 1073
f 2492 1057 1058
f 1058 1060 1070
f 1070 1060 1061
f 1061 1064 1073
f 1055 1074 1032
f 1074 1055 1051
f 1051 1052 2503
f 2498 1074 1051
f 2503 1052 1048
f 1048 1049 1076
f 1075 2503 1048
f 1076 1049 1044
f 1044 1045 2492
f 2508 1076 1044
f 2507 2508 2492
f 2492 2491 1077
f 1078 1075 1076
f 1076 2508 2507
f 1079 2109 1078
f 1076 2507 1079
f 1080 2498 2503
f 2503 1075 1078
f 2502 1081 1080
f 2503 1078 2502
f 1074 2498 1080
f 2497 2494 2110
f 1074 1080 2497
f 2464 1032 1074
f 1074 2497 2110
f 1072 1073 1083
f 1083 2125 1082
f 2124 1072 1083
f 2125 1083 1087
f 1087 1086 1085
f 2126 1084 2125
f 1087 1085 2126
f 1073 1064 1065
f 1065 1087 1083
f 1065 1067 1086
f 1067 1066 1089
f 1090 2454 2469
f 2474 1094 1093
f 1093 1091 2469
f 1092 2474 1093
f 1095 1097 1096
f 1096 1094 2474
f 2473 1095 1096
f 1086 1088 1098
f 1098 1097 1095
f 2478 1086 1098
f 1086 2478 1100
f 1099 1085 1086
f 1100 2478 1095
f 1095 2473 2128
f 2127 1101 1100
f 1095 2128 2127
f 2128 2473 2474
f 2474 1092 2468
f 1103 1102 2128
f 2474 2468 1103
f 2468 1092 2469
f 2469 2454 2103
f 2129 1104 2468
f 2469 2103 2129
f 1088 1089 1105
f 1106 1096 1097
f 1097 1098 1105
f 1107 1093 1094
f 1094 1096 1106
f 1108 1090 1091
f 1091 1093 1107
f 1110 1109 1053
f 1090 1108 1111
f 1114 1113 1109
f 1116 1115 1113
f 1118 1117 1115
f 1112 1111 1117
f 1034 1114 1110
f 1110 1032 2462
f 1037 1116 1114
f 1114 1034 2459
f 1038 1118 1116
f 1116 1037 2456
f 1118 1038 2454
f 1120 1121 1124
f 1124 1123 1122
f 1122 1123 1127
f 1127 1126 1125
f 1128 1127 1123
f 1123 1124 1130
f 1129 1128 1123
f 1126 1127 1128
f 1128 1132 1131
f 1131 2 1126
f 1130 5 4
f 1128 1129 4
f 4 1133 1132
f 1136 1135 1134
f 1138 1141 1140
f 1140 1137 1134
f 1139 1138 1140
f 1142 1141 1138
f 1145 1144 1143
f 1142 1138 1145
f 1146 1150 1149
f 1149 1148 1147
f 1151 1135 1136
f 1155 1154 1153
f 1159 1158 1157
f 1153 1169 1168
f 1170 1168 1171
f 1173 1175 1172
f 1171 1174 1173
f 1178 1177 1176
f 1178 1179 1182
f 1182 1181 1180
f 1185 1184 1183
f 1188 1187 1185
f 1189 1177 1178
f 1178 1180 1190
f 1190 1180 1181
f 1181 1192 1191
f 1174 1171 1184
f 1184 1185 1194
f 1193 1174 1184
f 1194 1185 1187
f 1187 1196 1195
f 1197 1199 1198
f 1198 1191 1192
f 1173 1174 1193
f 1195 1201 1200
f 1200 1193 1194
f 1190 1202 1201
f 1201 1195 1196
f 1189 1190 1201
f 1190 1191 1198
f 1175 1173 1200
f 1203 1200 1201
f 1204 1201 1202
f 1202 1198 1199
f 1163 1207 1206
f 1206 1158 1159
f 1206 1207 1176
f 1177 1189 1206
f 1157 1158 1206
f 1208 1206 1189
f 1209 1166 481
f 1183 1184 1209
f 1209 1168 1169
f 1211 1166 1209
f 1168 1209 1184
f 1208 1212 1167
f 1160 1157 1208
f 1187 1188 1212
f 1212 1208 1196
f 1161 1214 1213
f 1215 1213 1192
f 1164 1161 1215
f 1216 1215 1181
f 1213 1214 1152
f 1197 1192 1213
f 1220 1219 1218
f 1222 1225 1224
f 1224 1221 1218
f 1223 1222 1224
f 1226 1225 1222
f 1227 1169 1153
f 1226 1222 1227
f 1227 1153 1154
f 1230 1229 1228
f 1232 1235 1234
f 1234 1231 1228
f 1233 1232 1234
f 1236 1235 1232
f 1237 1151 1152
f 1236 1232 1237
f 1152 1214 1236
f 1219 1239 1238
f 1238 1223 1218
f 1223 1238 1241
f 1240 1227 1222
f 1223 1241 1240
f 1241 1238 1242
f 1242 1244 1243
f 1247 1230 1231
f 1236 1246 1245
f 1245 1247 1234
f 1235 1236 1245
f 1169 1227 1240
f 1243 1165 1166
f 1166 1211 1240
f 1241 1243 1166
f 1246 1162 1159
f 1160 1165 1243
f 1246 1159 1160
f 1160 1243 1244
f 1161 1162 1246
f 1246 1236 1214
f 1261 1263 1142
f 1142 1143 1262
f 1142 1263 1265
f 1265 1264 1140
f 1141 1142 1265
f 1140 1264 1266
f 1266 1152 1136
f 1137 1140 1266
f 1269 1268 1267
f 1272 1271 1268
f 1271 1272 1275
f 1275 1274 1273
f 1146 1147 1273
f 1276 1269 1270
f 1270 1278 1277
f 1269 1276 1279
f 1280 1274 1275
f 1275 2981 1281
f 1146 1274 1280
f 1282 1150 1146
f 1283 1287 1286
f 1285 1284 1283
f 1286 1287 1290
f 1290 3094 1289
f 1288 1286 1290
f 1289 3094 1292
f 1292 1156 1153
f 1291 1289 1292
f 1293 1295 1277
f 1284 1285 1294
f 1293 1277 1284
f 1296 1298 1295
f 1295 1293 1297
f 1300 1299 1172
f 1299 1300 1303
f 1303 1302 1301
f 1301 1302 1304
f 1304 1296 1297
f 1305 1291 1153
f 1172 1299 1305
f 1291 1305 1306
f 1306 1288 1289
f 1299 1301 1306
f 1288 1306 1294
f 1294 1285 1286
f 1294 1306 1301
f 1301 1297 1293
f 1308 1307 1296
f 1308 1304 1302
f 1302 1303 1309
f 1309 1303 1300
f 1300 1175 1203
f 1311 1310 1307
f 1309 1312 1311
f 1203 1204 1312
f 1314 1313 1310
f 1312 1315 1314
f 1204 1205 1315
f 1317 1316 1313
f 1317 1314 1315
f 1315 1319 1318
f 1319 1315 1205
f 1205 1199 1320
f 1307 1321 1298
f 1321 1307 1310
f 1310 1323 1322
f 1323 1310 1313
f 1313 1326 1325
f 1324 1323 1313
f 1316 1327 1326
f 1325 1329 1328
f 1207 1163 1248
f 1331 1176 1207
f 1330 1248 1249
f 1330 1332 1334
f 1333 1331 1330
f 1249 1250 1335
f 1336 1334 1332
f 1332 1335 1337
f 2981 1275 1338
f 1339 1338 1329
f 1340 1256 1257
f 1343 1342 1340
f 1341 1257 1258
f 1345 1343 1341
f 1346 1342 1343
f 1346 1347 1350
f 1350 1349 1348
f 1349 1350 1186
f 1186 1183 1351
f 1347 1343 1345
f 1347 1352 1354
f 1354 1353 1350
f 1350 1353 1355
f 1355 1188 1186
f 1210 481 1254
f 1351 1183 1210
f 1356 1254 1255
f 1356 1357 1348
f 1349 1351 1356
f 1255 1256 1340
f 1346 1348 1357
f 1357 1340 1342
f 1358 1260 1167
f 1188 1355 1358
f 1359 1259 1260
f 1359 1358 1355
f 1353 1354 1359
f 1344 1258 1259
f 1344 1359 1354
f 1352 1345 1344
f 1272 1279 1360
f 1361 1360 1324
f 1276 1277 1295
f 1321 1322 1362
f 1362 1295 1298
f 1360 1279 1276
f 1360 1362 1322
f 1323 1324 1360
f 1335 1250 1251
f 1364 1337 1335
f 1363 1251 1252
f 1366 1364 1363
f 1336 1337 1364
f 1336 1367 1368
f 1368 1333 1334
f 1333 1368 1179
f 1179 1176 1331
f 1367 1364 1366
f 1367 1369 1371
f 1371 1370 1368
f 1368 1370 1372
f 1372 1182 1179
f 1199 1197 1373
f 1374 1318 1319
f 1319 1320 1373
f 1317 1318 1374
f 1374 1375 1316
f 1376 1253 1164
f 1182 1372 1376
f 1377 505 1253
f 1377 1376 1372
f 1370 1371 1377
f 1365 1252 505
f 1365 1377 1371
f 1369 1366 1365
f 1217 1152 1266
f 1373 1197 1217
f 1265 1379 1378
f 1378 1266 1264
f 1374 1373 1378
f 1380 1379 1265
f 1263 1261 1380
f 1375 1374 1379
f 1379 1380 1381
f 1382 1381 1380
f 1380 1261 1262
f 1262 1282 1382
f 1327 1316 1375
f 1375 1381 1382
f 1383 1281 2981
f 1325 1326 1383
f 1281 1383 1382
f 1382 1282 1280
f 1326 1327 1382
f 1384 1155 1156
f 1384 1292 3094
f 3094 1290 1386
f 1385 1384 3094
f 1386 1290 1287
f 1287 1283 1388
f 1387 1386 1287
f 1270 1267 1390
f 1390 1389 1278
f 1278 1389 1391
f 1392 1149 1150
f 1395 1394 1393
f 1395 1396 1399
f 1399 1398 1397
f 1397 1398 1401
f 1401 1391 1400
f 1403 1402 1394
f 1397 1404 1403
f 1404 1397 1400
f 1406 1405 1404
f 1408 1407 1402
f 1404 1409 1408
f 1409 1404 1405
f 1411 1410 1409
f 1413 1412 1407
f 1413 1408 1409
f 1409 1415 1414
f 1415 1409 1410
f 1417 1392 1416
f 1415 1410 1417
f 1419 1418 1226
f 1418 1419 1423
f 1423 1422 1421
f 1420 1418 1423
f 1421 1422 1427
f 1427 1426 1425
f 1424 1421 1427
f 1426 1284 1277
f 1391 1401 1425
f 1426 1277 1391
f 1221 1224 1429
f 1429 1428 1220
f 1429 1224 1225
f 1225 1226 1418
f 1418 1420 1429
f 1431 1430 1428
f 1431 1429 1420
f 1421 1424 1431
f 1430 1431 1399
f 1396 1393 1430
f 1399 1431 1424
f 1425 1401 1398
f 1399 1424 1425
f 1426 1388 1283
f 1388 1426 1427
f 1423 1385 1386
f 1386 1387 1427
f 1422 1423 1386
f 1384 1385 1423
f 1419 1154 1155
f 1384 1423 1419
f 1151 1237 1432
f 1434 1437 1436
f 1436 1433 1432
f 1435 1434 1436
f 1438 1441 1440
f 1440 1437 1434
f 1439 1438 1440
f 1282 1262 1441
f 1441 1438 1416
f 1392 1282 1441
f 1442 1443 1233
f 1228 1229 1442
f 1233 1443 1435
f 1432 1237 1232
f 1233 1435 1432
f 1443 1442 1444
f 1443 1445 1439
f 1434 1435 1443
f 1414 1445 1444
f 1444 1412 1413
f 1438 1439 1445
f 1445 1414 1415
f 1415 1416 1438
f 1144 1441 1262
f 1441 1144 1145
f 1139 1436 1437
f 1437 1440 1145
f 1138 1139 1437
f 1433 1436 1139
f 1134 1135 1151
f 1433 1139 1134
f 1389 1390 1446
f 1446 1406 1400
f 1391 1389 1446
f 1406 1446 1447
f 1447 1411 1405
f 1411 1447 1448
f 1448 1417 1410
f 1417 1448 1148
f 1148 1149 1392
f 1446 1390 1267
f 1271 1447 1446
f 1273 1448 1447
f 1147 1148 1448
f 1455 1454 1453
f 1458 1457 1456
f 1454 1449 1457
f 1459 1524 1523
f 1466 1465 1460
f 1469 1468 1467
f 1469 1464 1471
f 1472 1471 1473
f 1535 1473 1475
f 1460 1479 1477
f 1485 1482 1481
f 1485 1481 1480
f 1479 1468 1485
f 1485 1480 1743
f 1745 1482 1485
f 1485 1533 1484
f 1483 1746 1745
f 1485 1484 1483
f 10 1478 1484
f 1484 1461 1462
f 1489 1488 1487
f 1493 1492 1491
f 1493 1490 1488
f 1491 1499 1498
f 1498 1497 1496
f 1503 1502 1644
f 1508 1507 1506
f 1508 1503 1505
f 1647 1501 1509
f 1512 1516 1514
f 1514 1517 1513
f 111 102 1495
f 1518 1511 111
f 1645 1496 112
f 1519 1517 1514
f 1514 1515 1518
f 1518 1500 1506
f 1506 1519 1514
f 1519 1645 1513
f 1496 103 105
f 1541 1540 1539
f 1545 1544 1543
f 1547 1552 1551
f 1550 1549 1548
f 1547 1551 1550
f 1553 1558 1557
f 1557 1556 1555
f 1554 1553 1557
f 1561 1560 1559
f 1526 1525 1561
f 1563 1540 1541
f 1566 1565 1563
f 1559 1560 1565
f 1569 1568 1567
f 1567 1571 1520
f 1556 1557 1572
f 1573 1572 1574
f 1574 1568 1569
f 1555 1556 1573
f 1576 1573 1575
f 1575 1569 1578
f 1578 1569 1570
f 1570 1520 1521
f 1580 1578 1579
f 1579 1521 1582
f 1554 1555 1576
f 1583 1576 1577
f 1577 1578 1580
f 1568 1586 1585
f 1585 1522 1571
f 1557 1558 1587
f 1572 1587 1588
f 1588 1586 1568
f 1589 1550 1551
f 1592 1591 1589
f 1594 1593 1591
f 1595 1593 1594
f 1538 1597 1595
f 1596 1594 1598
f 1530 1538 1596
f 1590 1551 1552
f 1601 1592 1590
f 1598 1594 1592
f 1599 1598 1602
f 1529 1530 1599
f 1600 1552 1547
f 1605 1601 1600
f 1602 1598 1601
f 1608 1607 1606
f 1536 1524 1608
f 1610 1542 1539
f 1613 1612 1610
f 1606 1607 1612
f 1614 1548 1549
f 1617 1616 1614
f 1619 1618 1616
f 1620 1618 1619
f 1528 1531 1620
f 1622 1544 1545
f 1625 1624 1622
f 1627 1626 1624
f 1628 1626 1627
f 1535 1534 1628
f 1629 1627 1630
f 1537 1535 1629
f 1623 1545 1546
f 1633 1625 1623
f 1630 1627 1625
f 1632 1546 1543
f 1635 1633 1632
f 1636 1630 1633
f 1631 1630 1636
f 1533 1537 1631
f 1637 1636 1626
f 1534 1533 1637
f 1634 1543 1544
f 1624 1635 1634
f 1626 1636 1635
f 1615 1549 1550
f 1591 1617 1615
f 1593 1619 1617
f 1621 1619 1593
f 1597 1528 1621
f 1603 1602 1618
f 1531 1529 1603
f 1604 1547 1548
f 1616 1605 1604
f 1618 1602 1605
f 1638 1580 1581
f 1581 1582 1455
f 1553 1554 1583
f 1640 1583 1584
f 1584 1580 1638
f 1611 1539 1540
f 1565 1613 1611
f 1560 1606 1613
f 1609 1606 1560
f 1525 1536 1609
f 1562 1559 1607
f 1524 1526 1562
f 1564 1541 1542
f 1612 1566 1564
f 1607 1559 1566
f 1558 1553 1640
f 1587 1640 1641
f 1641 1638 1586
f 1586 1638 1639
f 1639 1455 1522
f 1652 1656 1655
f 1655 1654 1653
f 1659 1658 1657
f 1664 1663 1662
f 1667 1666 1665
f 1654 1655 1669
f 1670 1669 1671
f 1671 1674 1673
f 1673 1674 1675
f 1675 1649 103
f 1677 1667 1668
f 1680 1679 1677
f 1682 1681 1679
f 1681 1682 1683
f 1683 1646 1504
f 1656 1652 1685
f 1686 1685 1687
f 1687 1690 1689
f 1689 1690 1691
f 1691 1498 1499
f 1661 1662 1693
f 1694 1693 1695
f 1695 1698 1697
f 1697 1698 1699
f 1699 1500 1647
f 1701 1697 1700
f 1700 1647 1510
f 1664 1661 1694
f 1703 1694 1696
f 1696 1697 1701
f 1705 1701 1702
f 1702 1510 1651
f 1663 1664 1703
f 1707 1703 1704
f 1704 1701 1705
f 1662 1663 1707
f 1693 1707 1708
f 1708 1705 1698
f 1698 1705 1706
f 1706 1651 1500
f 1709 1657 1658
f 1712 1711 1709
f 1714 1713 1711
f 1715 1713 1714
f 1642 1643 1715
f 1655 1656 1686
f 1669 1686 1688
f 1688 1689 1674
f 1674 1689 1692
f 1692 1499 1649
f 1717 1659 1660
f 1720 1719 1717
f 1722 1721 1719
f 1723 1721 1722
f 1650 1489 1723
f 1724 1722 1713
f 1643 1650 1724
f 1718 1660 1657
f 1711 1720 1718
f 1713 1722 1720
f 1716 1714 1721
f 1489 1642 1716
f 1710 1658 1659
f 1719 1712 1710
f 1721 1714 1712
f 1652 1653 1725
f 1685 1725 1726
f 1726 1727 1690
f 1690 1727 1728
f 1498 1691 1728
f 1728 1648 1497
f 1729 1665 1666
f 1732 1731 1729
f 1734 1733 1731
f 1733 1734 1735
f 1735 1644 1645
f 1734 1681 1684
f 1684 1504 1644
f 1730 1666 1667
f 1679 1732 1730
f 1681 1734 1732
f 1678 1668 1665
f 1731 1680 1678
f 1733 1682 1680
f 1682 1733 1736
f 1736 1645 1646
f 1727 1673 1676
f 1676 103 1648
f 1653 1654 1670
f 1725 1670 1672
f 1672 1673 1727
f 1741 1743 1744
f 1481 23 1740
f 1740 25 1744
f 1745 1739 23
f 23 1481 1482
f 1746 22 1738
f 1738 1739 1745
f 22 1746 1483
f 1737 21 1483
f 1483 1484 19
f 1747 1512 112
f 1748 1750 1749
f 1750 1752 1751
f 1752 1754 1753
f 1757 1756 116
f 1759 1758 1756
f 1762 1761 1760
f 1761 1764 1763
f 1767 1766 1765
f 1770 1769 1767
f 1764 1772 1771
f 1773 1769 1770
f 1772 1764 1761
f 1761 1762 1773
f 1774 1772 1761
f 1776 1775 1765
f 1773 1762 2612
f 1771 1772 1774
f 1768 1765 1775
f 1775 1774 1770
f 1766 1767 1769
f 1769 1773 1776
f 1763 1771 1775
f 1776 2612 1760
f 1763 1775 1776
f 1792 1791 1790
f 2761 2760 1794
f 2761 2758 1795
f 1797 1796 1795
f 1795 1798 1792
f 1793 1797 1795
f 1799 1803 1802
f 1801 1800 1799
f 1804 1806 1805
f 1805 1797 1793
f 1806 1804 1808
f 1808 1790 1791
f 1791 1800 1809
f 2768 1812 1811
f 1791 1792 2770
f 2770 1802 1799
f 1814 1813 2770
f 1815 1818 1817
f 1818 1820 1819
f 1822 1821 1819
f 1819 1824 1823
f 1812 1816 1817
f 1817 1826 1825
f 1827 2777 2776
f 2776 1828 2774
f 2776 2777 1830
f 1830 2779 1829
f 2779 1830 1820
f 1818 1815 2779
f 1833 1832 1831
f 1835 1837 1827
f 1827 1836 2774
f 1838 1840 1837
f 1837 1835 1839
f 1832 2781 1840
f 1840 1838 1841
f 1831 1832 1840
f 1842 1849 1848
f 1847 1846 1845
f 1842 1848 1847
f 1845 1844 1843
f 1843 1842 1847
f 1844 1845 1852
f 1852 1851 2784
f 1850 1844 1852
f 1854 1853 2784
f 1847 1857 1856
f 1856 1833 1834
f 1855 1846 1847
f 1856 1834 1855
f 1855 1852 1845
f 1856 1858 2781
f 2781 1832 1833
f 1849 1858 1856
f 1856 1857 1848
f 1852 1855 1831
f 1841 1854 1851
f 1852 1831 1841
f 1859 2789 1860
f 1860 1794 2760
f 2790 1861 1860
f 1863 1862 1861
f 1862 1863 2793
f 2793 1843 1844
f 1844 1850 1862
f 2770 2769 1810
f 1810 1811 1801
f 1802 2770 1810
f 1801 1811 1812
f 1825 1822 1823
f 1801 1812 1825
f 1823 1809 1800
f 1800 1801 1825
f 1809 1823 1824
f 1824 1807 1808
f 1785 1788 1870
f 1867 1868 1785
f 1787 1785 1868
f 1786 1787 1869
f 1869 1864 2698
f 1779 1784 1866
f 2687 1779 1871
f 1873 1872 2685
f 1874 2808 1782
f 1872 1874 1783
f 1826 1817 1780
f 1780 1783 1874
f 1874 1822 1826
f 1817 1818 1871
f 1871 1779 1780
f 1783 1779 1871
f 1871 1818 1821
f 1821 1822 1874
f 1874 1783 1871
f 2685 1781 1816
f 1816 1812 1872
f 1781 2687 2894
f 2894 1815 1816
f 1812 2768 2913
f 2913 1778 2685
f 1872 1812 2913
f 1777 1778 2913
f 1799 2918 2919
f 1799 1800 1875
f 1875 1800 1814
f 1865 1870 1788
f 2696 1789 1865
f 1878 1877 1876
f 1881 1880 1879
f 1883 1882 1880
f 1882 1883 1877
f 1880 1882 1878
f 1884 1888 1887
f 1886 1885 1884
f 1889 1886 1887
f 1885 1886 1889
f 1889 1890 1894
f 1894 1893 1892
f 1891 1889 1892
f 1898 1896 1887
f 1899 1897 1896
f 1900 1893 1894
f 1896 1901 1894
f 1890 1887 1896
f 1902 1900 1901
f 1901 1896 1897
f 1904 1906 1895
f 1895 1892 1905
f 1893 1900 1907
f 1907 1905 1892
f 1907 1900 1902
f 1910 1909 1908
f 1907 1902 1910
f 1905 1907 1912
f 1911 1904 1905
f 1912 1907 1908
f 1908 1914 1913
f 1897 1899 1917
f 1917 1916 1915
f 1903 1918 1919
f 1921 1920 1910
f 1903 1919 1921
f 1921 1910 1902
f 1903 1897 1915
f 1918 1923 1922
f 1915 1916 1923
f 1910 1920 1926
f 1925 1924 1909
f 1910 1926 1925
f 1909 1924 1927
f 1927 1914 1908
f 1925 1928 1927
f 1926 1929 1928
f 1921 1931 1930
f 1930 1926 1920
f 1921 1919 1932
f 1919 1922 1933
f 1930 1934 1929
f 1931 1935 1934
f 1932 1936 1935
f 1932 1933 1937
f 1906 1904 1938
f 1940 1938 1904
f 1940 1911 1912
f 1912 1913 1943
f 1943 1942 1941
f 1941 1940 1912
f 1945 1939 1938
f 1944 1946 1945
f 1940 1941 1948
f 1948 1947 1944
f 1944 1938 1940
f 1947 1949 1946
f 1941 1942 1950
f 1947 1948 1950
f 1952 1951 1947
f 1951 1953 1949
f 1954 1956 1955
f 1955 1943 1913
f 1913 1914 1954
f 1935 1957 1954
f 1954 1914 1927
f 1928 1929 1934
f 1954 1927 1928
f 1934 1935 1954
f 1954 1957 1959
f 1958 1956 1954
f 1960 1959 1957
f 1957 1935 1936
f 1936 1937 1961
f 1955 1962 1950
f 1942 1943 1955
f 1963 1962 1955
f 1956 1958 1964
f 1963 1955 1956
f 1965 1952 1950
f 1962 1963 1965
f 1967 1966 1953
f 1965 1967 1951
f 1963 1964 1968
f 1970 1969 1966
f 1968 1970 1967
f 1972 1968 1964
f 1964 1958 1959
f 1959 1960 1971
f 1971 1972 1964
f 1960 1961 1973
f 1972 1974 1970
f 1974 1975 1969
f 1977 1976 1975
f 1977 1971 1973
f 1973 1978 1976
f 1971 1977 1974
f 1981 2074 1982
f 1982 2073 117
f 2076 1982 2074
f 1983 2078 1986
f 1986 1985 2104
f 1984 1983 1986
f 2078 1983 1987
f 1988 2081 2080
f 2080 2079 1987
f 1989 2082 1991
f 1991 2081 1988
f 1990 1989 1991
f 1992 1993 2083
f 2083 2082 1989
f 1994 1995 2084
f 2084 1993 1992
f 1996 2085 1998
f 1998 1995 1994
f 1994 1997 1996
f 2000 2086 2085
f 2085 1996 1999
f 1999 2001 2000
f 1982 2076 2086
f 2086 2000 2002
f 2005 2004 2087
f 2007 2005 2003
f 2088 2008 2007
f 2007 2006 2089
f 2009 2012 2011
f 2011 2008 2088
f 2010 2009 2011
f 2090 2013 2012
f 2012 2009 2091
f 2092 2014 2013
f 2013 2090 2093
f 2015 2018 2014
f 2014 2092 2017
f 2017 2016 2015
f 2020 2022 2021
f 2021 2019 2015
f 2015 2016 2020
f 2077 2074 2023
f 2023 2022 2020
f 2024 2074 1981
f 2032 2031 2030
f 2034 2029 2027
f 2027 2033 2030
f 2035 2034 2027
f 2036 2004 2005
f 2007 2008 2011
f 2036 2005 2007
f 2011 2037 2036
f 2037 2011 2012
f 2013 2014 2018
f 2037 2012 2013
f 2021 2038 2037
f 2013 2018 2019
f 2019 2021 2037
f 2037 2041 2040
f 2040 2039 2036
f 2041 2037 2038
f 2043 2039 2040
f 2040 2035 2030
f 2030 2031 2043
f 2035 2040 2041
f 2041 2042 2034
f 2038 2021 2022
f 2022 2023 2024
f 2025 2026 2044
f 2044 2028 2029
f 2029 2034 2025
f 2042 2038 2024
f 2024 2025 2034
f 2045 2032 2033
f 2028 2047 2046
f 2046 2033 2027
f 2048 2049 2044
f 2044 2026 117
f 117 2073 2048
f 2047 2028 2044
f 2108 2107 2087
f 2031 2032 2113
f 2051 2050 2112
f 2031 2113 2051
f 2112 2111 2031
f 2054 2108 2004
f 2004 2036 2120
f 2121 2122 2054
f 2004 2120 2121
f 2043 2117 2118
f 2119 2120 2036
f 2043 2118 2119
f 2119 2036 2039
f 2053 2117 2043
f 2043 2031 2111
f 2052 2114 2115
f 2043 2111 2052
f 2116 2053 2043
f 2043 2052 2115
f 2045 2123 2113
f 2073 1982 2055
f 2057 2062 2061
f 2061 2060 2059
f 2059 2058 2057
f 2063 2061 2062
f 2062 2065 2064
f 2060 2061 2063
f 2063 2067 2066
f 2059 1990 1988
f 1987 1983 1984
f 2059 1988 1987
f 2068 2058 2059
f 1987 1984 2068
f 2066 2001 1999
f 1997 1994 1992
f 2066 1999 1997
f 2059 2060 2066
f 1989 1990 2059
f 2066 1997 1992
f 1992 1989 2059
f 2045 2046 2064
f 2064 2046 2047
f 2047 2067 2063
f 2055 2002 2000
f 2000 2001 2066
f 2056 2055 2066
f 2067 2047 2049
f 2049 2048 2056
f 2068 1984 2104
f 2130 2131 2132
f 2068 2104 2130
f 2069 2057 2068
f 2068 2130 2132
f 2140 2141 2062
f 2062 2057 2069
f 2072 2140 2062
f 2062 2141 2071
f 2070 2139 2138
f 2062 2071 2070
f 2136 2065 2062
f 2070 2138 2137
f 2137 2136 2062
f 2133 2123 2045
f 2045 2065 2136
f 2135 2134 2133
f 2045 2136 2135
f 1981 2073 1982
f 2080 2089 2006
f 2003 2087 1986
f 2080 2006 2003
f 1986 2078 2079
f 2079 2080 2003
f 1991 2010 2088
f 2088 2089 2080
f 2081 1991 2088
f 2083 2091 2009
f 2009 2010 1991
f 1991 2082 2083
f 2084 2093 2090
f 2090 2091 2083
f 1993 2084 2090
f 1998 2017 2092
f 2092 2093 2084
f 1995 1998 2092
f 2086 2020 2016
f 2016 2017 1998
f 2085 2086 2016
f 2020 2086 2076
f 2107 1985 1986
f 2095 2094 2099
f 2098 2099 2096
f 2111 2112 1031
f 1031 2464 2110
f 2050 2461 1031
f 2051 1033 2461
f 2113 2100 1033
f 2111 2110 2494
f 2052 2494 2497
f 1081 2115 2114
f 2114 2497 1080
f 2115 1081 2502
f 2109 2053 2116
f 2116 2502 1078
f 1079 2118 2117
f 2117 2053 2109
f 1077 2119 2118
f 2118 1079 2507
f 2120 2119 1077
f 1077 2491 2105
f 2106 2121 2120
f 1068 2122 2121
f 2122 1068 1069
f 1069 2487 2054
f 2054 2487 1071
f 2107 2108 2054
f 2107 1071 1072
f 2123 2102 2100
f 2124 2130 2104
f 1985 1072 2124
f 2130 2124 1082
f 1084 2132 2131
f 2131 1082 2125
f 2132 1084 2126
f 2133 2101 2102
f 2134 1036 2101
f 1036 2134 2135
f 2135 1040 1035
f 2136 1039 1040
f 2137 2129 2103
f 2103 1039 2136
f 2129 2137 2138
f 2139 1103 2468
f 2468 1104 2138
f 1103 2139 2070
f 2071 2127 2128
f 2128 1102 2070
f 2140 1101 2127
f 2127 2071 2141
f 2072 1099 1100
f 1100 1101 2140
f 1085 1099 2072
f 2069 2126 1085
f 2142 2152 2151
f 2151 2150 2149
f 2148 2147 2146
f 2151 2149 2148
f 2143 2142 2151
f 2145 2144 2143
f 2151 2148 2146
f 2146 2145 2143
f 2153 2163 2162
f 2161 2160 2159
f 2153 2162 2161
f 2155 2154 2153
f 2157 2156 2155
f 2161 2159 2158
f 2158 2157 2155
f 2155 2153 2161
f 2165 2316 2169
f 2168 2167 2166
f 2165 2169 2168
f 2154 2155 2166
f 2167 2171 2170
f 2154 2166 2167
f 2168 2164 2171
f 2155 2156 2165
f 2160 2161 2178
f 2174 2181 2180
f 2180 2172 2173
f 2178 2161 2162
f 2162 588 2172
f 2180 2178 2162
f 2182 2165 2156
f 2177 2164 2168
f 2182 2157 2158
f 2185 2184 2176
f 2182 2158 2185
f 2176 2177 2183
f 2183 2182 2185
f 2186 2159 2160
f 2179 2181 2174
f 2186 2160 2179
f 2174 2175 2187
f 2187 2186 2179
f 2187 2175 2176
f 2158 2159 2186
f 2247 588 2162
f 2188 2247 2163
f 2154 2170 2188
f 2187 2193 2194
f 2190 2191 2180
f 2309 2189 2179
f 2189 2190 2181
f 2180 2191 2309
f 2192 2193 2187
f 2169 2195 2183
f 2183 2195 2317
f 2194 2312 2185
f 2312 2192 2184
f 2317 2316 2165
f 2196 2200 2199
f 2198 2310 2197
f 2196 2199 2198
f 2200 2151 2152
f 2152 2202 2201
f 2199 2200 2152
f 2201 2203 2198
f 2200 2196 2150
f 2147 2148 2204
f 2207 2206 613
f 2204 2148 2149
f 2211 2210 2209
f 2204 2149 2211
f 2209 2206 2207
f 2207 2204 2211
f 2144 2145 2214
f 2213 2212 2291
f 2144 2214 2213
f 2215 2146 2147
f 2205 2208 613
f 2215 2147 2205
f 613 615 2216
f 2216 2215 2205
f 2216 615 2212
f 2145 2146 2215
f 2209 2210 2198
f 2198 2203 2292
f 2149 2150 2196
f 2291 2253 2143
f 2254 2202 2152
f 2143 2253 2254
f 2218 2219 2208
f 2219 2220 2207
f 2222 2310 2198
f 2207 2220 2315
f 2197 2221 2211
f 2221 2222 2210
f 2315 2218 2205
f 2217 2319 2216
f 2320 2318 2214
f 2216 2319 2320
f 2318 2217 2213
f 2247 2233 2231
f 2231 2228 2229
f 2229 330 2246
f 2246 2247 2231
f 2188 2170 2235
f 2232 2233 2247
f 2188 2235 2232
f 2246 330 2230
f 332 333 2226
f 2246 2230 332
f 2249 2248 594
f 594 2246 332
f 332 2226 2262
f 2249 594 332
f 2305 2250 2243
f 2244 2275 2245
f 2305 2243 2244
f 2287 2251 2303
f 2303 2305 2244
f 2245 2242 2287
f 2303 2244 2245
f 2202 2236 2234
f 2234 2235 2170
f 2171 2243 2250
f 2234 2170 2171
f 2201 2202 2234
f 2171 2250 2201
f 2254 2253 522
f 519 2236 2202
f 2254 522 519
f 521 522 2253
f 2253 2252 2238
f 2240 2237 521
f 2253 2238 2240
f 549 2238 2252
f 2255 2256 2296
f 549 2252 2255
f 2239 555 552
f 552 549 2255
f 2296 2241 2257
f 552 2255 2296
f 2257 2239 552
f 2257 302 303
f 303 306 561
f 561 2239 2257
f 2225 302 2257
f 2241 2285 2287
f 2225 2257 2241
f 284 2224 289
f 289 2225 2241
f 2287 2242 573
f 289 2241 2287
f 281 2223 284
f 284 289 2287
f 573 2262 2226
f 284 2287 573
f 294 297 281
f 281 284 573
f 573 2226 2227
f 2227 293 294
f 294 281 573
f 2242 573 2260
f 2259 2258 2242
f 2262 2261 2260
f 2263 2267 2266
f 2266 2265 2264
f 2263 2268 588
f 2269 2261 2262
f 2248 2270 2269
f 594 2271 2270
f 588 2268 2271
f 2242 2258 2272
f 2273 2272 2274
f 2275 2274 2276
f 2276 2265 2266
f 2267 588 594
f 2248 2249 2262
f 2267 594 2248
f 2277 2266 2267
f 2242 2273 2275
f 2275 2277 2267
f 2267 2248 2262
f 573 2242 2275
f 2267 2262 573
f 2269 2278 2259
f 2260 2261 2269
f 2272 2258 2259
f 2278 2269 2270
f 2274 2272 2278
f 2279 2270 2271
f 2276 2274 2279
f 2263 2264 2280
f 2280 2271 2268
f 2265 2276 2280
f 2281 2285 2284
f 2283 2282 2281
f 2287 2286 2284
f 2288 2292 2291
f 2291 2290 2289
f 2288 2294 2293
f 2281 2282 2295
f 2296 2295 2297
f 2298 2297 2299
f 2299 2290 2291
f 2300 2286 2287
f 2303 2302 2300
f 2305 2304 2302
f 2293 2294 2304
f 2292 2293 2305
f 2303 2301 2287
f 2292 2305 2303
f 620 2291 2292
f 2281 2296 2298
f 2298 620 2292
f 2292 2303 2287
f 2285 2281 2298
f 2292 2287 2285
f 2300 2306 2283
f 2284 2286 2300
f 2295 2282 2283
f 2306 2300 2302
f 2297 2295 2306
f 2307 2302 2304
f 2299 2297 2307
f 2288 2289 2308
f 2308 2304 2294
f 2290 2299 2308
f 2191 2190 2189
f 2310 2222 2221
f 2311 989 993
f 2193 2192 2312
f 2220 2219 2314
f 2195 2169 2316
f 2319 2217 2318
f 2323 2387 2321
f 998 1002 2324
f 2325 2329 2328
f 2328 2327 2326
f 2326 2327 2335
f 2334 2333 2332
f 2326 2335 2334
f 2332 2331 2330
f 2330 2326 2334
f 2338 2337 2336
f 2337 2338 2344
f 2343 2342 2341
f 2337 2344 2343
f 2343 2341 2340
f 2345 2349 2348
f 2348 2347 2346
f 2346 2347 2355
f 2354 2353 2352
f 2346 2355 2354
f 2351 2350 2346
f 2346 2354 2352
f 2356 2333 2334
f 2328 2451 2358
f 2358 2335 2327
f 2438 2343 2344
f 2359 2352 2353
f 2361 2354 2355
f 2363 2347 2348
f 2365 2442 2439
f 2443 2366 2347
f 2368 2367 2349
f 2370 2369 2367
f 2366 2443 2371
f 2373 2375 2374
f 2374 2366 2372
f 2372 2348 2349
f 2349 2367 2373
f 2372 2371 2364
f 2345 2346 2374
f 2375 2368 2345
f 2377 2376 2369
f 2369 2376 2373
f 2377 2370 2368
f 2376 2377 2375
f 2380 2379 2378
f 2381 2378 2350
f 2384 2383 2382
f 2388 2387 2386
f 2366 2374 2391
f 2391 2390 2388
f 2389 2384 2385
f 2391 2388 2389
f 2385 2366 2391
f 2351 2352 2388
f 2390 2381 2351
f 2347 2366 2385
f 2354 2384 2389
f 2383 2384 2354
f 2385 2382 2362
f 2389 2386 2360
f 2387 2388 2352
f 2374 2346 2350
f 2350 2378 2391
f 2379 2380 2392
f 2392 2380 2381
f 2393 2392 2390
f 2379 2393 2391
f 2395 2394 2339
f 2397 2396 2394
f 2399 2398 2396
f 2365 2344 2338
f 2338 2339 2394
f 2400 2365 2338
f 2396 2398 2400
f 2401 2365 2400
f 2337 2340 2401
f 2402 2395 2336
f 2337 2401 2402
f 2399 2397 2395
f 2398 2399 2402
f 2404 2403 2335
f 2406 2405 2341
f 2408 2407 2405
f 2407 2408 2409
f 2342 2343 2412
f 2411 2406 2342
f 2409 2408 2406
f 2412 2444 2442
f 2444 2412 2343
f 2365 2401 2413
f 2413 2411 2412
f 2401 2340 2341
f 2341 2405 2413
f 2410 2409 2411
f 2407 2410 2413
f 2416 2415 2414
f 2417 2414 2329
f 2403 2404 2418
f 2420 2422 2421
f 2421 2403 2419
f 2419 2328 2329
f 2329 2414 2420
f 2419 2418 2451
f 2326 2330 2421
f 2422 2417 2325
f 2326 2421 2422
f 2424 2423 2415
f 2415 2423 2420
f 2424 2416 2417
f 2423 2424 2422
f 2427 2426 2425
f 2428 2425 2331
f 2426 2427 2429
f 2429 2427 2428
f 2335 2403 2432
f 2332 2333 2433
f 2431 2428 2332
f 2433 2435 2434
f 2435 2433 2333
f 2432 2434 2357
f 2403 2421 2436
f 2436 2431 2433
f 2432 2403 2436
f 2421 2330 2331
f 2331 2425 2436
f 2430 2429 2431
f 2426 2430 2436
f 2371 2443 2440
f 2442 2444 2438
f 2434 2445 2437
f 2448 2447 2446
f 2382 2383 2449
f 2418 2452 2358
f 2454 2103 2453
f 2455 2453 1035
f 2456 1035 2457
f 2458 2457 2100
f 2459 2100 1033
f 2460 1033 2461
f 2462 2461 1031
f 2465 2467 2466
f 2129 2103 2454
f 2465 2466 2129
f 2466 2467 2469
f 1104 2466 2469
f 2468 1092 2472
f 2472 2471 2470
f 1103 2468 2472
f 2470 2471 2474
f 1102 2470 2474
f 2128 2473 2477
f 2477 2476 2475
f 2127 2128 2477
f 2475 2476 1095
f 1101 2475 1095
f 1100 2478 2481
f 2481 2480 2479
f 1099 1100 2481
f 1086 1085 2479
f 2482 1085 1086
f 1083 2125 2482
f 2485 2484 2125
f 2486 1071 2484
f 2488 2487 1071
f 2489 1068 2487
f 2490 2106 1068
f 2492 2491 2106
f 2493 2496 2495
f 2495 1032 2464
f 2494 2493 2495
f 1074 2496 2493
f 2499 2501 2500
f 2500 2498 1080
f 1081 2499 2500
f 2503 2501 2499
f 2504 2506 2505
f 2505 1075 1078
f 2109 2504 2505
f 1076 2506 2504
f 2509 2511 2510
f 2510 2508 2507
f 1077 2509 2510
f 2509 2491 2492
f 2481 2512 2483
f 2483 1086 2480
f 1095 2513 2512
f 2512 2481 2478
f 2477 2514 2513
f 2513 1095 2476
f 2474 2515 2514
f 2514 2477 2473
f 2472 2516 2515
f 2515 2474 2471
f 2469 2517 2516
f 2516 2472 1092
f 2465 2518 2517
f 2517 2469 2467
f 2465 2454 2455
f 1083 2483 2512
f 2519 2512 2513
f 2520 2513 2514
f 2521 2514 2515
f 2522 2515 2516
f 2523 2516 2517
f 2524 2517 2518
f 2518 2455 2456
f 2485 1083 2519
f 2526 2519 2520
f 2527 2520 2521
f 2528 2521 2522
f 2529 2522 2523
f 2530 2523 2524
f 2531 2524 2525
f 2525 2456 2458
f 2486 2485 2526
f 2533 2526 2527
f 2534 2527 2528
f 2535 2528 2529
f 2536 2529 2530
f 2537 2530 2531
f 2538 2531 2532
f 2532 2458 2459
f 2488 2486 2533
f 2540 2533 2534
f 2541 2534 2535
f 2542 2535 2536
f 2543 2536 2537
f 2544 2537 2538
f 2545 2538 2539
f 2539 2459 2460
f 2489 2488 2540
f 2547 2540 2541
f 2548 2541 2542
f 2549 2542 2543
f 2550 2543 2544
f 2551 2544 2545
f 2552 2545 2546
f 2546 2460 2462
f 2490 2489 2547
f 2554 2547 2548
f 2555 2548 2549
f 2556 2549 2550
f 2557 2550 2551
f 2558 2551 2552
f 2559 2552 2553
f 2553 2462 2463
f 2554 2510 2511
f 2511 2492 2490
f 2555 1076 2508
f 2508 2510 2554
f 2556 2505 2506
f 2506 1076 2555
f 2557 2503 1075
f 1075 2505 2556
f 2558 2500 2501
f 2501 2503 2557
f 2559 1074 2498
f 2498 2500 2558
f 2560 2495 2496
f 2496 1074 2559
f 2560 2463 1032
f 2482 2561 1099
f 2479 1085 2482
f 1099 2561 2562
f 2562 1101 1100
f 1101 2562 2563
f 2563 2127 2475
f 2127 2563 2564
f 2564 1102 2128
f 1102 2564 2565
f 2565 1103 2470
f 1103 2565 2566
f 2566 1104 2468
f 1104 2566 2567
f 2567 2129 2466
f 2453 2103 2129
f 2561 2482 2125
f 2569 2562 2561
f 2570 2563 2562
f 2571 2564 2563
f 2572 2565 2564
f 2573 2566 2565
f 2574 2567 2566
f 1035 2453 2567
f 2568 2125 2484
f 2576 2569 2568
f 2577 2570 2569
f 2578 2571 2570
f 2579 2572 2571
f 2580 2573 2572
f 2581 2574 2573
f 2457 1035 2574
f 2575 2484 1071
f 2583 2576 2575
f 2584 2577 2576
f 2585 2578 2577
f 2586 2579 2578
f 2587 2580 2579
f 2588 2581 2580
f 2100 2457 2581
f 2582 1071 2487
f 2590 2583 2582
f 2591 2584 2583
f 2592 2585 2584
f 2593 2586 2585
f 2594 2587 2586
f 2595 2588 2587
f 1033 2100 2588
f 2589 2487 1068
f 2597 2590 2589
f 2598 2591 2590
f 2599 2592 2591
f 2600 2593 2592
f 2601 2594 2593
f 2602 2595 2594
f 2461 1033 2595
f 2596 1068 2106
f 2604 2597 2596
f 2605 2598 2597
f 2606 2599 2598
f 2607 2600 2599
f 2608 2601 2600
f 2609 2602 2601
f 1031 2461 2602
f 2509 1077 2603
f 2603 2106 2491
f 2603 1077 2507
f 2507 1079 2604
f 2604 1079 2504
f 2504 2109 2605
f 2605 2109 1078
f 1078 2502 2606
f 2606 2502 2499
f 2499 1081 2607
f 2607 1081 1080
f 1080 2497 2608
f 2608 2497 2493
f 2493 2494 2609
f 2464 1031 2609
f 2612 2611 2610
f 2611 2615 2614
f 2615 2617 2616
f 2617 2612 2613
f 2611 2612 2617
f 2613 2610 2614
f 2620 2619 2618
f 2624 2623 2622
f 2623 2620 2621
f 2619 2624 2625
f 2618 2625 2622
f 2624 2619 2620
f 2627 933 2626
f 2626 2630 2629
f 919 2633 2632
f 2632 2629 2630
f 2631 919 2632
f 919 2635 2634
f 915 2637 2636
f 2634 2635 915
f 2639 2642 2641
f 2640 933 2627
f 2639 2641 2640
f 2636 2637 2641
f 2641 2637 915
f 921 915 2635
f 2639 2643 2638
f 2638 2636 2642
f 2639 2627 2628
f 2643 2632 2633
f 2633 2634 2638
f 2643 2628 2629
f 2644 2648 2647
f 2646 955 2645
f 2644 2647 2646
f 2650 2649 2647
f 2651 2649 2650
f 2654 2653 2651
f 2645 955 2655
f 2655 2658 2657
f 2659 2662 2661
f 2661 2657 2658
f 2660 2659 2661
f 2659 2653 2654
f 2651 2663 2646
f 2647 2649 2651
f 2655 955 2646
f 2659 2660 2663
f 2663 2651 2653
f 2658 2655 2663
f 2644 2664 2652
f 2652 2650 2648
f 2644 2645 2656
f 2664 2661 2662
f 2662 2654 2652
f 2664 2656 2657
f 2665 2669 2668
f 2667 967 2666
f 2665 2668 2667
f 2671 2670 2668
f 2672 2670 2671
f 2675 2674 2672
f 2666 967 2676
f 2676 950 2678
f 2679 2682 2681
f 2681 2678 950
f 2680 2679 2681
f 2679 2674 2675
f 2672 2683 2667
f 2668 2670 2672
f 2676 967 2667
f 2679 2680 2683
f 2683 2672 2674
f 950 2676 2683
f 2665 2684 2673
f 2673 2671 2669
f 2665 2666 2677
f 2684 2681 2682
f 2682 2675 2673
f 2684 2677 2678
f 2688 1779 2687
f 2690 1779 1783
f 2688 1781 2685
f 2694 2693 2692
f 2695 2691 2692
f 2697 2699 2696
f 2696 2692 2693
f 2693 2698 2697
f 2787 2796 2795
f 2795 2794 1842
f 1842 2793 2792
f 2790 2789 2787
f 1842 2792 2790
f 2790 2787 2795
f 2787 2760 2797
f 2798 2800 2765
f 2766 2767 2799
f 2798 2765 2766
f 2801 2763 2765
f 2802 2797 2760
f 2761 2762 2763
f 2802 2760 2761
f 2763 2801 2803
f 2803 2802 2761
f 1840 2781 2806
f 2805 2804 1827
f 1840 2806 2805
f 2805 1827 1837
f 2794 2807 2782
f 2781 2786 2697
f 2697 2698 2806
f 2697 2786 2782
f 2807 2699 2697
f 2808 2799 2767
f 2777 1827 2804
f 2810 2809 1866
f 2777 2804 2810
f 1866 2773 1830
f 1830 2777 2810
f 2772 2773 1866
f 1866 2690 2689
f 2808 1824 2772
f 1866 2689 2808
f 2791 2783 2812
f 2812 2811 2759
f 2788 1861 2791
f 2812 2759 2788
f 2757 2728 2813
f 2748 2750 2815
f 2741 2964 2817
f 2819 2812 2783
f 2784 2785 2819
f 1868 1867 2821
f 2822 1869 1868
f 1868 2820 2823
f 2824 2812 2819
f 2819 2823 2820
f 2821 2824 2819
f 2825 2805 2806
f 1869 2822 2825
f 1839 2825 2822
f 2822 1841 1838
f 2823 2819 2785
f 1854 1841 2822
f 2823 2785 1854
f 2724 2725 2826
f 2828 2825 1839
f 2780 2774 2828
f 2829 2831 2742
f 2742 2751 2830
f 2833 2832 2705
f 2802 2803 2834
f 2834 2764 1795
f 2758 2759 2811
f 2834 1795 2758
f 2837 2836 2835
f 2838 2835 2839
f 2840 2832 2833
f 2832 2840 2841
f 2846 2845 2844
f 2845 2842 2841
f 2850 2849 2848
f 2849 2846 2843
f 2847 2852 2851
f 2856 2855 2854
f 2859 2858 2857
f 2861 2851 2852
f 2852 2862 2854
f 2854 2855 2861
f 2857 2856 2853
f 2827 2863 2858
f 2826 2864 2863
f 2813 2867 2866
f 2867 2869 2868
f 2869 2871 2870
f 2871 2873 2872
f 2875 2874 2872
f 2877 2876 2874
f 2876 2877 2878
f 2880 2882 2879
f 2879 2878 2881
f 2883 2814 2813
f 2865 2885 2881
f 2883 2813 2865
f 2881 2884 2883
f 2739 2756 2884
f 2865 2727 2755
f 2883 2884 2756
f 2814 2883 2978
f 2853 2854 2718
f 2728 2952 2867
f 2881 2878 2738
f 2952 2730 2869
f 2878 2877 2736
f 2730 2954 2871
f 2734 2736 2877
f 2865 2866 2726
f 2755 2737 2879
f 2954 2733 2873
f 2874 2876 2958
f 2868 2870 2731
f 2737 2958 2876
f 2870 2872 2732
f 2872 2874 2735
f 2866 2868 2729
f 2733 2734 2875
f 2722 2724 2827
f 2863 2864 2948
f 2837 2838 2929
f 2860 2853 2719
f 2858 2863 2723
f 2947 2722 2859
f 2857 2858 2720
f 2701 2702 2835
f 2854 2862 2715
f 2832 2842 2706
f 2702 2704 2839
f 2709 2706 2842
f 2721 2716 2856
f 2704 2934 2840
f 2848 2843 2936
f 2841 2840 2934
f 2852 2847 2711
f 2843 2844 2935
f 2847 2848 2710
f 2844 2841 2707
f 2862 2852 2714
f 2941 2708 2846
f 2708 2709 2845
f 2716 2717 2855
f 2712 2713 2851
f 2713 2940 2850
f 2940 2941 2849
f 2717 2712 2861
f 2838 2833 2703
f 2836 2837 2700
f 2725 2948 2864
f 2962 2963 2886
f 2888 2809 2810
f 2890 2828 2889
f 2888 2810 2890
f 2778 2888 2889
f 2889 2775 2776
f 2818 2891 2740
f 2891 2818 2817
f 2887 2886 2891
f 2891 2886 2963
f 2774 2775 2889
f 2893 2892 2769
f 2892 2894 2771
f 2896 2895 2971
f 1866 2809 2888
f 2888 2894 1871
f 2887 2897 2747
f 2894 2888 2778
f 2779 2771 2894
f 2896 2897 2898
f 2898 2897 2887
f 2816 2898 2746
f 2964 2746 2898
f 2749 2747 2897
f 2750 2970 2899
f 2900 2905 2904
f 2904 2903 2902
f 2901 2900 2904
f 2831 2829 2908
f 2908 2907 2906
f 2906 2910 2909
f 2909 2910 2744
f 2831 2909 2745
f 2906 2907 2973
f 2976 2977 2903
f 2906 2743 2976
f 2901 2902 2753
f 2977 2753 2902
f 2754 2744 2910
f 2973 2907 2908
f 2896 2816 2815
f 2815 2899 2895
f 2895 2899 2970
f 2894 2913 2768
f 2908 2830 2751
f 2892 2893 2917
f 2916 2915 2914
f 2892 2917 2916
f 2912 2911 1873
f 1873 2892 2916
f 2914 2799 2808
f 1873 2916 2914
f 2914 2808 2912
f 2918 2917 2893
f 2893 2920 2919
f 2893 2922 2921
f 2916 2921 2924
f 2924 2923 2915
f 2798 2926 2925
f 2925 2801 2800
f 2798 2799 2914
f 2918 2916 2917
f 2834 2803 2801
f 2925 2922 2834
f 2925 2924 2921
f 2770 1792 2922
f 2834 2922 1792
f 2804 2828 2890
f 2804 2805 2825
f 2807 2794 2928
f 2928 2812 2824
f 2797 2802 2811
f 2811 2812 2928
f 2928 2795 2796
f 2796 2797 2811
f 2932 2931 2930
f 2704 2932 2929
f 2933 2705 2934
f 2707 2934 2705
f 2708 2936 2935
f 2937 2935 2707
f 2940 2939 2938
f 2936 2708 2941
f 2714 2713 2942
f 2713 2714 2939
f 2718 2717 2716
f 2722 2947 2946
f 2943 2942 2717
f 2944 2716 2946
f 2724 2722 2945
f 2949 2724 2723
f 2728 2951 2950
f 2952 2950 2953
f 2955 2954 2730
f 2954 2955 2732
f 2732 2957 2734
f 2736 2734 2957
f 2959 2736 2958
f 2960 2961 2739
f 2739 2959 2737
f 2962 2964 2741
f 2741 2740 2963
f 2745 2966 2965
f 2962 2967 2746
f 2746 2967 2969
f 2970 2750 2968
f 2969 2971 2970
f 2972 2742 2965
f 2965 2973 2752
f 2753 2977 2976
f 2976 2975 2974
f 2754 2753 2976
f 2951 2728 2979
f 2979 2978 2756
f 2739 2755 2951
f 2979 2756 2739
f 2982 2981 2980
f 2986 2985 2984
f 2981 2982 2985
f 2983 2980 2987
f 2980 2981 2986
f 2982 2983 2984
f 2990 2989 2988
f 2994 2993 2992
f 2993 2990 2991
f 2995 2992 2991
f 2993 2994 2989
f 2989 2994 2995
f 2998 2997 2996
f 3002 3001 3000
f 2999 2996 3003
f 3001 2998 2999
f 2997 2998 3001
f 2997 3002 3003
f 3006 3005 3004
f 3010 3009 3008
f 3007 3004 3011
f 3005 3010 3011
f 3005 3006 3009
f 3009 3006 3007
f 3014 3013 3012
f 3018 3017 3016
f 3015 3012 3019
f 3013 3018 3019
f 3013 3014 3017
f 3017 3014 3015
f 2104 3021 3020
f 3022 1982 2074
f 3022 3021 2104
f 2108 3020 3023
f 3020 3021 3022
f 2104 2108 2074
f 3026 3025 3024
f 3030 3029 3028
f 3025 3030 3031
f 3029 3026 3027
f 3024 3031 3028
f 3030 3025 3026
f 3034 3033 3032
f 3038 3037 3036
f 3040 3043 3042
f 3041 3033 3034
f 3040 3042 3041
f 3042 3043 3047
f 3047 3046 3045
f 3044 3042 3047
f 3045 3046 3051
f 3051 3050 3049
f 3048 3045 3051
f 3037 3038 3049
f 3051 3053 3052
f 3052 3036 3037
f 3050 3051 3052
f 3047 3055 3054
f 3054 3053 3051
f 3046 3047 3054
f 3040 3057 3056
f 3056 3055 3047
f 3043 3040 3056
f 3040 3034 3035
f 3058 3056 3057
f 3057 3035 3032
f 3059 3058 3057
f 3060 3054 3055
f 3055 3056 3058
f 3061 3060 3055
f 3062 3052 3053
f 3053 3054 3060
f 3063 3062 3053
f 3062 3039 3036
f 3062 3063 3048
f 3049 3038 3039
f 3062 3048 3049
f 3048 3063 3060
f 3060 3061 3044
f 3045 3048 3060
f 3044 3061 3058
f 3058 3059 3041
f 3042 3044 3058
f 3032 3033 3041
f 3066 3065 3064
f 3070 3069 3068
f 3065 3066 3072
f 3073 3072 3074
f 3075 3074 3076
f 3077 3076 3069
f 3072 3066 3067
f 3079 3074 3072
f 3080 3076 3074
f 3068 3069 3076
f 3067 3064 3081
f 3078 3081 3082
f 3079 3082 3083
f 3080 3083 3071
f 3064 3065 3073
f 3081 3073 3075
f 3082 3075 3077
f 3077 3070 3071
f 3086 3085 3084
f 3089 1267 3088
f 3091 3094 3093
f 3092 3085 3086
f 3091 3093 3092
f 3093 3094 3098
f 3098 3097 3096
f 3095 3093 3098
f 3096 3097 3102
f 3102 3101 3100
f 3099 3096 3102
f 1267 3089 3100
f 3103 3104 3099
f 3100 3089 3090
f 3103 3099 3100
f 3099 3104 3106
f 3106 3105 3095
f 3096 3099 3106
f 3095 3105 3108
f 3108 3107 3092
f 3093 3095 3108
f 3084 3085 3092
f 3108 3110 3109
f 3109 3087 3084
f 3107 3108 3109
f 3106 3112 3111
f 3111 3110 3108
f 3105 3106 3111
f 3103 3114 3113
f 3113 3112 3106
f 3104 3103 3113
f 3103 3090 3088
f 3102 3113 3114
f 3114 3088 1267
f 3101 3102 3114
f 3098 3111 3112
f 3112 3113 3102
f 3097 3098 3112
f 3091 3109 3110
f 3110 3111 3098
f 3094 3091 3110
f 3091 3086 3087
f 3118 3117 3115
f 991 981 3119
f 3121 3123 3122
f 3124 977 978
f 1013 1017 1020
f 1025 1028 3125
